fold,split,track_index,track_id,path,true_label,true_name,pred_label,pred_name
1,train,573,573,/home/dt2119/dt2119/music_classification/datasets/audios/western_data/genres_original/jazz/jazz.00074.wav,5,jazz,5,jazz
1,train,588,588,/home/dt2119/dt2119/music_classification/datasets/audios/western_data/genres_original/jazz/jazz.00089.wav,5,jazz,5,jazz
1,train,443,443,/home/dt2119/dt2119/music_classification/datasets/audios/western_data/genres_original/hiphop/hiphop.00043.wav,4,hiphop,4,hiphop
1,train,472,472,/home/dt2119/dt2119/music_classification/datasets/audios/western_data/genres_original/hiphop/hiphop.00072.wav,4,hiphop,4,hiphop
1,train,975,975,/home/dt2119/dt2119/music_classification/datasets/audios/western_data/genres_original/rock/rock.00076.wav,9,rock,9,rock
1,train,698,698,/home/dt2119/dt2119/music_classification/datasets/audios/western_data/genres_original/metal/metal.00099.wav,6,metal,6,metal
1,train,591,591,/home/dt2119/dt2119/music_classification/datasets/audios/western_data/genres_original/jazz/jazz.00092.wav,5,jazz,5,jazz
1,train,485,485,/home/dt2119/dt2119/music_classification/datasets/audios/western_data/genres_original/hiphop/hiphop.00085.wav,4,hiphop,4,hiphop
1,train,230,230,/home/dt2119/dt2119/music_classification/datasets/audios/western_data/genres_original/country/country.00030.wav,2,country,2,country
1,train,478,478,/home/dt2119/dt2119/music_classification/datasets/audios/western_data/genres_original/hiphop/hiphop.00078.wav,4,hiphop,4,hiphop
1,train,130,130,/home/dt2119/dt2119/music_classification/datasets/audios/western_data/genres_original/classical/classical.00030.wav,1,classical,1,classical
1,train,133,133,/home/dt2119/dt2119/music_classification/datasets/audios/western_data/genres_original/classical/classical.00033.wav,1,classical,1,classical
1,train,208,208,/home/dt2119/dt2119/music_classification/datasets/audios/western_data/genres_original/country/country.00008.wav,2,country,2,country
1,train,50,50,/home/dt2119/dt2119/music_classification/datasets/audios/western_data/genres_original/blues/blues.00050.wav,0,blues,0,blues
1,train,621,621,/home/dt2119/dt2119/music_classification/datasets/audios/western_data/genres_original/metal/metal.00022.wav,6,metal,6,metal
1,train,400,400,/home/dt2119/dt2119/music_classification/datasets/audios/western_data/genres_original/hiphop/hiphop.00000.wav,4,hiphop,4,hiphop
1,train,433,433,/home/dt2119/dt2119/music_classification/datasets/audios/western_data/genres_original/hiphop/hiphop.00033.wav,4,hiphop,4,hiphop
1,train,892,892,/home/dt2119/dt2119/music_classification/datasets/audios/western_data/genres_original/reggae/reggae.00093.wav,8,reggae,7,pop
1,train,577,577,/home/dt2119/dt2119/music_classification/datasets/audios/western_data/genres_original/jazz/jazz.00078.wav,5,jazz,5,jazz
1,train,99,99,/home/dt2119/dt2119/music_classification/datasets/audios/western_data/genres_original/blues/blues.00099.wav,0,blues,1,classical
1,train,504,504,/home/dt2119/dt2119/music_classification/datasets/audios/western_data/genres_original/jazz/jazz.00004.wav,5,jazz,5,jazz
1,train,258,258,/home/dt2119/dt2119/music_classification/datasets/audios/western_data/genres_original/country/country.00058.wav,2,country,2,country
1,train,629,629,/home/dt2119/dt2119/music_classification/datasets/audios/western_data/genres_original/metal/metal.00030.wav,6,metal,6,metal
1,train,916,916,/home/dt2119/dt2119/music_classification/datasets/audios/western_data/genres_original/rock/rock.00017.wav,9,rock,9,rock
1,train,286,286,/home/dt2119/dt2119/music_classification/datasets/audios/western_data/genres_original/country/country.00086.wav,2,country,2,country
1,train,755,755,/home/dt2119/dt2119/music_classification/datasets/audios/western_data/genres_original/pop/pop.00056.wav,7,pop,7,pop
1,train,159,159,/home/dt2119/dt2119/music_classification/datasets/audios/western_data/genres_original/classical/classical.00059.wav,1,classical,1,classical
1,train,101,101,/home/dt2119/dt2119/music_classification/datasets/audios/western_data/genres_original/classical/classical.00001.wav,1,classical,1,classical
1,train,739,739,/home/dt2119/dt2119/music_classification/datasets/audios/western_data/genres_original/pop/pop.00040.wav,7,pop,7,pop
1,train,951,951,/home/dt2119/dt2119/music_classification/datasets/audios/western_data/genres_original/rock/rock.00052.wav,9,rock,9,rock
1,train,922,922,/home/dt2119/dt2119/music_classification/datasets/audios/western_data/genres_original/rock/rock.00023.wav,9,rock,9,rock
1,train,908,908,/home/dt2119/dt2119/music_classification/datasets/audios/western_data/genres_original/rock/rock.00009.wav,9,rock,9,rock
1,train,56,56,/home/dt2119/dt2119/music_classification/datasets/audios/western_data/genres_original/blues/blues.00056.wav,0,blues,0,blues
1,train,710,710,/home/dt2119/dt2119/music_classification/datasets/audios/western_data/genres_original/pop/pop.00011.wav,7,pop,1,classical
1,train,742,742,/home/dt2119/dt2119/music_classification/datasets/audios/western_data/genres_original/pop/pop.00043.wav,7,pop,7,pop
1,train,481,481,/home/dt2119/dt2119/music_classification/datasets/audios/western_data/genres_original/hiphop/hiphop.00081.wav,4,hiphop,4,hiphop
1,train,669,669,/home/dt2119/dt2119/music_classification/datasets/audios/western_data/genres_original/metal/metal.00070.wav,6,metal,6,metal
1,train,459,459,/home/dt2119/dt2119/music_classification/datasets/audios/western_data/genres_original/hiphop/hiphop.00059.wav,4,hiphop,4,hiphop
1,train,589,589,/home/dt2119/dt2119/music_classification/datasets/audios/western_data/genres_original/jazz/jazz.00090.wav,5,jazz,5,jazz
1,train,991,991,/home/dt2119/dt2119/music_classification/datasets/audios/western_data/genres_original/rock/rock.00092.wav,9,rock,9,rock
1,train,607,607,/home/dt2119/dt2119/music_classification/datasets/audios/western_data/genres_original/metal/metal.00008.wav,6,metal,6,metal
1,train,558,558,/home/dt2119/dt2119/music_classification/datasets/audios/western_data/genres_original/jazz/jazz.00059.wav,5,jazz,5,jazz
1,train,294,294,/home/dt2119/dt2119/music_classification/datasets/audios/western_data/genres_original/country/country.00094.wav,2,country,2,country
1,train,743,743,/home/dt2119/dt2119/music_classification/datasets/audios/western_data/genres_original/pop/pop.00044.wav,7,pop,7,pop
1,train,993,993,/home/dt2119/dt2119/music_classification/datasets/audios/western_data/genres_original/rock/rock.00094.wav,9,rock,9,rock
1,train,904,904,/home/dt2119/dt2119/music_classification/datasets/audios/western_data/genres_original/rock/rock.00005.wav,9,rock,9,rock
1,train,292,292,/home/dt2119/dt2119/music_classification/datasets/audios/western_data/genres_original/country/country.00092.wav,2,country,2,country
1,train,668,668,/home/dt2119/dt2119/music_classification/datasets/audios/western_data/genres_original/metal/metal.00069.wav,6,metal,6,metal
1,train,655,655,/home/dt2119/dt2119/music_classification/datasets/audios/western_data/genres_original/metal/metal.00056.wav,6,metal,6,metal
1,train,457,457,/home/dt2119/dt2119/music_classification/datasets/audios/western_data/genres_original/hiphop/hiphop.00057.wav,4,hiphop,4,hiphop
1,train,190,190,/home/dt2119/dt2119/music_classification/datasets/audios/western_data/genres_original/classical/classical.00090.wav,1,classical,1,classical
1,train,930,930,/home/dt2119/dt2119/music_classification/datasets/audios/western_data/genres_original/rock/rock.00031.wav,9,rock,9,rock
1,train,586,586,/home/dt2119/dt2119/music_classification/datasets/audios/western_data/genres_original/jazz/jazz.00087.wav,5,jazz,5,jazz
1,train,154,154,/home/dt2119/dt2119/music_classification/datasets/audios/western_data/genres_original/classical/classical.00054.wav,1,classical,1,classical
1,train,512,512,/home/dt2119/dt2119/music_classification/datasets/audios/western_data/genres_original/jazz/jazz.00012.wav,5,jazz,5,jazz
1,train,474,474,/home/dt2119/dt2119/music_classification/datasets/audios/western_data/genres_original/hiphop/hiphop.00074.wav,4,hiphop,4,hiphop
1,train,779,779,/home/dt2119/dt2119/music_classification/datasets/audios/western_data/genres_original/pop/pop.00080.wav,7,pop,7,pop
1,train,407,407,/home/dt2119/dt2119/music_classification/datasets/audios/western_data/genres_original/hiphop/hiphop.00007.wav,4,hiphop,4,hiphop
1,train,562,562,/home/dt2119/dt2119/music_classification/datasets/audios/western_data/genres_original/jazz/jazz.00063.wav,5,jazz,5,jazz
1,train,337,337,/home/dt2119/dt2119/music_classification/datasets/audios/western_data/genres_original/disco/disco.00037.wav,3,disco,3,disco
1,train,609,609,/home/dt2119/dt2119/music_classification/datasets/audios/western_data/genres_original/metal/metal.00010.wav,6,metal,6,metal
1,train,197,197,/home/dt2119/dt2119/music_classification/datasets/audios/western_data/genres_original/classical/classical.00097.wav,1,classical,1,classical
1,train,744,744,/home/dt2119/dt2119/music_classification/datasets/audios/western_data/genres_original/pop/pop.00045.wav,7,pop,7,pop
1,train,945,945,/home/dt2119/dt2119/music_classification/datasets/audios/western_data/genres_original/rock/rock.00046.wav,9,rock,9,rock
1,train,260,260,/home/dt2119/dt2119/music_classification/datasets/audios/western_data/genres_original/country/country.00060.wav,2,country,2,country
1,train,697,697,/home/dt2119/dt2119/music_classification/datasets/audios/western_data/genres_original/metal/metal.00098.wav,6,metal,6,metal
1,train,449,449,/home/dt2119/dt2119/music_classification/datasets/audios/western_data/genres_original/hiphop/hiphop.00049.wav,4,hiphop,4,hiphop
1,train,877,877,/home/dt2119/dt2119/music_classification/datasets/audios/western_data/genres_original/reggae/reggae.00078.wav,8,reggae,8,reggae
1,train,188,188,/home/dt2119/dt2119/music_classification/datasets/audios/western_data/genres_original/classical/classical.00088.wav,1,classical,1,classical
1,train,927,927,/home/dt2119/dt2119/music_classification/datasets/audios/western_data/genres_original/rock/rock.00028.wav,9,rock,3,disco
1,train,761,761,/home/dt2119/dt2119/music_classification/datasets/audios/western_data/genres_original/pop/pop.00062.wav,7,pop,7,pop
1,train,261,261,/home/dt2119/dt2119/music_classification/datasets/audios/western_data/genres_original/country/country.00061.wav,2,country,2,country
1,train,885,885,/home/dt2119/dt2119/music_classification/datasets/audios/western_data/genres_original/reggae/reggae.00086.wav,8,reggae,8,reggae
1,train,696,696,/home/dt2119/dt2119/music_classification/datasets/audios/western_data/genres_original/metal/metal.00097.wav,6,metal,6,metal
1,train,466,466,/home/dt2119/dt2119/music_classification/datasets/audios/western_data/genres_original/hiphop/hiphop.00066.wav,4,hiphop,4,hiphop
1,train,285,285,/home/dt2119/dt2119/music_classification/datasets/audios/western_data/genres_original/country/country.00085.wav,2,country,2,country
1,train,610,610,/home/dt2119/dt2119/music_classification/datasets/audios/western_data/genres_original/metal/metal.00011.wav,6,metal,6,metal
1,train,389,389,/home/dt2119/dt2119/music_classification/datasets/audios/western_data/genres_original/disco/disco.00089.wav,3,disco,3,disco
1,train,932,932,/home/dt2119/dt2119/music_classification/datasets/audios/western_data/genres_original/rock/rock.00033.wav,9,rock,9,rock
1,train,656,656,/home/dt2119/dt2119/music_classification/datasets/audios/western_data/genres_original/metal/metal.00057.wav,6,metal,6,metal
1,train,152,152,/home/dt2119/dt2119/music_classification/datasets/audios/western_data/genres_original/classical/classical.00052.wav,1,classical,1,classical
1,train,309,309,/home/dt2119/dt2119/music_classification/datasets/audios/western_data/genres_original/disco/disco.00009.wav,3,disco,3,disco
1,train,200,200,/home/dt2119/dt2119/music_classification/datasets/audios/western_data/genres_original/country/country.00000.wav,2,country,2,country
1,train,900,900,/home/dt2119/dt2119/music_classification/datasets/audios/western_data/genres_original/rock/rock.00001.wav,9,rock,9,rock
1,train,151,151,/home/dt2119/dt2119/music_classification/datasets/audios/western_data/genres_original/classical/classical.00051.wav,1,classical,1,classical
1,train,895,895,/home/dt2119/dt2119/music_classification/datasets/audios/western_data/genres_original/reggae/reggae.00096.wav,8,reggae,8,reggae
1,train,162,162,/home/dt2119/dt2119/music_classification/datasets/audios/western_data/genres_original/classical/classical.00062.wav,1,classical,1,classical
1,train,756,756,/home/dt2119/dt2119/music_classification/datasets/audios/western_data/genres_original/pop/pop.00057.wav,7,pop,7,pop
1,train,464,464,/home/dt2119/dt2119/music_classification/datasets/audios/western_data/genres_original/hiphop/hiphop.00064.wav,4,hiphop,4,hiphop
1,train,678,678,/home/dt2119/dt2119/music_classification/datasets/audios/western_data/genres_original/metal/metal.00079.wav,6,metal,6,metal
1,train,623,623,/home/dt2119/dt2119/music_classification/datasets/audios/western_data/genres_original/metal/metal.00024.wav,6,metal,6,metal
1,train,437,437,/home/dt2119/dt2119/music_classification/datasets/audios/western_data/genres_original/hiphop/hiphop.00037.wav,4,hiphop,4,hiphop
1,train,456,456,/home/dt2119/dt2119/music_classification/datasets/audios/western_data/genres_original/hiphop/hiphop.00056.wav,4,hiphop,4,hiphop
1,train,252,252,/home/dt2119/dt2119/music_classification/datasets/audios/western_data/genres_original/country/country.00052.wav,2,country,2,country
1,train,199,199,/home/dt2119/dt2119/music_classification/datasets/audios/western_data/genres_original/classical/classical.00099.wav,1,classical,1,classical
1,train,315,315,/home/dt2119/dt2119/music_classification/datasets/audios/western_data/genres_original/disco/disco.00015.wav,3,disco,3,disco
1,train,936,936,/home/dt2119/dt2119/music_classification/datasets/audios/western_data/genres_original/rock/rock.00037.wav,9,rock,9,rock
1,train,284,284,/home/dt2119/dt2119/music_classification/datasets/audios/western_data/genres_original/country/country.00084.wav,2,country,2,country
1,train,153,153,/home/dt2119/dt2119/music_classification/datasets/audios/western_data/genres_original/classical/classical.00053.wav,1,classical,1,classical
1,train,946,946,/home/dt2119/dt2119/music_classification/datasets/audios/western_data/genres_original/rock/rock.00047.wav,9,rock,9,rock
1,train,921,921,/home/dt2119/dt2119/music_classification/datasets/audios/western_data/genres_original/rock/rock.00022.wav,9,rock,9,rock
1,train,521,521,/home/dt2119/dt2119/music_classification/datasets/audios/western_data/genres_original/jazz/jazz.00021.wav,5,jazz,5,jazz
1,train,298,298,/home/dt2119/dt2119/music_classification/datasets/audios/western_data/genres_original/country/country.00098.wav,2,country,2,country
1,train,597,597,/home/dt2119/dt2119/music_classification/datasets/audios/western_data/genres_original/jazz/jazz.00098.wav,5,jazz,5,jazz
1,train,360,360,/home/dt2119/dt2119/music_classification/datasets/audios/western_data/genres_original/disco/disco.00060.wav,3,disco,3,disco
1,train,878,878,/home/dt2119/dt2119/music_classification/datasets/audios/western_data/genres_original/reggae/reggae.00079.wav,8,reggae,8,reggae
1,train,590,590,/home/dt2119/dt2119/music_classification/datasets/audios/western_data/genres_original/jazz/jazz.00091.wav,5,jazz,5,jazz
1,train,363,363,/home/dt2119/dt2119/music_classification/datasets/audios/western_data/genres_original/disco/disco.00063.wav,3,disco,3,disco
1,train,475,475,/home/dt2119/dt2119/music_classification/datasets/audios/western_data/genres_original/hiphop/hiphop.00075.wav,4,hiphop,4,hiphop
1,train,942,942,/home/dt2119/dt2119/music_classification/datasets/audios/western_data/genres_original/rock/rock.00043.wav,9,rock,9,rock
1,train,992,992,/home/dt2119/dt2119/music_classification/datasets/audios/western_data/genres_original/rock/rock.00093.wav,9,rock,9,rock
1,train,311,311,/home/dt2119/dt2119/music_classification/datasets/audios/western_data/genres_original/disco/disco.00011.wav,3,disco,9,rock
1,train,603,603,/home/dt2119/dt2119/music_classification/datasets/audios/western_data/genres_original/metal/metal.00004.wav,6,metal,6,metal
1,train,487,487,/home/dt2119/dt2119/music_classification/datasets/audios/western_data/genres_original/hiphop/hiphop.00087.wav,4,hiphop,4,hiphop
1,train,234,234,/home/dt2119/dt2119/music_classification/datasets/audios/western_data/genres_original/country/country.00034.wav,2,country,3,disco
1,train,247,247,/home/dt2119/dt2119/music_classification/datasets/audios/western_data/genres_original/country/country.00047.wav,2,country,2,country
1,train,903,903,/home/dt2119/dt2119/music_classification/datasets/audios/western_data/genres_original/rock/rock.00004.wav,9,rock,9,rock
1,train,458,458,/home/dt2119/dt2119/music_classification/datasets/audios/western_data/genres_original/hiphop/hiphop.00058.wav,4,hiphop,4,hiphop
1,train,920,920,/home/dt2119/dt2119/music_classification/datasets/audios/western_data/genres_original/rock/rock.00021.wav,9,rock,9,rock
1,train,987,987,/home/dt2119/dt2119/music_classification/datasets/audios/western_data/genres_original/rock/rock.00088.wav,9,rock,9,rock
1,train,427,427,/home/dt2119/dt2119/music_classification/datasets/audios/western_data/genres_original/hiphop/hiphop.00027.wav,4,hiphop,4,hiphop
1,train,769,769,/home/dt2119/dt2119/music_classification/datasets/audios/western_data/genres_original/pop/pop.00070.wav,7,pop,7,pop
1,train,398,398,/home/dt2119/dt2119/music_classification/datasets/audios/western_data/genres_original/disco/disco.00098.wav,3,disco,3,disco
1,train,958,958,/home/dt2119/dt2119/music_classification/datasets/audios/western_data/genres_original/rock/rock.00059.wav,9,rock,2,country
1,train,509,509,/home/dt2119/dt2119/music_classification/datasets/audios/western_data/genres_original/jazz/jazz.00009.wav,5,jazz,5,jazz
1,train,676,676,/home/dt2119/dt2119/music_classification/datasets/audios/western_data/genres_original/metal/metal.00077.wav,6,metal,6,metal
1,train,470,470,/home/dt2119/dt2119/music_classification/datasets/audios/western_data/genres_original/hiphop/hiphop.00070.wav,4,hiphop,4,hiphop
1,train,493,493,/home/dt2119/dt2119/music_classification/datasets/audios/western_data/genres_original/hiphop/hiphop.00093.wav,4,hiphop,4,hiphop
1,train,262,262,/home/dt2119/dt2119/music_classification/datasets/audios/western_data/genres_original/country/country.00062.wav,2,country,2,country
1,train,198,198,/home/dt2119/dt2119/music_classification/datasets/audios/western_data/genres_original/classical/classical.00098.wav,1,classical,1,classical
1,train,579,579,/home/dt2119/dt2119/music_classification/datasets/audios/western_data/genres_original/jazz/jazz.00080.wav,5,jazz,5,jazz
1,train,242,242,/home/dt2119/dt2119/music_classification/datasets/audios/western_data/genres_original/country/country.00042.wav,2,country,9,rock
1,train,955,955,/home/dt2119/dt2119/music_classification/datasets/audios/western_data/genres_original/rock/rock.00056.wav,9,rock,9,rock
1,train,394,394,/home/dt2119/dt2119/music_classification/datasets/audios/western_data/genres_original/disco/disco.00094.wav,3,disco,3,disco
1,train,595,595,/home/dt2119/dt2119/music_classification/datasets/audios/western_data/genres_original/jazz/jazz.00096.wav,5,jazz,5,jazz
1,train,497,497,/home/dt2119/dt2119/music_classification/datasets/audios/western_data/genres_original/hiphop/hiphop.00097.wav,4,hiphop,4,hiphop
1,train,713,713,/home/dt2119/dt2119/music_classification/datasets/audios/western_data/genres_original/pop/pop.00014.wav,7,pop,2,country
1,train,492,492,/home/dt2119/dt2119/music_classification/datasets/audios/western_data/genres_original/hiphop/hiphop.00092.wav,4,hiphop,4,hiphop
1,train,254,254,/home/dt2119/dt2119/music_classification/datasets/audios/western_data/genres_original/country/country.00054.wav,2,country,2,country
1,train,846,846,/home/dt2119/dt2119/music_classification/datasets/audios/western_data/genres_original/reggae/reggae.00047.wav,8,reggae,8,reggae
1,train,938,938,/home/dt2119/dt2119/music_classification/datasets/audios/western_data/genres_original/rock/rock.00039.wav,9,rock,9,rock
1,train,897,897,/home/dt2119/dt2119/music_classification/datasets/audios/western_data/genres_original/reggae/reggae.00098.wav,8,reggae,5,jazz
1,train,508,508,/home/dt2119/dt2119/music_classification/datasets/audios/western_data/genres_original/jazz/jazz.00008.wav,5,jazz,5,jazz
1,train,748,748,/home/dt2119/dt2119/music_classification/datasets/audios/western_data/genres_original/pop/pop.00049.wav,7,pop,7,pop
1,train,876,876,/home/dt2119/dt2119/music_classification/datasets/audios/western_data/genres_original/reggae/reggae.00077.wav,8,reggae,8,reggae
1,train,747,747,/home/dt2119/dt2119/music_classification/datasets/audios/western_data/genres_original/pop/pop.00048.wav,7,pop,7,pop
1,train,490,490,/home/dt2119/dt2119/music_classification/datasets/audios/western_data/genres_original/hiphop/hiphop.00090.wav,4,hiphop,4,hiphop
1,train,354,354,/home/dt2119/dt2119/music_classification/datasets/audios/western_data/genres_original/disco/disco.00054.wav,3,disco,3,disco
1,train,240,240,/home/dt2119/dt2119/music_classification/datasets/audios/western_data/genres_original/country/country.00040.wav,2,country,3,disco
1,train,187,187,/home/dt2119/dt2119/music_classification/datasets/audios/western_data/genres_original/classical/classical.00087.wav,1,classical,1,classical
1,train,307,307,/home/dt2119/dt2119/music_classification/datasets/audios/western_data/genres_original/disco/disco.00007.wav,3,disco,3,disco
1,train,782,782,/home/dt2119/dt2119/music_classification/datasets/audios/western_data/genres_original/pop/pop.00083.wav,7,pop,7,pop
1,train,684,684,/home/dt2119/dt2119/music_classification/datasets/audios/western_data/genres_original/metal/metal.00085.wav,6,metal,6,metal
1,train,306,306,/home/dt2119/dt2119/music_classification/datasets/audios/western_data/genres_original/disco/disco.00006.wav,3,disco,3,disco
1,train,762,762,/home/dt2119/dt2119/music_classification/datasets/audios/western_data/genres_original/pop/pop.00063.wav,7,pop,7,pop
1,train,283,283,/home/dt2119/dt2119/music_classification/datasets/audios/western_data/genres_original/country/country.00083.wav,2,country,2,country
1,train,923,923,/home/dt2119/dt2119/music_classification/datasets/audios/western_data/genres_original/rock/rock.00024.wav,9,rock,9,rock
1,train,995,995,/home/dt2119/dt2119/music_classification/datasets/audios/western_data/genres_original/rock/rock.00096.wav,9,rock,9,rock
1,train,760,760,/home/dt2119/dt2119/music_classification/datasets/audios/western_data/genres_original/pop/pop.00061.wav,7,pop,7,pop
1,train,875,875,/home/dt2119/dt2119/music_classification/datasets/audios/western_data/genres_original/reggae/reggae.00076.wav,8,reggae,7,pop
1,train,587,587,/home/dt2119/dt2119/music_classification/datasets/audios/western_data/genres_original/jazz/jazz.00088.wav,5,jazz,5,jazz
1,train,917,917,/home/dt2119/dt2119/music_classification/datasets/audios/western_data/genres_original/rock/rock.00018.wav,9,rock,6,metal
1,train,499,499,/home/dt2119/dt2119/music_classification/datasets/audios/western_data/genres_original/hiphop/hiphop.00099.wav,4,hiphop,4,hiphop
1,train,396,396,/home/dt2119/dt2119/music_classification/datasets/audios/western_data/genres_original/disco/disco.00096.wav,3,disco,3,disco
1,train,517,517,/home/dt2119/dt2119/music_classification/datasets/audios/western_data/genres_original/jazz/jazz.00017.wav,5,jazz,5,jazz
1,train,435,435,/home/dt2119/dt2119/music_classification/datasets/audios/western_data/genres_original/hiphop/hiphop.00035.wav,4,hiphop,4,hiphop
1,train,582,582,/home/dt2119/dt2119/music_classification/datasets/audios/western_data/genres_original/jazz/jazz.00083.wav,5,jazz,5,jazz
1,train,624,624,/home/dt2119/dt2119/music_classification/datasets/audios/western_data/genres_original/metal/metal.00025.wav,6,metal,6,metal
1,train,770,770,/home/dt2119/dt2119/music_classification/datasets/audios/western_data/genres_original/pop/pop.00071.wav,7,pop,7,pop
1,train,752,752,/home/dt2119/dt2119/music_classification/datasets/audios/western_data/genres_original/pop/pop.00053.wav,7,pop,7,pop
1,train,673,673,/home/dt2119/dt2119/music_classification/datasets/audios/western_data/genres_original/metal/metal.00074.wav,6,metal,6,metal
1,train,491,491,/home/dt2119/dt2119/music_classification/datasets/audios/western_data/genres_original/hiphop/hiphop.00091.wav,4,hiphop,4,hiphop
1,train,377,377,/home/dt2119/dt2119/music_classification/datasets/audios/western_data/genres_original/disco/disco.00077.wav,3,disco,3,disco
1,train,990,990,/home/dt2119/dt2119/music_classification/datasets/audios/western_data/genres_original/rock/rock.00091.wav,9,rock,9,rock
1,train,596,596,/home/dt2119/dt2119/music_classification/datasets/audios/western_data/genres_original/jazz/jazz.00097.wav,5,jazz,5,jazz
1,train,216,216,/home/dt2119/dt2119/music_classification/datasets/audios/western_data/genres_original/country/country.00016.wav,2,country,9,rock
1,train,468,468,/home/dt2119/dt2119/music_classification/datasets/audios/western_data/genres_original/hiphop/hiphop.00068.wav,4,hiphop,4,hiphop
1,train,467,467,/home/dt2119/dt2119/music_classification/datasets/audios/western_data/genres_original/hiphop/hiphop.00067.wav,4,hiphop,4,hiphop
1,train,335,335,/home/dt2119/dt2119/music_classification/datasets/audios/western_data/genres_original/disco/disco.00035.wav,3,disco,3,disco
1,train,498,498,/home/dt2119/dt2119/music_classification/datasets/audios/western_data/genres_original/hiphop/hiphop.00098.wav,4,hiphop,4,hiphop
1,train,683,683,/home/dt2119/dt2119/music_classification/datasets/audios/western_data/genres_original/metal/metal.00084.wav,6,metal,6,metal
1,train,380,380,/home/dt2119/dt2119/music_classification/datasets/audios/western_data/genres_original/disco/disco.00080.wav,3,disco,3,disco
1,train,766,766,/home/dt2119/dt2119/music_classification/datasets/audios/western_data/genres_original/pop/pop.00067.wav,7,pop,7,pop
1,train,959,959,/home/dt2119/dt2119/music_classification/datasets/audios/western_data/genres_original/rock/rock.00060.wav,9,rock,9,rock
1,train,971,971,/home/dt2119/dt2119/music_classification/datasets/audios/western_data/genres_original/rock/rock.00072.wav,9,rock,9,rock
1,train,883,883,/home/dt2119/dt2119/music_classification/datasets/audios/western_data/genres_original/reggae/reggae.00084.wav,8,reggae,5,jazz
1,train,973,973,/home/dt2119/dt2119/music_classification/datasets/audios/western_data/genres_original/rock/rock.00074.wav,9,rock,9,rock
1,train,654,654,/home/dt2119/dt2119/music_classification/datasets/audios/western_data/genres_original/metal/metal.00055.wav,6,metal,6,metal
1,train,256,256,/home/dt2119/dt2119/music_classification/datasets/audios/western_data/genres_original/country/country.00056.wav,2,country,2,country
1,train,934,934,/home/dt2119/dt2119/music_classification/datasets/audios/western_data/genres_original/rock/rock.00035.wav,9,rock,9,rock
1,train,55,55,/home/dt2119/dt2119/music_classification/datasets/audios/western_data/genres_original/blues/blues.00055.wav,0,blues,0,blues
1,train,997,997,/home/dt2119/dt2119/music_classification/datasets/audios/western_data/genres_original/rock/rock.00098.wav,9,rock,9,rock
1,train,160,160,/home/dt2119/dt2119/music_classification/datasets/audios/western_data/genres_original/classical/classical.00060.wav,1,classical,1,classical
1,train,289,289,/home/dt2119/dt2119/music_classification/datasets/audios/western_data/genres_original/country/country.00089.wav,2,country,2,country
1,train,765,765,/home/dt2119/dt2119/music_classification/datasets/audios/western_data/genres_original/pop/pop.00066.wav,7,pop,7,pop
1,train,572,572,/home/dt2119/dt2119/music_classification/datasets/audios/western_data/genres_original/jazz/jazz.00073.wav,5,jazz,5,jazz
1,train,217,217,/home/dt2119/dt2119/music_classification/datasets/audios/western_data/genres_original/country/country.00017.wav,2,country,2,country
1,train,52,52,/home/dt2119/dt2119/music_classification/datasets/audios/western_data/genres_original/blues/blues.00052.wav,0,blues,5,jazz
1,train,628,628,/home/dt2119/dt2119/music_classification/datasets/audios/western_data/genres_original/metal/metal.00029.wav,6,metal,6,metal
1,train,451,451,/home/dt2119/dt2119/music_classification/datasets/audios/western_data/genres_original/hiphop/hiphop.00051.wav,4,hiphop,4,hiphop
1,train,503,503,/home/dt2119/dt2119/music_classification/datasets/audios/western_data/genres_original/jazz/jazz.00003.wav,5,jazz,5,jazz
1,train,514,514,/home/dt2119/dt2119/music_classification/datasets/audios/western_data/genres_original/jazz/jazz.00014.wav,5,jazz,5,jazz
1,train,880,880,/home/dt2119/dt2119/music_classification/datasets/audios/western_data/genres_original/reggae/reggae.00081.wav,8,reggae,4,hiphop
1,train,132,132,/home/dt2119/dt2119/music_classification/datasets/audios/western_data/genres_original/classical/classical.00032.wav,1,classical,1,classical
1,train,985,985,/home/dt2119/dt2119/music_classification/datasets/audios/western_data/genres_original/rock/rock.00086.wav,9,rock,9,rock
1,train,191,191,/home/dt2119/dt2119/music_classification/datasets/audios/western_data/genres_original/classical/classical.00091.wav,1,classical,1,classical
1,train,893,893,/home/dt2119/dt2119/music_classification/datasets/audios/western_data/genres_original/reggae/reggae.00094.wav,8,reggae,4,hiphop
1,train,931,931,/home/dt2119/dt2119/music_classification/datasets/audios/western_data/genres_original/rock/rock.00032.wav,9,rock,9,rock
1,train,700,700,/home/dt2119/dt2119/music_classification/datasets/audios/western_data/genres_original/pop/pop.00001.wav,7,pop,7,pop
1,train,483,483,/home/dt2119/dt2119/music_classification/datasets/audios/western_data/genres_original/hiphop/hiphop.00083.wav,4,hiphop,4,hiphop
1,train,342,342,/home/dt2119/dt2119/music_classification/datasets/audios/western_data/genres_original/disco/disco.00042.wav,3,disco,3,disco
1,train,925,925,/home/dt2119/dt2119/music_classification/datasets/audios/western_data/genres_original/rock/rock.00026.wav,9,rock,9,rock
1,train,749,749,/home/dt2119/dt2119/music_classification/datasets/audios/western_data/genres_original/pop/pop.00050.wav,7,pop,7,pop
1,train,754,754,/home/dt2119/dt2119/music_classification/datasets/audios/western_data/genres_original/pop/pop.00055.wav,7,pop,7,pop
1,train,184,184,/home/dt2119/dt2119/music_classification/datasets/audios/western_data/genres_original/classical/classical.00084.wav,1,classical,1,classical
1,train,103,103,/home/dt2119/dt2119/music_classification/datasets/audios/western_data/genres_original/classical/classical.00003.wav,1,classical,1,classical
1,train,431,431,/home/dt2119/dt2119/music_classification/datasets/audios/western_data/genres_original/hiphop/hiphop.00031.wav,4,hiphop,4,hiphop
1,train,972,972,/home/dt2119/dt2119/music_classification/datasets/audios/western_data/genres_original/rock/rock.00073.wav,9,rock,9,rock
1,train,293,293,/home/dt2119/dt2119/music_classification/datasets/audios/western_data/genres_original/country/country.00093.wav,2,country,2,country
1,train,939,939,/home/dt2119/dt2119/music_classification/datasets/audios/western_data/genres_original/rock/rock.00040.wav,9,rock,9,rock
1,train,305,305,/home/dt2119/dt2119/music_classification/datasets/audios/western_data/genres_original/disco/disco.00005.wav,3,disco,3,disco
1,train,505,505,/home/dt2119/dt2119/music_classification/datasets/audios/western_data/genres_original/jazz/jazz.00005.wav,5,jazz,5,jazz
1,train,738,738,/home/dt2119/dt2119/music_classification/datasets/audios/western_data/genres_original/pop/pop.00039.wav,7,pop,7,pop
1,train,461,461,/home/dt2119/dt2119/music_classification/datasets/audios/western_data/genres_original/hiphop/hiphop.00061.wav,4,hiphop,4,hiphop
1,train,384,384,/home/dt2119/dt2119/music_classification/datasets/audios/western_data/genres_original/disco/disco.00084.wav,3,disco,3,disco
1,train,58,58,/home/dt2119/dt2119/music_classification/datasets/audios/western_data/genres_original/blues/blues.00058.wav,0,blues,0,blues
1,train,281,281,/home/dt2119/dt2119/music_classification/datasets/audios/western_data/genres_original/country/country.00081.wav,2,country,2,country
1,train,659,659,/home/dt2119/dt2119/music_classification/datasets/audios/western_data/genres_original/metal/metal.00060.wav,6,metal,6,metal
1,train,303,303,/home/dt2119/dt2119/music_classification/datasets/audios/western_data/genres_original/disco/disco.00003.wav,3,disco,3,disco
1,train,947,947,/home/dt2119/dt2119/music_classification/datasets/audios/western_data/genres_original/rock/rock.00048.wav,9,rock,9,rock
1,train,648,648,/home/dt2119/dt2119/music_classification/datasets/audios/western_data/genres_original/metal/metal.00049.wav,6,metal,6,metal
1,train,57,57,/home/dt2119/dt2119/music_classification/datasets/audios/western_data/genres_original/blues/blues.00057.wav,0,blues,0,blues
1,train,235,235,/home/dt2119/dt2119/music_classification/datasets/audios/western_data/genres_original/country/country.00035.wav,2,country,2,country
1,train,768,768,/home/dt2119/dt2119/music_classification/datasets/audios/western_data/genres_original/pop/pop.00069.wav,7,pop,4,hiphop
1,train,919,919,/home/dt2119/dt2119/music_classification/datasets/audios/western_data/genres_original/rock/rock.00020.wav,9,rock,9,rock
1,train,869,869,/home/dt2119/dt2119/music_classification/datasets/audios/western_data/genres_original/reggae/reggae.00070.wav,8,reggae,8,reggae
1,train,401,401,/home/dt2119/dt2119/music_classification/datasets/audios/western_data/genres_original/hiphop/hiphop.00001.wav,4,hiphop,4,hiphop
1,train,441,441,/home/dt2119/dt2119/music_classification/datasets/audios/western_data/genres_original/hiphop/hiphop.00041.wav,4,hiphop,4,hiphop
1,train,906,906,/home/dt2119/dt2119/music_classification/datasets/audios/western_data/genres_original/rock/rock.00007.wav,9,rock,2,country
1,train,881,881,/home/dt2119/dt2119/music_classification/datasets/audios/western_data/genres_original/reggae/reggae.00082.wav,8,reggae,4,hiphop
1,train,185,185,/home/dt2119/dt2119/music_classification/datasets/audios/western_data/genres_original/classical/classical.00085.wav,1,classical,1,classical
1,train,516,516,/home/dt2119/dt2119/music_classification/datasets/audios/western_data/genres_original/jazz/jazz.00016.wav,5,jazz,5,jazz
1,train,606,606,/home/dt2119/dt2119/music_classification/datasets/audios/western_data/genres_original/metal/metal.00007.wav,6,metal,6,metal
1,train,248,248,/home/dt2119/dt2119/music_classification/datasets/audios/western_data/genres_original/country/country.00048.wav,2,country,2,country
1,train,636,636,/home/dt2119/dt2119/music_classification/datasets/audios/western_data/genres_original/metal/metal.00037.wav,6,metal,6,metal
1,train,195,195,/home/dt2119/dt2119/music_classification/datasets/audios/western_data/genres_original/classical/classical.00095.wav,1,classical,1,classical
1,train,631,631,/home/dt2119/dt2119/music_classification/datasets/audios/western_data/genres_original/metal/metal.00032.wav,6,metal,6,metal
1,train,871,871,/home/dt2119/dt2119/music_classification/datasets/audios/western_data/genres_original/reggae/reggae.00072.wav,8,reggae,4,hiphop
1,train,332,332,/home/dt2119/dt2119/music_classification/datasets/audios/western_data/genres_original/disco/disco.00032.wav,3,disco,3,disco
1,train,392,392,/home/dt2119/dt2119/music_classification/datasets/audios/western_data/genres_original/disco/disco.00092.wav,3,disco,3,disco
1,train,145,145,/home/dt2119/dt2119/music_classification/datasets/audios/western_data/genres_original/classical/classical.00045.wav,1,classical,1,classical
1,train,501,501,/home/dt2119/dt2119/music_classification/datasets/audios/western_data/genres_original/jazz/jazz.00001.wav,5,jazz,5,jazz
1,train,563,563,/home/dt2119/dt2119/music_classification/datasets/audios/western_data/genres_original/jazz/jazz.00064.wav,5,jazz,5,jazz
1,train,98,98,/home/dt2119/dt2119/music_classification/datasets/audios/western_data/genres_original/blues/blues.00098.wav,0,blues,9,rock
1,train,864,864,/home/dt2119/dt2119/music_classification/datasets/audios/western_data/genres_original/reggae/reggae.00065.wav,8,reggae,8,reggae
1,train,515,515,/home/dt2119/dt2119/music_classification/datasets/audios/western_data/genres_original/jazz/jazz.00015.wav,5,jazz,5,jazz
1,train,341,341,/home/dt2119/dt2119/music_classification/datasets/audios/western_data/genres_original/disco/disco.00041.wav,3,disco,2,country
1,train,473,473,/home/dt2119/dt2119/music_classification/datasets/audios/western_data/genres_original/hiphop/hiphop.00073.wav,4,hiphop,4,hiphop
1,train,847,847,/home/dt2119/dt2119/music_classification/datasets/audios/western_data/genres_original/reggae/reggae.00048.wav,8,reggae,4,hiphop
1,train,753,753,/home/dt2119/dt2119/music_classification/datasets/audios/western_data/genres_original/pop/pop.00054.wav,7,pop,7,pop
1,train,948,948,/home/dt2119/dt2119/music_classification/datasets/audios/western_data/genres_original/rock/rock.00049.wav,9,rock,9,rock
1,train,899,899,/home/dt2119/dt2119/music_classification/datasets/audios/western_data/genres_original/rock/rock.00000.wav,9,rock,9,rock
1,train,605,605,/home/dt2119/dt2119/music_classification/datasets/audios/western_data/genres_original/metal/metal.00006.wav,6,metal,6,metal
1,train,977,977,/home/dt2119/dt2119/music_classification/datasets/audios/western_data/genres_original/rock/rock.00078.wav,9,rock,9,rock
1,train,741,741,/home/dt2119/dt2119/music_classification/datasets/audios/western_data/genres_original/pop/pop.00042.wav,7,pop,7,pop
1,train,520,520,/home/dt2119/dt2119/music_classification/datasets/audios/western_data/genres_original/jazz/jazz.00020.wav,5,jazz,5,jazz
1,train,147,147,/home/dt2119/dt2119/music_classification/datasets/audios/western_data/genres_original/classical/classical.00047.wav,1,classical,1,classical
1,train,709,709,/home/dt2119/dt2119/music_classification/datasets/audios/western_data/genres_original/pop/pop.00010.wav,7,pop,2,country
1,train,469,469,/home/dt2119/dt2119/music_classification/datasets/audios/western_data/genres_original/hiphop/hiphop.00069.wav,4,hiphop,4,hiphop
1,train,447,447,/home/dt2119/dt2119/music_classification/datasets/audios/western_data/genres_original/hiphop/hiphop.00047.wav,4,hiphop,4,hiphop
1,train,131,131,/home/dt2119/dt2119/music_classification/datasets/audios/western_data/genres_original/classical/classical.00031.wav,1,classical,1,classical
1,train,448,448,/home/dt2119/dt2119/music_classification/datasets/audios/western_data/genres_original/hiphop/hiphop.00048.wav,4,hiphop,4,hiphop
1,train,549,549,/home/dt2119/dt2119/music_classification/datasets/audios/western_data/genres_original/jazz/jazz.00049.wav,5,jazz,5,jazz
1,train,763,763,/home/dt2119/dt2119/music_classification/datasets/audios/western_data/genres_original/pop/pop.00064.wav,7,pop,4,hiphop
1,train,513,513,/home/dt2119/dt2119/music_classification/datasets/audios/western_data/genres_original/jazz/jazz.00013.wav,5,jazz,5,jazz
1,train,364,364,/home/dt2119/dt2119/music_classification/datasets/audios/western_data/genres_original/disco/disco.00064.wav,3,disco,3,disco
1,train,471,471,/home/dt2119/dt2119/music_classification/datasets/audios/western_data/genres_original/hiphop/hiphop.00071.wav,4,hiphop,4,hiphop
1,train,594,594,/home/dt2119/dt2119/music_classification/datasets/audios/western_data/genres_original/jazz/jazz.00095.wav,5,jazz,5,jazz
1,train,462,462,/home/dt2119/dt2119/music_classification/datasets/audios/western_data/genres_original/hiphop/hiphop.00062.wav,4,hiphop,4,hiphop
1,train,657,657,/home/dt2119/dt2119/music_classification/datasets/audios/western_data/genres_original/metal/metal.00058.wav,6,metal,6,metal
1,train,157,157,/home/dt2119/dt2119/music_classification/datasets/audios/western_data/genres_original/classical/classical.00057.wav,1,classical,1,classical
1,train,319,319,/home/dt2119/dt2119/music_classification/datasets/audios/western_data/genres_original/disco/disco.00019.wav,3,disco,3,disco
1,train,194,194,/home/dt2119/dt2119/music_classification/datasets/audios/western_data/genres_original/classical/classical.00094.wav,1,classical,1,classical
1,train,59,59,/home/dt2119/dt2119/music_classification/datasets/audios/western_data/genres_original/blues/blues.00059.wav,0,blues,0,blues
1,train,650,650,/home/dt2119/dt2119/music_classification/datasets/audios/western_data/genres_original/metal/metal.00051.wav,6,metal,6,metal
1,train,54,54,/home/dt2119/dt2119/music_classification/datasets/audios/western_data/genres_original/blues/blues.00054.wav,0,blues,6,metal
1,train,482,482,/home/dt2119/dt2119/music_classification/datasets/audios/western_data/genres_original/hiphop/hiphop.00082.wav,4,hiphop,4,hiphop
1,train,502,502,/home/dt2119/dt2119/music_classification/datasets/audios/western_data/genres_original/jazz/jazz.00002.wav,5,jazz,5,jazz
1,train,255,255,/home/dt2119/dt2119/music_classification/datasets/audios/western_data/genres_original/country/country.00055.wav,2,country,9,rock
1,train,952,952,/home/dt2119/dt2119/music_classification/datasets/audios/western_data/genres_original/rock/rock.00053.wav,9,rock,9,rock
1,train,299,299,/home/dt2119/dt2119/music_classification/datasets/audios/western_data/genres_original/country/country.00099.wav,2,country,2,country
1,train,189,189,/home/dt2119/dt2119/music_classification/datasets/audios/western_data/genres_original/classical/classical.00089.wav,1,classical,1,classical
1,train,523,523,/home/dt2119/dt2119/music_classification/datasets/audios/western_data/genres_original/jazz/jazz.00023.wav,5,jazz,5,jazz
1,train,428,428,/home/dt2119/dt2119/music_classification/datasets/audios/western_data/genres_original/hiphop/hiphop.00028.wav,4,hiphop,4,hiphop
1,train,740,740,/home/dt2119/dt2119/music_classification/datasets/audios/western_data/genres_original/pop/pop.00041.wav,7,pop,2,country
1,train,575,575,/home/dt2119/dt2119/music_classification/datasets/audios/western_data/genres_original/jazz/jazz.00076.wav,5,jazz,5,jazz
1,train,758,758,/home/dt2119/dt2119/music_classification/datasets/audios/western_data/genres_original/pop/pop.00059.wav,7,pop,7,pop
1,train,681,681,/home/dt2119/dt2119/music_classification/datasets/audios/western_data/genres_original/metal/metal.00082.wav,6,metal,6,metal
1,train,463,463,/home/dt2119/dt2119/music_classification/datasets/audios/western_data/genres_original/hiphop/hiphop.00063.wav,4,hiphop,4,hiphop
1,train,772,772,/home/dt2119/dt2119/music_classification/datasets/audios/western_data/genres_original/pop/pop.00073.wav,7,pop,7,pop
1,train,580,580,/home/dt2119/dt2119/music_classification/datasets/audios/western_data/genres_original/jazz/jazz.00081.wav,5,jazz,5,jazz
1,train,328,328,/home/dt2119/dt2119/music_classification/datasets/audios/western_data/genres_original/disco/disco.00028.wav,3,disco,3,disco
1,train,974,974,/home/dt2119/dt2119/music_classification/datasets/audios/western_data/genres_original/rock/rock.00075.wav,9,rock,9,rock
1,train,954,954,/home/dt2119/dt2119/music_classification/datasets/audios/western_data/genres_original/rock/rock.00055.wav,9,rock,9,rock
1,train,387,387,/home/dt2119/dt2119/music_classification/datasets/audios/western_data/genres_original/disco/disco.00087.wav,3,disco,3,disco
1,train,612,612,/home/dt2119/dt2119/music_classification/datasets/audios/western_data/genres_original/metal/metal.00013.wav,6,metal,6,metal
1,train,297,297,/home/dt2119/dt2119/music_classification/datasets/audios/western_data/genres_original/country/country.00097.wav,2,country,2,country
1,train,998,998,/home/dt2119/dt2119/music_classification/datasets/audios/western_data/genres_original/rock/rock.00099.wav,9,rock,9,rock
1,train,228,228,/home/dt2119/dt2119/music_classification/datasets/audios/western_data/genres_original/country/country.00028.wav,2,country,2,country
1,train,902,902,/home/dt2119/dt2119/music_classification/datasets/audios/western_data/genres_original/rock/rock.00003.wav,9,rock,9,rock
1,train,608,608,/home/dt2119/dt2119/music_classification/datasets/audios/western_data/genres_original/metal/metal.00009.wav,6,metal,6,metal
1,train,842,842,/home/dt2119/dt2119/music_classification/datasets/audios/western_data/genres_original/reggae/reggae.00043.wav,8,reggae,8,reggae
1,train,511,511,/home/dt2119/dt2119/music_classification/datasets/audios/western_data/genres_original/jazz/jazz.00011.wav,5,jazz,5,jazz
1,train,915,915,/home/dt2119/dt2119/music_classification/datasets/audios/western_data/genres_original/rock/rock.00016.wav,9,rock,6,metal
1,train,201,201,/home/dt2119/dt2119/music_classification/datasets/audios/western_data/genres_original/country/country.00001.wav,2,country,2,country
1,train,647,647,/home/dt2119/dt2119/music_classification/datasets/audios/western_data/genres_original/metal/metal.00048.wav,6,metal,6,metal
1,train,259,259,/home/dt2119/dt2119/music_classification/datasets/audios/western_data/genres_original/country/country.00059.wav,2,country,2,country
1,train,581,581,/home/dt2119/dt2119/music_classification/datasets/audios/western_data/genres_original/jazz/jazz.00082.wav,5,jazz,5,jazz
1,train,552,552,/home/dt2119/dt2119/music_classification/datasets/audios/western_data/genres_original/jazz/jazz.00052.wav,5,jazz,5,jazz
1,train,484,484,/home/dt2119/dt2119/music_classification/datasets/audios/western_data/genres_original/hiphop/hiphop.00084.wav,4,hiphop,4,hiphop
1,train,386,386,/home/dt2119/dt2119/music_classification/datasets/audios/western_data/genres_original/disco/disco.00086.wav,3,disco,3,disco
1,train,670,670,/home/dt2119/dt2119/music_classification/datasets/audios/western_data/genres_original/metal/metal.00071.wav,6,metal,6,metal
1,train,759,759,/home/dt2119/dt2119/music_classification/datasets/audios/western_data/genres_original/pop/pop.00060.wav,7,pop,7,pop
1,train,500,500,/home/dt2119/dt2119/music_classification/datasets/audios/western_data/genres_original/jazz/jazz.00000.wav,5,jazz,1,classical
1,train,887,887,/home/dt2119/dt2119/music_classification/datasets/audios/western_data/genres_original/reggae/reggae.00088.wav,8,reggae,7,pop
1,train,142,142,/home/dt2119/dt2119/music_classification/datasets/audios/western_data/genres_original/classical/classical.00042.wav,1,classical,1,classical
1,train,574,574,/home/dt2119/dt2119/music_classification/datasets/audios/western_data/genres_original/jazz/jazz.00075.wav,5,jazz,5,jazz
1,train,340,340,/home/dt2119/dt2119/music_classification/datasets/audios/western_data/genres_original/disco/disco.00040.wav,3,disco,3,disco
1,train,450,450,/home/dt2119/dt2119/music_classification/datasets/audios/western_data/genres_original/hiphop/hiphop.00050.wav,4,hiphop,4,hiphop
1,train,751,751,/home/dt2119/dt2119/music_classification/datasets/audios/western_data/genres_original/pop/pop.00052.wav,7,pop,7,pop
1,train,432,432,/home/dt2119/dt2119/music_classification/datasets/audios/western_data/genres_original/hiphop/hiphop.00032.wav,4,hiphop,4,hiphop
1,train,246,246,/home/dt2119/dt2119/music_classification/datasets/audios/western_data/genres_original/country/country.00046.wav,2,country,2,country
1,train,264,264,/home/dt2119/dt2119/music_classification/datasets/audios/western_data/genres_original/country/country.00064.wav,2,country,2,country
1,train,578,578,/home/dt2119/dt2119/music_classification/datasets/audios/western_data/genres_original/jazz/jazz.00079.wav,5,jazz,5,jazz
1,train,104,104,/home/dt2119/dt2119/music_classification/datasets/audios/western_data/genres_original/classical/classical.00004.wav,1,classical,1,classical
1,train,585,585,/home/dt2119/dt2119/music_classification/datasets/audios/western_data/genres_original/jazz/jazz.00086.wav,5,jazz,5,jazz
1,train,689,689,/home/dt2119/dt2119/music_classification/datasets/audios/western_data/genres_original/metal/metal.00090.wav,6,metal,6,metal
1,train,291,291,/home/dt2119/dt2119/music_classification/datasets/audios/western_data/genres_original/country/country.00091.wav,2,country,2,country
1,train,290,290,/home/dt2119/dt2119/music_classification/datasets/audios/western_data/genres_original/country/country.00090.wav,2,country,2,country
1,train,592,592,/home/dt2119/dt2119/music_classification/datasets/audios/western_data/genres_original/jazz/jazz.00093.wav,5,jazz,2,country
1,train,865,865,/home/dt2119/dt2119/music_classification/datasets/audios/western_data/genres_original/reggae/reggae.00066.wav,8,reggae,4,hiphop
1,train,476,476,/home/dt2119/dt2119/music_classification/datasets/audios/western_data/genres_original/hiphop/hiphop.00076.wav,4,hiphop,4,hiphop
1,train,970,970,/home/dt2119/dt2119/music_classification/datasets/audios/western_data/genres_original/rock/rock.00071.wav,9,rock,9,rock
1,train,218,218,/home/dt2119/dt2119/music_classification/datasets/audios/western_data/genres_original/country/country.00018.wav,2,country,2,country
1,train,771,771,/home/dt2119/dt2119/music_classification/datasets/audios/western_data/genres_original/pop/pop.00072.wav,7,pop,7,pop
1,train,905,905,/home/dt2119/dt2119/music_classification/datasets/audios/western_data/genres_original/rock/rock.00006.wav,9,rock,9,rock
1,train,884,884,/home/dt2119/dt2119/music_classification/datasets/audios/western_data/genres_original/reggae/reggae.00085.wav,8,reggae,8,reggae
1,train,962,962,/home/dt2119/dt2119/music_classification/datasets/audios/western_data/genres_original/rock/rock.00063.wav,9,rock,2,country
1,train,851,851,/home/dt2119/dt2119/music_classification/datasets/audios/western_data/genres_original/reggae/reggae.00052.wav,8,reggae,4,hiphop
1,train,576,576,/home/dt2119/dt2119/music_classification/datasets/audios/western_data/genres_original/jazz/jazz.00077.wav,5,jazz,5,jazz
1,train,282,282,/home/dt2119/dt2119/music_classification/datasets/audios/western_data/genres_original/country/country.00082.wav,2,country,2,country
1,train,522,522,/home/dt2119/dt2119/music_classification/datasets/audios/western_data/genres_original/jazz/jazz.00022.wav,5,jazz,5,jazz
1,train,288,288,/home/dt2119/dt2119/music_classification/datasets/audios/western_data/genres_original/country/country.00088.wav,2,country,2,country
1,train,783,783,/home/dt2119/dt2119/music_classification/datasets/audios/western_data/genres_original/pop/pop.00084.wav,7,pop,4,hiphop
1,train,202,202,/home/dt2119/dt2119/music_classification/datasets/audios/western_data/genres_original/country/country.00002.wav,2,country,2,country
1,train,434,434,/home/dt2119/dt2119/music_classification/datasets/audios/western_data/genres_original/hiphop/hiphop.00034.wav,4,hiphop,4,hiphop
1,train,347,347,/home/dt2119/dt2119/music_classification/datasets/audios/western_data/genres_original/disco/disco.00047.wav,3,disco,1,classical
1,train,960,960,/home/dt2119/dt2119/music_classification/datasets/audios/western_data/genres_original/rock/rock.00061.wav,9,rock,9,rock
1,train,614,614,/home/dt2119/dt2119/music_classification/datasets/audios/western_data/genres_original/metal/metal.00015.wav,6,metal,6,metal
1,train,949,949,/home/dt2119/dt2119/music_classification/datasets/audios/western_data/genres_original/rock/rock.00050.wav,9,rock,9,rock
1,train,100,100,/home/dt2119/dt2119/music_classification/datasets/audios/western_data/genres_original/classical/classical.00000.wav,1,classical,1,classical
1,train,746,746,/home/dt2119/dt2119/music_classification/datasets/audios/western_data/genres_original/pop/pop.00047.wav,7,pop,7,pop
1,train,918,918,/home/dt2119/dt2119/music_classification/datasets/audios/western_data/genres_original/rock/rock.00019.wav,9,rock,9,rock
1,train,446,446,/home/dt2119/dt2119/music_classification/datasets/audios/western_data/genres_original/hiphop/hiphop.00046.wav,4,hiphop,4,hiphop
1,train,598,598,/home/dt2119/dt2119/music_classification/datasets/audios/western_data/genres_original/jazz/jazz.00099.wav,5,jazz,5,jazz
1,train,764,764,/home/dt2119/dt2119/music_classification/datasets/audios/western_data/genres_original/pop/pop.00065.wav,7,pop,9,rock
1,train,653,653,/home/dt2119/dt2119/music_classification/datasets/audios/western_data/genres_original/metal/metal.00054.wav,6,metal,6,metal
1,train,941,941,/home/dt2119/dt2119/music_classification/datasets/audios/western_data/genres_original/rock/rock.00042.wav,9,rock,9,rock
1,train,658,658,/home/dt2119/dt2119/music_classification/datasets/audios/western_data/genres_original/metal/metal.00059.wav,6,metal,6,metal
1,train,192,192,/home/dt2119/dt2119/music_classification/datasets/audios/western_data/genres_original/classical/classical.00092.wav,1,classical,1,classical
1,train,844,844,/home/dt2119/dt2119/music_classification/datasets/audios/western_data/genres_original/reggae/reggae.00045.wav,8,reggae,8,reggae
1,train,694,694,/home/dt2119/dt2119/music_classification/datasets/audios/western_data/genres_original/metal/metal.00095.wav,6,metal,6,metal
1,train,343,343,/home/dt2119/dt2119/music_classification/datasets/audios/western_data/genres_original/disco/disco.00043.wav,3,disco,3,disco
1,train,524,524,/home/dt2119/dt2119/music_classification/datasets/audios/western_data/genres_original/jazz/jazz.00024.wav,5,jazz,5,jazz
1,train,494,494,/home/dt2119/dt2119/music_classification/datasets/audios/western_data/genres_original/hiphop/hiphop.00094.wav,4,hiphop,4,hiphop
1,train,901,901,/home/dt2119/dt2119/music_classification/datasets/audios/western_data/genres_original/rock/rock.00002.wav,9,rock,9,rock
1,train,866,866,/home/dt2119/dt2119/music_classification/datasets/audios/western_data/genres_original/reggae/reggae.00067.wav,8,reggae,8,reggae
1,train,882,882,/home/dt2119/dt2119/music_classification/datasets/audios/western_data/genres_original/reggae/reggae.00083.wav,8,reggae,2,country
1,train,155,155,/home/dt2119/dt2119/music_classification/datasets/audios/western_data/genres_original/classical/classical.00055.wav,1,classical,1,classical
1,train,645,645,/home/dt2119/dt2119/music_classification/datasets/audios/western_data/genres_original/metal/metal.00046.wav,6,metal,6,metal
1,train,102,102,/home/dt2119/dt2119/music_classification/datasets/audios/western_data/genres_original/classical/classical.00002.wav,1,classical,1,classical
1,train,953,953,/home/dt2119/dt2119/music_classification/datasets/audios/western_data/genres_original/rock/rock.00054.wav,9,rock,9,rock
1,train,879,879,/home/dt2119/dt2119/music_classification/datasets/audios/western_data/genres_original/reggae/reggae.00080.wav,8,reggae,4,hiphop
1,train,237,237,/home/dt2119/dt2119/music_classification/datasets/audios/western_data/genres_original/country/country.00037.wav,2,country,2,country
1,train,937,937,/home/dt2119/dt2119/music_classification/datasets/audios/western_data/genres_original/rock/rock.00038.wav,9,rock,9,rock
1,train,994,994,/home/dt2119/dt2119/music_classification/datasets/audios/western_data/genres_original/rock/rock.00095.wav,9,rock,9,rock
1,train,666,666,/home/dt2119/dt2119/music_classification/datasets/audios/western_data/genres_original/metal/metal.00067.wav,6,metal,6,metal
1,train,507,507,/home/dt2119/dt2119/music_classification/datasets/audios/western_data/genres_original/jazz/jazz.00007.wav,5,jazz,5,jazz
1,train,711,711,/home/dt2119/dt2119/music_classification/datasets/audios/western_data/genres_original/pop/pop.00012.wav,7,pop,2,country
1,train,236,236,/home/dt2119/dt2119/music_classification/datasets/audios/western_data/genres_original/country/country.00036.wav,2,country,9,rock
1,train,745,745,/home/dt2119/dt2119/music_classification/datasets/audios/western_data/genres_original/pop/pop.00046.wav,7,pop,7,pop
1,train,361,361,/home/dt2119/dt2119/music_classification/datasets/audios/western_data/genres_original/disco/disco.00061.wav,3,disco,3,disco
1,train,750,750,/home/dt2119/dt2119/music_classification/datasets/audios/western_data/genres_original/pop/pop.00051.wav,7,pop,7,pop
1,train,302,302,/home/dt2119/dt2119/music_classification/datasets/audios/western_data/genres_original/disco/disco.00002.wav,3,disco,3,disco
1,train,243,243,/home/dt2119/dt2119/music_classification/datasets/audios/western_data/genres_original/country/country.00043.wav,2,country,2,country
1,train,940,940,/home/dt2119/dt2119/music_classification/datasets/audios/western_data/genres_original/rock/rock.00041.wav,9,rock,9,rock
1,train,593,593,/home/dt2119/dt2119/music_classification/datasets/audios/western_data/genres_original/jazz/jazz.00094.wav,5,jazz,5,jazz
1,train,510,510,/home/dt2119/dt2119/music_classification/datasets/audios/western_data/genres_original/jazz/jazz.00010.wav,5,jazz,5,jazz
1,train,996,996,/home/dt2119/dt2119/music_classification/datasets/audios/western_data/genres_original/rock/rock.00097.wav,9,rock,9,rock
1,train,263,263,/home/dt2119/dt2119/music_classification/datasets/audios/western_data/genres_original/country/country.00063.wav,2,country,2,country
1,train,193,193,/home/dt2119/dt2119/music_classification/datasets/audios/western_data/genres_original/classical/classical.00093.wav,1,classical,1,classical
1,train,506,506,/home/dt2119/dt2119/music_classification/datasets/audios/western_data/genres_original/jazz/jazz.00006.wav,5,jazz,5,jazz
1,train,296,296,/home/dt2119/dt2119/music_classification/datasets/audios/western_data/genres_original/country/country.00096.wav,2,country,2,country
1,train,584,584,/home/dt2119/dt2119/music_classification/datasets/audios/western_data/genres_original/jazz/jazz.00085.wav,5,jazz,5,jazz
1,train,397,397,/home/dt2119/dt2119/music_classification/datasets/audios/western_data/genres_original/disco/disco.00097.wav,3,disco,3,disco
1,train,251,251,/home/dt2119/dt2119/music_classification/datasets/audios/western_data/genres_original/country/country.00051.wav,2,country,2,country
1,train,845,845,/home/dt2119/dt2119/music_classification/datasets/audios/western_data/genres_original/reggae/reggae.00046.wav,8,reggae,5,jazz
1,train,51,51,/home/dt2119/dt2119/music_classification/datasets/audios/western_data/genres_original/blues/blues.00051.wav,0,blues,0,blues
1,train,181,181,/home/dt2119/dt2119/music_classification/datasets/audios/western_data/genres_original/classical/classical.00081.wav,1,classical,1,classical
1,train,381,381,/home/dt2119/dt2119/music_classification/datasets/audios/western_data/genres_original/disco/disco.00081.wav,3,disco,3,disco
1,train,465,465,/home/dt2119/dt2119/music_classification/datasets/audios/western_data/genres_original/hiphop/hiphop.00065.wav,4,hiphop,4,hiphop
1,train,863,863,/home/dt2119/dt2119/music_classification/datasets/audios/western_data/genres_original/reggae/reggae.00064.wav,8,reggae,8,reggae
1,train,180,180,/home/dt2119/dt2119/music_classification/datasets/audios/western_data/genres_original/classical/classical.00080.wav,1,classical,1,classical
1,train,314,314,/home/dt2119/dt2119/music_classification/datasets/audios/western_data/genres_original/disco/disco.00014.wav,3,disco,3,disco
1,train,961,961,/home/dt2119/dt2119/music_classification/datasets/audios/western_data/genres_original/rock/rock.00062.wav,9,rock,9,rock
1,train,928,928,/home/dt2119/dt2119/music_classification/datasets/audios/western_data/genres_original/rock/rock.00029.wav,9,rock,9,rock
1,train,495,495,/home/dt2119/dt2119/music_classification/datasets/audios/western_data/genres_original/hiphop/hiphop.00095.wav,4,hiphop,4,hiphop
1,train,442,442,/home/dt2119/dt2119/music_classification/datasets/audios/western_data/genres_original/hiphop/hiphop.00042.wav,4,hiphop,4,hiphop
1,train,649,649,/home/dt2119/dt2119/music_classification/datasets/audios/western_data/genres_original/metal/metal.00050.wav,6,metal,6,metal
1,train,250,250,/home/dt2119/dt2119/music_classification/datasets/audios/western_data/genres_original/country/country.00050.wav,2,country,2,country
1,train,186,186,/home/dt2119/dt2119/music_classification/datasets/audios/western_data/genres_original/classical/classical.00086.wav,1,classical,1,classical
1,train,322,322,/home/dt2119/dt2119/music_classification/datasets/audios/western_data/genres_original/disco/disco.00022.wav,3,disco,3,disco
1,train,60,60,/home/dt2119/dt2119/music_classification/datasets/audios/western_data/genres_original/blues/blues.00060.wav,0,blues,0,blues
1,train,518,518,/home/dt2119/dt2119/music_classification/datasets/audios/western_data/genres_original/jazz/jazz.00018.wav,5,jazz,5,jazz
1,train,196,196,/home/dt2119/dt2119/music_classification/datasets/audios/western_data/genres_original/classical/classical.00096.wav,1,classical,1,classical
1,train,182,182,/home/dt2119/dt2119/music_classification/datasets/audios/western_data/genres_original/classical/classical.00082.wav,1,classical,1,classical
1,train,956,956,/home/dt2119/dt2119/music_classification/datasets/audios/western_data/genres_original/rock/rock.00057.wav,9,rock,9,rock
1,train,287,287,/home/dt2119/dt2119/music_classification/datasets/audios/western_data/genres_original/country/country.00087.wav,2,country,2,country
1,train,399,399,/home/dt2119/dt2119/music_classification/datasets/audios/western_data/genres_original/disco/disco.00099.wav,3,disco,3,disco
1,train,929,929,/home/dt2119/dt2119/music_classification/datasets/audios/western_data/genres_original/rock/rock.00030.wav,9,rock,9,rock
1,train,627,627,/home/dt2119/dt2119/music_classification/datasets/audios/western_data/genres_original/metal/metal.00028.wav,6,metal,6,metal
1,train,183,183,/home/dt2119/dt2119/music_classification/datasets/audios/western_data/genres_original/classical/classical.00083.wav,1,classical,1,classical
1,train,957,957,/home/dt2119/dt2119/music_classification/datasets/audios/western_data/genres_original/rock/rock.00058.wav,9,rock,2,country
1,train,613,613,/home/dt2119/dt2119/music_classification/datasets/audios/western_data/genres_original/metal/metal.00014.wav,6,metal,6,metal
1,train,460,460,/home/dt2119/dt2119/music_classification/datasets/audios/western_data/genres_original/hiphop/hiphop.00060.wav,4,hiphop,4,hiphop
1,train,320,320,/home/dt2119/dt2119/music_classification/datasets/audios/western_data/genres_original/disco/disco.00020.wav,3,disco,9,rock
1,train,583,583,/home/dt2119/dt2119/music_classification/datasets/audios/western_data/genres_original/jazz/jazz.00084.wav,5,jazz,5,jazz
1,train,907,907,/home/dt2119/dt2119/music_classification/datasets/audios/western_data/genres_original/rock/rock.00008.wav,9,rock,9,rock
1,train,757,757,/home/dt2119/dt2119/music_classification/datasets/audios/western_data/genres_original/pop/pop.00058.wav,7,pop,7,pop
1,train,158,158,/home/dt2119/dt2119/music_classification/datasets/audios/western_data/genres_original/classical/classical.00058.wav,1,classical,1,classical
1,train,330,330,/home/dt2119/dt2119/music_classification/datasets/audios/western_data/genres_original/disco/disco.00030.wav,3,disco,3,disco
1,train,253,253,/home/dt2119/dt2119/music_classification/datasets/audios/western_data/genres_original/country/country.00053.wav,2,country,2,country
1,train,690,690,/home/dt2119/dt2119/music_classification/datasets/audios/western_data/genres_original/metal/metal.00091.wav,6,metal,6,metal
1,train,241,241,/home/dt2119/dt2119/music_classification/datasets/audios/western_data/genres_original/country/country.00041.wav,2,country,9,rock
1,train,308,308,/home/dt2119/dt2119/music_classification/datasets/audios/western_data/genres_original/disco/disco.00008.wav,3,disco,3,disco
1,train,496,496,/home/dt2119/dt2119/music_classification/datasets/audios/western_data/genres_original/hiphop/hiphop.00096.wav,4,hiphop,4,hiphop
1,train,886,886,/home/dt2119/dt2119/music_classification/datasets/audios/western_data/genres_original/reggae/reggae.00087.wav,8,reggae,4,hiphop
1,train,935,935,/home/dt2119/dt2119/music_classification/datasets/audios/western_data/genres_original/rock/rock.00036.wav,9,rock,9,rock
1,train,486,486,/home/dt2119/dt2119/music_classification/datasets/audios/western_data/genres_original/hiphop/hiphop.00086.wav,4,hiphop,4,hiphop
1,train,894,894,/home/dt2119/dt2119/music_classification/datasets/audios/western_data/genres_original/reggae/reggae.00095.wav,8,reggae,8,reggae
1,train,679,679,/home/dt2119/dt2119/music_classification/datasets/audios/western_data/genres_original/metal/metal.00080.wav,6,metal,6,metal
1,train,630,630,/home/dt2119/dt2119/music_classification/datasets/audios/western_data/genres_original/metal/metal.00031.wav,6,metal,6,metal
1,train,295,295,/home/dt2119/dt2119/music_classification/datasets/audios/western_data/genres_original/country/country.00095.wav,2,country,2,country
1,train,870,870,/home/dt2119/dt2119/music_classification/datasets/audios/western_data/genres_original/reggae/reggae.00071.wav,8,reggae,8,reggae
1,train,785,785,/home/dt2119/dt2119/music_classification/datasets/audios/western_data/genres_original/pop/pop.00086.wav,7,pop,7,pop
1,train,620,620,/home/dt2119/dt2119/music_classification/datasets/audios/western_data/genres_original/metal/metal.00021.wav,6,metal,6,metal
1,train,680,680,/home/dt2119/dt2119/music_classification/datasets/audios/western_data/genres_original/metal/metal.00081.wav,6,metal,9,rock
1,train,986,986,/home/dt2119/dt2119/music_classification/datasets/audios/western_data/genres_original/rock/rock.00087.wav,9,rock,9,rock
1,train,519,519,/home/dt2119/dt2119/music_classification/datasets/audios/western_data/genres_original/jazz/jazz.00019.wav,5,jazz,5,jazz
1,train,221,221,/home/dt2119/dt2119/music_classification/datasets/audios/western_data/genres_original/country/country.00021.wav,2,country,2,country
1,train,489,489,/home/dt2119/dt2119/music_classification/datasets/audios/western_data/genres_original/hiphop/hiphop.00089.wav,4,hiphop,4,hiphop
1,train,488,488,/home/dt2119/dt2119/music_classification/datasets/audios/western_data/genres_original/hiphop/hiphop.00088.wav,4,hiphop,4,hiphop
1,train,652,652,/home/dt2119/dt2119/music_classification/datasets/audios/western_data/genres_original/metal/metal.00053.wav,6,metal,6,metal
1,train,455,455,/home/dt2119/dt2119/music_classification/datasets/audios/western_data/genres_original/hiphop/hiphop.00055.wav,4,hiphop,4,hiphop
1,train,976,976,/home/dt2119/dt2119/music_classification/datasets/audios/western_data/genres_original/rock/rock.00077.wav,9,rock,9,rock
1,train,53,53,/home/dt2119/dt2119/music_classification/datasets/audios/western_data/genres_original/blues/blues.00053.wav,0,blues,0,blues
1,train,357,357,/home/dt2119/dt2119/music_classification/datasets/audios/western_data/genres_original/disco/disco.00057.wav,3,disco,3,disco
1,train,695,695,/home/dt2119/dt2119/music_classification/datasets/audios/western_data/genres_original/metal/metal.00096.wav,6,metal,6,metal
1,train,355,355,/home/dt2119/dt2119/music_classification/datasets/audios/western_data/genres_original/disco/disco.00055.wav,3,disco,3,disco
1,train,206,206,/home/dt2119/dt2119/music_classification/datasets/audios/western_data/genres_original/country/country.00006.wav,2,country,2,country
1,train,784,784,/home/dt2119/dt2119/music_classification/datasets/audios/western_data/genres_original/pop/pop.00085.wav,7,pop,4,hiphop
1,train,143,143,/home/dt2119/dt2119/music_classification/datasets/audios/western_data/genres_original/classical/classical.00043.wav,1,classical,1,classical
1,train,651,651,/home/dt2119/dt2119/music_classification/datasets/audios/western_data/genres_original/metal/metal.00052.wav,6,metal,6,metal
1,train,944,944,/home/dt2119/dt2119/music_classification/datasets/audios/western_data/genres_original/rock/rock.00045.wav,9,rock,9,rock
1,train,382,382,/home/dt2119/dt2119/music_classification/datasets/audios/western_data/genres_original/disco/disco.00082.wav,3,disco,3,disco
1,train,943,943,/home/dt2119/dt2119/music_classification/datasets/audios/western_data/genres_original/rock/rock.00044.wav,9,rock,9,rock
1,train,896,896,/home/dt2119/dt2119/music_classification/datasets/audios/western_data/genres_original/reggae/reggae.00097.wav,8,reggae,2,country
1,train,924,924,/home/dt2119/dt2119/music_classification/datasets/audios/western_data/genres_original/rock/rock.00025.wav,9,rock,9,rock
1,train,444,444,/home/dt2119/dt2119/music_classification/datasets/audios/western_data/genres_original/hiphop/hiphop.00044.wav,4,hiphop,1,classical
1,train,867,867,/home/dt2119/dt2119/music_classification/datasets/audios/western_data/genres_original/reggae/reggae.00068.wav,8,reggae,8,reggae
1,train,646,646,/home/dt2119/dt2119/music_classification/datasets/audios/western_data/genres_original/metal/metal.00047.wav,6,metal,6,metal
1,train,950,950,/home/dt2119/dt2119/music_classification/datasets/audios/western_data/genres_original/rock/rock.00051.wav,9,rock,9,rock
1,train,767,767,/home/dt2119/dt2119/music_classification/datasets/audios/western_data/genres_original/pop/pop.00068.wav,7,pop,7,pop
1,train,599,599,/home/dt2119/dt2119/music_classification/datasets/audios/western_data/genres_original/metal/metal.00000.wav,6,metal,6,metal
1,train,898,898,/home/dt2119/dt2119/music_classification/datasets/audios/western_data/genres_original/reggae/reggae.00099.wav,8,reggae,8,reggae
1,train,257,257,/home/dt2119/dt2119/music_classification/datasets/audios/western_data/genres_original/country/country.00057.wav,2,country,2,country
1,train,667,667,/home/dt2119/dt2119/music_classification/datasets/audios/western_data/genres_original/metal/metal.00068.wav,6,metal,6,metal
1,train,685,685,/home/dt2119/dt2119/music_classification/datasets/audios/western_data/genres_original/metal/metal.00086.wav,6,metal,6,metal
1,train,611,611,/home/dt2119/dt2119/music_classification/datasets/audios/western_data/genres_original/metal/metal.00012.wav,6,metal,6,metal
1,validation,0,0,/home/dt2119/dt2119/music_classification/datasets/audios/western_data/genres_original/blues/blues.00000.wav,0,blues,9,rock
1,validation,1,1,/home/dt2119/dt2119/music_classification/datasets/audios/western_data/genres_original/blues/blues.00001.wav,0,blues,9,rock
1,validation,2,2,/home/dt2119/dt2119/music_classification/datasets/audios/western_data/genres_original/blues/blues.00002.wav,0,blues,9,rock
1,validation,3,3,/home/dt2119/dt2119/music_classification/datasets/audios/western_data/genres_original/blues/blues.00003.wav,0,blues,8,reggae
1,validation,4,4,/home/dt2119/dt2119/music_classification/datasets/audios/western_data/genres_original/blues/blues.00004.wav,0,blues,1,classical
1,validation,5,5,/home/dt2119/dt2119/music_classification/datasets/audios/western_data/genres_original/blues/blues.00005.wav,0,blues,9,rock
1,validation,6,6,/home/dt2119/dt2119/music_classification/datasets/audios/western_data/genres_original/blues/blues.00006.wav,0,blues,1,classical
1,validation,7,7,/home/dt2119/dt2119/music_classification/datasets/audios/western_data/genres_original/blues/blues.00007.wav,0,blues,9,rock
1,validation,8,8,/home/dt2119/dt2119/music_classification/datasets/audios/western_data/genres_original/blues/blues.00008.wav,0,blues,6,metal
1,validation,9,9,/home/dt2119/dt2119/music_classification/datasets/audios/western_data/genres_original/blues/blues.00009.wav,0,blues,1,classical
1,validation,10,10,/home/dt2119/dt2119/music_classification/datasets/audios/western_data/genres_original/blues/blues.00010.wav,0,blues,1,classical
1,validation,11,11,/home/dt2119/dt2119/music_classification/datasets/audios/western_data/genres_original/blues/blues.00011.wav,0,blues,4,hiphop
1,validation,29,29,/home/dt2119/dt2119/music_classification/datasets/audios/western_data/genres_original/blues/blues.00029.wav,0,blues,9,rock
1,validation,30,30,/home/dt2119/dt2119/music_classification/datasets/audios/western_data/genres_original/blues/blues.00030.wav,0,blues,2,country
1,validation,31,31,/home/dt2119/dt2119/music_classification/datasets/audios/western_data/genres_original/blues/blues.00031.wav,0,blues,9,rock
1,validation,32,32,/home/dt2119/dt2119/music_classification/datasets/audios/western_data/genres_original/blues/blues.00032.wav,0,blues,5,jazz
1,validation,33,33,/home/dt2119/dt2119/music_classification/datasets/audios/western_data/genres_original/blues/blues.00033.wav,0,blues,2,country
1,validation,34,34,/home/dt2119/dt2119/music_classification/datasets/audios/western_data/genres_original/blues/blues.00034.wav,0,blues,9,rock
1,validation,35,35,/home/dt2119/dt2119/music_classification/datasets/audios/western_data/genres_original/blues/blues.00035.wav,0,blues,9,rock
1,validation,36,36,/home/dt2119/dt2119/music_classification/datasets/audios/western_data/genres_original/blues/blues.00036.wav,0,blues,2,country
1,validation,37,37,/home/dt2119/dt2119/music_classification/datasets/audios/western_data/genres_original/blues/blues.00037.wav,0,blues,1,classical
1,validation,38,38,/home/dt2119/dt2119/music_classification/datasets/audios/western_data/genres_original/blues/blues.00038.wav,0,blues,2,country
1,validation,39,39,/home/dt2119/dt2119/music_classification/datasets/audios/western_data/genres_original/blues/blues.00039.wav,0,blues,9,rock
1,validation,40,40,/home/dt2119/dt2119/music_classification/datasets/audios/western_data/genres_original/blues/blues.00040.wav,0,blues,6,metal
1,validation,41,41,/home/dt2119/dt2119/music_classification/datasets/audios/western_data/genres_original/blues/blues.00041.wav,0,blues,2,country
1,validation,42,42,/home/dt2119/dt2119/music_classification/datasets/audios/western_data/genres_original/blues/blues.00042.wav,0,blues,6,metal
1,validation,43,43,/home/dt2119/dt2119/music_classification/datasets/audios/western_data/genres_original/blues/blues.00043.wav,0,blues,6,metal
1,validation,44,44,/home/dt2119/dt2119/music_classification/datasets/audios/western_data/genres_original/blues/blues.00044.wav,0,blues,6,metal
1,validation,45,45,/home/dt2119/dt2119/music_classification/datasets/audios/western_data/genres_original/blues/blues.00045.wav,0,blues,6,metal
1,validation,46,46,/home/dt2119/dt2119/music_classification/datasets/audios/western_data/genres_original/blues/blues.00046.wav,0,blues,6,metal
1,validation,47,47,/home/dt2119/dt2119/music_classification/datasets/audios/western_data/genres_original/blues/blues.00047.wav,0,blues,9,rock
1,validation,48,48,/home/dt2119/dt2119/music_classification/datasets/audios/western_data/genres_original/blues/blues.00048.wav,0,blues,2,country
1,validation,49,49,/home/dt2119/dt2119/music_classification/datasets/audios/western_data/genres_original/blues/blues.00049.wav,0,blues,2,country
1,validation,73,73,/home/dt2119/dt2119/music_classification/datasets/audios/western_data/genres_original/blues/blues.00073.wav,0,blues,7,pop
1,validation,74,74,/home/dt2119/dt2119/music_classification/datasets/audios/western_data/genres_original/blues/blues.00074.wav,0,blues,5,jazz
1,validation,75,75,/home/dt2119/dt2119/music_classification/datasets/audios/western_data/genres_original/blues/blues.00075.wav,0,blues,4,hiphop
1,validation,76,76,/home/dt2119/dt2119/music_classification/datasets/audios/western_data/genres_original/blues/blues.00076.wav,0,blues,7,pop
1,validation,77,77,/home/dt2119/dt2119/music_classification/datasets/audios/western_data/genres_original/blues/blues.00077.wav,0,blues,4,hiphop
1,validation,78,78,/home/dt2119/dt2119/music_classification/datasets/audios/western_data/genres_original/blues/blues.00078.wav,0,blues,4,hiphop
1,validation,79,79,/home/dt2119/dt2119/music_classification/datasets/audios/western_data/genres_original/blues/blues.00079.wav,0,blues,6,metal
1,validation,80,80,/home/dt2119/dt2119/music_classification/datasets/audios/western_data/genres_original/blues/blues.00080.wav,0,blues,1,classical
1,validation,81,81,/home/dt2119/dt2119/music_classification/datasets/audios/western_data/genres_original/blues/blues.00081.wav,0,blues,1,classical
1,validation,82,82,/home/dt2119/dt2119/music_classification/datasets/audios/western_data/genres_original/blues/blues.00082.wav,0,blues,9,rock
1,validation,83,83,/home/dt2119/dt2119/music_classification/datasets/audios/western_data/genres_original/blues/blues.00083.wav,0,blues,3,disco
1,validation,84,84,/home/dt2119/dt2119/music_classification/datasets/audios/western_data/genres_original/blues/blues.00084.wav,0,blues,7,pop
1,validation,138,138,/home/dt2119/dt2119/music_classification/datasets/audios/western_data/genres_original/classical/classical.00038.wav,1,classical,1,classical
1,validation,139,139,/home/dt2119/dt2119/music_classification/datasets/audios/western_data/genres_original/classical/classical.00039.wav,1,classical,1,classical
1,validation,140,140,/home/dt2119/dt2119/music_classification/datasets/audios/western_data/genres_original/classical/classical.00040.wav,1,classical,1,classical
1,validation,141,141,/home/dt2119/dt2119/music_classification/datasets/audios/western_data/genres_original/classical/classical.00041.wav,1,classical,1,classical
1,validation,146,146,/home/dt2119/dt2119/music_classification/datasets/audios/western_data/genres_original/classical/classical.00046.wav,1,classical,1,classical
1,validation,149,149,/home/dt2119/dt2119/music_classification/datasets/audios/western_data/genres_original/classical/classical.00049.wav,1,classical,1,classical
1,validation,163,163,/home/dt2119/dt2119/music_classification/datasets/audios/western_data/genres_original/classical/classical.00063.wav,1,classical,1,classical
1,validation,164,164,/home/dt2119/dt2119/music_classification/datasets/audios/western_data/genres_original/classical/classical.00064.wav,1,classical,1,classical
1,validation,165,165,/home/dt2119/dt2119/music_classification/datasets/audios/western_data/genres_original/classical/classical.00065.wav,1,classical,1,classical
1,validation,166,166,/home/dt2119/dt2119/music_classification/datasets/audios/western_data/genres_original/classical/classical.00066.wav,1,classical,1,classical
1,validation,167,167,/home/dt2119/dt2119/music_classification/datasets/audios/western_data/genres_original/classical/classical.00067.wav,1,classical,1,classical
1,validation,177,177,/home/dt2119/dt2119/music_classification/datasets/audios/western_data/genres_original/classical/classical.00077.wav,1,classical,1,classical
1,validation,178,178,/home/dt2119/dt2119/music_classification/datasets/audios/western_data/genres_original/classical/classical.00078.wav,1,classical,1,classical
1,validation,179,179,/home/dt2119/dt2119/music_classification/datasets/audios/western_data/genres_original/classical/classical.00079.wav,1,classical,1,classical
1,validation,204,204,/home/dt2119/dt2119/music_classification/datasets/audios/western_data/genres_original/country/country.00004.wav,2,country,6,metal
1,validation,205,205,/home/dt2119/dt2119/music_classification/datasets/audios/western_data/genres_original/country/country.00005.wav,2,country,6,metal
1,validation,209,209,/home/dt2119/dt2119/music_classification/datasets/audios/western_data/genres_original/country/country.00009.wav,2,country,6,metal
1,validation,211,211,/home/dt2119/dt2119/music_classification/datasets/audios/western_data/genres_original/country/country.00011.wav,2,country,5,jazz
1,validation,213,213,/home/dt2119/dt2119/music_classification/datasets/audios/western_data/genres_original/country/country.00013.wav,2,country,2,country
1,validation,214,214,/home/dt2119/dt2119/music_classification/datasets/audios/western_data/genres_original/country/country.00014.wav,2,country,3,disco
1,validation,219,219,/home/dt2119/dt2119/music_classification/datasets/audios/western_data/genres_original/country/country.00019.wav,2,country,5,jazz
1,validation,224,224,/home/dt2119/dt2119/music_classification/datasets/audios/western_data/genres_original/country/country.00024.wav,2,country,5,jazz
1,validation,225,225,/home/dt2119/dt2119/music_classification/datasets/audios/western_data/genres_original/country/country.00025.wav,2,country,9,rock
1,validation,226,226,/home/dt2119/dt2119/music_classification/datasets/audios/western_data/genres_original/country/country.00026.wav,2,country,9,rock
1,validation,232,232,/home/dt2119/dt2119/music_classification/datasets/audios/western_data/genres_original/country/country.00032.wav,2,country,2,country
1,validation,238,238,/home/dt2119/dt2119/music_classification/datasets/audios/western_data/genres_original/country/country.00038.wav,2,country,9,rock
1,validation,244,244,/home/dt2119/dt2119/music_classification/datasets/audios/western_data/genres_original/country/country.00044.wav,2,country,2,country
1,validation,245,245,/home/dt2119/dt2119/music_classification/datasets/audios/western_data/genres_original/country/country.00045.wav,2,country,7,pop
1,validation,265,265,/home/dt2119/dt2119/music_classification/datasets/audios/western_data/genres_original/country/country.00065.wav,2,country,2,country
1,validation,266,266,/home/dt2119/dt2119/music_classification/datasets/audios/western_data/genres_original/country/country.00066.wav,2,country,2,country
1,validation,267,267,/home/dt2119/dt2119/music_classification/datasets/audios/western_data/genres_original/country/country.00067.wav,2,country,2,country
1,validation,268,268,/home/dt2119/dt2119/music_classification/datasets/audios/western_data/genres_original/country/country.00068.wav,2,country,2,country
1,validation,269,269,/home/dt2119/dt2119/music_classification/datasets/audios/western_data/genres_original/country/country.00069.wav,2,country,2,country
1,validation,270,270,/home/dt2119/dt2119/music_classification/datasets/audios/western_data/genres_original/country/country.00070.wav,2,country,3,disco
1,validation,271,271,/home/dt2119/dt2119/music_classification/datasets/audios/western_data/genres_original/country/country.00071.wav,2,country,9,rock
1,validation,272,272,/home/dt2119/dt2119/music_classification/datasets/audios/western_data/genres_original/country/country.00072.wav,2,country,2,country
1,validation,273,273,/home/dt2119/dt2119/music_classification/datasets/audios/western_data/genres_original/country/country.00073.wav,2,country,9,rock
1,validation,274,274,/home/dt2119/dt2119/music_classification/datasets/audios/western_data/genres_original/country/country.00074.wav,2,country,9,rock
1,validation,275,275,/home/dt2119/dt2119/music_classification/datasets/audios/western_data/genres_original/country/country.00075.wav,2,country,3,disco
1,validation,276,276,/home/dt2119/dt2119/music_classification/datasets/audios/western_data/genres_original/country/country.00076.wav,2,country,2,country
1,validation,277,277,/home/dt2119/dt2119/music_classification/datasets/audios/western_data/genres_original/country/country.00077.wav,2,country,2,country
1,validation,278,278,/home/dt2119/dt2119/music_classification/datasets/audios/western_data/genres_original/country/country.00078.wav,2,country,2,country
1,validation,279,279,/home/dt2119/dt2119/music_classification/datasets/audios/western_data/genres_original/country/country.00079.wav,2,country,2,country
1,validation,280,280,/home/dt2119/dt2119/music_classification/datasets/audios/western_data/genres_original/country/country.00080.wav,2,country,2,country
1,validation,301,301,/home/dt2119/dt2119/music_classification/datasets/audios/western_data/genres_original/disco/disco.00001.wav,3,disco,3,disco
1,validation,310,310,/home/dt2119/dt2119/music_classification/datasets/audios/western_data/genres_original/disco/disco.00010.wav,3,disco,7,pop
1,validation,312,312,/home/dt2119/dt2119/music_classification/datasets/audios/western_data/genres_original/disco/disco.00012.wav,3,disco,7,pop
1,validation,318,318,/home/dt2119/dt2119/music_classification/datasets/audios/western_data/genres_original/disco/disco.00018.wav,3,disco,3,disco
1,validation,321,321,/home/dt2119/dt2119/music_classification/datasets/audios/western_data/genres_original/disco/disco.00021.wav,3,disco,9,rock
1,validation,325,325,/home/dt2119/dt2119/music_classification/datasets/audios/western_data/genres_original/disco/disco.00025.wav,3,disco,3,disco
1,validation,329,329,/home/dt2119/dt2119/music_classification/datasets/audios/western_data/genres_original/disco/disco.00029.wav,3,disco,3,disco
1,validation,331,331,/home/dt2119/dt2119/music_classification/datasets/audios/western_data/genres_original/disco/disco.00031.wav,3,disco,2,country
1,validation,334,334,/home/dt2119/dt2119/music_classification/datasets/audios/western_data/genres_original/disco/disco.00034.wav,3,disco,3,disco
1,validation,338,338,/home/dt2119/dt2119/music_classification/datasets/audios/western_data/genres_original/disco/disco.00038.wav,3,disco,9,rock
1,validation,339,339,/home/dt2119/dt2119/music_classification/datasets/audios/western_data/genres_original/disco/disco.00039.wav,3,disco,7,pop
1,validation,349,349,/home/dt2119/dt2119/music_classification/datasets/audios/western_data/genres_original/disco/disco.00049.wav,3,disco,3,disco
1,validation,350,350,/home/dt2119/dt2119/music_classification/datasets/audios/western_data/genres_original/disco/disco.00050.wav,3,disco,4,hiphop
1,validation,351,351,/home/dt2119/dt2119/music_classification/datasets/audios/western_data/genres_original/disco/disco.00051.wav,3,disco,3,disco
1,validation,362,362,/home/dt2119/dt2119/music_classification/datasets/audios/western_data/genres_original/disco/disco.00062.wav,3,disco,3,disco
1,validation,365,365,/home/dt2119/dt2119/music_classification/datasets/audios/western_data/genres_original/disco/disco.00065.wav,3,disco,3,disco
1,validation,366,366,/home/dt2119/dt2119/music_classification/datasets/audios/western_data/genres_original/disco/disco.00066.wav,3,disco,3,disco
1,validation,369,369,/home/dt2119/dt2119/music_classification/datasets/audios/western_data/genres_original/disco/disco.00069.wav,3,disco,3,disco
1,validation,370,370,/home/dt2119/dt2119/music_classification/datasets/audios/western_data/genres_original/disco/disco.00070.wav,3,disco,9,rock
1,validation,371,371,/home/dt2119/dt2119/music_classification/datasets/audios/western_data/genres_original/disco/disco.00071.wav,3,disco,3,disco
1,validation,373,373,/home/dt2119/dt2119/music_classification/datasets/audios/western_data/genres_original/disco/disco.00073.wav,3,disco,3,disco
1,validation,374,374,/home/dt2119/dt2119/music_classification/datasets/audios/western_data/genres_original/disco/disco.00074.wav,3,disco,3,disco
1,validation,378,378,/home/dt2119/dt2119/music_classification/datasets/audios/western_data/genres_original/disco/disco.00078.wav,3,disco,3,disco
1,validation,379,379,/home/dt2119/dt2119/music_classification/datasets/audios/western_data/genres_original/disco/disco.00079.wav,3,disco,3,disco
1,validation,383,383,/home/dt2119/dt2119/music_classification/datasets/audios/western_data/genres_original/disco/disco.00083.wav,3,disco,3,disco
1,validation,385,385,/home/dt2119/dt2119/music_classification/datasets/audios/western_data/genres_original/disco/disco.00085.wav,3,disco,4,hiphop
1,validation,426,426,/home/dt2119/dt2119/music_classification/datasets/audios/western_data/genres_original/hiphop/hiphop.00026.wav,4,hiphop,4,hiphop
1,validation,430,430,/home/dt2119/dt2119/music_classification/datasets/audios/western_data/genres_original/hiphop/hiphop.00030.wav,4,hiphop,4,hiphop
1,validation,439,439,/home/dt2119/dt2119/music_classification/datasets/audios/western_data/genres_original/hiphop/hiphop.00039.wav,4,hiphop,7,pop
1,validation,440,440,/home/dt2119/dt2119/music_classification/datasets/audios/western_data/genres_original/hiphop/hiphop.00040.wav,4,hiphop,4,hiphop
1,validation,445,445,/home/dt2119/dt2119/music_classification/datasets/audios/western_data/genres_original/hiphop/hiphop.00045.wav,4,hiphop,7,pop
1,validation,452,452,/home/dt2119/dt2119/music_classification/datasets/audios/western_data/genres_original/hiphop/hiphop.00052.wav,4,hiphop,4,hiphop
1,validation,453,453,/home/dt2119/dt2119/music_classification/datasets/audios/western_data/genres_original/hiphop/hiphop.00053.wav,4,hiphop,4,hiphop
1,validation,454,454,/home/dt2119/dt2119/music_classification/datasets/audios/western_data/genres_original/hiphop/hiphop.00054.wav,4,hiphop,4,hiphop
1,validation,477,477,/home/dt2119/dt2119/music_classification/datasets/audios/western_data/genres_original/hiphop/hiphop.00077.wav,4,hiphop,4,hiphop
1,validation,479,479,/home/dt2119/dt2119/music_classification/datasets/audios/western_data/genres_original/hiphop/hiphop.00079.wav,4,hiphop,4,hiphop
1,validation,480,480,/home/dt2119/dt2119/music_classification/datasets/audios/western_data/genres_original/hiphop/hiphop.00080.wav,4,hiphop,7,pop
1,validation,548,548,/home/dt2119/dt2119/music_classification/datasets/audios/western_data/genres_original/jazz/jazz.00048.wav,5,jazz,5,jazz
1,validation,565,565,/home/dt2119/dt2119/music_classification/datasets/audios/western_data/genres_original/jazz/jazz.00066.wav,5,jazz,5,jazz
1,validation,600,600,/home/dt2119/dt2119/music_classification/datasets/audios/western_data/genres_original/metal/metal.00001.wav,6,metal,6,metal
1,validation,615,615,/home/dt2119/dt2119/music_classification/datasets/audios/western_data/genres_original/metal/metal.00016.wav,6,metal,6,metal
1,validation,616,616,/home/dt2119/dt2119/music_classification/datasets/audios/western_data/genres_original/metal/metal.00017.wav,6,metal,6,metal
1,validation,617,617,/home/dt2119/dt2119/music_classification/datasets/audios/western_data/genres_original/metal/metal.00018.wav,6,metal,9,rock
1,validation,618,618,/home/dt2119/dt2119/music_classification/datasets/audios/western_data/genres_original/metal/metal.00019.wav,6,metal,6,metal
1,validation,619,619,/home/dt2119/dt2119/music_classification/datasets/audios/western_data/genres_original/metal/metal.00020.wav,6,metal,6,metal
1,validation,622,622,/home/dt2119/dt2119/music_classification/datasets/audios/western_data/genres_original/metal/metal.00023.wav,6,metal,6,metal
1,validation,632,632,/home/dt2119/dt2119/music_classification/datasets/audios/western_data/genres_original/metal/metal.00033.wav,6,metal,6,metal
1,validation,634,634,/home/dt2119/dt2119/music_classification/datasets/audios/western_data/genres_original/metal/metal.00035.wav,6,metal,6,metal
1,validation,635,635,/home/dt2119/dt2119/music_classification/datasets/audios/western_data/genres_original/metal/metal.00036.wav,6,metal,6,metal
1,validation,637,637,/home/dt2119/dt2119/music_classification/datasets/audios/western_data/genres_original/metal/metal.00038.wav,6,metal,6,metal
1,validation,638,638,/home/dt2119/dt2119/music_classification/datasets/audios/western_data/genres_original/metal/metal.00039.wav,6,metal,5,jazz
1,validation,671,671,/home/dt2119/dt2119/music_classification/datasets/audios/western_data/genres_original/metal/metal.00072.wav,6,metal,6,metal
1,validation,672,672,/home/dt2119/dt2119/music_classification/datasets/audios/western_data/genres_original/metal/metal.00073.wav,6,metal,6,metal
1,validation,674,674,/home/dt2119/dt2119/music_classification/datasets/audios/western_data/genres_original/metal/metal.00075.wav,6,metal,9,rock
1,validation,675,675,/home/dt2119/dt2119/music_classification/datasets/audios/western_data/genres_original/metal/metal.00076.wav,6,metal,6,metal
1,validation,677,677,/home/dt2119/dt2119/music_classification/datasets/audios/western_data/genres_original/metal/metal.00078.wav,6,metal,6,metal
1,validation,682,682,/home/dt2119/dt2119/music_classification/datasets/audios/western_data/genres_original/metal/metal.00083.wav,6,metal,6,metal
1,validation,686,686,/home/dt2119/dt2119/music_classification/datasets/audios/western_data/genres_original/metal/metal.00087.wav,6,metal,6,metal
1,validation,712,712,/home/dt2119/dt2119/music_classification/datasets/audios/western_data/genres_original/pop/pop.00013.wav,7,pop,2,country
1,validation,714,714,/home/dt2119/dt2119/music_classification/datasets/audios/western_data/genres_original/pop/pop.00015.wav,7,pop,7,pop
1,validation,715,715,/home/dt2119/dt2119/music_classification/datasets/audios/western_data/genres_original/pop/pop.00016.wav,7,pop,7,pop
1,validation,716,716,/home/dt2119/dt2119/music_classification/datasets/audios/western_data/genres_original/pop/pop.00017.wav,7,pop,9,rock
1,validation,717,717,/home/dt2119/dt2119/music_classification/datasets/audios/western_data/genres_original/pop/pop.00018.wav,7,pop,7,pop
1,validation,718,718,/home/dt2119/dt2119/music_classification/datasets/audios/western_data/genres_original/pop/pop.00019.wav,7,pop,7,pop
1,validation,719,719,/home/dt2119/dt2119/music_classification/datasets/audios/western_data/genres_original/pop/pop.00020.wav,7,pop,7,pop
1,validation,720,720,/home/dt2119/dt2119/music_classification/datasets/audios/western_data/genres_original/pop/pop.00021.wav,7,pop,7,pop
1,validation,721,721,/home/dt2119/dt2119/music_classification/datasets/audios/western_data/genres_original/pop/pop.00022.wav,7,pop,7,pop
1,validation,722,722,/home/dt2119/dt2119/music_classification/datasets/audios/western_data/genres_original/pop/pop.00023.wav,7,pop,7,pop
1,validation,723,723,/home/dt2119/dt2119/music_classification/datasets/audios/western_data/genres_original/pop/pop.00024.wav,7,pop,4,hiphop
1,validation,724,724,/home/dt2119/dt2119/music_classification/datasets/audios/western_data/genres_original/pop/pop.00025.wav,7,pop,7,pop
1,validation,725,725,/home/dt2119/dt2119/music_classification/datasets/audios/western_data/genres_original/pop/pop.00026.wav,7,pop,7,pop
1,validation,726,726,/home/dt2119/dt2119/music_classification/datasets/audios/western_data/genres_original/pop/pop.00027.wav,7,pop,7,pop
1,validation,727,727,/home/dt2119/dt2119/music_classification/datasets/audios/western_data/genres_original/pop/pop.00028.wav,7,pop,7,pop
1,validation,728,728,/home/dt2119/dt2119/music_classification/datasets/audios/western_data/genres_original/pop/pop.00029.wav,7,pop,7,pop
1,validation,729,729,/home/dt2119/dt2119/music_classification/datasets/audios/western_data/genres_original/pop/pop.00030.wav,7,pop,7,pop
1,validation,730,730,/home/dt2119/dt2119/music_classification/datasets/audios/western_data/genres_original/pop/pop.00031.wav,7,pop,7,pop
1,validation,731,731,/home/dt2119/dt2119/music_classification/datasets/audios/western_data/genres_original/pop/pop.00032.wav,7,pop,7,pop
1,validation,732,732,/home/dt2119/dt2119/music_classification/datasets/audios/western_data/genres_original/pop/pop.00033.wav,7,pop,7,pop
1,validation,733,733,/home/dt2119/dt2119/music_classification/datasets/audios/western_data/genres_original/pop/pop.00034.wav,7,pop,7,pop
1,validation,734,734,/home/dt2119/dt2119/music_classification/datasets/audios/western_data/genres_original/pop/pop.00035.wav,7,pop,7,pop
1,validation,735,735,/home/dt2119/dt2119/music_classification/datasets/audios/western_data/genres_original/pop/pop.00036.wav,7,pop,7,pop
1,validation,736,736,/home/dt2119/dt2119/music_classification/datasets/audios/western_data/genres_original/pop/pop.00037.wav,7,pop,7,pop
1,validation,737,737,/home/dt2119/dt2119/music_classification/datasets/audios/western_data/genres_original/pop/pop.00038.wav,7,pop,3,disco
1,validation,774,774,/home/dt2119/dt2119/music_classification/datasets/audios/western_data/genres_original/pop/pop.00075.wav,7,pop,4,hiphop
1,validation,775,775,/home/dt2119/dt2119/music_classification/datasets/audios/western_data/genres_original/pop/pop.00076.wav,7,pop,7,pop
1,validation,776,776,/home/dt2119/dt2119/music_classification/datasets/audios/western_data/genres_original/pop/pop.00077.wav,7,pop,7,pop
1,validation,777,777,/home/dt2119/dt2119/music_classification/datasets/audios/western_data/genres_original/pop/pop.00078.wav,7,pop,4,hiphop
1,validation,778,778,/home/dt2119/dt2119/music_classification/datasets/audios/western_data/genres_original/pop/pop.00079.wav,7,pop,9,rock
1,validation,780,780,/home/dt2119/dt2119/music_classification/datasets/audios/western_data/genres_original/pop/pop.00081.wav,7,pop,2,country
1,validation,781,781,/home/dt2119/dt2119/music_classification/datasets/audios/western_data/genres_original/pop/pop.00082.wav,7,pop,3,disco
1,validation,827,827,/home/dt2119/dt2119/music_classification/datasets/audios/western_data/genres_original/reggae/reggae.00028.wav,8,reggae,4,hiphop
1,validation,828,828,/home/dt2119/dt2119/music_classification/datasets/audios/western_data/genres_original/reggae/reggae.00029.wav,8,reggae,3,disco
1,validation,829,829,/home/dt2119/dt2119/music_classification/datasets/audios/western_data/genres_original/reggae/reggae.00030.wav,8,reggae,4,hiphop
1,validation,830,830,/home/dt2119/dt2119/music_classification/datasets/audios/western_data/genres_original/reggae/reggae.00031.wav,8,reggae,3,disco
1,validation,831,831,/home/dt2119/dt2119/music_classification/datasets/audios/western_data/genres_original/reggae/reggae.00032.wav,8,reggae,3,disco
1,validation,832,832,/home/dt2119/dt2119/music_classification/datasets/audios/western_data/genres_original/reggae/reggae.00033.wav,8,reggae,3,disco
1,validation,833,833,/home/dt2119/dt2119/music_classification/datasets/audios/western_data/genres_original/reggae/reggae.00034.wav,8,reggae,3,disco
1,validation,834,834,/home/dt2119/dt2119/music_classification/datasets/audios/western_data/genres_original/reggae/reggae.00035.wav,8,reggae,3,disco
1,validation,835,835,/home/dt2119/dt2119/music_classification/datasets/audios/western_data/genres_original/reggae/reggae.00036.wav,8,reggae,3,disco
1,validation,836,836,/home/dt2119/dt2119/music_classification/datasets/audios/western_data/genres_original/reggae/reggae.00037.wav,8,reggae,3,disco
1,validation,837,837,/home/dt2119/dt2119/music_classification/datasets/audios/western_data/genres_original/reggae/reggae.00038.wav,8,reggae,8,reggae
1,validation,838,838,/home/dt2119/dt2119/music_classification/datasets/audios/western_data/genres_original/reggae/reggae.00039.wav,8,reggae,4,hiphop
1,validation,839,839,/home/dt2119/dt2119/music_classification/datasets/audios/western_data/genres_original/reggae/reggae.00040.wav,8,reggae,1,classical
1,validation,841,841,/home/dt2119/dt2119/music_classification/datasets/audios/western_data/genres_original/reggae/reggae.00042.wav,8,reggae,8,reggae
1,validation,843,843,/home/dt2119/dt2119/music_classification/datasets/audios/western_data/genres_original/reggae/reggae.00044.wav,8,reggae,6,metal
1,validation,849,849,/home/dt2119/dt2119/music_classification/datasets/audios/western_data/genres_original/reggae/reggae.00050.wav,8,reggae,4,hiphop
1,validation,850,850,/home/dt2119/dt2119/music_classification/datasets/audios/western_data/genres_original/reggae/reggae.00051.wav,8,reggae,4,hiphop
1,validation,852,852,/home/dt2119/dt2119/music_classification/datasets/audios/western_data/genres_original/reggae/reggae.00053.wav,8,reggae,8,reggae
1,validation,861,861,/home/dt2119/dt2119/music_classification/datasets/audios/western_data/genres_original/reggae/reggae.00062.wav,8,reggae,4,hiphop
1,validation,862,862,/home/dt2119/dt2119/music_classification/datasets/audios/western_data/genres_original/reggae/reggae.00063.wav,8,reggae,8,reggae
1,validation,874,874,/home/dt2119/dt2119/music_classification/datasets/audios/western_data/genres_original/reggae/reggae.00075.wav,8,reggae,7,pop
1,validation,888,888,/home/dt2119/dt2119/music_classification/datasets/audios/western_data/genres_original/reggae/reggae.00089.wav,8,reggae,1,classical
1,validation,889,889,/home/dt2119/dt2119/music_classification/datasets/audios/western_data/genres_original/reggae/reggae.00090.wav,8,reggae,8,reggae
1,validation,890,890,/home/dt2119/dt2119/music_classification/datasets/audios/western_data/genres_original/reggae/reggae.00091.wav,8,reggae,7,pop
1,validation,891,891,/home/dt2119/dt2119/music_classification/datasets/audios/western_data/genres_original/reggae/reggae.00092.wav,8,reggae,7,pop
1,validation,909,909,/home/dt2119/dt2119/music_classification/datasets/audios/western_data/genres_original/rock/rock.00010.wav,9,rock,9,rock
1,validation,910,910,/home/dt2119/dt2119/music_classification/datasets/audios/western_data/genres_original/rock/rock.00011.wav,9,rock,9,rock
1,validation,911,911,/home/dt2119/dt2119/music_classification/datasets/audios/western_data/genres_original/rock/rock.00012.wav,9,rock,4,hiphop
1,validation,912,912,/home/dt2119/dt2119/music_classification/datasets/audios/western_data/genres_original/rock/rock.00013.wav,9,rock,7,pop
1,validation,913,913,/home/dt2119/dt2119/music_classification/datasets/audios/western_data/genres_original/rock/rock.00014.wav,9,rock,7,pop
1,validation,914,914,/home/dt2119/dt2119/music_classification/datasets/audios/western_data/genres_original/rock/rock.00015.wav,9,rock,7,pop
1,validation,926,926,/home/dt2119/dt2119/music_classification/datasets/audios/western_data/genres_original/rock/rock.00027.wav,9,rock,9,rock
1,validation,988,988,/home/dt2119/dt2119/music_classification/datasets/audios/western_data/genres_original/rock/rock.00089.wav,9,rock,2,country
1,test,12,12,/home/dt2119/dt2119/music_classification/datasets/audios/western_data/genres_original/blues/blues.00012.wav,0,blues,1,classical
1,test,13,13,/home/dt2119/dt2119/music_classification/datasets/audios/western_data/genres_original/blues/blues.00013.wav,0,blues,1,classical
1,test,14,14,/home/dt2119/dt2119/music_classification/datasets/audios/western_data/genres_original/blues/blues.00014.wav,0,blues,1,classical
1,test,15,15,/home/dt2119/dt2119/music_classification/datasets/audios/western_data/genres_original/blues/blues.00015.wav,0,blues,1,classical
1,test,16,16,/home/dt2119/dt2119/music_classification/datasets/audios/western_data/genres_original/blues/blues.00016.wav,0,blues,1,classical
1,test,17,17,/home/dt2119/dt2119/music_classification/datasets/audios/western_data/genres_original/blues/blues.00017.wav,0,blues,1,classical
1,test,18,18,/home/dt2119/dt2119/music_classification/datasets/audios/western_data/genres_original/blues/blues.00018.wav,0,blues,1,classical
1,test,19,19,/home/dt2119/dt2119/music_classification/datasets/audios/western_data/genres_original/blues/blues.00019.wav,0,blues,1,classical
1,test,20,20,/home/dt2119/dt2119/music_classification/datasets/audios/western_data/genres_original/blues/blues.00020.wav,0,blues,1,classical
1,test,21,21,/home/dt2119/dt2119/music_classification/datasets/audios/western_data/genres_original/blues/blues.00021.wav,0,blues,1,classical
1,test,22,22,/home/dt2119/dt2119/music_classification/datasets/audios/western_data/genres_original/blues/blues.00022.wav,0,blues,1,classical
1,test,23,23,/home/dt2119/dt2119/music_classification/datasets/audios/western_data/genres_original/blues/blues.00023.wav,0,blues,9,rock
1,test,24,24,/home/dt2119/dt2119/music_classification/datasets/audios/western_data/genres_original/blues/blues.00024.wav,0,blues,1,classical
1,test,25,25,/home/dt2119/dt2119/music_classification/datasets/audios/western_data/genres_original/blues/blues.00025.wav,0,blues,5,jazz
1,test,26,26,/home/dt2119/dt2119/music_classification/datasets/audios/western_data/genres_original/blues/blues.00026.wav,0,blues,5,jazz
1,test,27,27,/home/dt2119/dt2119/music_classification/datasets/audios/western_data/genres_original/blues/blues.00027.wav,0,blues,1,classical
1,test,28,28,/home/dt2119/dt2119/music_classification/datasets/audios/western_data/genres_original/blues/blues.00028.wav,0,blues,1,classical
1,test,61,61,/home/dt2119/dt2119/music_classification/datasets/audios/western_data/genres_original/blues/blues.00061.wav,0,blues,3,disco
1,test,62,62,/home/dt2119/dt2119/music_classification/datasets/audios/western_data/genres_original/blues/blues.00062.wav,0,blues,5,jazz
1,test,63,63,/home/dt2119/dt2119/music_classification/datasets/audios/western_data/genres_original/blues/blues.00063.wav,0,blues,5,jazz
1,test,64,64,/home/dt2119/dt2119/music_classification/datasets/audios/western_data/genres_original/blues/blues.00064.wav,0,blues,9,rock
1,test,65,65,/home/dt2119/dt2119/music_classification/datasets/audios/western_data/genres_original/blues/blues.00065.wav,0,blues,1,classical
1,test,66,66,/home/dt2119/dt2119/music_classification/datasets/audios/western_data/genres_original/blues/blues.00066.wav,0,blues,5,jazz
1,test,67,67,/home/dt2119/dt2119/music_classification/datasets/audios/western_data/genres_original/blues/blues.00067.wav,0,blues,1,classical
1,test,68,68,/home/dt2119/dt2119/music_classification/datasets/audios/western_data/genres_original/blues/blues.00068.wav,0,blues,5,jazz
1,test,69,69,/home/dt2119/dt2119/music_classification/datasets/audios/western_data/genres_original/blues/blues.00069.wav,0,blues,1,classical
1,test,70,70,/home/dt2119/dt2119/music_classification/datasets/audios/western_data/genres_original/blues/blues.00070.wav,0,blues,5,jazz
1,test,71,71,/home/dt2119/dt2119/music_classification/datasets/audios/western_data/genres_original/blues/blues.00071.wav,0,blues,1,classical
1,test,72,72,/home/dt2119/dt2119/music_classification/datasets/audios/western_data/genres_original/blues/blues.00072.wav,0,blues,9,rock
1,test,85,85,/home/dt2119/dt2119/music_classification/datasets/audios/western_data/genres_original/blues/blues.00085.wav,0,blues,5,jazz
1,test,86,86,/home/dt2119/dt2119/music_classification/datasets/audios/western_data/genres_original/blues/blues.00086.wav,0,blues,5,jazz
1,test,87,87,/home/dt2119/dt2119/music_classification/datasets/audios/western_data/genres_original/blues/blues.00087.wav,0,blues,2,country
1,test,88,88,/home/dt2119/dt2119/music_classification/datasets/audios/western_data/genres_original/blues/blues.00088.wav,0,blues,5,jazz
1,test,89,89,/home/dt2119/dt2119/music_classification/datasets/audios/western_data/genres_original/blues/blues.00089.wav,0,blues,4,hiphop
1,test,90,90,/home/dt2119/dt2119/music_classification/datasets/audios/western_data/genres_original/blues/blues.00090.wav,0,blues,2,country
1,test,91,91,/home/dt2119/dt2119/music_classification/datasets/audios/western_data/genres_original/blues/blues.00091.wav,0,blues,6,metal
1,test,92,92,/home/dt2119/dt2119/music_classification/datasets/audios/western_data/genres_original/blues/blues.00092.wav,0,blues,5,jazz
1,test,93,93,/home/dt2119/dt2119/music_classification/datasets/audios/western_data/genres_original/blues/blues.00093.wav,0,blues,5,jazz
1,test,94,94,/home/dt2119/dt2119/music_classification/datasets/audios/western_data/genres_original/blues/blues.00094.wav,0,blues,5,jazz
1,test,95,95,/home/dt2119/dt2119/music_classification/datasets/audios/western_data/genres_original/blues/blues.00095.wav,0,blues,2,country
1,test,96,96,/home/dt2119/dt2119/music_classification/datasets/audios/western_data/genres_original/blues/blues.00096.wav,0,blues,2,country
1,test,97,97,/home/dt2119/dt2119/music_classification/datasets/audios/western_data/genres_original/blues/blues.00097.wav,0,blues,5,jazz
1,test,105,105,/home/dt2119/dt2119/music_classification/datasets/audios/western_data/genres_original/classical/classical.00005.wav,1,classical,1,classical
1,test,106,106,/home/dt2119/dt2119/music_classification/datasets/audios/western_data/genres_original/classical/classical.00006.wav,1,classical,1,classical
1,test,107,107,/home/dt2119/dt2119/music_classification/datasets/audios/western_data/genres_original/classical/classical.00007.wav,1,classical,1,classical
1,test,108,108,/home/dt2119/dt2119/music_classification/datasets/audios/western_data/genres_original/classical/classical.00008.wav,1,classical,1,classical
1,test,109,109,/home/dt2119/dt2119/music_classification/datasets/audios/western_data/genres_original/classical/classical.00009.wav,1,classical,1,classical
1,test,110,110,/home/dt2119/dt2119/music_classification/datasets/audios/western_data/genres_original/classical/classical.00010.wav,1,classical,1,classical
1,test,111,111,/home/dt2119/dt2119/music_classification/datasets/audios/western_data/genres_original/classical/classical.00011.wav,1,classical,1,classical
1,test,112,112,/home/dt2119/dt2119/music_classification/datasets/audios/western_data/genres_original/classical/classical.00012.wav,1,classical,1,classical
1,test,113,113,/home/dt2119/dt2119/music_classification/datasets/audios/western_data/genres_original/classical/classical.00013.wav,1,classical,1,classical
1,test,114,114,/home/dt2119/dt2119/music_classification/datasets/audios/western_data/genres_original/classical/classical.00014.wav,1,classical,1,classical
1,test,115,115,/home/dt2119/dt2119/music_classification/datasets/audios/western_data/genres_original/classical/classical.00015.wav,1,classical,1,classical
1,test,116,116,/home/dt2119/dt2119/music_classification/datasets/audios/western_data/genres_original/classical/classical.00016.wav,1,classical,1,classical
1,test,117,117,/home/dt2119/dt2119/music_classification/datasets/audios/western_data/genres_original/classical/classical.00017.wav,1,classical,1,classical
1,test,118,118,/home/dt2119/dt2119/music_classification/datasets/audios/western_data/genres_original/classical/classical.00018.wav,1,classical,1,classical
1,test,119,119,/home/dt2119/dt2119/music_classification/datasets/audios/western_data/genres_original/classical/classical.00019.wav,1,classical,1,classical
1,test,120,120,/home/dt2119/dt2119/music_classification/datasets/audios/western_data/genres_original/classical/classical.00020.wav,1,classical,1,classical
1,test,121,121,/home/dt2119/dt2119/music_classification/datasets/audios/western_data/genres_original/classical/classical.00021.wav,1,classical,1,classical
1,test,122,122,/home/dt2119/dt2119/music_classification/datasets/audios/western_data/genres_original/classical/classical.00022.wav,1,classical,1,classical
1,test,123,123,/home/dt2119/dt2119/music_classification/datasets/audios/western_data/genres_original/classical/classical.00023.wav,1,classical,1,classical
1,test,124,124,/home/dt2119/dt2119/music_classification/datasets/audios/western_data/genres_original/classical/classical.00024.wav,1,classical,1,classical
1,test,125,125,/home/dt2119/dt2119/music_classification/datasets/audios/western_data/genres_original/classical/classical.00025.wav,1,classical,1,classical
1,test,126,126,/home/dt2119/dt2119/music_classification/datasets/audios/western_data/genres_original/classical/classical.00026.wav,1,classical,1,classical
1,test,127,127,/home/dt2119/dt2119/music_classification/datasets/audios/western_data/genres_original/classical/classical.00027.wav,1,classical,1,classical
1,test,128,128,/home/dt2119/dt2119/music_classification/datasets/audios/western_data/genres_original/classical/classical.00028.wav,1,classical,1,classical
1,test,129,129,/home/dt2119/dt2119/music_classification/datasets/audios/western_data/genres_original/classical/classical.00029.wav,1,classical,1,classical
1,test,134,134,/home/dt2119/dt2119/music_classification/datasets/audios/western_data/genres_original/classical/classical.00034.wav,1,classical,1,classical
1,test,135,135,/home/dt2119/dt2119/music_classification/datasets/audios/western_data/genres_original/classical/classical.00035.wav,1,classical,1,classical
1,test,136,136,/home/dt2119/dt2119/music_classification/datasets/audios/western_data/genres_original/classical/classical.00036.wav,1,classical,1,classical
1,test,137,137,/home/dt2119/dt2119/music_classification/datasets/audios/western_data/genres_original/classical/classical.00037.wav,1,classical,1,classical
1,test,144,144,/home/dt2119/dt2119/music_classification/datasets/audios/western_data/genres_original/classical/classical.00044.wav,1,classical,1,classical
1,test,148,148,/home/dt2119/dt2119/music_classification/datasets/audios/western_data/genres_original/classical/classical.00048.wav,1,classical,1,classical
1,test,150,150,/home/dt2119/dt2119/music_classification/datasets/audios/western_data/genres_original/classical/classical.00050.wav,1,classical,1,classical
1,test,156,156,/home/dt2119/dt2119/music_classification/datasets/audios/western_data/genres_original/classical/classical.00056.wav,1,classical,9,rock
1,test,161,161,/home/dt2119/dt2119/music_classification/datasets/audios/western_data/genres_original/classical/classical.00061.wav,1,classical,1,classical
1,test,168,168,/home/dt2119/dt2119/music_classification/datasets/audios/western_data/genres_original/classical/classical.00068.wav,1,classical,1,classical
1,test,169,169,/home/dt2119/dt2119/music_classification/datasets/audios/western_data/genres_original/classical/classical.00069.wav,1,classical,1,classical
1,test,170,170,/home/dt2119/dt2119/music_classification/datasets/audios/western_data/genres_original/classical/classical.00070.wav,1,classical,1,classical
1,test,171,171,/home/dt2119/dt2119/music_classification/datasets/audios/western_data/genres_original/classical/classical.00071.wav,1,classical,1,classical
1,test,172,172,/home/dt2119/dt2119/music_classification/datasets/audios/western_data/genres_original/classical/classical.00072.wav,1,classical,1,classical
1,test,173,173,/home/dt2119/dt2119/music_classification/datasets/audios/western_data/genres_original/classical/classical.00073.wav,1,classical,1,classical
1,test,174,174,/home/dt2119/dt2119/music_classification/datasets/audios/western_data/genres_original/classical/classical.00074.wav,1,classical,1,classical
1,test,175,175,/home/dt2119/dt2119/music_classification/datasets/audios/western_data/genres_original/classical/classical.00075.wav,1,classical,1,classical
1,test,176,176,/home/dt2119/dt2119/music_classification/datasets/audios/western_data/genres_original/classical/classical.00076.wav,1,classical,1,classical
1,test,203,203,/home/dt2119/dt2119/music_classification/datasets/audios/western_data/genres_original/country/country.00003.wav,2,country,2,country
1,test,207,207,/home/dt2119/dt2119/music_classification/datasets/audios/western_data/genres_original/country/country.00007.wav,2,country,9,rock
1,test,210,210,/home/dt2119/dt2119/music_classification/datasets/audios/western_data/genres_original/country/country.00010.wav,2,country,2,country
1,test,212,212,/home/dt2119/dt2119/music_classification/datasets/audios/western_data/genres_original/country/country.00012.wav,2,country,2,country
1,test,215,215,/home/dt2119/dt2119/music_classification/datasets/audios/western_data/genres_original/country/country.00015.wav,2,country,9,rock
1,test,220,220,/home/dt2119/dt2119/music_classification/datasets/audios/western_data/genres_original/country/country.00020.wav,2,country,2,country
1,test,222,222,/home/dt2119/dt2119/music_classification/datasets/audios/western_data/genres_original/country/country.00022.wav,2,country,2,country
1,test,223,223,/home/dt2119/dt2119/music_classification/datasets/audios/western_data/genres_original/country/country.00023.wav,2,country,2,country
1,test,227,227,/home/dt2119/dt2119/music_classification/datasets/audios/western_data/genres_original/country/country.00027.wav,2,country,9,rock
1,test,229,229,/home/dt2119/dt2119/music_classification/datasets/audios/western_data/genres_original/country/country.00029.wav,2,country,2,country
1,test,231,231,/home/dt2119/dt2119/music_classification/datasets/audios/western_data/genres_original/country/country.00031.wav,2,country,2,country
1,test,233,233,/home/dt2119/dt2119/music_classification/datasets/audios/western_data/genres_original/country/country.00033.wav,2,country,2,country
1,test,239,239,/home/dt2119/dt2119/music_classification/datasets/audios/western_data/genres_original/country/country.00039.wav,2,country,3,disco
1,test,249,249,/home/dt2119/dt2119/music_classification/datasets/audios/western_data/genres_original/country/country.00049.wav,2,country,2,country
1,test,300,300,/home/dt2119/dt2119/music_classification/datasets/audios/western_data/genres_original/disco/disco.00000.wav,3,disco,4,hiphop
1,test,304,304,/home/dt2119/dt2119/music_classification/datasets/audios/western_data/genres_original/disco/disco.00004.wav,3,disco,3,disco
1,test,313,313,/home/dt2119/dt2119/music_classification/datasets/audios/western_data/genres_original/disco/disco.00013.wav,3,disco,6,metal
1,test,316,316,/home/dt2119/dt2119/music_classification/datasets/audios/western_data/genres_original/disco/disco.00016.wav,3,disco,6,metal
1,test,317,317,/home/dt2119/dt2119/music_classification/datasets/audios/western_data/genres_original/disco/disco.00017.wav,3,disco,3,disco
1,test,323,323,/home/dt2119/dt2119/music_classification/datasets/audios/western_data/genres_original/disco/disco.00023.wav,3,disco,7,pop
1,test,324,324,/home/dt2119/dt2119/music_classification/datasets/audios/western_data/genres_original/disco/disco.00024.wav,3,disco,3,disco
1,test,326,326,/home/dt2119/dt2119/music_classification/datasets/audios/western_data/genres_original/disco/disco.00026.wav,3,disco,7,pop
1,test,327,327,/home/dt2119/dt2119/music_classification/datasets/audios/western_data/genres_original/disco/disco.00027.wav,3,disco,4,hiphop
1,test,333,333,/home/dt2119/dt2119/music_classification/datasets/audios/western_data/genres_original/disco/disco.00033.wav,3,disco,2,country
1,test,336,336,/home/dt2119/dt2119/music_classification/datasets/audios/western_data/genres_original/disco/disco.00036.wav,3,disco,3,disco
1,test,344,344,/home/dt2119/dt2119/music_classification/datasets/audios/western_data/genres_original/disco/disco.00044.wav,3,disco,3,disco
1,test,345,345,/home/dt2119/dt2119/music_classification/datasets/audios/western_data/genres_original/disco/disco.00045.wav,3,disco,3,disco
1,test,346,346,/home/dt2119/dt2119/music_classification/datasets/audios/western_data/genres_original/disco/disco.00046.wav,3,disco,3,disco
1,test,348,348,/home/dt2119/dt2119/music_classification/datasets/audios/western_data/genres_original/disco/disco.00048.wav,3,disco,3,disco
1,test,352,352,/home/dt2119/dt2119/music_classification/datasets/audios/western_data/genres_original/disco/disco.00052.wav,3,disco,3,disco
1,test,353,353,/home/dt2119/dt2119/music_classification/datasets/audios/western_data/genres_original/disco/disco.00053.wav,3,disco,3,disco
1,test,356,356,/home/dt2119/dt2119/music_classification/datasets/audios/western_data/genres_original/disco/disco.00056.wav,3,disco,3,disco
1,test,358,358,/home/dt2119/dt2119/music_classification/datasets/audios/western_data/genres_original/disco/disco.00058.wav,3,disco,3,disco
1,test,359,359,/home/dt2119/dt2119/music_classification/datasets/audios/western_data/genres_original/disco/disco.00059.wav,3,disco,4,hiphop
1,test,367,367,/home/dt2119/dt2119/music_classification/datasets/audios/western_data/genres_original/disco/disco.00067.wav,3,disco,9,rock
1,test,368,368,/home/dt2119/dt2119/music_classification/datasets/audios/western_data/genres_original/disco/disco.00068.wav,3,disco,6,metal
1,test,372,372,/home/dt2119/dt2119/music_classification/datasets/audios/western_data/genres_original/disco/disco.00072.wav,3,disco,7,pop
1,test,375,375,/home/dt2119/dt2119/music_classification/datasets/audios/western_data/genres_original/disco/disco.00075.wav,3,disco,3,disco
1,test,376,376,/home/dt2119/dt2119/music_classification/datasets/audios/western_data/genres_original/disco/disco.00076.wav,3,disco,3,disco
1,test,388,388,/home/dt2119/dt2119/music_classification/datasets/audios/western_data/genres_original/disco/disco.00088.wav,3,disco,3,disco
1,test,390,390,/home/dt2119/dt2119/music_classification/datasets/audios/western_data/genres_original/disco/disco.00090.wav,3,disco,3,disco
1,test,391,391,/home/dt2119/dt2119/music_classification/datasets/audios/western_data/genres_original/disco/disco.00091.wav,3,disco,3,disco
1,test,393,393,/home/dt2119/dt2119/music_classification/datasets/audios/western_data/genres_original/disco/disco.00093.wav,3,disco,3,disco
1,test,395,395,/home/dt2119/dt2119/music_classification/datasets/audios/western_data/genres_original/disco/disco.00095.wav,3,disco,3,disco
1,test,402,402,/home/dt2119/dt2119/music_classification/datasets/audios/western_data/genres_original/hiphop/hiphop.00002.wav,4,hiphop,4,hiphop
1,test,403,403,/home/dt2119/dt2119/music_classification/datasets/audios/western_data/genres_original/hiphop/hiphop.00003.wav,4,hiphop,4,hiphop
1,test,404,404,/home/dt2119/dt2119/music_classification/datasets/audios/western_data/genres_original/hiphop/hiphop.00004.wav,4,hiphop,4,hiphop
1,test,405,405,/home/dt2119/dt2119/music_classification/datasets/audios/western_data/genres_original/hiphop/hiphop.00005.wav,4,hiphop,4,hiphop
1,test,406,406,/home/dt2119/dt2119/music_classification/datasets/audios/western_data/genres_original/hiphop/hiphop.00006.wav,4,hiphop,4,hiphop
1,test,408,408,/home/dt2119/dt2119/music_classification/datasets/audios/western_data/genres_original/hiphop/hiphop.00008.wav,4,hiphop,4,hiphop
1,test,409,409,/home/dt2119/dt2119/music_classification/datasets/audios/western_data/genres_original/hiphop/hiphop.00009.wav,4,hiphop,4,hiphop
1,test,410,410,/home/dt2119/dt2119/music_classification/datasets/audios/western_data/genres_original/hiphop/hiphop.00010.wav,4,hiphop,4,hiphop
1,test,411,411,/home/dt2119/dt2119/music_classification/datasets/audios/western_data/genres_original/hiphop/hiphop.00011.wav,4,hiphop,4,hiphop
1,test,412,412,/home/dt2119/dt2119/music_classification/datasets/audios/western_data/genres_original/hiphop/hiphop.00012.wav,4,hiphop,4,hiphop
1,test,413,413,/home/dt2119/dt2119/music_classification/datasets/audios/western_data/genres_original/hiphop/hiphop.00013.wav,4,hiphop,4,hiphop
1,test,414,414,/home/dt2119/dt2119/music_classification/datasets/audios/western_data/genres_original/hiphop/hiphop.00014.wav,4,hiphop,6,metal
1,test,415,415,/home/dt2119/dt2119/music_classification/datasets/audios/western_data/genres_original/hiphop/hiphop.00015.wav,4,hiphop,4,hiphop
1,test,416,416,/home/dt2119/dt2119/music_classification/datasets/audios/western_data/genres_original/hiphop/hiphop.00016.wav,4,hiphop,4,hiphop
1,test,417,417,/home/dt2119/dt2119/music_classification/datasets/audios/western_data/genres_original/hiphop/hiphop.00017.wav,4,hiphop,4,hiphop
1,test,418,418,/home/dt2119/dt2119/music_classification/datasets/audios/western_data/genres_original/hiphop/hiphop.00018.wav,4,hiphop,3,disco
1,test,419,419,/home/dt2119/dt2119/music_classification/datasets/audios/western_data/genres_original/hiphop/hiphop.00019.wav,4,hiphop,9,rock
1,test,420,420,/home/dt2119/dt2119/music_classification/datasets/audios/western_data/genres_original/hiphop/hiphop.00020.wav,4,hiphop,4,hiphop
1,test,421,421,/home/dt2119/dt2119/music_classification/datasets/audios/western_data/genres_original/hiphop/hiphop.00021.wav,4,hiphop,4,hiphop
1,test,422,422,/home/dt2119/dt2119/music_classification/datasets/audios/western_data/genres_original/hiphop/hiphop.00022.wav,4,hiphop,4,hiphop
1,test,423,423,/home/dt2119/dt2119/music_classification/datasets/audios/western_data/genres_original/hiphop/hiphop.00023.wav,4,hiphop,9,rock
1,test,424,424,/home/dt2119/dt2119/music_classification/datasets/audios/western_data/genres_original/hiphop/hiphop.00024.wav,4,hiphop,4,hiphop
1,test,425,425,/home/dt2119/dt2119/music_classification/datasets/audios/western_data/genres_original/hiphop/hiphop.00025.wav,4,hiphop,4,hiphop
1,test,429,429,/home/dt2119/dt2119/music_classification/datasets/audios/western_data/genres_original/hiphop/hiphop.00029.wav,4,hiphop,4,hiphop
1,test,436,436,/home/dt2119/dt2119/music_classification/datasets/audios/western_data/genres_original/hiphop/hiphop.00036.wav,4,hiphop,4,hiphop
1,test,438,438,/home/dt2119/dt2119/music_classification/datasets/audios/western_data/genres_original/hiphop/hiphop.00038.wav,4,hiphop,4,hiphop
1,test,525,525,/home/dt2119/dt2119/music_classification/datasets/audios/western_data/genres_original/jazz/jazz.00025.wav,5,jazz,5,jazz
1,test,526,526,/home/dt2119/dt2119/music_classification/datasets/audios/western_data/genres_original/jazz/jazz.00026.wav,5,jazz,5,jazz
1,test,527,527,/home/dt2119/dt2119/music_classification/datasets/audios/western_data/genres_original/jazz/jazz.00027.wav,5,jazz,5,jazz
1,test,528,528,/home/dt2119/dt2119/music_classification/datasets/audios/western_data/genres_original/jazz/jazz.00028.wav,5,jazz,5,jazz
1,test,529,529,/home/dt2119/dt2119/music_classification/datasets/audios/western_data/genres_original/jazz/jazz.00029.wav,5,jazz,5,jazz
1,test,530,530,/home/dt2119/dt2119/music_classification/datasets/audios/western_data/genres_original/jazz/jazz.00030.wav,5,jazz,5,jazz
1,test,531,531,/home/dt2119/dt2119/music_classification/datasets/audios/western_data/genres_original/jazz/jazz.00031.wav,5,jazz,5,jazz
1,test,532,532,/home/dt2119/dt2119/music_classification/datasets/audios/western_data/genres_original/jazz/jazz.00032.wav,5,jazz,5,jazz
1,test,533,533,/home/dt2119/dt2119/music_classification/datasets/audios/western_data/genres_original/jazz/jazz.00033.wav,5,jazz,5,jazz
1,test,534,534,/home/dt2119/dt2119/music_classification/datasets/audios/western_data/genres_original/jazz/jazz.00034.wav,5,jazz,1,classical
1,test,535,535,/home/dt2119/dt2119/music_classification/datasets/audios/western_data/genres_original/jazz/jazz.00035.wav,5,jazz,5,jazz
1,test,536,536,/home/dt2119/dt2119/music_classification/datasets/audios/western_data/genres_original/jazz/jazz.00036.wav,5,jazz,1,classical
1,test,537,537,/home/dt2119/dt2119/music_classification/datasets/audios/western_data/genres_original/jazz/jazz.00037.wav,5,jazz,5,jazz
1,test,538,538,/home/dt2119/dt2119/music_classification/datasets/audios/western_data/genres_original/jazz/jazz.00038.wav,5,jazz,5,jazz
1,test,539,539,/home/dt2119/dt2119/music_classification/datasets/audios/western_data/genres_original/jazz/jazz.00039.wav,5,jazz,5,jazz
1,test,540,540,/home/dt2119/dt2119/music_classification/datasets/audios/western_data/genres_original/jazz/jazz.00040.wav,5,jazz,5,jazz
1,test,541,541,/home/dt2119/dt2119/music_classification/datasets/audios/western_data/genres_original/jazz/jazz.00041.wav,5,jazz,5,jazz
1,test,542,542,/home/dt2119/dt2119/music_classification/datasets/audios/western_data/genres_original/jazz/jazz.00042.wav,5,jazz,1,classical
1,test,543,543,/home/dt2119/dt2119/music_classification/datasets/audios/western_data/genres_original/jazz/jazz.00043.wav,5,jazz,5,jazz
1,test,544,544,/home/dt2119/dt2119/music_classification/datasets/audios/western_data/genres_original/jazz/jazz.00044.wav,5,jazz,5,jazz
1,test,545,545,/home/dt2119/dt2119/music_classification/datasets/audios/western_data/genres_original/jazz/jazz.00045.wav,5,jazz,5,jazz
1,test,546,546,/home/dt2119/dt2119/music_classification/datasets/audios/western_data/genres_original/jazz/jazz.00046.wav,5,jazz,5,jazz
1,test,547,547,/home/dt2119/dt2119/music_classification/datasets/audios/western_data/genres_original/jazz/jazz.00047.wav,5,jazz,5,jazz
1,test,550,550,/home/dt2119/dt2119/music_classification/datasets/audios/western_data/genres_original/jazz/jazz.00050.wav,5,jazz,9,rock
1,test,551,551,/home/dt2119/dt2119/music_classification/datasets/audios/western_data/genres_original/jazz/jazz.00051.wav,5,jazz,5,jazz
1,test,553,553,/home/dt2119/dt2119/music_classification/datasets/audios/western_data/genres_original/jazz/jazz.00053.wav,5,jazz,1,classical
1,test,554,554,/home/dt2119/dt2119/music_classification/datasets/audios/western_data/genres_original/jazz/jazz.00055.wav,5,jazz,5,jazz
1,test,555,555,/home/dt2119/dt2119/music_classification/datasets/audios/western_data/genres_original/jazz/jazz.00056.wav,5,jazz,5,jazz
1,test,556,556,/home/dt2119/dt2119/music_classification/datasets/audios/western_data/genres_original/jazz/jazz.00057.wav,5,jazz,1,classical
1,test,557,557,/home/dt2119/dt2119/music_classification/datasets/audios/western_data/genres_original/jazz/jazz.00058.wav,5,jazz,1,classical
1,test,559,559,/home/dt2119/dt2119/music_classification/datasets/audios/western_data/genres_original/jazz/jazz.00060.wav,5,jazz,5,jazz
1,test,560,560,/home/dt2119/dt2119/music_classification/datasets/audios/western_data/genres_original/jazz/jazz.00061.wav,5,jazz,5,jazz
1,test,561,561,/home/dt2119/dt2119/music_classification/datasets/audios/western_data/genres_original/jazz/jazz.00062.wav,5,jazz,5,jazz
1,test,564,564,/home/dt2119/dt2119/music_classification/datasets/audios/western_data/genres_original/jazz/jazz.00065.wav,5,jazz,5,jazz
1,test,566,566,/home/dt2119/dt2119/music_classification/datasets/audios/western_data/genres_original/jazz/jazz.00067.wav,5,jazz,5,jazz
1,test,567,567,/home/dt2119/dt2119/music_classification/datasets/audios/western_data/genres_original/jazz/jazz.00068.wav,5,jazz,1,classical
1,test,568,568,/home/dt2119/dt2119/music_classification/datasets/audios/western_data/genres_original/jazz/jazz.00069.wav,5,jazz,5,jazz
1,test,569,569,/home/dt2119/dt2119/music_classification/datasets/audios/western_data/genres_original/jazz/jazz.00070.wav,5,jazz,5,jazz
1,test,570,570,/home/dt2119/dt2119/music_classification/datasets/audios/western_data/genres_original/jazz/jazz.00071.wav,5,jazz,5,jazz
1,test,571,571,/home/dt2119/dt2119/music_classification/datasets/audios/western_data/genres_original/jazz/jazz.00072.wav,5,jazz,5,jazz
1,test,601,601,/home/dt2119/dt2119/music_classification/datasets/audios/western_data/genres_original/metal/metal.00002.wav,6,metal,9,rock
1,test,602,602,/home/dt2119/dt2119/music_classification/datasets/audios/western_data/genres_original/metal/metal.00003.wav,6,metal,6,metal
1,test,604,604,/home/dt2119/dt2119/music_classification/datasets/audios/western_data/genres_original/metal/metal.00005.wav,6,metal,6,metal
1,test,625,625,/home/dt2119/dt2119/music_classification/datasets/audios/western_data/genres_original/metal/metal.00026.wav,6,metal,6,metal
1,test,626,626,/home/dt2119/dt2119/music_classification/datasets/audios/western_data/genres_original/metal/metal.00027.wav,6,metal,6,metal
1,test,633,633,/home/dt2119/dt2119/music_classification/datasets/audios/western_data/genres_original/metal/metal.00034.wav,6,metal,9,rock
1,test,639,639,/home/dt2119/dt2119/music_classification/datasets/audios/western_data/genres_original/metal/metal.00040.wav,6,metal,6,metal
1,test,640,640,/home/dt2119/dt2119/music_classification/datasets/audios/western_data/genres_original/metal/metal.00041.wav,6,metal,9,rock
1,test,641,641,/home/dt2119/dt2119/music_classification/datasets/audios/western_data/genres_original/metal/metal.00042.wav,6,metal,6,metal
1,test,642,642,/home/dt2119/dt2119/music_classification/datasets/audios/western_data/genres_original/metal/metal.00043.wav,6,metal,9,rock
1,test,643,643,/home/dt2119/dt2119/music_classification/datasets/audios/western_data/genres_original/metal/metal.00044.wav,6,metal,9,rock
1,test,644,644,/home/dt2119/dt2119/music_classification/datasets/audios/western_data/genres_original/metal/metal.00045.wav,6,metal,9,rock
1,test,660,660,/home/dt2119/dt2119/music_classification/datasets/audios/western_data/genres_original/metal/metal.00061.wav,6,metal,6,metal
1,test,661,661,/home/dt2119/dt2119/music_classification/datasets/audios/western_data/genres_original/metal/metal.00062.wav,6,metal,9,rock
1,test,662,662,/home/dt2119/dt2119/music_classification/datasets/audios/western_data/genres_original/metal/metal.00063.wav,6,metal,6,metal
1,test,663,663,/home/dt2119/dt2119/music_classification/datasets/audios/western_data/genres_original/metal/metal.00064.wav,6,metal,9,rock
1,test,664,664,/home/dt2119/dt2119/music_classification/datasets/audios/western_data/genres_original/metal/metal.00065.wav,6,metal,9,rock
1,test,665,665,/home/dt2119/dt2119/music_classification/datasets/audios/western_data/genres_original/metal/metal.00066.wav,6,metal,9,rock
1,test,687,687,/home/dt2119/dt2119/music_classification/datasets/audios/western_data/genres_original/metal/metal.00088.wav,6,metal,3,disco
1,test,688,688,/home/dt2119/dt2119/music_classification/datasets/audios/western_data/genres_original/metal/metal.00089.wav,6,metal,6,metal
1,test,691,691,/home/dt2119/dt2119/music_classification/datasets/audios/western_data/genres_original/metal/metal.00092.wav,6,metal,9,rock
1,test,692,692,/home/dt2119/dt2119/music_classification/datasets/audios/western_data/genres_original/metal/metal.00093.wav,6,metal,6,metal
1,test,693,693,/home/dt2119/dt2119/music_classification/datasets/audios/western_data/genres_original/metal/metal.00094.wav,6,metal,9,rock
1,test,699,699,/home/dt2119/dt2119/music_classification/datasets/audios/western_data/genres_original/pop/pop.00000.wav,7,pop,7,pop
1,test,701,701,/home/dt2119/dt2119/music_classification/datasets/audios/western_data/genres_original/pop/pop.00002.wav,7,pop,4,hiphop
1,test,702,702,/home/dt2119/dt2119/music_classification/datasets/audios/western_data/genres_original/pop/pop.00003.wav,7,pop,7,pop
1,test,703,703,/home/dt2119/dt2119/music_classification/datasets/audios/western_data/genres_original/pop/pop.00004.wav,7,pop,7,pop
1,test,704,704,/home/dt2119/dt2119/music_classification/datasets/audios/western_data/genres_original/pop/pop.00005.wav,7,pop,9,rock
1,test,705,705,/home/dt2119/dt2119/music_classification/datasets/audios/western_data/genres_original/pop/pop.00006.wav,7,pop,9,rock
1,test,706,706,/home/dt2119/dt2119/music_classification/datasets/audios/western_data/genres_original/pop/pop.00007.wav,7,pop,1,classical
1,test,707,707,/home/dt2119/dt2119/music_classification/datasets/audios/western_data/genres_original/pop/pop.00008.wav,7,pop,7,pop
1,test,708,708,/home/dt2119/dt2119/music_classification/datasets/audios/western_data/genres_original/pop/pop.00009.wav,7,pop,6,metal
1,test,773,773,/home/dt2119/dt2119/music_classification/datasets/audios/western_data/genres_original/pop/pop.00074.wav,7,pop,7,pop
1,test,786,786,/home/dt2119/dt2119/music_classification/datasets/audios/western_data/genres_original/pop/pop.00087.wav,7,pop,7,pop
1,test,787,787,/home/dt2119/dt2119/music_classification/datasets/audios/western_data/genres_original/pop/pop.00088.wav,7,pop,7,pop
1,test,788,788,/home/dt2119/dt2119/music_classification/datasets/audios/western_data/genres_original/pop/pop.00089.wav,7,pop,7,pop
1,test,789,789,/home/dt2119/dt2119/music_classification/datasets/audios/western_data/genres_original/pop/pop.00090.wav,7,pop,7,pop
1,test,790,790,/home/dt2119/dt2119/music_classification/datasets/audios/western_data/genres_original/pop/pop.00091.wav,7,pop,7,pop
1,test,791,791,/home/dt2119/dt2119/music_classification/datasets/audios/western_data/genres_original/pop/pop.00092.wav,7,pop,4,hiphop
1,test,792,792,/home/dt2119/dt2119/music_classification/datasets/audios/western_data/genres_original/pop/pop.00093.wav,7,pop,3,disco
1,test,793,793,/home/dt2119/dt2119/music_classification/datasets/audios/western_data/genres_original/pop/pop.00094.wav,7,pop,7,pop
1,test,794,794,/home/dt2119/dt2119/music_classification/datasets/audios/western_data/genres_original/pop/pop.00095.wav,7,pop,7,pop
1,test,795,795,/home/dt2119/dt2119/music_classification/datasets/audios/western_data/genres_original/pop/pop.00096.wav,7,pop,7,pop
1,test,796,796,/home/dt2119/dt2119/music_classification/datasets/audios/western_data/genres_original/pop/pop.00097.wav,7,pop,4,hiphop
1,test,797,797,/home/dt2119/dt2119/music_classification/datasets/audios/western_data/genres_original/pop/pop.00098.wav,7,pop,7,pop
1,test,798,798,/home/dt2119/dt2119/music_classification/datasets/audios/western_data/genres_original/pop/pop.00099.wav,7,pop,7,pop
1,test,799,799,/home/dt2119/dt2119/music_classification/datasets/audios/western_data/genres_original/reggae/reggae.00000.wav,8,reggae,3,disco
1,test,800,800,/home/dt2119/dt2119/music_classification/datasets/audios/western_data/genres_original/reggae/reggae.00001.wav,8,reggae,3,disco
1,test,801,801,/home/dt2119/dt2119/music_classification/datasets/audios/western_data/genres_original/reggae/reggae.00002.wav,8,reggae,8,reggae
1,test,802,802,/home/dt2119/dt2119/music_classification/datasets/audios/western_data/genres_original/reggae/reggae.00003.wav,8,reggae,8,reggae
1,test,803,803,/home/dt2119/dt2119/music_classification/datasets/audios/western_data/genres_original/reggae/reggae.00004.wav,8,reggae,4,hiphop
1,test,804,804,/home/dt2119/dt2119/music_classification/datasets/audios/western_data/genres_original/reggae/reggae.00005.wav,8,reggae,8,reggae
1,test,805,805,/home/dt2119/dt2119/music_classification/datasets/audios/western_data/genres_original/reggae/reggae.00006.wav,8,reggae,9,rock
1,test,806,806,/home/dt2119/dt2119/music_classification/datasets/audios/western_data/genres_original/reggae/reggae.00007.wav,8,reggae,8,reggae
1,test,807,807,/home/dt2119/dt2119/music_classification/datasets/audios/western_data/genres_original/reggae/reggae.00008.wav,8,reggae,8,reggae
1,test,808,808,/home/dt2119/dt2119/music_classification/datasets/audios/western_data/genres_original/reggae/reggae.00009.wav,8,reggae,8,reggae
1,test,809,809,/home/dt2119/dt2119/music_classification/datasets/audios/western_data/genres_original/reggae/reggae.00010.wav,8,reggae,9,rock
1,test,810,810,/home/dt2119/dt2119/music_classification/datasets/audios/western_data/genres_original/reggae/reggae.00011.wav,8,reggae,3,disco
1,test,811,811,/home/dt2119/dt2119/music_classification/datasets/audios/western_data/genres_original/reggae/reggae.00012.wav,8,reggae,4,hiphop
1,test,812,812,/home/dt2119/dt2119/music_classification/datasets/audios/western_data/genres_original/reggae/reggae.00013.wav,8,reggae,3,disco
1,test,813,813,/home/dt2119/dt2119/music_classification/datasets/audios/western_data/genres_original/reggae/reggae.00014.wav,8,reggae,4,hiphop
1,test,814,814,/home/dt2119/dt2119/music_classification/datasets/audios/western_data/genres_original/reggae/reggae.00015.wav,8,reggae,3,disco
1,test,815,815,/home/dt2119/dt2119/music_classification/datasets/audios/western_data/genres_original/reggae/reggae.00016.wav,8,reggae,6,metal
1,test,816,816,/home/dt2119/dt2119/music_classification/datasets/audios/western_data/genres_original/reggae/reggae.00017.wav,8,reggae,7,pop
1,test,817,817,/home/dt2119/dt2119/music_classification/datasets/audios/western_data/genres_original/reggae/reggae.00018.wav,8,reggae,8,reggae
1,test,818,818,/home/dt2119/dt2119/music_classification/datasets/audios/western_data/genres_original/reggae/reggae.00019.wav,8,reggae,4,hiphop
1,test,819,819,/home/dt2119/dt2119/music_classification/datasets/audios/western_data/genres_original/reggae/reggae.00020.wav,8,reggae,8,reggae
1,test,820,820,/home/dt2119/dt2119/music_classification/datasets/audios/western_data/genres_original/reggae/reggae.00021.wav,8,reggae,9,rock
1,test,821,821,/home/dt2119/dt2119/music_classification/datasets/audios/western_data/genres_original/reggae/reggae.00022.wav,8,reggae,4,hiphop
1,test,822,822,/home/dt2119/dt2119/music_classification/datasets/audios/western_data/genres_original/reggae/reggae.00023.wav,8,reggae,4,hiphop
1,test,823,823,/home/dt2119/dt2119/music_classification/datasets/audios/western_data/genres_original/reggae/reggae.00024.wav,8,reggae,8,reggae
1,test,824,824,/home/dt2119/dt2119/music_classification/datasets/audios/western_data/genres_original/reggae/reggae.00025.wav,8,reggae,8,reggae
1,test,825,825,/home/dt2119/dt2119/music_classification/datasets/audios/western_data/genres_original/reggae/reggae.00026.wav,8,reggae,8,reggae
1,test,826,826,/home/dt2119/dt2119/music_classification/datasets/audios/western_data/genres_original/reggae/reggae.00027.wav,8,reggae,3,disco
1,test,840,840,/home/dt2119/dt2119/music_classification/datasets/audios/western_data/genres_original/reggae/reggae.00041.wav,8,reggae,8,reggae
1,test,848,848,/home/dt2119/dt2119/music_classification/datasets/audios/western_data/genres_original/reggae/reggae.00049.wav,8,reggae,9,rock
1,test,853,853,/home/dt2119/dt2119/music_classification/datasets/audios/western_data/genres_original/reggae/reggae.00054.wav,8,reggae,8,reggae
1,test,854,854,/home/dt2119/dt2119/music_classification/datasets/audios/western_data/genres_original/reggae/reggae.00055.wav,8,reggae,3,disco
1,test,855,855,/home/dt2119/dt2119/music_classification/datasets/audios/western_data/genres_original/reggae/reggae.00056.wav,8,reggae,8,reggae
1,test,856,856,/home/dt2119/dt2119/music_classification/datasets/audios/western_data/genres_original/reggae/reggae.00057.wav,8,reggae,8,reggae
1,test,857,857,/home/dt2119/dt2119/music_classification/datasets/audios/western_data/genres_original/reggae/reggae.00058.wav,8,reggae,8,reggae
1,test,858,858,/home/dt2119/dt2119/music_classification/datasets/audios/western_data/genres_original/reggae/reggae.00059.wav,8,reggae,8,reggae
1,test,859,859,/home/dt2119/dt2119/music_classification/datasets/audios/western_data/genres_original/reggae/reggae.00060.wav,8,reggae,9,rock
1,test,860,860,/home/dt2119/dt2119/music_classification/datasets/audios/western_data/genres_original/reggae/reggae.00061.wav,8,reggae,4,hiphop
1,test,868,868,/home/dt2119/dt2119/music_classification/datasets/audios/western_data/genres_original/reggae/reggae.00069.wav,8,reggae,8,reggae
1,test,872,872,/home/dt2119/dt2119/music_classification/datasets/audios/western_data/genres_original/reggae/reggae.00073.wav,8,reggae,4,hiphop
1,test,873,873,/home/dt2119/dt2119/music_classification/datasets/audios/western_data/genres_original/reggae/reggae.00074.wav,8,reggae,4,hiphop
1,test,933,933,/home/dt2119/dt2119/music_classification/datasets/audios/western_data/genres_original/rock/rock.00034.wav,9,rock,9,rock
1,test,963,963,/home/dt2119/dt2119/music_classification/datasets/audios/western_data/genres_original/rock/rock.00064.wav,9,rock,9,rock
1,test,964,964,/home/dt2119/dt2119/music_classification/datasets/audios/western_data/genres_original/rock/rock.00065.wav,9,rock,9,rock
1,test,965,965,/home/dt2119/dt2119/music_classification/datasets/audios/western_data/genres_original/rock/rock.00066.wav,9,rock,9,rock
1,test,966,966,/home/dt2119/dt2119/music_classification/datasets/audios/western_data/genres_original/rock/rock.00067.wav,9,rock,9,rock
1,test,967,967,/home/dt2119/dt2119/music_classification/datasets/audios/western_data/genres_original/rock/rock.00068.wav,9,rock,9,rock
1,test,968,968,/home/dt2119/dt2119/music_classification/datasets/audios/western_data/genres_original/rock/rock.00069.wav,9,rock,2,country
1,test,969,969,/home/dt2119/dt2119/music_classification/datasets/audios/western_data/genres_original/rock/rock.00070.wav,9,rock,9,rock
1,test,978,978,/home/dt2119/dt2119/music_classification/datasets/audios/western_data/genres_original/rock/rock.00079.wav,9,rock,9,rock
1,test,979,979,/home/dt2119/dt2119/music_classification/datasets/audios/western_data/genres_original/rock/rock.00080.wav,9,rock,9,rock
1,test,980,980,/home/dt2119/dt2119/music_classification/datasets/audios/western_data/genres_original/rock/rock.00081.wav,9,rock,9,rock
1,test,981,981,/home/dt2119/dt2119/music_classification/datasets/audios/western_data/genres_original/rock/rock.00082.wav,9,rock,9,rock
1,test,982,982,/home/dt2119/dt2119/music_classification/datasets/audios/western_data/genres_original/rock/rock.00083.wav,9,rock,9,rock
1,test,983,983,/home/dt2119/dt2119/music_classification/datasets/audios/western_data/genres_original/rock/rock.00084.wav,9,rock,9,rock
1,test,984,984,/home/dt2119/dt2119/music_classification/datasets/audios/western_data/genres_original/rock/rock.00085.wav,9,rock,2,country
1,test,989,989,/home/dt2119/dt2119/music_classification/datasets/audios/western_data/genres_original/rock/rock.00090.wav,9,rock,1,classical
2,train,676,676,/home/dt2119/dt2119/music_classification/datasets/audios/western_data/genres_original/metal/metal.00077.wav,6,metal,6,metal
2,train,993,993,/home/dt2119/dt2119/music_classification/datasets/audios/western_data/genres_original/rock/rock.00094.wav,9,rock,9,rock
2,train,931,931,/home/dt2119/dt2119/music_classification/datasets/audios/western_data/genres_original/rock/rock.00032.wav,9,rock,9,rock
2,train,695,695,/home/dt2119/dt2119/music_classification/datasets/audios/western_data/genres_original/metal/metal.00096.wav,6,metal,6,metal
2,train,355,355,/home/dt2119/dt2119/music_classification/datasets/audios/western_data/genres_original/disco/disco.00055.wav,3,disco,3,disco
2,train,316,316,/home/dt2119/dt2119/music_classification/datasets/audios/western_data/genres_original/disco/disco.00016.wav,3,disco,3,disco
2,train,384,384,/home/dt2119/dt2119/music_classification/datasets/audios/western_data/genres_original/disco/disco.00084.wav,3,disco,3,disco
2,train,656,656,/home/dt2119/dt2119/music_classification/datasets/audios/western_data/genres_original/metal/metal.00057.wav,6,metal,6,metal
2,train,640,640,/home/dt2119/dt2119/music_classification/datasets/audios/western_data/genres_original/metal/metal.00041.wav,6,metal,6,metal
2,train,539,539,/home/dt2119/dt2119/music_classification/datasets/audios/western_data/genres_original/jazz/jazz.00039.wav,5,jazz,5,jazz
2,train,223,223,/home/dt2119/dt2119/music_classification/datasets/audios/western_data/genres_original/country/country.00023.wav,2,country,2,country
2,train,815,815,/home/dt2119/dt2119/music_classification/datasets/audios/western_data/genres_original/reggae/reggae.00016.wav,8,reggae,8,reggae
2,train,941,941,/home/dt2119/dt2119/music_classification/datasets/audios/western_data/genres_original/rock/rock.00042.wav,9,rock,9,rock
2,train,176,176,/home/dt2119/dt2119/music_classification/datasets/audios/western_data/genres_original/classical/classical.00076.wav,1,classical,1,classical
2,train,358,358,/home/dt2119/dt2119/music_classification/datasets/audios/western_data/genres_original/disco/disco.00058.wav,3,disco,3,disco
2,train,857,857,/home/dt2119/dt2119/music_classification/datasets/audios/western_data/genres_original/reggae/reggae.00058.wav,8,reggae,8,reggae
2,train,411,411,/home/dt2119/dt2119/music_classification/datasets/audios/western_data/genres_original/hiphop/hiphop.00011.wav,4,hiphop,4,hiphop
2,train,824,824,/home/dt2119/dt2119/music_classification/datasets/audios/western_data/genres_original/reggae/reggae.00025.wav,8,reggae,8,reggae
2,train,626,626,/home/dt2119/dt2119/music_classification/datasets/audios/western_data/genres_original/metal/metal.00027.wav,6,metal,6,metal
2,train,320,320,/home/dt2119/dt2119/music_classification/datasets/audios/western_data/genres_original/disco/disco.00020.wav,3,disco,3,disco
2,train,939,939,/home/dt2119/dt2119/music_classification/datasets/audios/western_data/genres_original/rock/rock.00040.wav,9,rock,9,rock
2,train,489,489,/home/dt2119/dt2119/music_classification/datasets/audios/western_data/genres_original/hiphop/hiphop.00089.wav,4,hiphop,4,hiphop
2,train,855,855,/home/dt2119/dt2119/music_classification/datasets/audios/western_data/genres_original/reggae/reggae.00056.wav,8,reggae,8,reggae
2,train,400,400,/home/dt2119/dt2119/music_classification/datasets/audios/western_data/genres_original/hiphop/hiphop.00000.wav,4,hiphop,4,hiphop
2,train,304,304,/home/dt2119/dt2119/music_classification/datasets/audios/western_data/genres_original/disco/disco.00004.wav,3,disco,3,disco
2,train,864,864,/home/dt2119/dt2119/music_classification/datasets/audios/western_data/genres_original/reggae/reggae.00065.wav,8,reggae,8,reggae
2,train,192,192,/home/dt2119/dt2119/music_classification/datasets/audios/western_data/genres_original/classical/classical.00092.wav,1,classical,1,classical
2,train,691,691,/home/dt2119/dt2119/music_classification/datasets/audios/western_data/genres_original/metal/metal.00092.wav,6,metal,6,metal
2,train,148,148,/home/dt2119/dt2119/music_classification/datasets/audios/western_data/genres_original/classical/classical.00048.wav,1,classical,1,classical
2,train,513,513,/home/dt2119/dt2119/music_classification/datasets/audios/western_data/genres_original/jazz/jazz.00013.wav,5,jazz,5,jazz
2,train,784,784,/home/dt2119/dt2119/music_classification/datasets/audios/western_data/genres_original/pop/pop.00085.wav,7,pop,7,pop
2,train,869,869,/home/dt2119/dt2119/music_classification/datasets/audios/western_data/genres_original/reggae/reggae.00070.wav,8,reggae,8,reggae
2,train,566,566,/home/dt2119/dt2119/music_classification/datasets/audios/western_data/genres_original/jazz/jazz.00067.wav,5,jazz,5,jazz
2,train,590,590,/home/dt2119/dt2119/music_classification/datasets/audios/western_data/genres_original/jazz/jazz.00091.wav,5,jazz,5,jazz
2,train,499,499,/home/dt2119/dt2119/music_classification/datasets/audios/western_data/genres_original/hiphop/hiphop.00099.wav,4,hiphop,4,hiphop
2,train,354,354,/home/dt2119/dt2119/music_classification/datasets/audios/western_data/genres_original/disco/disco.00054.wav,3,disco,3,disco
2,train,119,119,/home/dt2119/dt2119/music_classification/datasets/audios/western_data/genres_original/classical/classical.00019.wav,1,classical,1,classical
2,train,533,533,/home/dt2119/dt2119/music_classification/datasets/audios/western_data/genres_original/jazz/jazz.00033.wav,5,jazz,5,jazz
2,train,222,222,/home/dt2119/dt2119/music_classification/datasets/audios/western_data/genres_original/country/country.00022.wav,2,country,2,country
2,train,172,172,/home/dt2119/dt2119/music_classification/datasets/audios/western_data/genres_original/classical/classical.00072.wav,1,classical,1,classical
2,train,972,972,/home/dt2119/dt2119/music_classification/datasets/audios/western_data/genres_original/rock/rock.00073.wav,9,rock,9,rock
2,train,120,120,/home/dt2119/dt2119/music_classification/datasets/audios/western_data/genres_original/classical/classical.00020.wav,1,classical,1,classical
2,train,161,161,/home/dt2119/dt2119/music_classification/datasets/audios/western_data/genres_original/classical/classical.00061.wav,1,classical,1,classical
2,train,684,684,/home/dt2119/dt2119/music_classification/datasets/audios/western_data/genres_original/metal/metal.00085.wav,6,metal,6,metal
2,train,160,160,/home/dt2119/dt2119/music_classification/datasets/audios/western_data/genres_original/classical/classical.00060.wav,1,classical,1,classical
2,train,99,99,/home/dt2119/dt2119/music_classification/datasets/audios/western_data/genres_original/blues/blues.00099.wav,0,blues,0,blues
2,train,184,184,/home/dt2119/dt2119/music_classification/datasets/audios/western_data/genres_original/classical/classical.00084.wav,1,classical,1,classical
2,train,564,564,/home/dt2119/dt2119/music_classification/datasets/audios/western_data/genres_original/jazz/jazz.00065.wav,5,jazz,5,jazz
2,train,802,802,/home/dt2119/dt2119/music_classification/datasets/audios/western_data/genres_original/reggae/reggae.00003.wav,8,reggae,8,reggae
2,train,444,444,/home/dt2119/dt2119/music_classification/datasets/audios/western_data/genres_original/hiphop/hiphop.00044.wav,4,hiphop,8,reggae
2,train,451,451,/home/dt2119/dt2119/music_classification/datasets/audios/western_data/genres_original/hiphop/hiphop.00051.wav,4,hiphop,4,hiphop
2,train,159,159,/home/dt2119/dt2119/music_classification/datasets/audios/western_data/genres_original/classical/classical.00059.wav,1,classical,1,classical
2,train,669,669,/home/dt2119/dt2119/music_classification/datasets/audios/western_data/genres_original/metal/metal.00070.wav,6,metal,6,metal
2,train,853,853,/home/dt2119/dt2119/music_classification/datasets/audios/western_data/genres_original/reggae/reggae.00054.wav,8,reggae,8,reggae
2,train,342,342,/home/dt2119/dt2119/music_classification/datasets/audios/western_data/genres_original/disco/disco.00042.wav,3,disco,3,disco
2,train,980,980,/home/dt2119/dt2119/music_classification/datasets/audios/western_data/genres_original/rock/rock.00081.wav,9,rock,9,rock
2,train,876,876,/home/dt2119/dt2119/music_classification/datasets/audios/western_data/genres_original/reggae/reggae.00077.wav,8,reggae,8,reggae
2,train,14,14,/home/dt2119/dt2119/music_classification/datasets/audios/western_data/genres_original/blues/blues.00014.wav,0,blues,0,blues
2,train,569,569,/home/dt2119/dt2119/music_classification/datasets/audios/western_data/genres_original/jazz/jazz.00070.wav,5,jazz,5,jazz
2,train,696,696,/home/dt2119/dt2119/music_classification/datasets/audios/western_data/genres_original/metal/metal.00097.wav,6,metal,6,metal
2,train,700,700,/home/dt2119/dt2119/music_classification/datasets/audios/western_data/genres_original/pop/pop.00001.wav,7,pop,7,pop
2,train,521,521,/home/dt2119/dt2119/music_classification/datasets/audios/western_data/genres_original/jazz/jazz.00021.wav,5,jazz,5,jazz
2,train,95,95,/home/dt2119/dt2119/music_classification/datasets/audios/western_data/genres_original/blues/blues.00095.wav,0,blues,0,blues
2,train,554,554,/home/dt2119/dt2119/music_classification/datasets/audios/western_data/genres_original/jazz/jazz.00055.wav,5,jazz,5,jazz
2,train,812,812,/home/dt2119/dt2119/music_classification/datasets/audios/western_data/genres_original/reggae/reggae.00013.wav,8,reggae,8,reggae
2,train,182,182,/home/dt2119/dt2119/music_classification/datasets/audios/western_data/genres_original/classical/classical.00082.wav,1,classical,1,classical
2,train,135,135,/home/dt2119/dt2119/music_classification/datasets/audios/western_data/genres_original/classical/classical.00035.wav,1,classical,1,classical
2,train,620,620,/home/dt2119/dt2119/music_classification/datasets/audios/western_data/genres_original/metal/metal.00021.wav,6,metal,6,metal
2,train,472,472,/home/dt2119/dt2119/music_classification/datasets/audios/western_data/genres_original/hiphop/hiphop.00072.wav,4,hiphop,4,hiphop
2,train,380,380,/home/dt2119/dt2119/music_classification/datasets/audios/western_data/genres_original/disco/disco.00080.wav,3,disco,3,disco
2,train,957,957,/home/dt2119/dt2119/music_classification/datasets/audios/western_data/genres_original/rock/rock.00058.wav,9,rock,9,rock
2,train,191,191,/home/dt2119/dt2119/music_classification/datasets/audios/western_data/genres_original/classical/classical.00091.wav,1,classical,1,classical
2,train,311,311,/home/dt2119/dt2119/music_classification/datasets/audios/western_data/genres_original/disco/disco.00011.wav,3,disco,3,disco
2,train,435,435,/home/dt2119/dt2119/music_classification/datasets/audios/western_data/genres_original/hiphop/hiphop.00035.wav,4,hiphop,4,hiphop
2,train,713,713,/home/dt2119/dt2119/music_classification/datasets/audios/western_data/genres_original/pop/pop.00014.wav,7,pop,8,reggae
2,train,666,666,/home/dt2119/dt2119/music_classification/datasets/audios/western_data/genres_original/metal/metal.00067.wav,6,metal,6,metal
2,train,523,523,/home/dt2119/dt2119/music_classification/datasets/audios/western_data/genres_original/jazz/jazz.00023.wav,5,jazz,5,jazz
2,train,107,107,/home/dt2119/dt2119/music_classification/datasets/audios/western_data/genres_original/classical/classical.00007.wav,1,classical,1,classical
2,train,315,315,/home/dt2119/dt2119/music_classification/datasets/audios/western_data/genres_original/disco/disco.00015.wav,3,disco,3,disco
2,train,519,519,/home/dt2119/dt2119/music_classification/datasets/audios/western_data/genres_original/jazz/jazz.00019.wav,5,jazz,5,jazz
2,train,973,973,/home/dt2119/dt2119/music_classification/datasets/audios/western_data/genres_original/rock/rock.00074.wav,9,rock,9,rock
2,train,347,347,/home/dt2119/dt2119/music_classification/datasets/audios/western_data/genres_original/disco/disco.00047.wav,3,disco,5,jazz
2,train,507,507,/home/dt2119/dt2119/music_classification/datasets/audios/western_data/genres_original/jazz/jazz.00007.wav,5,jazz,5,jazz
2,train,560,560,/home/dt2119/dt2119/music_classification/datasets/audios/western_data/genres_original/jazz/jazz.00061.wav,5,jazz,5,jazz
2,train,242,242,/home/dt2119/dt2119/music_classification/datasets/audios/western_data/genres_original/country/country.00042.wav,2,country,9,rock
2,train,228,228,/home/dt2119/dt2119/music_classification/datasets/audios/western_data/genres_original/country/country.00028.wav,2,country,2,country
2,train,704,704,/home/dt2119/dt2119/music_classification/datasets/audios/western_data/genres_original/pop/pop.00005.wav,7,pop,7,pop
2,train,461,461,/home/dt2119/dt2119/music_classification/datasets/audios/western_data/genres_original/hiphop/hiphop.00061.wav,4,hiphop,4,hiphop
2,train,466,466,/home/dt2119/dt2119/music_classification/datasets/audios/western_data/genres_original/hiphop/hiphop.00066.wav,4,hiphop,4,hiphop
2,train,197,197,/home/dt2119/dt2119/music_classification/datasets/audios/western_data/genres_original/classical/classical.00097.wav,1,classical,1,classical
2,train,403,403,/home/dt2119/dt2119/music_classification/datasets/audios/western_data/genres_original/hiphop/hiphop.00003.wav,4,hiphop,4,hiphop
2,train,868,868,/home/dt2119/dt2119/music_classification/datasets/audios/western_data/genres_original/reggae/reggae.00069.wav,8,reggae,8,reggae
2,train,571,571,/home/dt2119/dt2119/music_classification/datasets/audios/western_data/genres_original/jazz/jazz.00072.wav,5,jazz,5,jazz
2,train,547,547,/home/dt2119/dt2119/music_classification/datasets/audios/western_data/genres_original/jazz/jazz.00047.wav,5,jazz,5,jazz
2,train,467,467,/home/dt2119/dt2119/music_classification/datasets/audios/western_data/genres_original/hiphop/hiphop.00067.wav,4,hiphop,4,hiphop
2,train,945,945,/home/dt2119/dt2119/music_classification/datasets/audios/western_data/genres_original/rock/rock.00046.wav,9,rock,9,rock
2,train,946,946,/home/dt2119/dt2119/music_classification/datasets/audios/western_data/genres_original/rock/rock.00047.wav,9,rock,9,rock
2,train,814,814,/home/dt2119/dt2119/music_classification/datasets/audios/western_data/genres_original/reggae/reggae.00015.wav,8,reggae,8,reggae
2,train,528,528,/home/dt2119/dt2119/music_classification/datasets/audios/western_data/genres_original/jazz/jazz.00028.wav,5,jazz,5,jazz
2,train,633,633,/home/dt2119/dt2119/music_classification/datasets/audios/western_data/genres_original/metal/metal.00034.wav,6,metal,6,metal
2,train,505,505,/home/dt2119/dt2119/music_classification/datasets/audios/western_data/genres_original/jazz/jazz.00005.wav,5,jazz,5,jazz
2,train,465,465,/home/dt2119/dt2119/music_classification/datasets/audios/western_data/genres_original/hiphop/hiphop.00065.wav,4,hiphop,4,hiphop
2,train,799,799,/home/dt2119/dt2119/music_classification/datasets/audios/western_data/genres_original/reggae/reggae.00000.wav,8,reggae,8,reggae
2,train,147,147,/home/dt2119/dt2119/music_classification/datasets/audios/western_data/genres_original/classical/classical.00047.wav,1,classical,1,classical
2,train,964,964,/home/dt2119/dt2119/music_classification/datasets/audios/western_data/genres_original/rock/rock.00065.wav,9,rock,9,rock
2,train,420,420,/home/dt2119/dt2119/music_classification/datasets/audios/western_data/genres_original/hiphop/hiphop.00020.wav,4,hiphop,4,hiphop
2,train,670,670,/home/dt2119/dt2119/music_classification/datasets/audios/western_data/genres_original/metal/metal.00071.wav,6,metal,6,metal
2,train,103,103,/home/dt2119/dt2119/music_classification/datasets/audios/western_data/genres_original/classical/classical.00003.wav,1,classical,1,classical
2,train,106,106,/home/dt2119/dt2119/music_classification/datasets/audios/western_data/genres_original/classical/classical.00006.wav,1,classical,1,classical
2,train,706,706,/home/dt2119/dt2119/music_classification/datasets/audios/western_data/genres_original/pop/pop.00007.wav,7,pop,7,pop
2,train,942,942,/home/dt2119/dt2119/music_classification/datasets/audios/western_data/genres_original/rock/rock.00043.wav,9,rock,9,rock
2,train,935,935,/home/dt2119/dt2119/music_classification/datasets/audios/western_data/genres_original/rock/rock.00036.wav,9,rock,9,rock
2,train,982,982,/home/dt2119/dt2119/music_classification/datasets/audios/western_data/genres_original/rock/rock.00083.wav,9,rock,9,rock
2,train,26,26,/home/dt2119/dt2119/music_classification/datasets/audios/western_data/genres_original/blues/blues.00026.wav,0,blues,0,blues
2,train,546,546,/home/dt2119/dt2119/music_classification/datasets/audios/western_data/genres_original/jazz/jazz.00046.wav,5,jazz,5,jazz
2,train,476,476,/home/dt2119/dt2119/music_classification/datasets/audios/western_data/genres_original/hiphop/hiphop.00076.wav,4,hiphop,4,hiphop
2,train,995,995,/home/dt2119/dt2119/music_classification/datasets/audios/western_data/genres_original/rock/rock.00096.wav,9,rock,9,rock
2,train,416,416,/home/dt2119/dt2119/music_classification/datasets/audios/western_data/genres_original/hiphop/hiphop.00016.wav,4,hiphop,4,hiphop
2,train,66,66,/home/dt2119/dt2119/music_classification/datasets/audios/western_data/genres_original/blues/blues.00066.wav,0,blues,0,blues
2,train,660,660,/home/dt2119/dt2119/music_classification/datasets/audios/western_data/genres_original/metal/metal.00061.wav,6,metal,6,metal
2,train,69,69,/home/dt2119/dt2119/music_classification/datasets/audios/western_data/genres_original/blues/blues.00069.wav,0,blues,0,blues
2,train,407,407,/home/dt2119/dt2119/music_classification/datasets/audios/western_data/genres_original/hiphop/hiphop.00007.wav,4,hiphop,4,hiphop
2,train,527,527,/home/dt2119/dt2119/music_classification/datasets/audios/western_data/genres_original/jazz/jazz.00027.wav,5,jazz,5,jazz
2,train,200,200,/home/dt2119/dt2119/music_classification/datasets/audios/western_data/genres_original/country/country.00000.wav,2,country,2,country
2,train,428,428,/home/dt2119/dt2119/music_classification/datasets/audios/western_data/genres_original/hiphop/hiphop.00028.wav,4,hiphop,4,hiphop
2,train,429,429,/home/dt2119/dt2119/music_classification/datasets/audios/western_data/genres_original/hiphop/hiphop.00029.wav,4,hiphop,4,hiphop
2,train,126,126,/home/dt2119/dt2119/music_classification/datasets/audios/western_data/genres_original/classical/classical.00026.wav,1,classical,1,classical
2,train,698,698,/home/dt2119/dt2119/music_classification/datasets/audios/western_data/genres_original/metal/metal.00099.wav,6,metal,6,metal
2,train,965,965,/home/dt2119/dt2119/music_classification/datasets/audios/western_data/genres_original/rock/rock.00066.wav,9,rock,9,rock
2,train,341,341,/home/dt2119/dt2119/music_classification/datasets/audios/western_data/genres_original/disco/disco.00041.wav,3,disco,2,country
2,train,510,510,/home/dt2119/dt2119/music_classification/datasets/audios/western_data/genres_original/jazz/jazz.00010.wav,5,jazz,5,jazz
2,train,798,798,/home/dt2119/dt2119/music_classification/datasets/audios/western_data/genres_original/pop/pop.00099.wav,7,pop,7,pop
2,train,88,88,/home/dt2119/dt2119/music_classification/datasets/audios/western_data/genres_original/blues/blues.00088.wav,0,blues,0,blues
2,train,386,386,/home/dt2119/dt2119/music_classification/datasets/audios/western_data/genres_original/disco/disco.00086.wav,3,disco,3,disco
2,train,98,98,/home/dt2119/dt2119/music_classification/datasets/audios/western_data/genres_original/blues/blues.00098.wav,0,blues,0,blues
2,train,550,550,/home/dt2119/dt2119/music_classification/datasets/audios/western_data/genres_original/jazz/jazz.00050.wav,5,jazz,5,jazz
2,train,947,947,/home/dt2119/dt2119/music_classification/datasets/audios/western_data/genres_original/rock/rock.00048.wav,9,rock,9,rock
2,train,156,156,/home/dt2119/dt2119/music_classification/datasets/audios/western_data/genres_original/classical/classical.00056.wav,1,classical,1,classical
2,train,549,549,/home/dt2119/dt2119/music_classification/datasets/audios/western_data/genres_original/jazz/jazz.00049.wav,5,jazz,5,jazz
2,train,124,124,/home/dt2119/dt2119/music_classification/datasets/audios/western_data/genres_original/classical/classical.00024.wav,1,classical,1,classical
2,train,456,456,/home/dt2119/dt2119/music_classification/datasets/audios/western_data/genres_original/hiphop/hiphop.00056.wav,4,hiphop,4,hiphop
2,train,22,22,/home/dt2119/dt2119/music_classification/datasets/audios/western_data/genres_original/blues/blues.00022.wav,0,blues,0,blues
2,train,745,745,/home/dt2119/dt2119/music_classification/datasets/audios/western_data/genres_original/pop/pop.00046.wav,7,pop,7,pop
2,train,994,994,/home/dt2119/dt2119/music_classification/datasets/audios/western_data/genres_original/rock/rock.00095.wav,9,rock,9,rock
2,train,446,446,/home/dt2119/dt2119/music_classification/datasets/audios/western_data/genres_original/hiphop/hiphop.00046.wav,4,hiphop,4,hiphop
2,train,984,984,/home/dt2119/dt2119/music_classification/datasets/audios/western_data/genres_original/rock/rock.00085.wav,9,rock,9,rock
2,train,822,822,/home/dt2119/dt2119/music_classification/datasets/audios/western_data/genres_original/reggae/reggae.00023.wav,8,reggae,8,reggae
2,train,896,896,/home/dt2119/dt2119/music_classification/datasets/audios/western_data/genres_original/reggae/reggae.00097.wav,8,reggae,8,reggae
2,train,567,567,/home/dt2119/dt2119/music_classification/datasets/audios/western_data/genres_original/jazz/jazz.00068.wav,5,jazz,5,jazz
2,train,363,363,/home/dt2119/dt2119/music_classification/datasets/audios/western_data/genres_original/disco/disco.00063.wav,3,disco,3,disco
2,train,60,60,/home/dt2119/dt2119/music_classification/datasets/audios/western_data/genres_original/blues/blues.00060.wav,0,blues,0,blues
2,train,344,344,/home/dt2119/dt2119/music_classification/datasets/audios/western_data/genres_original/disco/disco.00044.wav,3,disco,3,disco
2,train,692,692,/home/dt2119/dt2119/music_classification/datasets/audios/western_data/genres_original/metal/metal.00093.wav,6,metal,6,metal
2,train,749,749,/home/dt2119/dt2119/music_classification/datasets/audios/western_data/genres_original/pop/pop.00050.wav,7,pop,7,pop
2,train,487,487,/home/dt2119/dt2119/music_classification/datasets/audios/western_data/genres_original/hiphop/hiphop.00087.wav,4,hiphop,4,hiphop
2,train,248,248,/home/dt2119/dt2119/music_classification/datasets/audios/western_data/genres_original/country/country.00048.wav,2,country,2,country
2,train,357,357,/home/dt2119/dt2119/music_classification/datasets/audios/western_data/genres_original/disco/disco.00057.wav,3,disco,3,disco
2,train,977,977,/home/dt2119/dt2119/music_classification/datasets/audios/western_data/genres_original/rock/rock.00078.wav,9,rock,9,rock
2,train,113,113,/home/dt2119/dt2119/music_classification/datasets/audios/western_data/genres_original/classical/classical.00013.wav,1,classical,1,classical
2,train,534,534,/home/dt2119/dt2119/music_classification/datasets/audios/western_data/genres_original/jazz/jazz.00034.wav,5,jazz,5,jazz
2,train,883,883,/home/dt2119/dt2119/music_classification/datasets/audios/western_data/genres_original/reggae/reggae.00084.wav,8,reggae,8,reggae
2,train,786,786,/home/dt2119/dt2119/music_classification/datasets/audios/western_data/genres_original/pop/pop.00087.wav,7,pop,7,pop
2,train,530,530,/home/dt2119/dt2119/music_classification/datasets/audios/western_data/genres_original/jazz/jazz.00030.wav,5,jazz,5,jazz
2,train,111,111,/home/dt2119/dt2119/music_classification/datasets/audios/western_data/genres_original/classical/classical.00011.wav,1,classical,1,classical
2,train,651,651,/home/dt2119/dt2119/music_classification/datasets/audios/western_data/genres_original/metal/metal.00052.wav,6,metal,6,metal
2,train,963,963,/home/dt2119/dt2119/music_classification/datasets/audios/western_data/genres_original/rock/rock.00064.wav,9,rock,9,rock
2,train,816,816,/home/dt2119/dt2119/music_classification/datasets/audios/western_data/genres_original/reggae/reggae.00017.wav,8,reggae,8,reggae
2,train,641,641,/home/dt2119/dt2119/music_classification/datasets/audios/western_data/genres_original/metal/metal.00042.wav,6,metal,6,metal
2,train,129,129,/home/dt2119/dt2119/music_classification/datasets/audios/western_data/genres_original/classical/classical.00029.wav,1,classical,1,classical
2,train,604,604,/home/dt2119/dt2119/music_classification/datasets/audios/western_data/genres_original/metal/metal.00005.wav,6,metal,6,metal
2,train,427,427,/home/dt2119/dt2119/music_classification/datasets/audios/western_data/genres_original/hiphop/hiphop.00027.wav,4,hiphop,4,hiphop
2,train,601,601,/home/dt2119/dt2119/music_classification/datasets/audios/western_data/genres_original/metal/metal.00002.wav,6,metal,6,metal
2,train,340,340,/home/dt2119/dt2119/music_classification/datasets/audios/western_data/genres_original/disco/disco.00040.wav,3,disco,3,disco
2,train,23,23,/home/dt2119/dt2119/music_classification/datasets/audios/western_data/genres_original/blues/blues.00023.wav,0,blues,0,blues
2,train,118,118,/home/dt2119/dt2119/music_classification/datasets/audios/western_data/genres_original/classical/classical.00018.wav,1,classical,1,classical
2,train,800,800,/home/dt2119/dt2119/music_classification/datasets/audios/western_data/genres_original/reggae/reggae.00001.wav,8,reggae,8,reggae
2,train,352,352,/home/dt2119/dt2119/music_classification/datasets/audios/western_data/genres_original/disco/disco.00052.wav,3,disco,3,disco
2,train,877,877,/home/dt2119/dt2119/music_classification/datasets/audios/western_data/genres_original/reggae/reggae.00078.wav,8,reggae,8,reggae
2,train,826,826,/home/dt2119/dt2119/music_classification/datasets/audios/western_data/genres_original/reggae/reggae.00027.wav,8,reggae,8,reggae
2,train,573,573,/home/dt2119/dt2119/music_classification/datasets/audios/western_data/genres_original/jazz/jazz.00074.wav,5,jazz,5,jazz
2,train,202,202,/home/dt2119/dt2119/music_classification/datasets/audios/western_data/genres_original/country/country.00002.wav,2,country,0,blues
2,train,87,87,/home/dt2119/dt2119/music_classification/datasets/audios/western_data/genres_original/blues/blues.00087.wav,0,blues,0,blues
2,train,115,115,/home/dt2119/dt2119/music_classification/datasets/audios/western_data/genres_original/classical/classical.00015.wav,1,classical,1,classical
2,train,996,996,/home/dt2119/dt2119/music_classification/datasets/audios/western_data/genres_original/rock/rock.00097.wav,9,rock,9,rock
2,train,414,414,/home/dt2119/dt2119/music_classification/datasets/audios/western_data/genres_original/hiphop/hiphop.00014.wav,4,hiphop,4,hiphop
2,train,13,13,/home/dt2119/dt2119/music_classification/datasets/audios/western_data/genres_original/blues/blues.00013.wav,0,blues,0,blues
2,train,212,212,/home/dt2119/dt2119/music_classification/datasets/audios/western_data/genres_original/country/country.00012.wav,2,country,2,country
2,train,938,938,/home/dt2119/dt2119/music_classification/datasets/audios/western_data/genres_original/rock/rock.00039.wav,9,rock,9,rock
2,train,508,508,/home/dt2119/dt2119/music_classification/datasets/audios/western_data/genres_original/jazz/jazz.00008.wav,5,jazz,5,jazz
2,train,303,303,/home/dt2119/dt2119/music_classification/datasets/audios/western_data/genres_original/disco/disco.00003.wav,3,disco,3,disco
2,train,970,970,/home/dt2119/dt2119/music_classification/datasets/audios/western_data/genres_original/rock/rock.00071.wav,9,rock,9,rock
2,train,332,332,/home/dt2119/dt2119/music_classification/datasets/audios/western_data/genres_original/disco/disco.00032.wav,3,disco,3,disco
2,train,679,679,/home/dt2119/dt2119/music_classification/datasets/audios/western_data/genres_original/metal/metal.00080.wav,6,metal,6,metal
2,train,811,811,/home/dt2119/dt2119/music_classification/datasets/audios/western_data/genres_original/reggae/reggae.00012.wav,8,reggae,8,reggae
2,train,24,24,/home/dt2119/dt2119/music_classification/datasets/audios/western_data/genres_original/blues/blues.00024.wav,0,blues,0,blues
2,train,512,512,/home/dt2119/dt2119/music_classification/datasets/audios/western_data/genres_original/jazz/jazz.00012.wav,5,jazz,5,jazz
2,train,540,540,/home/dt2119/dt2119/music_classification/datasets/audios/western_data/genres_original/jazz/jazz.00040.wav,5,jazz,5,jazz
2,train,793,793,/home/dt2119/dt2119/music_classification/datasets/audios/western_data/genres_original/pop/pop.00094.wav,7,pop,7,pop
2,train,408,408,/home/dt2119/dt2119/music_classification/datasets/audios/western_data/genres_original/hiphop/hiphop.00008.wav,4,hiphop,4,hiphop
2,train,796,796,/home/dt2119/dt2119/music_classification/datasets/audios/western_data/genres_original/pop/pop.00097.wav,7,pop,4,hiphop
2,train,648,648,/home/dt2119/dt2119/music_classification/datasets/audios/western_data/genres_original/metal/metal.00049.wav,6,metal,6,metal
2,train,394,394,/home/dt2119/dt2119/music_classification/datasets/audios/western_data/genres_original/disco/disco.00094.wav,3,disco,3,disco
2,train,463,463,/home/dt2119/dt2119/music_classification/datasets/audios/western_data/genres_original/hiphop/hiphop.00063.wav,4,hiphop,4,hiphop
2,train,145,145,/home/dt2119/dt2119/music_classification/datasets/audios/western_data/genres_original/classical/classical.00045.wav,1,classical,1,classical
2,train,449,449,/home/dt2119/dt2119/music_classification/datasets/audios/western_data/genres_original/hiphop/hiphop.00049.wav,4,hiphop,4,hiphop
2,train,586,586,/home/dt2119/dt2119/music_classification/datasets/audios/western_data/genres_original/jazz/jazz.00087.wav,5,jazz,5,jazz
2,train,667,667,/home/dt2119/dt2119/music_classification/datasets/audios/western_data/genres_original/metal/metal.00068.wav,6,metal,6,metal
2,train,122,122,/home/dt2119/dt2119/music_classification/datasets/audios/western_data/genres_original/classical/classical.00022.wav,1,classical,1,classical
2,train,217,217,/home/dt2119/dt2119/music_classification/datasets/audios/western_data/genres_original/country/country.00017.wav,2,country,2,country
2,train,998,998,/home/dt2119/dt2119/music_classification/datasets/audios/western_data/genres_original/rock/rock.00099.wav,9,rock,9,rock
2,train,356,356,/home/dt2119/dt2119/music_classification/datasets/audios/western_data/genres_original/disco/disco.00056.wav,3,disco,3,disco
2,train,805,805,/home/dt2119/dt2119/music_classification/datasets/audios/western_data/genres_original/reggae/reggae.00006.wav,8,reggae,8,reggae
2,train,21,21,/home/dt2119/dt2119/music_classification/datasets/audios/western_data/genres_original/blues/blues.00021.wav,0,blues,0,blues
2,train,294,294,/home/dt2119/dt2119/music_classification/datasets/audios/western_data/genres_original/country/country.00094.wav,2,country,2,country
2,train,169,169,/home/dt2119/dt2119/music_classification/datasets/audios/western_data/genres_original/classical/classical.00069.wav,1,classical,1,classical
2,train,57,57,/home/dt2119/dt2119/music_classification/datasets/audios/western_data/genres_original/blues/blues.00057.wav,0,blues,0,blues
2,train,496,496,/home/dt2119/dt2119/music_classification/datasets/audios/western_data/genres_original/hiphop/hiphop.00096.wav,4,hiphop,4,hiphop
2,train,820,820,/home/dt2119/dt2119/music_classification/datasets/audios/western_data/genres_original/reggae/reggae.00021.wav,8,reggae,8,reggae
2,train,588,588,/home/dt2119/dt2119/music_classification/datasets/audios/western_data/genres_original/jazz/jazz.00089.wav,5,jazz,5,jazz
2,train,821,821,/home/dt2119/dt2119/music_classification/datasets/audios/western_data/genres_original/reggae/reggae.00022.wav,8,reggae,8,reggae
2,train,405,405,/home/dt2119/dt2119/music_classification/datasets/audios/western_data/genres_original/hiphop/hiphop.00005.wav,4,hiphop,4,hiphop
2,train,764,764,/home/dt2119/dt2119/music_classification/datasets/audios/western_data/genres_original/pop/pop.00065.wav,7,pop,7,pop
2,train,709,709,/home/dt2119/dt2119/music_classification/datasets/audios/western_data/genres_original/pop/pop.00010.wav,7,pop,8,reggae
2,train,840,840,/home/dt2119/dt2119/music_classification/datasets/audios/western_data/genres_original/reggae/reggae.00041.wav,8,reggae,8,reggae
2,train,762,762,/home/dt2119/dt2119/music_classification/datasets/audios/western_data/genres_original/pop/pop.00063.wav,7,pop,7,pop
2,train,538,538,/home/dt2119/dt2119/music_classification/datasets/audios/western_data/genres_original/jazz/jazz.00038.wav,5,jazz,5,jazz
2,train,183,183,/home/dt2119/dt2119/music_classification/datasets/audios/western_data/genres_original/classical/classical.00083.wav,1,classical,1,classical
2,train,748,748,/home/dt2119/dt2119/music_classification/datasets/audios/western_data/genres_original/pop/pop.00049.wav,7,pop,7,pop
2,train,591,591,/home/dt2119/dt2119/music_classification/datasets/audios/western_data/genres_original/jazz/jazz.00092.wav,5,jazz,5,jazz
2,train,65,65,/home/dt2119/dt2119/music_classification/datasets/audios/western_data/genres_original/blues/blues.00065.wav,0,blues,0,blues
2,train,323,323,/home/dt2119/dt2119/music_classification/datasets/audios/western_data/genres_original/disco/disco.00023.wav,3,disco,7,pop
2,train,940,940,/home/dt2119/dt2119/music_classification/datasets/audios/western_data/genres_original/rock/rock.00041.wav,9,rock,9,rock
2,train,417,417,/home/dt2119/dt2119/music_classification/datasets/audios/western_data/genres_original/hiphop/hiphop.00017.wav,4,hiphop,4,hiphop
2,train,708,708,/home/dt2119/dt2119/music_classification/datasets/audios/western_data/genres_original/pop/pop.00009.wav,7,pop,7,pop
2,train,150,150,/home/dt2119/dt2119/music_classification/datasets/audios/western_data/genres_original/classical/classical.00050.wav,1,classical,1,classical
2,train,473,473,/home/dt2119/dt2119/music_classification/datasets/audios/western_data/genres_original/hiphop/hiphop.00073.wav,4,hiphop,4,hiphop
2,train,992,992,/home/dt2119/dt2119/music_classification/datasets/audios/western_data/genres_original/rock/rock.00093.wav,9,rock,9,rock
2,train,491,491,/home/dt2119/dt2119/music_classification/datasets/audios/western_data/genres_original/hiphop/hiphop.00091.wav,4,hiphop,4,hiphop
2,train,112,112,/home/dt2119/dt2119/music_classification/datasets/audios/western_data/genres_original/classical/classical.00012.wav,1,classical,1,classical
2,train,493,493,/home/dt2119/dt2119/music_classification/datasets/audios/western_data/genres_original/hiphop/hiphop.00093.wav,4,hiphop,4,hiphop
2,train,688,688,/home/dt2119/dt2119/music_classification/datasets/audios/western_data/genres_original/metal/metal.00089.wav,6,metal,6,metal
2,train,978,978,/home/dt2119/dt2119/music_classification/datasets/audios/western_data/genres_original/rock/rock.00079.wav,9,rock,9,rock
2,train,415,415,/home/dt2119/dt2119/music_classification/datasets/audios/western_data/genres_original/hiphop/hiphop.00015.wav,4,hiphop,4,hiphop
2,train,498,498,/home/dt2119/dt2119/music_classification/datasets/audios/western_data/genres_original/hiphop/hiphop.00098.wav,4,hiphop,4,hiphop
2,train,17,17,/home/dt2119/dt2119/music_classification/datasets/audios/western_data/genres_original/blues/blues.00017.wav,0,blues,0,blues
2,train,801,801,/home/dt2119/dt2119/music_classification/datasets/audios/western_data/genres_original/reggae/reggae.00002.wav,8,reggae,8,reggae
2,train,882,882,/home/dt2119/dt2119/music_classification/datasets/audios/western_data/genres_original/reggae/reggae.00083.wav,8,reggae,8,reggae
2,train,806,806,/home/dt2119/dt2119/music_classification/datasets/audios/western_data/genres_original/reggae/reggae.00007.wav,8,reggae,8,reggae
2,train,404,404,/home/dt2119/dt2119/music_classification/datasets/audios/western_data/genres_original/hiphop/hiphop.00004.wav,4,hiphop,4,hiphop
2,train,455,455,/home/dt2119/dt2119/music_classification/datasets/audios/western_data/genres_original/hiphop/hiphop.00055.wav,4,hiphop,4,hiphop
2,train,381,381,/home/dt2119/dt2119/music_classification/datasets/audios/western_data/genres_original/disco/disco.00081.wav,3,disco,3,disco
2,train,858,858,/home/dt2119/dt2119/music_classification/datasets/audios/western_data/genres_original/reggae/reggae.00059.wav,8,reggae,8,reggae
2,train,418,418,/home/dt2119/dt2119/music_classification/datasets/audios/western_data/genres_original/hiphop/hiphop.00018.wav,4,hiphop,4,hiphop
2,train,652,652,/home/dt2119/dt2119/music_classification/datasets/audios/western_data/genres_original/metal/metal.00053.wav,6,metal,6,metal
2,train,425,425,/home/dt2119/dt2119/music_classification/datasets/audios/western_data/genres_original/hiphop/hiphop.00025.wav,4,hiphop,4,hiphop
2,train,562,562,/home/dt2119/dt2119/music_classification/datasets/audios/western_data/genres_original/jazz/jazz.00063.wav,5,jazz,5,jazz
2,train,195,195,/home/dt2119/dt2119/music_classification/datasets/audios/western_data/genres_original/classical/classical.00095.wav,1,classical,1,classical
2,train,592,592,/home/dt2119/dt2119/music_classification/datasets/audios/western_data/genres_original/jazz/jazz.00093.wav,5,jazz,5,jazz
2,train,143,143,/home/dt2119/dt2119/music_classification/datasets/audios/western_data/genres_original/classical/classical.00043.wav,1,classical,1,classical
2,train,895,895,/home/dt2119/dt2119/music_classification/datasets/audios/western_data/genres_original/reggae/reggae.00096.wav,8,reggae,8,reggae
2,train,506,506,/home/dt2119/dt2119/music_classification/datasets/audios/western_data/genres_original/jazz/jazz.00006.wav,5,jazz,5,jazz
2,train,469,469,/home/dt2119/dt2119/music_classification/datasets/audios/western_data/genres_original/hiphop/hiphop.00069.wav,4,hiphop,4,hiphop
2,train,655,655,/home/dt2119/dt2119/music_classification/datasets/audios/western_data/genres_original/metal/metal.00056.wav,6,metal,6,metal
2,train,681,681,/home/dt2119/dt2119/music_classification/datasets/audios/western_data/genres_original/metal/metal.00082.wav,6,metal,6,metal
2,train,848,848,/home/dt2119/dt2119/music_classification/datasets/audios/western_data/genres_original/reggae/reggae.00049.wav,8,reggae,8,reggae
2,train,497,497,/home/dt2119/dt2119/music_classification/datasets/audios/western_data/genres_original/hiphop/hiphop.00097.wav,4,hiphop,4,hiphop
2,train,502,502,/home/dt2119/dt2119/music_classification/datasets/audios/western_data/genres_original/jazz/jazz.00002.wav,5,jazz,5,jazz
2,train,608,608,/home/dt2119/dt2119/music_classification/datasets/audios/western_data/genres_original/metal/metal.00009.wav,6,metal,6,metal
2,train,157,157,/home/dt2119/dt2119/music_classification/datasets/audios/western_data/genres_original/classical/classical.00057.wav,1,classical,1,classical
2,train,639,639,/home/dt2119/dt2119/music_classification/datasets/audios/western_data/genres_original/metal/metal.00040.wav,6,metal,6,metal
2,train,85,85,/home/dt2119/dt2119/music_classification/datasets/audios/western_data/genres_original/blues/blues.00085.wav,0,blues,0,blues
2,train,125,125,/home/dt2119/dt2119/music_classification/datasets/audios/western_data/genres_original/classical/classical.00025.wav,1,classical,1,classical
2,train,174,174,/home/dt2119/dt2119/music_classification/datasets/audios/western_data/genres_original/classical/classical.00074.wav,1,classical,1,classical
2,train,933,933,/home/dt2119/dt2119/music_classification/datasets/audios/western_data/genres_original/rock/rock.00034.wav,9,rock,9,rock
2,train,108,108,/home/dt2119/dt2119/music_classification/datasets/audios/western_data/genres_original/classical/classical.00008.wav,1,classical,1,classical
2,train,61,61,/home/dt2119/dt2119/music_classification/datasets/audios/western_data/genres_original/blues/blues.00061.wav,0,blues,0,blues
2,train,782,782,/home/dt2119/dt2119/music_classification/datasets/audios/western_data/genres_original/pop/pop.00083.wav,7,pop,7,pop
2,train,818,818,/home/dt2119/dt2119/music_classification/datasets/audios/western_data/genres_original/reggae/reggae.00019.wav,8,reggae,8,reggae
2,train,960,960,/home/dt2119/dt2119/music_classification/datasets/audios/western_data/genres_original/rock/rock.00061.wav,9,rock,9,rock
2,train,501,501,/home/dt2119/dt2119/music_classification/datasets/audios/western_data/genres_original/jazz/jazz.00001.wav,5,jazz,5,jazz
2,train,893,893,/home/dt2119/dt2119/music_classification/datasets/audios/western_data/genres_original/reggae/reggae.00094.wav,8,reggae,8,reggae
2,train,680,680,/home/dt2119/dt2119/music_classification/datasets/audios/western_data/genres_original/metal/metal.00081.wav,6,metal,6,metal
2,train,443,443,/home/dt2119/dt2119/music_classification/datasets/audios/western_data/genres_original/hiphop/hiphop.00043.wav,4,hiphop,4,hiphop
2,train,171,171,/home/dt2119/dt2119/music_classification/datasets/audios/western_data/genres_original/classical/classical.00071.wav,1,classical,1,classical
2,train,458,458,/home/dt2119/dt2119/music_classification/datasets/audios/western_data/genres_original/hiphop/hiphop.00058.wav,4,hiphop,4,hiphop
2,train,346,346,/home/dt2119/dt2119/music_classification/datasets/audios/western_data/genres_original/disco/disco.00046.wav,3,disco,3,disco
2,train,239,239,/home/dt2119/dt2119/music_classification/datasets/audios/western_data/genres_original/country/country.00039.wav,2,country,7,pop
2,train,367,367,/home/dt2119/dt2119/music_classification/datasets/audios/western_data/genres_original/disco/disco.00067.wav,3,disco,3,disco
2,train,795,795,/home/dt2119/dt2119/music_classification/datasets/audios/western_data/genres_original/pop/pop.00096.wav,7,pop,7,pop
2,train,154,154,/home/dt2119/dt2119/music_classification/datasets/audios/western_data/genres_original/classical/classical.00054.wav,1,classical,1,classical
2,train,392,392,/home/dt2119/dt2119/music_classification/datasets/audios/western_data/genres_original/disco/disco.00092.wav,3,disco,3,disco
2,train,536,536,/home/dt2119/dt2119/music_classification/datasets/audios/western_data/genres_original/jazz/jazz.00036.wav,5,jazz,5,jazz
2,train,470,470,/home/dt2119/dt2119/music_classification/datasets/audios/western_data/genres_original/hiphop/hiphop.00070.wav,4,hiphop,4,hiphop
2,train,25,25,/home/dt2119/dt2119/music_classification/datasets/audios/western_data/genres_original/blues/blues.00025.wav,0,blues,0,blues
2,train,516,516,/home/dt2119/dt2119/music_classification/datasets/audios/western_data/genres_original/jazz/jazz.00016.wav,5,jazz,5,jazz
2,train,645,645,/home/dt2119/dt2119/music_classification/datasets/audios/western_data/genres_original/metal/metal.00046.wav,6,metal,6,metal
2,train,110,110,/home/dt2119/dt2119/music_classification/datasets/audios/western_data/genres_original/classical/classical.00010.wav,1,classical,1,classical
2,train,123,123,/home/dt2119/dt2119/music_classification/datasets/audios/western_data/genres_original/classical/classical.00023.wav,1,classical,1,classical
2,train,515,515,/home/dt2119/dt2119/music_classification/datasets/audios/western_data/genres_original/jazz/jazz.00015.wav,5,jazz,5,jazz
2,train,243,243,/home/dt2119/dt2119/music_classification/datasets/audios/western_data/genres_original/country/country.00043.wav,2,country,2,country
2,train,572,572,/home/dt2119/dt2119/music_classification/datasets/audios/western_data/genres_original/jazz/jazz.00073.wav,5,jazz,5,jazz
2,train,975,975,/home/dt2119/dt2119/music_classification/datasets/audios/western_data/genres_original/rock/rock.00076.wav,9,rock,9,rock
2,train,787,787,/home/dt2119/dt2119/music_classification/datasets/audios/western_data/genres_original/pop/pop.00088.wav,7,pop,7,pop
2,train,535,535,/home/dt2119/dt2119/music_classification/datasets/audios/western_data/genres_original/jazz/jazz.00035.wav,5,jazz,5,jazz
2,train,503,503,/home/dt2119/dt2119/music_classification/datasets/audios/western_data/genres_original/jazz/jazz.00003.wav,5,jazz,5,jazz
2,train,94,94,/home/dt2119/dt2119/music_classification/datasets/audios/western_data/genres_original/blues/blues.00094.wav,0,blues,0,blues
2,train,875,875,/home/dt2119/dt2119/music_classification/datasets/audios/western_data/genres_original/reggae/reggae.00076.wav,8,reggae,8,reggae
2,train,484,484,/home/dt2119/dt2119/music_classification/datasets/audios/western_data/genres_original/hiphop/hiphop.00084.wav,4,hiphop,4,hiphop
2,train,72,72,/home/dt2119/dt2119/music_classification/datasets/audios/western_data/genres_original/blues/blues.00072.wav,0,blues,0,blues
2,train,297,297,/home/dt2119/dt2119/music_classification/datasets/audios/western_data/genres_original/country/country.00097.wav,2,country,2,country
2,train,67,67,/home/dt2119/dt2119/music_classification/datasets/audios/western_data/genres_original/blues/blues.00067.wav,0,blues,0,blues
2,train,353,353,/home/dt2119/dt2119/music_classification/datasets/audios/western_data/genres_original/disco/disco.00053.wav,3,disco,3,disco
2,train,402,402,/home/dt2119/dt2119/music_classification/datasets/audios/western_data/genres_original/hiphop/hiphop.00002.wav,4,hiphop,4,hiphop
2,train,570,570,/home/dt2119/dt2119/music_classification/datasets/audios/western_data/genres_original/jazz/jazz.00071.wav,5,jazz,5,jazz
2,train,825,825,/home/dt2119/dt2119/music_classification/datasets/audios/western_data/genres_original/reggae/reggae.00026.wav,8,reggae,8,reggae
2,train,158,158,/home/dt2119/dt2119/music_classification/datasets/audios/western_data/genres_original/classical/classical.00058.wav,1,classical,1,classical
2,train,90,90,/home/dt2119/dt2119/music_classification/datasets/audios/western_data/genres_original/blues/blues.00090.wav,0,blues,0,blues
2,train,313,313,/home/dt2119/dt2119/music_classification/datasets/audios/western_data/genres_original/disco/disco.00013.wav,3,disco,3,disco
2,train,517,517,/home/dt2119/dt2119/music_classification/datasets/audios/western_data/genres_original/jazz/jazz.00017.wav,5,jazz,5,jazz
2,train,116,116,/home/dt2119/dt2119/music_classification/datasets/audios/western_data/genres_original/classical/classical.00016.wav,1,classical,1,classical
2,train,529,529,/home/dt2119/dt2119/music_classification/datasets/audios/western_data/genres_original/jazz/jazz.00029.wav,5,jazz,5,jazz
2,train,361,361,/home/dt2119/dt2119/music_classification/datasets/audios/western_data/genres_original/disco/disco.00061.wav,3,disco,3,disco
2,train,791,791,/home/dt2119/dt2119/music_classification/datasets/audios/western_data/genres_original/pop/pop.00092.wav,7,pop,7,pop
2,train,413,413,/home/dt2119/dt2119/music_classification/datasets/audios/western_data/genres_original/hiphop/hiphop.00013.wav,4,hiphop,4,hiphop
2,train,482,482,/home/dt2119/dt2119/music_classification/datasets/audios/western_data/genres_original/hiphop/hiphop.00082.wav,4,hiphop,4,hiphop
2,train,813,813,/home/dt2119/dt2119/music_classification/datasets/audios/western_data/genres_original/reggae/reggae.00014.wav,8,reggae,8,reggae
2,train,520,520,/home/dt2119/dt2119/music_classification/datasets/audios/western_data/genres_original/jazz/jazz.00020.wav,5,jazz,5,jazz
2,train,326,326,/home/dt2119/dt2119/music_classification/datasets/audios/western_data/genres_original/disco/disco.00026.wav,3,disco,3,disco
2,train,524,524,/home/dt2119/dt2119/music_classification/datasets/audios/western_data/genres_original/jazz/jazz.00024.wav,5,jazz,5,jazz
2,train,16,16,/home/dt2119/dt2119/music_classification/datasets/audios/western_data/genres_original/blues/blues.00016.wav,0,blues,0,blues
2,train,483,483,/home/dt2119/dt2119/music_classification/datasets/audios/western_data/genres_original/hiphop/hiphop.00083.wav,4,hiphop,4,hiphop
2,train,887,887,/home/dt2119/dt2119/music_classification/datasets/audios/western_data/genres_original/reggae/reggae.00088.wav,8,reggae,8,reggae
2,train,436,436,/home/dt2119/dt2119/music_classification/datasets/audios/western_data/genres_original/hiphop/hiphop.00036.wav,4,hiphop,4,hiphop
2,train,702,702,/home/dt2119/dt2119/music_classification/datasets/audios/western_data/genres_original/pop/pop.00003.wav,7,pop,7,pop
2,train,53,53,/home/dt2119/dt2119/music_classification/datasets/audios/western_data/genres_original/blues/blues.00053.wav,0,blues,0,blues
2,train,804,804,/home/dt2119/dt2119/music_classification/datasets/audios/western_data/genres_original/reggae/reggae.00005.wav,8,reggae,8,reggae
2,train,70,70,/home/dt2119/dt2119/music_classification/datasets/audios/western_data/genres_original/blues/blues.00070.wav,0,blues,0,blues
2,train,981,981,/home/dt2119/dt2119/music_classification/datasets/audios/western_data/genres_original/rock/rock.00082.wav,9,rock,9,rock
2,train,155,155,/home/dt2119/dt2119/music_classification/datasets/audios/western_data/genres_original/classical/classical.00055.wav,1,classical,1,classical
2,train,693,693,/home/dt2119/dt2119/music_classification/datasets/audios/western_data/genres_original/metal/metal.00094.wav,6,metal,6,metal
2,train,817,817,/home/dt2119/dt2119/music_classification/datasets/audios/western_data/genres_original/reggae/reggae.00018.wav,8,reggae,8,reggae
2,train,71,71,/home/dt2119/dt2119/music_classification/datasets/audios/western_data/genres_original/blues/blues.00071.wav,0,blues,0,blues
2,train,746,746,/home/dt2119/dt2119/music_classification/datasets/audios/western_data/genres_original/pop/pop.00047.wav,7,pop,7,pop
2,train,203,203,/home/dt2119/dt2119/music_classification/datasets/audios/western_data/genres_original/country/country.00003.wav,2,country,2,country
2,train,448,448,/home/dt2119/dt2119/music_classification/datasets/audios/western_data/genres_original/hiphop/hiphop.00048.wav,4,hiphop,4,hiphop
2,train,979,979,/home/dt2119/dt2119/music_classification/datasets/audios/western_data/genres_original/rock/rock.00080.wav,9,rock,9,rock
2,train,68,68,/home/dt2119/dt2119/music_classification/datasets/audios/western_data/genres_original/blues/blues.00068.wav,0,blues,0,blues
2,train,450,450,/home/dt2119/dt2119/music_classification/datasets/audios/western_data/genres_original/hiphop/hiphop.00050.wav,4,hiphop,4,hiphop
2,train,701,701,/home/dt2119/dt2119/music_classification/datasets/audios/western_data/genres_original/pop/pop.00002.wav,7,pop,7,pop
2,train,997,997,/home/dt2119/dt2119/music_classification/datasets/audios/western_data/genres_original/rock/rock.00098.wav,9,rock,9,rock
2,train,471,471,/home/dt2119/dt2119/music_classification/datasets/audios/western_data/genres_original/hiphop/hiphop.00071.wav,4,hiphop,4,hiphop
2,train,556,556,/home/dt2119/dt2119/music_classification/datasets/audios/western_data/genres_original/jazz/jazz.00057.wav,5,jazz,5,jazz
2,train,673,673,/home/dt2119/dt2119/music_classification/datasets/audios/western_data/genres_original/metal/metal.00074.wav,6,metal,6,metal
2,train,188,188,/home/dt2119/dt2119/music_classification/datasets/audios/western_data/genres_original/classical/classical.00088.wav,1,classical,1,classical
2,train,894,894,/home/dt2119/dt2119/music_classification/datasets/audios/western_data/genres_original/reggae/reggae.00095.wav,8,reggae,8,reggae
2,train,552,552,/home/dt2119/dt2119/music_classification/datasets/audios/western_data/genres_original/jazz/jazz.00052.wav,5,jazz,5,jazz
2,train,976,976,/home/dt2119/dt2119/music_classification/datasets/audios/western_data/genres_original/rock/rock.00077.wav,9,rock,9,rock
2,train,419,419,/home/dt2119/dt2119/music_classification/datasets/audios/western_data/genres_original/hiphop/hiphop.00019.wav,4,hiphop,4,hiphop
2,train,50,50,/home/dt2119/dt2119/music_classification/datasets/audios/western_data/genres_original/blues/blues.00050.wav,0,blues,0,blues
2,train,803,803,/home/dt2119/dt2119/music_classification/datasets/audios/western_data/genres_original/reggae/reggae.00004.wav,8,reggae,8,reggae
2,train,602,602,/home/dt2119/dt2119/music_classification/datasets/audios/western_data/genres_original/metal/metal.00003.wav,6,metal,6,metal
2,train,654,654,/home/dt2119/dt2119/music_classification/datasets/audios/western_data/genres_original/metal/metal.00055.wav,6,metal,6,metal
2,train,819,819,/home/dt2119/dt2119/music_classification/datasets/audios/western_data/genres_original/reggae/reggae.00020.wav,8,reggae,8,reggae
2,train,959,959,/home/dt2119/dt2119/music_classification/datasets/audios/western_data/genres_original/rock/rock.00060.wav,9,rock,9,rock
2,train,105,105,/home/dt2119/dt2119/music_classification/datasets/audios/western_data/genres_original/classical/classical.00005.wav,1,classical,1,classical
2,train,551,551,/home/dt2119/dt2119/music_classification/datasets/audios/western_data/genres_original/jazz/jazz.00051.wav,5,jazz,5,jazz
2,train,989,989,/home/dt2119/dt2119/music_classification/datasets/audios/western_data/genres_original/rock/rock.00090.wav,9,rock,9,rock
2,train,544,544,/home/dt2119/dt2119/music_classification/datasets/audios/western_data/genres_original/jazz/jazz.00044.wav,5,jazz,5,jazz
2,train,91,91,/home/dt2119/dt2119/music_classification/datasets/audios/western_data/genres_original/blues/blues.00091.wav,0,blues,0,blues
2,train,295,295,/home/dt2119/dt2119/music_classification/datasets/audios/western_data/genres_original/country/country.00095.wav,2,country,2,country
2,train,699,699,/home/dt2119/dt2119/music_classification/datasets/audios/western_data/genres_original/pop/pop.00000.wav,7,pop,7,pop
2,train,185,185,/home/dt2119/dt2119/music_classification/datasets/audios/western_data/genres_original/classical/classical.00085.wav,1,classical,1,classical
2,train,170,170,/home/dt2119/dt2119/music_classification/datasets/audios/western_data/genres_original/classical/classical.00070.wav,1,classical,1,classical
2,train,333,333,/home/dt2119/dt2119/music_classification/datasets/audios/western_data/genres_original/disco/disco.00033.wav,3,disco,3,disco
2,train,64,64,/home/dt2119/dt2119/music_classification/datasets/audios/western_data/genres_original/blues/blues.00064.wav,0,blues,0,blues
2,train,743,743,/home/dt2119/dt2119/music_classification/datasets/audios/western_data/genres_original/pop/pop.00044.wav,7,pop,7,pop
2,train,388,388,/home/dt2119/dt2119/music_classification/datasets/audios/western_data/genres_original/disco/disco.00088.wav,3,disco,3,disco
2,train,398,398,/home/dt2119/dt2119/music_classification/datasets/audios/western_data/genres_original/disco/disco.00098.wav,3,disco,3,disco
2,train,375,375,/home/dt2119/dt2119/music_classification/datasets/audios/western_data/genres_original/disco/disco.00075.wav,3,disco,3,disco
2,train,665,665,/home/dt2119/dt2119/music_classification/datasets/audios/western_data/genres_original/metal/metal.00066.wav,6,metal,6,metal
2,train,541,541,/home/dt2119/dt2119/music_classification/datasets/audios/western_data/genres_original/jazz/jazz.00041.wav,5,jazz,5,jazz
2,train,559,559,/home/dt2119/dt2119/music_classification/datasets/audios/western_data/genres_original/jazz/jazz.00060.wav,5,jazz,5,jazz
2,train,424,424,/home/dt2119/dt2119/music_classification/datasets/audios/western_data/genres_original/hiphop/hiphop.00024.wav,4,hiphop,4,hiphop
2,train,207,207,/home/dt2119/dt2119/music_classification/datasets/audios/western_data/genres_original/country/country.00007.wav,2,country,2,country
2,train,872,872,/home/dt2119/dt2119/music_classification/datasets/audios/western_data/genres_original/reggae/reggae.00073.wav,8,reggae,8,reggae
2,train,410,410,/home/dt2119/dt2119/music_classification/datasets/audios/western_data/genres_original/hiphop/hiphop.00010.wav,4,hiphop,4,hiphop
2,train,104,104,/home/dt2119/dt2119/music_classification/datasets/audios/western_data/genres_original/classical/classical.00004.wav,1,classical,1,classical
2,train,650,650,/home/dt2119/dt2119/music_classification/datasets/audios/western_data/genres_original/metal/metal.00051.wav,6,metal,6,metal
2,train,62,62,/home/dt2119/dt2119/music_classification/datasets/audios/western_data/genres_original/blues/blues.00062.wav,0,blues,0,blues
2,train,859,859,/home/dt2119/dt2119/music_classification/datasets/audios/western_data/genres_original/reggae/reggae.00060.wav,8,reggae,8,reggae
2,train,642,642,/home/dt2119/dt2119/music_classification/datasets/audios/western_data/genres_original/metal/metal.00043.wav,6,metal,6,metal
2,train,464,464,/home/dt2119/dt2119/music_classification/datasets/audios/western_data/genres_original/hiphop/hiphop.00064.wav,4,hiphop,4,hiphop
2,train,196,196,/home/dt2119/dt2119/music_classification/datasets/audios/western_data/genres_original/classical/classical.00096.wav,1,classical,1,classical
2,train,636,636,/home/dt2119/dt2119/music_classification/datasets/audios/western_data/genres_original/metal/metal.00037.wav,6,metal,6,metal
2,train,231,231,/home/dt2119/dt2119/music_classification/datasets/audios/western_data/genres_original/country/country.00031.wav,2,country,2,country
2,train,399,399,/home/dt2119/dt2119/music_classification/datasets/audios/western_data/genres_original/disco/disco.00099.wav,3,disco,3,disco
2,train,983,983,/home/dt2119/dt2119/music_classification/datasets/audios/western_data/genres_original/rock/rock.00084.wav,9,rock,9,rock
2,train,423,423,/home/dt2119/dt2119/music_classification/datasets/audios/western_data/genres_original/hiphop/hiphop.00023.wav,4,hiphop,4,hiphop
2,train,589,589,/home/dt2119/dt2119/music_classification/datasets/audios/western_data/genres_original/jazz/jazz.00090.wav,5,jazz,5,jazz
2,train,249,249,/home/dt2119/dt2119/music_classification/datasets/audios/western_data/genres_original/country/country.00049.wav,2,country,2,country
2,train,991,991,/home/dt2119/dt2119/music_classification/datasets/audios/western_data/genres_original/rock/rock.00092.wav,9,rock,6,metal
2,train,422,422,/home/dt2119/dt2119/music_classification/datasets/audios/western_data/genres_original/hiphop/hiphop.00022.wav,4,hiphop,4,hiphop
2,train,137,137,/home/dt2119/dt2119/music_classification/datasets/audios/western_data/genres_original/classical/classical.00037.wav,1,classical,1,classical
2,train,867,867,/home/dt2119/dt2119/music_classification/datasets/audios/western_data/genres_original/reggae/reggae.00068.wav,8,reggae,8,reggae
2,train,102,102,/home/dt2119/dt2119/music_classification/datasets/audios/western_data/genres_original/classical/classical.00002.wav,1,classical,1,classical
2,train,744,744,/home/dt2119/dt2119/music_classification/datasets/audios/western_data/genres_original/pop/pop.00045.wav,7,pop,7,pop
2,train,577,577,/home/dt2119/dt2119/music_classification/datasets/audios/western_data/genres_original/jazz/jazz.00078.wav,5,jazz,5,jazz
2,train,187,187,/home/dt2119/dt2119/music_classification/datasets/audios/western_data/genres_original/classical/classical.00087.wav,1,classical,1,classical
2,train,132,132,/home/dt2119/dt2119/music_classification/datasets/audios/western_data/genres_original/classical/classical.00032.wav,1,classical,1,classical
2,train,296,296,/home/dt2119/dt2119/music_classification/datasets/audios/western_data/genres_original/country/country.00096.wav,2,country,2,country
2,train,336,336,/home/dt2119/dt2119/music_classification/datasets/audios/western_data/genres_original/disco/disco.00036.wav,3,disco,3,disco
2,train,788,788,/home/dt2119/dt2119/music_classification/datasets/audios/western_data/genres_original/pop/pop.00089.wav,7,pop,7,pop
2,train,63,63,/home/dt2119/dt2119/music_classification/datasets/audios/western_data/genres_original/blues/blues.00063.wav,0,blues,0,blues
2,train,990,990,/home/dt2119/dt2119/music_classification/datasets/audios/western_data/genres_original/rock/rock.00091.wav,9,rock,9,rock
2,train,300,300,/home/dt2119/dt2119/music_classification/datasets/audios/western_data/genres_original/disco/disco.00000.wav,3,disco,8,reggae
2,train,92,92,/home/dt2119/dt2119/music_classification/datasets/audios/western_data/genres_original/blues/blues.00092.wav,0,blues,0,blues
2,train,442,442,/home/dt2119/dt2119/music_classification/datasets/audios/western_data/genres_original/hiphop/hiphop.00042.wav,4,hiphop,4,hiphop
2,train,395,395,/home/dt2119/dt2119/music_classification/datasets/audios/western_data/genres_original/disco/disco.00095.wav,3,disco,3,disco
2,train,685,685,/home/dt2119/dt2119/music_classification/datasets/audios/western_data/genres_original/metal/metal.00086.wav,6,metal,6,metal
2,train,971,971,/home/dt2119/dt2119/music_classification/datasets/audios/western_data/genres_original/rock/rock.00072.wav,9,rock,9,rock
2,train,12,12,/home/dt2119/dt2119/music_classification/datasets/audios/western_data/genres_original/blues/blues.00012.wav,0,blues,0,blues
2,train,792,792,/home/dt2119/dt2119/music_classification/datasets/audios/western_data/genres_original/pop/pop.00093.wav,7,pop,7,pop
2,train,215,215,/home/dt2119/dt2119/music_classification/datasets/audios/western_data/genres_original/country/country.00015.wav,2,country,2,country
2,train,847,847,/home/dt2119/dt2119/music_classification/datasets/audios/western_data/genres_original/reggae/reggae.00048.wav,8,reggae,8,reggae
2,train,961,961,/home/dt2119/dt2119/music_classification/datasets/audios/western_data/genres_original/rock/rock.00062.wav,9,rock,7,pop
2,train,966,966,/home/dt2119/dt2119/music_classification/datasets/audios/western_data/genres_original/rock/rock.00067.wav,9,rock,6,metal
2,train,649,649,/home/dt2119/dt2119/music_classification/datasets/audios/western_data/genres_original/metal/metal.00050.wav,6,metal,6,metal
2,train,468,468,/home/dt2119/dt2119/music_classification/datasets/audios/western_data/genres_original/hiphop/hiphop.00068.wav,4,hiphop,4,hiphop
2,train,542,542,/home/dt2119/dt2119/music_classification/datasets/audios/western_data/genres_original/jazz/jazz.00042.wav,5,jazz,5,jazz
2,train,773,773,/home/dt2119/dt2119/music_classification/datasets/audios/western_data/genres_original/pop/pop.00074.wav,7,pop,7,pop
2,train,522,522,/home/dt2119/dt2119/music_classification/datasets/audios/western_data/genres_original/jazz/jazz.00022.wav,5,jazz,5,jazz
2,train,568,568,/home/dt2119/dt2119/music_classification/datasets/audios/western_data/genres_original/jazz/jazz.00069.wav,5,jazz,5,jazz
2,train,117,117,/home/dt2119/dt2119/music_classification/datasets/audios/western_data/genres_original/classical/classical.00017.wav,1,classical,1,classical
2,train,298,298,/home/dt2119/dt2119/music_classification/datasets/audios/western_data/genres_original/country/country.00098.wav,2,country,2,country
2,train,844,844,/home/dt2119/dt2119/music_classification/datasets/audios/western_data/genres_original/reggae/reggae.00045.wav,8,reggae,8,reggae
2,train,860,860,/home/dt2119/dt2119/music_classification/datasets/audios/western_data/genres_original/reggae/reggae.00061.wav,8,reggae,8,reggae
2,train,703,703,/home/dt2119/dt2119/music_classification/datasets/audios/western_data/genres_original/pop/pop.00004.wav,7,pop,7,pop
2,train,86,86,/home/dt2119/dt2119/music_classification/datasets/audios/western_data/genres_original/blues/blues.00086.wav,0,blues,0,blues
2,train,962,962,/home/dt2119/dt2119/music_classification/datasets/audios/western_data/genres_original/rock/rock.00063.wav,9,rock,2,country
2,train,662,662,/home/dt2119/dt2119/music_classification/datasets/audios/western_data/genres_original/metal/metal.00063.wav,6,metal,6,metal
2,train,54,54,/home/dt2119/dt2119/music_classification/datasets/audios/western_data/genres_original/blues/blues.00054.wav,0,blues,0,blues
2,train,870,870,/home/dt2119/dt2119/music_classification/datasets/audios/western_data/genres_original/reggae/reggae.00071.wav,8,reggae,8,reggae
2,train,305,305,/home/dt2119/dt2119/music_classification/datasets/audios/western_data/genres_original/disco/disco.00005.wav,3,disco,3,disco
2,train,974,974,/home/dt2119/dt2119/music_classification/datasets/audios/western_data/genres_original/rock/rock.00075.wav,9,rock,9,rock
2,train,886,886,/home/dt2119/dt2119/music_classification/datasets/audios/western_data/genres_original/reggae/reggae.00087.wav,8,reggae,8,reggae
2,train,561,561,/home/dt2119/dt2119/music_classification/datasets/audios/western_data/genres_original/jazz/jazz.00062.wav,5,jazz,5,jazz
2,train,127,127,/home/dt2119/dt2119/music_classification/datasets/audios/western_data/genres_original/classical/classical.00027.wav,1,classical,1,classical
2,train,220,220,/home/dt2119/dt2119/music_classification/datasets/audios/western_data/genres_original/country/country.00020.wav,2,country,2,country
2,train,462,462,/home/dt2119/dt2119/music_classification/datasets/audios/western_data/genres_original/hiphop/hiphop.00062.wav,4,hiphop,4,hiphop
2,train,878,878,/home/dt2119/dt2119/music_classification/datasets/audios/western_data/genres_original/reggae/reggae.00079.wav,8,reggae,8,reggae
2,train,526,526,/home/dt2119/dt2119/music_classification/datasets/audios/western_data/genres_original/jazz/jazz.00026.wav,5,jazz,5,jazz
2,train,797,797,/home/dt2119/dt2119/music_classification/datasets/audios/western_data/genres_original/pop/pop.00098.wav,7,pop,7,pop
2,train,237,237,/home/dt2119/dt2119/music_classification/datasets/audios/western_data/genres_original/country/country.00037.wav,2,country,2,country
2,train,389,389,/home/dt2119/dt2119/music_classification/datasets/audios/western_data/genres_original/disco/disco.00089.wav,3,disco,3,disco
2,train,856,856,/home/dt2119/dt2119/music_classification/datasets/audios/western_data/genres_original/reggae/reggae.00057.wav,8,reggae,8,reggae
2,train,531,531,/home/dt2119/dt2119/music_classification/datasets/audios/western_data/genres_original/jazz/jazz.00031.wav,5,jazz,5,jazz
2,train,144,144,/home/dt2119/dt2119/music_classification/datasets/audios/western_data/genres_original/classical/classical.00044.wav,1,classical,1,classical
2,train,193,193,/home/dt2119/dt2119/music_classification/datasets/audios/western_data/genres_original/classical/classical.00093.wav,1,classical,1,classical
2,train,201,201,/home/dt2119/dt2119/music_classification/datasets/audios/western_data/genres_original/country/country.00001.wav,2,country,2,country
2,train,851,851,/home/dt2119/dt2119/music_classification/datasets/audios/western_data/genres_original/reggae/reggae.00052.wav,8,reggae,4,hiphop
2,train,372,372,/home/dt2119/dt2119/music_classification/datasets/audios/western_data/genres_original/disco/disco.00072.wav,3,disco,3,disco
2,train,173,173,/home/dt2119/dt2119/music_classification/datasets/audios/western_data/genres_original/classical/classical.00073.wav,1,classical,1,classical
2,train,808,808,/home/dt2119/dt2119/music_classification/datasets/audios/western_data/genres_original/reggae/reggae.00009.wav,8,reggae,8,reggae
2,train,194,194,/home/dt2119/dt2119/music_classification/datasets/audios/western_data/genres_original/classical/classical.00094.wav,1,classical,1,classical
2,train,27,27,/home/dt2119/dt2119/music_classification/datasets/audios/western_data/genres_original/blues/blues.00027.wav,0,blues,0,blues
2,train,653,653,/home/dt2119/dt2119/music_classification/datasets/audios/western_data/genres_original/metal/metal.00054.wav,6,metal,6,metal
2,train,885,885,/home/dt2119/dt2119/music_classification/datasets/audios/western_data/genres_original/reggae/reggae.00086.wav,8,reggae,8,reggae
2,train,845,845,/home/dt2119/dt2119/music_classification/datasets/audios/western_data/genres_original/reggae/reggae.00046.wav,8,reggae,8,reggae
2,train,605,605,/home/dt2119/dt2119/music_classification/datasets/audios/western_data/genres_original/metal/metal.00006.wav,6,metal,6,metal
2,train,235,235,/home/dt2119/dt2119/music_classification/datasets/audios/western_data/genres_original/country/country.00035.wav,2,country,2,country
2,train,807,807,/home/dt2119/dt2119/music_classification/datasets/audios/western_data/genres_original/reggae/reggae.00008.wav,8,reggae,8,reggae
2,train,892,892,/home/dt2119/dt2119/music_classification/datasets/audios/western_data/genres_original/reggae/reggae.00093.wav,8,reggae,8,reggae
2,train,664,664,/home/dt2119/dt2119/music_classification/datasets/audios/western_data/genres_original/metal/metal.00065.wav,6,metal,6,metal
2,train,647,647,/home/dt2119/dt2119/music_classification/datasets/audios/western_data/genres_original/metal/metal.00048.wav,6,metal,6,metal
2,train,545,545,/home/dt2119/dt2119/music_classification/datasets/audios/western_data/genres_original/jazz/jazz.00045.wav,5,jazz,5,jazz
2,train,694,694,/home/dt2119/dt2119/music_classification/datasets/audios/western_data/genres_original/metal/metal.00095.wav,6,metal,6,metal
2,train,866,866,/home/dt2119/dt2119/music_classification/datasets/audios/western_data/genres_original/reggae/reggae.00067.wav,8,reggae,8,reggae
2,train,401,401,/home/dt2119/dt2119/music_classification/datasets/audios/western_data/genres_original/hiphop/hiphop.00001.wav,4,hiphop,4,hiphop
2,train,130,130,/home/dt2119/dt2119/music_classification/datasets/audios/western_data/genres_original/classical/classical.00030.wav,1,classical,1,classical
2,train,846,846,/home/dt2119/dt2119/music_classification/datasets/audios/western_data/genres_original/reggae/reggae.00047.wav,8,reggae,8,reggae
2,train,190,190,/home/dt2119/dt2119/music_classification/datasets/audios/western_data/genres_original/classical/classical.00090.wav,1,classical,1,classical
2,train,944,944,/home/dt2119/dt2119/music_classification/datasets/audios/western_data/genres_original/rock/rock.00045.wav,9,rock,9,rock
2,train,943,943,/home/dt2119/dt2119/music_classification/datasets/audios/western_data/genres_original/rock/rock.00044.wav,9,rock,9,rock
2,train,474,474,/home/dt2119/dt2119/music_classification/datasets/audios/western_data/genres_original/hiphop/hiphop.00074.wav,4,hiphop,4,hiphop
2,train,790,790,/home/dt2119/dt2119/music_classification/datasets/audios/western_data/genres_original/pop/pop.00091.wav,7,pop,7,pop
2,train,460,460,/home/dt2119/dt2119/music_classification/datasets/audios/western_data/genres_original/hiphop/hiphop.00060.wav,4,hiphop,4,hiphop
2,train,495,495,/home/dt2119/dt2119/music_classification/datasets/audios/western_data/genres_original/hiphop/hiphop.00095.wav,4,hiphop,4,hiphop
2,train,199,199,/home/dt2119/dt2119/music_classification/datasets/audios/western_data/genres_original/classical/classical.00099.wav,1,classical,1,classical
2,train,168,168,/home/dt2119/dt2119/music_classification/datasets/audios/western_data/genres_original/classical/classical.00068.wav,1,classical,1,classical
2,train,854,854,/home/dt2119/dt2119/music_classification/datasets/audios/western_data/genres_original/reggae/reggae.00055.wav,8,reggae,8,reggae
2,train,697,697,/home/dt2119/dt2119/music_classification/datasets/audios/western_data/genres_original/metal/metal.00098.wav,6,metal,6,metal
2,train,478,478,/home/dt2119/dt2119/music_classification/datasets/audios/western_data/genres_original/hiphop/hiphop.00078.wav,4,hiphop,4,hiphop
2,train,391,391,/home/dt2119/dt2119/music_classification/datasets/audios/western_data/genres_original/disco/disco.00091.wav,3,disco,3,disco
2,train,490,490,/home/dt2119/dt2119/music_classification/datasets/audios/western_data/genres_original/hiphop/hiphop.00090.wav,4,hiphop,4,hiphop
2,train,779,779,/home/dt2119/dt2119/music_classification/datasets/audios/western_data/genres_original/pop/pop.00080.wav,7,pop,7,pop
2,train,783,783,/home/dt2119/dt2119/music_classification/datasets/audios/western_data/genres_original/pop/pop.00084.wav,7,pop,7,pop
2,train,486,486,/home/dt2119/dt2119/music_classification/datasets/audios/western_data/genres_original/hiphop/hiphop.00086.wav,4,hiphop,4,hiphop
2,train,500,500,/home/dt2119/dt2119/music_classification/datasets/audios/western_data/genres_original/jazz/jazz.00000.wav,5,jazz,5,jazz
2,train,364,364,/home/dt2119/dt2119/music_classification/datasets/audios/western_data/genres_original/disco/disco.00064.wav,3,disco,3,disco
2,train,576,576,/home/dt2119/dt2119/music_classification/datasets/audios/western_data/genres_original/jazz/jazz.00077.wav,5,jazz,5,jazz
2,train,687,687,/home/dt2119/dt2119/music_classification/datasets/audios/western_data/genres_original/metal/metal.00088.wav,6,metal,6,metal
2,train,457,457,/home/dt2119/dt2119/music_classification/datasets/audios/western_data/genres_original/hiphop/hiphop.00057.wav,4,hiphop,4,hiphop
2,train,360,360,/home/dt2119/dt2119/music_classification/datasets/audios/western_data/genres_original/disco/disco.00060.wav,3,disco,3,disco
2,train,324,324,/home/dt2119/dt2119/music_classification/datasets/audios/western_data/genres_original/disco/disco.00024.wav,3,disco,3,disco
2,train,763,763,/home/dt2119/dt2119/music_classification/datasets/audios/western_data/genres_original/pop/pop.00064.wav,7,pop,4,hiphop
2,train,644,644,/home/dt2119/dt2119/music_classification/datasets/audios/western_data/genres_original/metal/metal.00045.wav,6,metal,6,metal
2,train,525,525,/home/dt2119/dt2119/music_classification/datasets/audios/western_data/genres_original/jazz/jazz.00025.wav,5,jazz,5,jazz
2,train,663,663,/home/dt2119/dt2119/music_classification/datasets/audios/western_data/genres_original/metal/metal.00064.wav,6,metal,6,metal
2,train,643,643,/home/dt2119/dt2119/music_classification/datasets/audios/western_data/genres_original/metal/metal.00044.wav,6,metal,6,metal
2,train,678,678,/home/dt2119/dt2119/music_classification/datasets/audios/western_data/genres_original/metal/metal.00079.wav,6,metal,6,metal
2,train,504,504,/home/dt2119/dt2119/music_classification/datasets/audios/western_data/genres_original/jazz/jazz.00004.wav,5,jazz,5,jazz
2,train,553,553,/home/dt2119/dt2119/music_classification/datasets/audios/western_data/genres_original/jazz/jazz.00053.wav,5,jazz,5,jazz
2,train,431,431,/home/dt2119/dt2119/music_classification/datasets/audios/western_data/genres_original/hiphop/hiphop.00031.wav,4,hiphop,4,hiphop
2,train,532,532,/home/dt2119/dt2119/music_classification/datasets/audios/western_data/genres_original/jazz/jazz.00032.wav,5,jazz,5,jazz
2,train,309,309,/home/dt2119/dt2119/music_classification/datasets/audios/western_data/genres_original/disco/disco.00009.wav,3,disco,3,disco
2,train,884,884,/home/dt2119/dt2119/music_classification/datasets/audios/western_data/genres_original/reggae/reggae.00085.wav,8,reggae,8,reggae
2,train,51,51,/home/dt2119/dt2119/music_classification/datasets/audios/western_data/genres_original/blues/blues.00051.wav,0,blues,0,blues
2,train,968,968,/home/dt2119/dt2119/music_classification/datasets/audios/western_data/genres_original/rock/rock.00069.wav,9,rock,2,country
2,train,809,809,/home/dt2119/dt2119/music_classification/datasets/audios/western_data/genres_original/reggae/reggae.00010.wav,8,reggae,8,reggae
2,train,314,314,/home/dt2119/dt2119/music_classification/datasets/audios/western_data/genres_original/disco/disco.00014.wav,3,disco,3,disco
2,train,55,55,/home/dt2119/dt2119/music_classification/datasets/audios/western_data/genres_original/blues/blues.00055.wav,0,blues,0,blues
2,train,557,557,/home/dt2119/dt2119/music_classification/datasets/audios/western_data/genres_original/jazz/jazz.00058.wav,5,jazz,5,jazz
2,train,873,873,/home/dt2119/dt2119/music_classification/datasets/audios/western_data/genres_original/reggae/reggae.00074.wav,8,reggae,8,reggae
2,train,438,438,/home/dt2119/dt2119/music_classification/datasets/audios/western_data/genres_original/hiphop/hiphop.00038.wav,4,hiphop,4,hiphop
2,train,19,19,/home/dt2119/dt2119/music_classification/datasets/audios/western_data/genres_original/blues/blues.00019.wav,0,blues,0,blues
2,train,393,393,/home/dt2119/dt2119/music_classification/datasets/audios/western_data/genres_original/disco/disco.00093.wav,3,disco,3,disco
2,train,967,967,/home/dt2119/dt2119/music_classification/datasets/audios/western_data/genres_original/rock/rock.00068.wav,9,rock,6,metal
2,train,186,186,/home/dt2119/dt2119/music_classification/datasets/audios/western_data/genres_original/classical/classical.00086.wav,1,classical,1,classical
2,train,794,794,/home/dt2119/dt2119/music_classification/datasets/audios/western_data/genres_original/pop/pop.00095.wav,7,pop,7,pop
2,train,377,377,/home/dt2119/dt2119/music_classification/datasets/audios/western_data/genres_original/disco/disco.00077.wav,3,disco,3,disco
2,train,198,198,/home/dt2119/dt2119/music_classification/datasets/audios/western_data/genres_original/classical/classical.00098.wav,1,classical,1,classical
2,train,492,492,/home/dt2119/dt2119/music_classification/datasets/audios/western_data/genres_original/hiphop/hiphop.00092.wav,4,hiphop,4,hiphop
2,train,646,646,/home/dt2119/dt2119/music_classification/datasets/audios/western_data/genres_original/metal/metal.00047.wav,6,metal,6,metal
2,train,537,537,/home/dt2119/dt2119/music_classification/datasets/audios/western_data/genres_original/jazz/jazz.00037.wav,5,jazz,5,jazz
2,train,307,307,/home/dt2119/dt2119/music_classification/datasets/audios/western_data/genres_original/disco/disco.00007.wav,3,disco,3,disco
2,train,368,368,/home/dt2119/dt2119/music_classification/datasets/audios/western_data/genres_original/disco/disco.00068.wav,3,disco,3,disco
2,train,625,625,/home/dt2119/dt2119/music_classification/datasets/audios/western_data/genres_original/metal/metal.00026.wav,6,metal,6,metal
2,train,958,958,/home/dt2119/dt2119/music_classification/datasets/audios/western_data/genres_original/rock/rock.00059.wav,9,rock,9,rock
2,train,15,15,/home/dt2119/dt2119/music_classification/datasets/audios/western_data/genres_original/blues/blues.00015.wav,0,blues,0,blues
2,train,661,661,/home/dt2119/dt2119/music_classification/datasets/audios/western_data/genres_original/metal/metal.00062.wav,6,metal,6,metal
2,train,133,133,/home/dt2119/dt2119/music_classification/datasets/audios/western_data/genres_original/classical/classical.00033.wav,1,classical,1,classical
2,train,317,317,/home/dt2119/dt2119/music_classification/datasets/audios/western_data/genres_original/disco/disco.00017.wav,3,disco,3,disco
2,train,421,421,/home/dt2119/dt2119/music_classification/datasets/audios/western_data/genres_original/hiphop/hiphop.00021.wav,4,hiphop,4,hiphop
2,train,97,97,/home/dt2119/dt2119/music_classification/datasets/audios/western_data/genres_original/blues/blues.00097.wav,0,blues,0,blues
2,train,543,543,/home/dt2119/dt2119/music_classification/datasets/audios/western_data/genres_original/jazz/jazz.00043.wav,5,jazz,5,jazz
2,train,747,747,/home/dt2119/dt2119/music_classification/datasets/audios/western_data/genres_original/pop/pop.00048.wav,7,pop,7,pop
2,train,210,210,/home/dt2119/dt2119/music_classification/datasets/audios/western_data/genres_original/country/country.00010.wav,2,country,2,country
2,train,898,898,/home/dt2119/dt2119/music_classification/datasets/audios/western_data/genres_original/reggae/reggae.00099.wav,8,reggae,8,reggae
2,train,865,865,/home/dt2119/dt2119/music_classification/datasets/audios/western_data/genres_original/reggae/reggae.00066.wav,8,reggae,8,reggae
2,train,345,345,/home/dt2119/dt2119/music_classification/datasets/audios/western_data/genres_original/disco/disco.00045.wav,3,disco,3,disco
2,train,742,742,/home/dt2119/dt2119/music_classification/datasets/audios/western_data/genres_original/pop/pop.00043.wav,7,pop,7,pop
2,train,189,189,/home/dt2119/dt2119/music_classification/datasets/audios/western_data/genres_original/classical/classical.00089.wav,1,classical,1,classical
2,train,18,18,/home/dt2119/dt2119/music_classification/datasets/audios/western_data/genres_original/blues/blues.00018.wav,0,blues,0,blues
2,train,136,136,/home/dt2119/dt2119/music_classification/datasets/audios/western_data/genres_original/classical/classical.00036.wav,1,classical,1,classical
2,train,121,121,/home/dt2119/dt2119/music_classification/datasets/audios/western_data/genres_original/classical/classical.00021.wav,1,classical,1,classical
2,train,59,59,/home/dt2119/dt2119/music_classification/datasets/audios/western_data/genres_original/blues/blues.00059.wav,0,blues,0,blues
2,train,359,359,/home/dt2119/dt2119/music_classification/datasets/audios/western_data/genres_original/disco/disco.00059.wav,3,disco,3,disco
2,train,494,494,/home/dt2119/dt2119/music_classification/datasets/audios/western_data/genres_original/hiphop/hiphop.00094.wav,4,hiphop,4,hiphop
2,train,56,56,/home/dt2119/dt2119/music_classification/datasets/audios/western_data/genres_original/blues/blues.00056.wav,0,blues,0,blues
2,train,233,233,/home/dt2119/dt2119/music_classification/datasets/audios/western_data/genres_original/country/country.00033.wav,2,country,2,country
2,train,555,555,/home/dt2119/dt2119/music_classification/datasets/audios/western_data/genres_original/jazz/jazz.00056.wav,5,jazz,5,jazz
2,train,475,475,/home/dt2119/dt2119/music_classification/datasets/audios/western_data/genres_original/hiphop/hiphop.00075.wav,4,hiphop,4,hiphop
2,train,705,705,/home/dt2119/dt2119/music_classification/datasets/audios/western_data/genres_original/pop/pop.00006.wav,7,pop,7,pop
2,train,740,740,/home/dt2119/dt2119/music_classification/datasets/audios/western_data/genres_original/pop/pop.00041.wav,7,pop,2,country
2,train,412,412,/home/dt2119/dt2119/music_classification/datasets/audios/western_data/genres_original/hiphop/hiphop.00012.wav,4,hiphop,4,hiphop
2,train,376,376,/home/dt2119/dt2119/music_classification/datasets/audios/western_data/genres_original/disco/disco.00076.wav,3,disco,3,disco
2,train,327,327,/home/dt2119/dt2119/music_classification/datasets/audios/western_data/genres_original/disco/disco.00027.wav,3,disco,8,reggae
2,train,509,509,/home/dt2119/dt2119/music_classification/datasets/audios/western_data/genres_original/jazz/jazz.00009.wav,5,jazz,5,jazz
2,train,956,956,/home/dt2119/dt2119/music_classification/datasets/audios/western_data/genres_original/rock/rock.00057.wav,9,rock,9,rock
2,train,459,459,/home/dt2119/dt2119/music_classification/datasets/audios/western_data/genres_original/hiphop/hiphop.00059.wav,4,hiphop,4,hiphop
2,train,575,575,/home/dt2119/dt2119/music_classification/datasets/audios/western_data/genres_original/jazz/jazz.00076.wav,5,jazz,5,jazz
2,train,109,109,/home/dt2119/dt2119/music_classification/datasets/audios/western_data/genres_original/classical/classical.00009.wav,1,classical,1,classical
2,train,789,789,/home/dt2119/dt2119/music_classification/datasets/audios/western_data/genres_original/pop/pop.00090.wav,7,pop,7,pop
2,train,406,406,/home/dt2119/dt2119/music_classification/datasets/audios/western_data/genres_original/hiphop/hiphop.00006.wav,4,hiphop,4,hiphop
2,train,100,100,/home/dt2119/dt2119/music_classification/datasets/audios/western_data/genres_original/classical/classical.00000.wav,1,classical,1,classical
2,train,574,574,/home/dt2119/dt2119/music_classification/datasets/audios/western_data/genres_original/jazz/jazz.00075.wav,5,jazz,5,jazz
2,train,409,409,/home/dt2119/dt2119/music_classification/datasets/audios/western_data/genres_original/hiphop/hiphop.00009.wav,4,hiphop,4,hiphop
2,train,518,518,/home/dt2119/dt2119/music_classification/datasets/audios/western_data/genres_original/jazz/jazz.00018.wav,5,jazz,5,jazz
2,train,52,52,/home/dt2119/dt2119/music_classification/datasets/audios/western_data/genres_original/blues/blues.00052.wav,0,blues,0,blues
2,train,485,485,/home/dt2119/dt2119/music_classification/datasets/audios/western_data/genres_original/hiphop/hiphop.00085.wav,4,hiphop,4,hiphop
2,train,96,96,/home/dt2119/dt2119/music_classification/datasets/audios/western_data/genres_original/blues/blues.00096.wav,0,blues,0,blues
2,train,969,969,/home/dt2119/dt2119/music_classification/datasets/audios/western_data/genres_original/rock/rock.00070.wav,9,rock,9,rock
2,train,20,20,/home/dt2119/dt2119/music_classification/datasets/audios/western_data/genres_original/blues/blues.00020.wav,0,blues,0,blues
2,train,434,434,/home/dt2119/dt2119/music_classification/datasets/audios/western_data/genres_original/hiphop/hiphop.00034.wav,4,hiphop,4,hiphop
2,train,229,229,/home/dt2119/dt2119/music_classification/datasets/audios/western_data/genres_original/country/country.00029.wav,2,country,2,country
2,train,134,134,/home/dt2119/dt2119/music_classification/datasets/audios/western_data/genres_original/classical/classical.00034.wav,1,classical,1,classical
2,train,587,587,/home/dt2119/dt2119/music_classification/datasets/audios/western_data/genres_original/jazz/jazz.00088.wav,5,jazz,5,jazz
2,train,707,707,/home/dt2119/dt2119/music_classification/datasets/audios/western_data/genres_original/pop/pop.00008.wav,7,pop,7,pop
2,train,785,785,/home/dt2119/dt2119/music_classification/datasets/audios/western_data/genres_original/pop/pop.00086.wav,7,pop,7,pop
2,train,230,230,/home/dt2119/dt2119/music_classification/datasets/audios/western_data/genres_original/country/country.00030.wav,2,country,2,country
2,train,514,514,/home/dt2119/dt2119/music_classification/datasets/audios/western_data/genres_original/jazz/jazz.00014.wav,5,jazz,5,jazz
2,train,93,93,/home/dt2119/dt2119/music_classification/datasets/audios/western_data/genres_original/blues/blues.00093.wav,0,blues,0,blues
2,train,937,937,/home/dt2119/dt2119/music_classification/datasets/audios/western_data/genres_original/rock/rock.00038.wav,9,rock,9,rock
2,train,299,299,/home/dt2119/dt2119/music_classification/datasets/audios/western_data/genres_original/country/country.00099.wav,2,country,2,country
2,train,128,128,/home/dt2119/dt2119/music_classification/datasets/audios/western_data/genres_original/classical/classical.00028.wav,1,classical,1,classical
2,train,750,750,/home/dt2119/dt2119/music_classification/datasets/audios/western_data/genres_original/pop/pop.00051.wav,7,pop,7,pop
2,train,131,131,/home/dt2119/dt2119/music_classification/datasets/audios/western_data/genres_original/classical/classical.00031.wav,1,classical,1,classical
2,train,28,28,/home/dt2119/dt2119/music_classification/datasets/audios/western_data/genres_original/blues/blues.00028.wav,0,blues,0,blues
2,train,623,623,/home/dt2119/dt2119/music_classification/datasets/audios/western_data/genres_original/metal/metal.00024.wav,6,metal,6,metal
2,train,114,114,/home/dt2119/dt2119/music_classification/datasets/audios/western_data/genres_original/classical/classical.00014.wav,1,classical,1,classical
2,train,302,302,/home/dt2119/dt2119/music_classification/datasets/audios/western_data/genres_original/disco/disco.00002.wav,3,disco,3,disco
2,train,765,765,/home/dt2119/dt2119/music_classification/datasets/audios/western_data/genres_original/pop/pop.00066.wav,7,pop,7,pop
2,train,175,175,/home/dt2119/dt2119/music_classification/datasets/audios/western_data/genres_original/classical/classical.00075.wav,1,classical,1,classical
2,train,823,823,/home/dt2119/dt2119/music_classification/datasets/audios/western_data/genres_original/reggae/reggae.00024.wav,8,reggae,8,reggae
2,train,348,348,/home/dt2119/dt2119/music_classification/datasets/audios/western_data/genres_original/disco/disco.00048.wav,3,disco,3,disco
2,train,441,441,/home/dt2119/dt2119/music_classification/datasets/audios/western_data/genres_original/hiphop/hiphop.00041.wav,4,hiphop,4,hiphop
2,train,810,810,/home/dt2119/dt2119/music_classification/datasets/audios/western_data/genres_original/reggae/reggae.00011.wav,8,reggae,8,reggae
2,train,447,447,/home/dt2119/dt2119/music_classification/datasets/audios/western_data/genres_original/hiphop/hiphop.00047.wav,4,hiphop,4,hiphop
2,train,511,511,/home/dt2119/dt2119/music_classification/datasets/audios/western_data/genres_original/jazz/jazz.00011.wav,5,jazz,5,jazz
2,train,89,89,/home/dt2119/dt2119/music_classification/datasets/audios/western_data/genres_original/blues/blues.00089.wav,0,blues,0,blues
2,train,227,227,/home/dt2119/dt2119/music_classification/datasets/audios/western_data/genres_original/country/country.00027.wav,2,country,2,country
2,train,863,863,/home/dt2119/dt2119/music_classification/datasets/audios/western_data/genres_original/reggae/reggae.00064.wav,8,reggae,8,reggae
2,train,481,481,/home/dt2119/dt2119/music_classification/datasets/audios/western_data/genres_original/hiphop/hiphop.00081.wav,4,hiphop,4,hiphop
2,train,58,58,/home/dt2119/dt2119/music_classification/datasets/audios/western_data/genres_original/blues/blues.00058.wav,0,blues,0,blues
2,train,101,101,/home/dt2119/dt2119/music_classification/datasets/audios/western_data/genres_original/classical/classical.00001.wav,1,classical,1,classical
2,train,390,390,/home/dt2119/dt2119/music_classification/datasets/audios/western_data/genres_original/disco/disco.00090.wav,3,disco,3,disco
2,train,897,897,/home/dt2119/dt2119/music_classification/datasets/audios/western_data/genres_original/reggae/reggae.00098.wav,8,reggae,8,reggae
2,train,152,152,/home/dt2119/dt2119/music_classification/datasets/audios/western_data/genres_original/classical/classical.00052.wav,1,classical,1,classical
2,train,488,488,/home/dt2119/dt2119/music_classification/datasets/audios/western_data/genres_original/hiphop/hiphop.00088.wav,4,hiphop,4,hiphop
2,validation,142,142,/home/dt2119/dt2119/music_classification/datasets/audios/western_data/genres_original/classical/classical.00042.wav,1,classical,1,classical
2,validation,151,151,/home/dt2119/dt2119/music_classification/datasets/audios/western_data/genres_original/classical/classical.00051.wav,1,classical,6,metal
2,validation,153,153,/home/dt2119/dt2119/music_classification/datasets/audios/western_data/genres_original/classical/classical.00053.wav,1,classical,1,classical
2,validation,162,162,/home/dt2119/dt2119/music_classification/datasets/audios/western_data/genres_original/classical/classical.00062.wav,1,classical,0,blues
2,validation,180,180,/home/dt2119/dt2119/music_classification/datasets/audios/western_data/genres_original/classical/classical.00080.wav,1,classical,1,classical
2,validation,181,181,/home/dt2119/dt2119/music_classification/datasets/audios/western_data/genres_original/classical/classical.00081.wav,1,classical,1,classical
2,validation,206,206,/home/dt2119/dt2119/music_classification/datasets/audios/western_data/genres_original/country/country.00006.wav,2,country,2,country
2,validation,208,208,/home/dt2119/dt2119/music_classification/datasets/audios/western_data/genres_original/country/country.00008.wav,2,country,9,rock
2,validation,216,216,/home/dt2119/dt2119/music_classification/datasets/audios/western_data/genres_original/country/country.00016.wav,2,country,0,blues
2,validation,218,218,/home/dt2119/dt2119/music_classification/datasets/audios/western_data/genres_original/country/country.00018.wav,2,country,3,disco
2,validation,221,221,/home/dt2119/dt2119/music_classification/datasets/audios/western_data/genres_original/country/country.00021.wav,2,country,2,country
2,validation,234,234,/home/dt2119/dt2119/music_classification/datasets/audios/western_data/genres_original/country/country.00034.wav,2,country,3,disco
2,validation,236,236,/home/dt2119/dt2119/music_classification/datasets/audios/western_data/genres_original/country/country.00036.wav,2,country,8,reggae
2,validation,240,240,/home/dt2119/dt2119/music_classification/datasets/audios/western_data/genres_original/country/country.00040.wav,2,country,3,disco
2,validation,241,241,/home/dt2119/dt2119/music_classification/datasets/audios/western_data/genres_original/country/country.00041.wav,2,country,9,rock
2,validation,246,246,/home/dt2119/dt2119/music_classification/datasets/audios/western_data/genres_original/country/country.00046.wav,2,country,0,blues
2,validation,247,247,/home/dt2119/dt2119/music_classification/datasets/audios/western_data/genres_original/country/country.00047.wav,2,country,2,country
2,validation,250,250,/home/dt2119/dt2119/music_classification/datasets/audios/western_data/genres_original/country/country.00050.wav,2,country,8,reggae
2,validation,251,251,/home/dt2119/dt2119/music_classification/datasets/audios/western_data/genres_original/country/country.00051.wav,2,country,2,country
2,validation,252,252,/home/dt2119/dt2119/music_classification/datasets/audios/western_data/genres_original/country/country.00052.wav,2,country,2,country
2,validation,253,253,/home/dt2119/dt2119/music_classification/datasets/audios/western_data/genres_original/country/country.00053.wav,2,country,9,rock
2,validation,254,254,/home/dt2119/dt2119/music_classification/datasets/audios/western_data/genres_original/country/country.00054.wav,2,country,9,rock
2,validation,255,255,/home/dt2119/dt2119/music_classification/datasets/audios/western_data/genres_original/country/country.00055.wav,2,country,9,rock
2,validation,256,256,/home/dt2119/dt2119/music_classification/datasets/audios/western_data/genres_original/country/country.00056.wav,2,country,9,rock
2,validation,257,257,/home/dt2119/dt2119/music_classification/datasets/audios/western_data/genres_original/country/country.00057.wav,2,country,2,country
2,validation,258,258,/home/dt2119/dt2119/music_classification/datasets/audios/western_data/genres_original/country/country.00058.wav,2,country,2,country
2,validation,259,259,/home/dt2119/dt2119/music_classification/datasets/audios/western_data/genres_original/country/country.00059.wav,2,country,9,rock
2,validation,260,260,/home/dt2119/dt2119/music_classification/datasets/audios/western_data/genres_original/country/country.00060.wav,2,country,9,rock
2,validation,261,261,/home/dt2119/dt2119/music_classification/datasets/audios/western_data/genres_original/country/country.00061.wav,2,country,8,reggae
2,validation,262,262,/home/dt2119/dt2119/music_classification/datasets/audios/western_data/genres_original/country/country.00062.wav,2,country,9,rock
2,validation,263,263,/home/dt2119/dt2119/music_classification/datasets/audios/western_data/genres_original/country/country.00063.wav,2,country,8,reggae
2,validation,264,264,/home/dt2119/dt2119/music_classification/datasets/audios/western_data/genres_original/country/country.00064.wav,2,country,2,country
2,validation,281,281,/home/dt2119/dt2119/music_classification/datasets/audios/western_data/genres_original/country/country.00081.wav,2,country,2,country
2,validation,282,282,/home/dt2119/dt2119/music_classification/datasets/audios/western_data/genres_original/country/country.00082.wav,2,country,2,country
2,validation,283,283,/home/dt2119/dt2119/music_classification/datasets/audios/western_data/genres_original/country/country.00083.wav,2,country,2,country
2,validation,284,284,/home/dt2119/dt2119/music_classification/datasets/audios/western_data/genres_original/country/country.00084.wav,2,country,2,country
2,validation,285,285,/home/dt2119/dt2119/music_classification/datasets/audios/western_data/genres_original/country/country.00085.wav,2,country,2,country
2,validation,286,286,/home/dt2119/dt2119/music_classification/datasets/audios/western_data/genres_original/country/country.00086.wav,2,country,2,country
2,validation,287,287,/home/dt2119/dt2119/music_classification/datasets/audios/western_data/genres_original/country/country.00087.wav,2,country,2,country
2,validation,288,288,/home/dt2119/dt2119/music_classification/datasets/audios/western_data/genres_original/country/country.00088.wav,2,country,2,country
2,validation,289,289,/home/dt2119/dt2119/music_classification/datasets/audios/western_data/genres_original/country/country.00089.wav,2,country,2,country
2,validation,290,290,/home/dt2119/dt2119/music_classification/datasets/audios/western_data/genres_original/country/country.00090.wav,2,country,2,country
2,validation,291,291,/home/dt2119/dt2119/music_classification/datasets/audios/western_data/genres_original/country/country.00091.wav,2,country,2,country
2,validation,292,292,/home/dt2119/dt2119/music_classification/datasets/audios/western_data/genres_original/country/country.00092.wav,2,country,0,blues
2,validation,293,293,/home/dt2119/dt2119/music_classification/datasets/audios/western_data/genres_original/country/country.00093.wav,2,country,2,country
2,validation,306,306,/home/dt2119/dt2119/music_classification/datasets/audios/western_data/genres_original/disco/disco.00006.wav,3,disco,3,disco
2,validation,308,308,/home/dt2119/dt2119/music_classification/datasets/audios/western_data/genres_original/disco/disco.00008.wav,3,disco,3,disco
2,validation,319,319,/home/dt2119/dt2119/music_classification/datasets/audios/western_data/genres_original/disco/disco.00019.wav,3,disco,3,disco
2,validation,322,322,/home/dt2119/dt2119/music_classification/datasets/audios/western_data/genres_original/disco/disco.00022.wav,3,disco,3,disco
2,validation,328,328,/home/dt2119/dt2119/music_classification/datasets/audios/western_data/genres_original/disco/disco.00028.wav,3,disco,3,disco
2,validation,330,330,/home/dt2119/dt2119/music_classification/datasets/audios/western_data/genres_original/disco/disco.00030.wav,3,disco,3,disco
2,validation,335,335,/home/dt2119/dt2119/music_classification/datasets/audios/western_data/genres_original/disco/disco.00035.wav,3,disco,3,disco
2,validation,337,337,/home/dt2119/dt2119/music_classification/datasets/audios/western_data/genres_original/disco/disco.00037.wav,3,disco,3,disco
2,validation,343,343,/home/dt2119/dt2119/music_classification/datasets/audios/western_data/genres_original/disco/disco.00043.wav,3,disco,3,disco
2,validation,382,382,/home/dt2119/dt2119/music_classification/datasets/audios/western_data/genres_original/disco/disco.00082.wav,3,disco,3,disco
2,validation,387,387,/home/dt2119/dt2119/music_classification/datasets/audios/western_data/genres_original/disco/disco.00087.wav,3,disco,3,disco
2,validation,396,396,/home/dt2119/dt2119/music_classification/datasets/audios/western_data/genres_original/disco/disco.00096.wav,3,disco,3,disco
2,validation,397,397,/home/dt2119/dt2119/music_classification/datasets/audios/western_data/genres_original/disco/disco.00097.wav,3,disco,3,disco
2,validation,432,432,/home/dt2119/dt2119/music_classification/datasets/audios/western_data/genres_original/hiphop/hiphop.00032.wav,4,hiphop,4,hiphop
2,validation,433,433,/home/dt2119/dt2119/music_classification/datasets/audios/western_data/genres_original/hiphop/hiphop.00033.wav,4,hiphop,4,hiphop
2,validation,437,437,/home/dt2119/dt2119/music_classification/datasets/audios/western_data/genres_original/hiphop/hiphop.00037.wav,4,hiphop,4,hiphop
2,validation,558,558,/home/dt2119/dt2119/music_classification/datasets/audios/western_data/genres_original/jazz/jazz.00059.wav,5,jazz,5,jazz
2,validation,563,563,/home/dt2119/dt2119/music_classification/datasets/audios/western_data/genres_original/jazz/jazz.00064.wav,5,jazz,5,jazz
2,validation,578,578,/home/dt2119/dt2119/music_classification/datasets/audios/western_data/genres_original/jazz/jazz.00079.wav,5,jazz,5,jazz
2,validation,579,579,/home/dt2119/dt2119/music_classification/datasets/audios/western_data/genres_original/jazz/jazz.00080.wav,5,jazz,5,jazz
2,validation,580,580,/home/dt2119/dt2119/music_classification/datasets/audios/western_data/genres_original/jazz/jazz.00081.wav,5,jazz,8,reggae
2,validation,581,581,/home/dt2119/dt2119/music_classification/datasets/audios/western_data/genres_original/jazz/jazz.00082.wav,5,jazz,5,jazz
2,validation,582,582,/home/dt2119/dt2119/music_classification/datasets/audios/western_data/genres_original/jazz/jazz.00083.wav,5,jazz,5,jazz
2,validation,583,583,/home/dt2119/dt2119/music_classification/datasets/audios/western_data/genres_original/jazz/jazz.00084.wav,5,jazz,5,jazz
2,validation,584,584,/home/dt2119/dt2119/music_classification/datasets/audios/western_data/genres_original/jazz/jazz.00085.wav,5,jazz,5,jazz
2,validation,585,585,/home/dt2119/dt2119/music_classification/datasets/audios/western_data/genres_original/jazz/jazz.00086.wav,5,jazz,5,jazz
2,validation,593,593,/home/dt2119/dt2119/music_classification/datasets/audios/western_data/genres_original/jazz/jazz.00094.wav,5,jazz,5,jazz
2,validation,594,594,/home/dt2119/dt2119/music_classification/datasets/audios/western_data/genres_original/jazz/jazz.00095.wav,5,jazz,5,jazz
2,validation,595,595,/home/dt2119/dt2119/music_classification/datasets/audios/western_data/genres_original/jazz/jazz.00096.wav,5,jazz,5,jazz
2,validation,596,596,/home/dt2119/dt2119/music_classification/datasets/audios/western_data/genres_original/jazz/jazz.00097.wav,5,jazz,5,jazz
2,validation,597,597,/home/dt2119/dt2119/music_classification/datasets/audios/western_data/genres_original/jazz/jazz.00098.wav,5,jazz,5,jazz
2,validation,598,598,/home/dt2119/dt2119/music_classification/datasets/audios/western_data/genres_original/jazz/jazz.00099.wav,5,jazz,5,jazz
2,validation,599,599,/home/dt2119/dt2119/music_classification/datasets/audios/western_data/genres_original/metal/metal.00000.wav,6,metal,9,rock
2,validation,603,603,/home/dt2119/dt2119/music_classification/datasets/audios/western_data/genres_original/metal/metal.00004.wav,6,metal,6,metal
2,validation,606,606,/home/dt2119/dt2119/music_classification/datasets/audios/western_data/genres_original/metal/metal.00007.wav,6,metal,6,metal
2,validation,607,607,/home/dt2119/dt2119/music_classification/datasets/audios/western_data/genres_original/metal/metal.00008.wav,6,metal,9,rock
2,validation,609,609,/home/dt2119/dt2119/music_classification/datasets/audios/western_data/genres_original/metal/metal.00010.wav,6,metal,6,metal
2,validation,610,610,/home/dt2119/dt2119/music_classification/datasets/audios/western_data/genres_original/metal/metal.00011.wav,6,metal,6,metal
2,validation,611,611,/home/dt2119/dt2119/music_classification/datasets/audios/western_data/genres_original/metal/metal.00012.wav,6,metal,6,metal
2,validation,612,612,/home/dt2119/dt2119/music_classification/datasets/audios/western_data/genres_original/metal/metal.00013.wav,6,metal,6,metal
2,validation,613,613,/home/dt2119/dt2119/music_classification/datasets/audios/western_data/genres_original/metal/metal.00014.wav,6,metal,6,metal
2,validation,614,614,/home/dt2119/dt2119/music_classification/datasets/audios/western_data/genres_original/metal/metal.00015.wav,6,metal,6,metal
2,validation,621,621,/home/dt2119/dt2119/music_classification/datasets/audios/western_data/genres_original/metal/metal.00022.wav,6,metal,6,metal
2,validation,624,624,/home/dt2119/dt2119/music_classification/datasets/audios/western_data/genres_original/metal/metal.00025.wav,6,metal,6,metal
2,validation,627,627,/home/dt2119/dt2119/music_classification/datasets/audios/western_data/genres_original/metal/metal.00028.wav,6,metal,6,metal
2,validation,628,628,/home/dt2119/dt2119/music_classification/datasets/audios/western_data/genres_original/metal/metal.00029.wav,6,metal,6,metal
2,validation,629,629,/home/dt2119/dt2119/music_classification/datasets/audios/western_data/genres_original/metal/metal.00030.wav,6,metal,9,rock
2,validation,630,630,/home/dt2119/dt2119/music_classification/datasets/audios/western_data/genres_original/metal/metal.00031.wav,6,metal,6,metal
2,validation,631,631,/home/dt2119/dt2119/music_classification/datasets/audios/western_data/genres_original/metal/metal.00032.wav,6,metal,6,metal
2,validation,657,657,/home/dt2119/dt2119/music_classification/datasets/audios/western_data/genres_original/metal/metal.00058.wav,6,metal,6,metal
2,validation,658,658,/home/dt2119/dt2119/music_classification/datasets/audios/western_data/genres_original/metal/metal.00059.wav,6,metal,6,metal
2,validation,659,659,/home/dt2119/dt2119/music_classification/datasets/audios/western_data/genres_original/metal/metal.00060.wav,6,metal,6,metal
2,validation,668,668,/home/dt2119/dt2119/music_classification/datasets/audios/western_data/genres_original/metal/metal.00069.wav,6,metal,6,metal
2,validation,683,683,/home/dt2119/dt2119/music_classification/datasets/audios/western_data/genres_original/metal/metal.00084.wav,6,metal,6,metal
2,validation,689,689,/home/dt2119/dt2119/music_classification/datasets/audios/western_data/genres_original/metal/metal.00090.wav,6,metal,6,metal
2,validation,690,690,/home/dt2119/dt2119/music_classification/datasets/audios/western_data/genres_original/metal/metal.00091.wav,6,metal,6,metal
2,validation,710,710,/home/dt2119/dt2119/music_classification/datasets/audios/western_data/genres_original/pop/pop.00011.wav,7,pop,1,classical
2,validation,711,711,/home/dt2119/dt2119/music_classification/datasets/audios/western_data/genres_original/pop/pop.00012.wav,7,pop,9,rock
2,validation,738,738,/home/dt2119/dt2119/music_classification/datasets/audios/western_data/genres_original/pop/pop.00039.wav,7,pop,9,rock
2,validation,739,739,/home/dt2119/dt2119/music_classification/datasets/audios/western_data/genres_original/pop/pop.00040.wav,7,pop,2,country
2,validation,741,741,/home/dt2119/dt2119/music_classification/datasets/audios/western_data/genres_original/pop/pop.00042.wav,7,pop,7,pop
2,validation,751,751,/home/dt2119/dt2119/music_classification/datasets/audios/western_data/genres_original/pop/pop.00052.wav,7,pop,4,hiphop
2,validation,752,752,/home/dt2119/dt2119/music_classification/datasets/audios/western_data/genres_original/pop/pop.00053.wav,7,pop,8,reggae
2,validation,753,753,/home/dt2119/dt2119/music_classification/datasets/audios/western_data/genres_original/pop/pop.00054.wav,7,pop,8,reggae
2,validation,754,754,/home/dt2119/dt2119/music_classification/datasets/audios/western_data/genres_original/pop/pop.00055.wav,7,pop,4,hiphop
2,validation,755,755,/home/dt2119/dt2119/music_classification/datasets/audios/western_data/genres_original/pop/pop.00056.wav,7,pop,4,hiphop
2,validation,756,756,/home/dt2119/dt2119/music_classification/datasets/audios/western_data/genres_original/pop/pop.00057.wav,7,pop,4,hiphop
2,validation,757,757,/home/dt2119/dt2119/music_classification/datasets/audios/western_data/genres_original/pop/pop.00058.wav,7,pop,7,pop
2,validation,758,758,/home/dt2119/dt2119/music_classification/datasets/audios/western_data/genres_original/pop/pop.00059.wav,7,pop,4,hiphop
2,validation,759,759,/home/dt2119/dt2119/music_classification/datasets/audios/western_data/genres_original/pop/pop.00060.wav,7,pop,8,reggae
2,validation,760,760,/home/dt2119/dt2119/music_classification/datasets/audios/western_data/genres_original/pop/pop.00061.wav,7,pop,7,pop
2,validation,761,761,/home/dt2119/dt2119/music_classification/datasets/audios/western_data/genres_original/pop/pop.00062.wav,7,pop,7,pop
2,validation,766,766,/home/dt2119/dt2119/music_classification/datasets/audios/western_data/genres_original/pop/pop.00067.wav,7,pop,7,pop
2,validation,767,767,/home/dt2119/dt2119/music_classification/datasets/audios/western_data/genres_original/pop/pop.00068.wav,7,pop,7,pop
2,validation,768,768,/home/dt2119/dt2119/music_classification/datasets/audios/western_data/genres_original/pop/pop.00069.wav,7,pop,3,disco
2,validation,769,769,/home/dt2119/dt2119/music_classification/datasets/audios/western_data/genres_original/pop/pop.00070.wav,7,pop,7,pop
2,validation,770,770,/home/dt2119/dt2119/music_classification/datasets/audios/western_data/genres_original/pop/pop.00071.wav,7,pop,7,pop
2,validation,771,771,/home/dt2119/dt2119/music_classification/datasets/audios/western_data/genres_original/pop/pop.00072.wav,7,pop,3,disco
2,validation,772,772,/home/dt2119/dt2119/music_classification/datasets/audios/western_data/genres_original/pop/pop.00073.wav,7,pop,7,pop
2,validation,842,842,/home/dt2119/dt2119/music_classification/datasets/audios/western_data/genres_original/reggae/reggae.00043.wav,8,reggae,8,reggae
2,validation,871,871,/home/dt2119/dt2119/music_classification/datasets/audios/western_data/genres_original/reggae/reggae.00072.wav,8,reggae,4,hiphop
2,validation,879,879,/home/dt2119/dt2119/music_classification/datasets/audios/western_data/genres_original/reggae/reggae.00080.wav,8,reggae,4,hiphop
2,validation,880,880,/home/dt2119/dt2119/music_classification/datasets/audios/western_data/genres_original/reggae/reggae.00081.wav,8,reggae,4,hiphop
2,validation,881,881,/home/dt2119/dt2119/music_classification/datasets/audios/western_data/genres_original/reggae/reggae.00082.wav,8,reggae,4,hiphop
2,validation,899,899,/home/dt2119/dt2119/music_classification/datasets/audios/western_data/genres_original/rock/rock.00000.wav,9,rock,6,metal
2,validation,900,900,/home/dt2119/dt2119/music_classification/datasets/audios/western_data/genres_original/rock/rock.00001.wav,9,rock,6,metal
2,validation,901,901,/home/dt2119/dt2119/music_classification/datasets/audios/western_data/genres_original/rock/rock.00002.wav,9,rock,4,hiphop
2,validation,902,902,/home/dt2119/dt2119/music_classification/datasets/audios/western_data/genres_original/rock/rock.00003.wav,9,rock,0,blues
2,validation,903,903,/home/dt2119/dt2119/music_classification/datasets/audios/western_data/genres_original/rock/rock.00004.wav,9,rock,6,metal
2,validation,904,904,/home/dt2119/dt2119/music_classification/datasets/audios/western_data/genres_original/rock/rock.00005.wav,9,rock,6,metal
2,validation,905,905,/home/dt2119/dt2119/music_classification/datasets/audios/western_data/genres_original/rock/rock.00006.wav,9,rock,2,country
2,validation,906,906,/home/dt2119/dt2119/music_classification/datasets/audios/western_data/genres_original/rock/rock.00007.wav,9,rock,9,rock
2,validation,907,907,/home/dt2119/dt2119/music_classification/datasets/audios/western_data/genres_original/rock/rock.00008.wav,9,rock,6,metal
2,validation,908,908,/home/dt2119/dt2119/music_classification/datasets/audios/western_data/genres_original/rock/rock.00009.wav,9,rock,8,reggae
2,validation,915,915,/home/dt2119/dt2119/music_classification/datasets/audios/western_data/genres_original/rock/rock.00016.wav,9,rock,6,metal
2,validation,916,916,/home/dt2119/dt2119/music_classification/datasets/audios/western_data/genres_original/rock/rock.00017.wav,9,rock,6,metal
2,validation,917,917,/home/dt2119/dt2119/music_classification/datasets/audios/western_data/genres_original/rock/rock.00018.wav,9,rock,3,disco
2,validation,918,918,/home/dt2119/dt2119/music_classification/datasets/audios/western_data/genres_original/rock/rock.00019.wav,9,rock,6,metal
2,validation,919,919,/home/dt2119/dt2119/music_classification/datasets/audios/western_data/genres_original/rock/rock.00020.wav,9,rock,9,rock
2,validation,920,920,/home/dt2119/dt2119/music_classification/datasets/audios/western_data/genres_original/rock/rock.00021.wav,9,rock,2,country
2,validation,921,921,/home/dt2119/dt2119/music_classification/datasets/audios/western_data/genres_original/rock/rock.00022.wav,9,rock,9,rock
2,validation,922,922,/home/dt2119/dt2119/music_classification/datasets/audios/western_data/genres_original/rock/rock.00023.wav,9,rock,6,metal
2,validation,923,923,/home/dt2119/dt2119/music_classification/datasets/audios/western_data/genres_original/rock/rock.00024.wav,9,rock,9,rock
2,validation,924,924,/home/dt2119/dt2119/music_classification/datasets/audios/western_data/genres_original/rock/rock.00025.wav,9,rock,6,metal
2,validation,925,925,/home/dt2119/dt2119/music_classification/datasets/audios/western_data/genres_original/rock/rock.00026.wav,9,rock,9,rock
2,validation,927,927,/home/dt2119/dt2119/music_classification/datasets/audios/western_data/genres_original/rock/rock.00028.wav,9,rock,3,disco
2,validation,928,928,/home/dt2119/dt2119/music_classification/datasets/audios/western_data/genres_original/rock/rock.00029.wav,9,rock,9,rock
2,validation,929,929,/home/dt2119/dt2119/music_classification/datasets/audios/western_data/genres_original/rock/rock.00030.wav,9,rock,8,reggae
2,validation,930,930,/home/dt2119/dt2119/music_classification/datasets/audios/western_data/genres_original/rock/rock.00031.wav,9,rock,3,disco
2,validation,932,932,/home/dt2119/dt2119/music_classification/datasets/audios/western_data/genres_original/rock/rock.00033.wav,9,rock,8,reggae
2,validation,934,934,/home/dt2119/dt2119/music_classification/datasets/audios/western_data/genres_original/rock/rock.00035.wav,9,rock,9,rock
2,validation,936,936,/home/dt2119/dt2119/music_classification/datasets/audios/western_data/genres_original/rock/rock.00037.wav,9,rock,9,rock
2,validation,948,948,/home/dt2119/dt2119/music_classification/datasets/audios/western_data/genres_original/rock/rock.00049.wav,9,rock,9,rock
2,validation,949,949,/home/dt2119/dt2119/music_classification/datasets/audios/western_data/genres_original/rock/rock.00050.wav,9,rock,7,pop
2,validation,950,950,/home/dt2119/dt2119/music_classification/datasets/audios/western_data/genres_original/rock/rock.00051.wav,9,rock,9,rock
2,validation,951,951,/home/dt2119/dt2119/music_classification/datasets/audios/western_data/genres_original/rock/rock.00052.wav,9,rock,8,reggae
2,validation,952,952,/home/dt2119/dt2119/music_classification/datasets/audios/western_data/genres_original/rock/rock.00053.wav,9,rock,9,rock
2,validation,953,953,/home/dt2119/dt2119/music_classification/datasets/audios/western_data/genres_original/rock/rock.00054.wav,9,rock,9,rock
2,validation,954,954,/home/dt2119/dt2119/music_classification/datasets/audios/western_data/genres_original/rock/rock.00055.wav,9,rock,4,hiphop
2,validation,955,955,/home/dt2119/dt2119/music_classification/datasets/audios/western_data/genres_original/rock/rock.00056.wav,9,rock,9,rock
2,validation,985,985,/home/dt2119/dt2119/music_classification/datasets/audios/western_data/genres_original/rock/rock.00086.wav,9,rock,6,metal
2,validation,986,986,/home/dt2119/dt2119/music_classification/datasets/audios/western_data/genres_original/rock/rock.00087.wav,9,rock,6,metal
2,validation,987,987,/home/dt2119/dt2119/music_classification/datasets/audios/western_data/genres_original/rock/rock.00088.wav,9,rock,6,metal
2,test,0,0,/home/dt2119/dt2119/music_classification/datasets/audios/western_data/genres_original/blues/blues.00000.wav,0,blues,9,rock
2,test,1,1,/home/dt2119/dt2119/music_classification/datasets/audios/western_data/genres_original/blues/blues.00001.wav,0,blues,8,reggae
2,test,2,2,/home/dt2119/dt2119/music_classification/datasets/audios/western_data/genres_original/blues/blues.00002.wav,0,blues,0,blues
2,test,3,3,/home/dt2119/dt2119/music_classification/datasets/audios/western_data/genres_original/blues/blues.00003.wav,0,blues,8,reggae
2,test,4,4,/home/dt2119/dt2119/music_classification/datasets/audios/western_data/genres_original/blues/blues.00004.wav,0,blues,8,reggae
2,test,5,5,/home/dt2119/dt2119/music_classification/datasets/audios/western_data/genres_original/blues/blues.00005.wav,0,blues,2,country
2,test,6,6,/home/dt2119/dt2119/music_classification/datasets/audios/western_data/genres_original/blues/blues.00006.wav,0,blues,0,blues
2,test,7,7,/home/dt2119/dt2119/music_classification/datasets/audios/western_data/genres_original/blues/blues.00007.wav,0,blues,0,blues
2,test,8,8,/home/dt2119/dt2119/music_classification/datasets/audios/western_data/genres_original/blues/blues.00008.wav,0,blues,8,reggae
2,test,9,9,/home/dt2119/dt2119/music_classification/datasets/audios/western_data/genres_original/blues/blues.00009.wav,0,blues,0,blues
2,test,10,10,/home/dt2119/dt2119/music_classification/datasets/audios/western_data/genres_original/blues/blues.00010.wav,0,blues,8,reggae
2,test,11,11,/home/dt2119/dt2119/music_classification/datasets/audios/western_data/genres_original/blues/blues.00011.wav,0,blues,4,hiphop
2,test,29,29,/home/dt2119/dt2119/music_classification/datasets/audios/western_data/genres_original/blues/blues.00029.wav,0,blues,2,country
2,test,30,30,/home/dt2119/dt2119/music_classification/datasets/audios/western_data/genres_original/blues/blues.00030.wav,0,blues,2,country
2,test,31,31,/home/dt2119/dt2119/music_classification/datasets/audios/western_data/genres_original/blues/blues.00031.wav,0,blues,2,country
2,test,32,32,/home/dt2119/dt2119/music_classification/datasets/audios/western_data/genres_original/blues/blues.00032.wav,0,blues,2,country
2,test,33,33,/home/dt2119/dt2119/music_classification/datasets/audios/western_data/genres_original/blues/blues.00033.wav,0,blues,2,country
2,test,34,34,/home/dt2119/dt2119/music_classification/datasets/audios/western_data/genres_original/blues/blues.00034.wav,0,blues,2,country
2,test,35,35,/home/dt2119/dt2119/music_classification/datasets/audios/western_data/genres_original/blues/blues.00035.wav,0,blues,2,country
2,test,36,36,/home/dt2119/dt2119/music_classification/datasets/audios/western_data/genres_original/blues/blues.00036.wav,0,blues,2,country
2,test,37,37,/home/dt2119/dt2119/music_classification/datasets/audios/western_data/genres_original/blues/blues.00037.wav,0,blues,5,jazz
2,test,38,38,/home/dt2119/dt2119/music_classification/datasets/audios/western_data/genres_original/blues/blues.00038.wav,0,blues,2,country
2,test,39,39,/home/dt2119/dt2119/music_classification/datasets/audios/western_data/genres_original/blues/blues.00039.wav,0,blues,2,country
2,test,40,40,/home/dt2119/dt2119/music_classification/datasets/audios/western_data/genres_original/blues/blues.00040.wav,0,blues,0,blues
2,test,41,41,/home/dt2119/dt2119/music_classification/datasets/audios/western_data/genres_original/blues/blues.00041.wav,0,blues,0,blues
2,test,42,42,/home/dt2119/dt2119/music_classification/datasets/audios/western_data/genres_original/blues/blues.00042.wav,0,blues,6,metal
2,test,43,43,/home/dt2119/dt2119/music_classification/datasets/audios/western_data/genres_original/blues/blues.00043.wav,0,blues,0,blues
2,test,44,44,/home/dt2119/dt2119/music_classification/datasets/audios/western_data/genres_original/blues/blues.00044.wav,0,blues,6,metal
2,test,45,45,/home/dt2119/dt2119/music_classification/datasets/audios/western_data/genres_original/blues/blues.00045.wav,0,blues,6,metal
2,test,46,46,/home/dt2119/dt2119/music_classification/datasets/audios/western_data/genres_original/blues/blues.00046.wav,0,blues,6,metal
2,test,47,47,/home/dt2119/dt2119/music_classification/datasets/audios/western_data/genres_original/blues/blues.00047.wav,0,blues,9,rock
2,test,48,48,/home/dt2119/dt2119/music_classification/datasets/audios/western_data/genres_original/blues/blues.00048.wav,0,blues,0,blues
2,test,49,49,/home/dt2119/dt2119/music_classification/datasets/audios/western_data/genres_original/blues/blues.00049.wav,0,blues,2,country
2,test,73,73,/home/dt2119/dt2119/music_classification/datasets/audios/western_data/genres_original/blues/blues.00073.wav,0,blues,0,blues
2,test,74,74,/home/dt2119/dt2119/music_classification/datasets/audios/western_data/genres_original/blues/blues.00074.wav,0,blues,5,jazz
2,test,75,75,/home/dt2119/dt2119/music_classification/datasets/audios/western_data/genres_original/blues/blues.00075.wav,0,blues,3,disco
2,test,76,76,/home/dt2119/dt2119/music_classification/datasets/audios/western_data/genres_original/blues/blues.00076.wav,0,blues,8,reggae
2,test,77,77,/home/dt2119/dt2119/music_classification/datasets/audios/western_data/genres_original/blues/blues.00077.wav,0,blues,3,disco
2,test,78,78,/home/dt2119/dt2119/music_classification/datasets/audios/western_data/genres_original/blues/blues.00078.wav,0,blues,4,hiphop
2,test,79,79,/home/dt2119/dt2119/music_classification/datasets/audios/western_data/genres_original/blues/blues.00079.wav,0,blues,3,disco
2,test,80,80,/home/dt2119/dt2119/music_classification/datasets/audios/western_data/genres_original/blues/blues.00080.wav,0,blues,8,reggae
2,test,81,81,/home/dt2119/dt2119/music_classification/datasets/audios/western_data/genres_original/blues/blues.00081.wav,0,blues,1,classical
2,test,82,82,/home/dt2119/dt2119/music_classification/datasets/audios/western_data/genres_original/blues/blues.00082.wav,0,blues,8,reggae
2,test,83,83,/home/dt2119/dt2119/music_classification/datasets/audios/western_data/genres_original/blues/blues.00083.wav,0,blues,3,disco
2,test,84,84,/home/dt2119/dt2119/music_classification/datasets/audios/western_data/genres_original/blues/blues.00084.wav,0,blues,8,reggae
2,test,138,138,/home/dt2119/dt2119/music_classification/datasets/audios/western_data/genres_original/classical/classical.00038.wav,1,classical,1,classical
2,test,139,139,/home/dt2119/dt2119/music_classification/datasets/audios/western_data/genres_original/classical/classical.00039.wav,1,classical,1,classical
2,test,140,140,/home/dt2119/dt2119/music_classification/datasets/audios/western_data/genres_original/classical/classical.00040.wav,1,classical,1,classical
2,test,141,141,/home/dt2119/dt2119/music_classification/datasets/audios/western_data/genres_original/classical/classical.00041.wav,1,classical,1,classical
2,test,146,146,/home/dt2119/dt2119/music_classification/datasets/audios/western_data/genres_original/classical/classical.00046.wav,1,classical,1,classical
2,test,149,149,/home/dt2119/dt2119/music_classification/datasets/audios/western_data/genres_original/classical/classical.00049.wav,1,classical,1,classical
2,test,163,163,/home/dt2119/dt2119/music_classification/datasets/audios/western_data/genres_original/classical/classical.00063.wav,1,classical,5,jazz
2,test,164,164,/home/dt2119/dt2119/music_classification/datasets/audios/western_data/genres_original/classical/classical.00064.wav,1,classical,1,classical
2,test,165,165,/home/dt2119/dt2119/music_classification/datasets/audios/western_data/genres_original/classical/classical.00065.wav,1,classical,1,classical
2,test,166,166,/home/dt2119/dt2119/music_classification/datasets/audios/western_data/genres_original/classical/classical.00066.wav,1,classical,1,classical
2,test,167,167,/home/dt2119/dt2119/music_classification/datasets/audios/western_data/genres_original/classical/classical.00067.wav,1,classical,1,classical
2,test,177,177,/home/dt2119/dt2119/music_classification/datasets/audios/western_data/genres_original/classical/classical.00077.wav,1,classical,1,classical
2,test,178,178,/home/dt2119/dt2119/music_classification/datasets/audios/western_data/genres_original/classical/classical.00078.wav,1,classical,1,classical
2,test,179,179,/home/dt2119/dt2119/music_classification/datasets/audios/western_data/genres_original/classical/classical.00079.wav,1,classical,1,classical
2,test,204,204,/home/dt2119/dt2119/music_classification/datasets/audios/western_data/genres_original/country/country.00004.wav,2,country,6,metal
2,test,205,205,/home/dt2119/dt2119/music_classification/datasets/audios/western_data/genres_original/country/country.00005.wav,2,country,8,reggae
2,test,209,209,/home/dt2119/dt2119/music_classification/datasets/audios/western_data/genres_original/country/country.00009.wav,2,country,3,disco
2,test,211,211,/home/dt2119/dt2119/music_classification/datasets/audios/western_data/genres_original/country/country.00011.wav,2,country,5,jazz
2,test,213,213,/home/dt2119/dt2119/music_classification/datasets/audios/western_data/genres_original/country/country.00013.wav,2,country,8,reggae
2,test,214,214,/home/dt2119/dt2119/music_classification/datasets/audios/western_data/genres_original/country/country.00014.wav,2,country,3,disco
2,test,219,219,/home/dt2119/dt2119/music_classification/datasets/audios/western_data/genres_original/country/country.00019.wav,2,country,0,blues
2,test,224,224,/home/dt2119/dt2119/music_classification/datasets/audios/western_data/genres_original/country/country.00024.wav,2,country,2,country
2,test,225,225,/home/dt2119/dt2119/music_classification/datasets/audios/western_data/genres_original/country/country.00025.wav,2,country,2,country
2,test,226,226,/home/dt2119/dt2119/music_classification/datasets/audios/western_data/genres_original/country/country.00026.wav,2,country,8,reggae
2,test,232,232,/home/dt2119/dt2119/music_classification/datasets/audios/western_data/genres_original/country/country.00032.wav,2,country,0,blues
2,test,238,238,/home/dt2119/dt2119/music_classification/datasets/audios/western_data/genres_original/country/country.00038.wav,2,country,9,rock
2,test,244,244,/home/dt2119/dt2119/music_classification/datasets/audios/western_data/genres_original/country/country.00044.wav,2,country,2,country
2,test,245,245,/home/dt2119/dt2119/music_classification/datasets/audios/western_data/genres_original/country/country.00045.wav,2,country,2,country
2,test,265,265,/home/dt2119/dt2119/music_classification/datasets/audios/western_data/genres_original/country/country.00065.wav,2,country,0,blues
2,test,266,266,/home/dt2119/dt2119/music_classification/datasets/audios/western_data/genres_original/country/country.00066.wav,2,country,9,rock
2,test,267,267,/home/dt2119/dt2119/music_classification/datasets/audios/western_data/genres_original/country/country.00067.wav,2,country,2,country
2,test,268,268,/home/dt2119/dt2119/music_classification/datasets/audios/western_data/genres_original/country/country.00068.wav,2,country,2,country
2,test,269,269,/home/dt2119/dt2119/music_classification/datasets/audios/western_data/genres_original/country/country.00069.wav,2,country,2,country
2,test,270,270,/home/dt2119/dt2119/music_classification/datasets/audios/western_data/genres_original/country/country.00070.wav,2,country,8,reggae
2,test,271,271,/home/dt2119/dt2119/music_classification/datasets/audios/western_data/genres_original/country/country.00071.wav,2,country,2,country
2,test,272,272,/home/dt2119/dt2119/music_classification/datasets/audios/western_data/genres_original/country/country.00072.wav,2,country,2,country
2,test,273,273,/home/dt2119/dt2119/music_classification/datasets/audios/western_data/genres_original/country/country.00073.wav,2,country,6,metal
2,test,274,274,/home/dt2119/dt2119/music_classification/datasets/audios/western_data/genres_original/country/country.00074.wav,2,country,9,rock
2,test,275,275,/home/dt2119/dt2119/music_classification/datasets/audios/western_data/genres_original/country/country.00075.wav,2,country,6,metal
2,test,276,276,/home/dt2119/dt2119/music_classification/datasets/audios/western_data/genres_original/country/country.00076.wav,2,country,2,country
2,test,277,277,/home/dt2119/dt2119/music_classification/datasets/audios/western_data/genres_original/country/country.00077.wav,2,country,9,rock
2,test,278,278,/home/dt2119/dt2119/music_classification/datasets/audios/western_data/genres_original/country/country.00078.wav,2,country,0,blues
2,test,279,279,/home/dt2119/dt2119/music_classification/datasets/audios/western_data/genres_original/country/country.00079.wav,2,country,0,blues
2,test,280,280,/home/dt2119/dt2119/music_classification/datasets/audios/western_data/genres_original/country/country.00080.wav,2,country,2,country
2,test,301,301,/home/dt2119/dt2119/music_classification/datasets/audios/western_data/genres_original/disco/disco.00001.wav,3,disco,3,disco
2,test,310,310,/home/dt2119/dt2119/music_classification/datasets/audios/western_data/genres_original/disco/disco.00010.wav,3,disco,7,pop
2,test,312,312,/home/dt2119/dt2119/music_classification/datasets/audios/western_data/genres_original/disco/disco.00012.wav,3,disco,7,pop
2,test,318,318,/home/dt2119/dt2119/music_classification/datasets/audios/western_data/genres_original/disco/disco.00018.wav,3,disco,3,disco
2,test,321,321,/home/dt2119/dt2119/music_classification/datasets/audios/western_data/genres_original/disco/disco.00021.wav,3,disco,7,pop
2,test,325,325,/home/dt2119/dt2119/music_classification/datasets/audios/western_data/genres_original/disco/disco.00025.wav,3,disco,3,disco
2,test,329,329,/home/dt2119/dt2119/music_classification/datasets/audios/western_data/genres_original/disco/disco.00029.wav,3,disco,3,disco
2,test,331,331,/home/dt2119/dt2119/music_classification/datasets/audios/western_data/genres_original/disco/disco.00031.wav,3,disco,3,disco
2,test,334,334,/home/dt2119/dt2119/music_classification/datasets/audios/western_data/genres_original/disco/disco.00034.wav,3,disco,3,disco
2,test,338,338,/home/dt2119/dt2119/music_classification/datasets/audios/western_data/genres_original/disco/disco.00038.wav,3,disco,9,rock
2,test,339,339,/home/dt2119/dt2119/music_classification/datasets/audios/western_data/genres_original/disco/disco.00039.wav,3,disco,3,disco
2,test,349,349,/home/dt2119/dt2119/music_classification/datasets/audios/western_data/genres_original/disco/disco.00049.wav,3,disco,3,disco
2,test,350,350,/home/dt2119/dt2119/music_classification/datasets/audios/western_data/genres_original/disco/disco.00050.wav,3,disco,3,disco
2,test,351,351,/home/dt2119/dt2119/music_classification/datasets/audios/western_data/genres_original/disco/disco.00051.wav,3,disco,3,disco
2,test,362,362,/home/dt2119/dt2119/music_classification/datasets/audios/western_data/genres_original/disco/disco.00062.wav,3,disco,3,disco
2,test,365,365,/home/dt2119/dt2119/music_classification/datasets/audios/western_data/genres_original/disco/disco.00065.wav,3,disco,3,disco
2,test,366,366,/home/dt2119/dt2119/music_classification/datasets/audios/western_data/genres_original/disco/disco.00066.wav,3,disco,3,disco
2,test,369,369,/home/dt2119/dt2119/music_classification/datasets/audios/western_data/genres_original/disco/disco.00069.wav,3,disco,3,disco
2,test,370,370,/home/dt2119/dt2119/music_classification/datasets/audios/western_data/genres_original/disco/disco.00070.wav,3,disco,3,disco
2,test,371,371,/home/dt2119/dt2119/music_classification/datasets/audios/western_data/genres_original/disco/disco.00071.wav,3,disco,3,disco
2,test,373,373,/home/dt2119/dt2119/music_classification/datasets/audios/western_data/genres_original/disco/disco.00073.wav,3,disco,3,disco
2,test,374,374,/home/dt2119/dt2119/music_classification/datasets/audios/western_data/genres_original/disco/disco.00074.wav,3,disco,3,disco
2,test,378,378,/home/dt2119/dt2119/music_classification/datasets/audios/western_data/genres_original/disco/disco.00078.wav,3,disco,3,disco
2,test,379,379,/home/dt2119/dt2119/music_classification/datasets/audios/western_data/genres_original/disco/disco.00079.wav,3,disco,3,disco
2,test,383,383,/home/dt2119/dt2119/music_classification/datasets/audios/western_data/genres_original/disco/disco.00083.wav,3,disco,6,metal
2,test,385,385,/home/dt2119/dt2119/music_classification/datasets/audios/western_data/genres_original/disco/disco.00085.wav,3,disco,4,hiphop
2,test,426,426,/home/dt2119/dt2119/music_classification/datasets/audios/western_data/genres_original/hiphop/hiphop.00026.wav,4,hiphop,4,hiphop
2,test,430,430,/home/dt2119/dt2119/music_classification/datasets/audios/western_data/genres_original/hiphop/hiphop.00030.wav,4,hiphop,4,hiphop
2,test,439,439,/home/dt2119/dt2119/music_classification/datasets/audios/western_data/genres_original/hiphop/hiphop.00039.wav,4,hiphop,8,reggae
2,test,440,440,/home/dt2119/dt2119/music_classification/datasets/audios/western_data/genres_original/hiphop/hiphop.00040.wav,4,hiphop,4,hiphop
2,test,445,445,/home/dt2119/dt2119/music_classification/datasets/audios/western_data/genres_original/hiphop/hiphop.00045.wav,4,hiphop,8,reggae
2,test,452,452,/home/dt2119/dt2119/music_classification/datasets/audios/western_data/genres_original/hiphop/hiphop.00052.wav,4,hiphop,4,hiphop
2,test,453,453,/home/dt2119/dt2119/music_classification/datasets/audios/western_data/genres_original/hiphop/hiphop.00053.wav,4,hiphop,4,hiphop
2,test,454,454,/home/dt2119/dt2119/music_classification/datasets/audios/western_data/genres_original/hiphop/hiphop.00054.wav,4,hiphop,4,hiphop
2,test,477,477,/home/dt2119/dt2119/music_classification/datasets/audios/western_data/genres_original/hiphop/hiphop.00077.wav,4,hiphop,4,hiphop
2,test,479,479,/home/dt2119/dt2119/music_classification/datasets/audios/western_data/genres_original/hiphop/hiphop.00079.wav,4,hiphop,4,hiphop
2,test,480,480,/home/dt2119/dt2119/music_classification/datasets/audios/western_data/genres_original/hiphop/hiphop.00080.wav,4,hiphop,4,hiphop
2,test,548,548,/home/dt2119/dt2119/music_classification/datasets/audios/western_data/genres_original/jazz/jazz.00048.wav,5,jazz,5,jazz
2,test,565,565,/home/dt2119/dt2119/music_classification/datasets/audios/western_data/genres_original/jazz/jazz.00066.wav,5,jazz,5,jazz
2,test,600,600,/home/dt2119/dt2119/music_classification/datasets/audios/western_data/genres_original/metal/metal.00001.wav,6,metal,6,metal
2,test,615,615,/home/dt2119/dt2119/music_classification/datasets/audios/western_data/genres_original/metal/metal.00016.wav,6,metal,6,metal
2,test,616,616,/home/dt2119/dt2119/music_classification/datasets/audios/western_data/genres_original/metal/metal.00017.wav,6,metal,6,metal
2,test,617,617,/home/dt2119/dt2119/music_classification/datasets/audios/western_data/genres_original/metal/metal.00018.wav,6,metal,6,metal
2,test,618,618,/home/dt2119/dt2119/music_classification/datasets/audios/western_data/genres_original/metal/metal.00019.wav,6,metal,6,metal
2,test,619,619,/home/dt2119/dt2119/music_classification/datasets/audios/western_data/genres_original/metal/metal.00020.wav,6,metal,6,metal
2,test,622,622,/home/dt2119/dt2119/music_classification/datasets/audios/western_data/genres_original/metal/metal.00023.wav,6,metal,6,metal
2,test,632,632,/home/dt2119/dt2119/music_classification/datasets/audios/western_data/genres_original/metal/metal.00033.wav,6,metal,6,metal
2,test,634,634,/home/dt2119/dt2119/music_classification/datasets/audios/western_data/genres_original/metal/metal.00035.wav,6,metal,6,metal
2,test,635,635,/home/dt2119/dt2119/music_classification/datasets/audios/western_data/genres_original/metal/metal.00036.wav,6,metal,6,metal
2,test,637,637,/home/dt2119/dt2119/music_classification/datasets/audios/western_data/genres_original/metal/metal.00038.wav,6,metal,6,metal
2,test,638,638,/home/dt2119/dt2119/music_classification/datasets/audios/western_data/genres_original/metal/metal.00039.wav,6,metal,6,metal
2,test,671,671,/home/dt2119/dt2119/music_classification/datasets/audios/western_data/genres_original/metal/metal.00072.wav,6,metal,6,metal
2,test,672,672,/home/dt2119/dt2119/music_classification/datasets/audios/western_data/genres_original/metal/metal.00073.wav,6,metal,6,metal
2,test,674,674,/home/dt2119/dt2119/music_classification/datasets/audios/western_data/genres_original/metal/metal.00075.wav,6,metal,6,metal
2,test,675,675,/home/dt2119/dt2119/music_classification/datasets/audios/western_data/genres_original/metal/metal.00076.wav,6,metal,6,metal
2,test,677,677,/home/dt2119/dt2119/music_classification/datasets/audios/western_data/genres_original/metal/metal.00078.wav,6,metal,6,metal
2,test,682,682,/home/dt2119/dt2119/music_classification/datasets/audios/western_data/genres_original/metal/metal.00083.wav,6,metal,6,metal
2,test,686,686,/home/dt2119/dt2119/music_classification/datasets/audios/western_data/genres_original/metal/metal.00087.wav,6,metal,6,metal
2,test,712,712,/home/dt2119/dt2119/music_classification/datasets/audios/western_data/genres_original/pop/pop.00013.wav,7,pop,7,pop
2,test,714,714,/home/dt2119/dt2119/music_classification/datasets/audios/western_data/genres_original/pop/pop.00015.wav,7,pop,7,pop
2,test,715,715,/home/dt2119/dt2119/music_classification/datasets/audios/western_data/genres_original/pop/pop.00016.wav,7,pop,7,pop
2,test,716,716,/home/dt2119/dt2119/music_classification/datasets/audios/western_data/genres_original/pop/pop.00017.wav,7,pop,7,pop
2,test,717,717,/home/dt2119/dt2119/music_classification/datasets/audios/western_data/genres_original/pop/pop.00018.wav,7,pop,7,pop
2,test,718,718,/home/dt2119/dt2119/music_classification/datasets/audios/western_data/genres_original/pop/pop.00019.wav,7,pop,7,pop
2,test,719,719,/home/dt2119/dt2119/music_classification/datasets/audios/western_data/genres_original/pop/pop.00020.wav,7,pop,7,pop
2,test,720,720,/home/dt2119/dt2119/music_classification/datasets/audios/western_data/genres_original/pop/pop.00021.wav,7,pop,7,pop
2,test,721,721,/home/dt2119/dt2119/music_classification/datasets/audios/western_data/genres_original/pop/pop.00022.wav,7,pop,7,pop
2,test,722,722,/home/dt2119/dt2119/music_classification/datasets/audios/western_data/genres_original/pop/pop.00023.wav,7,pop,7,pop
2,test,723,723,/home/dt2119/dt2119/music_classification/datasets/audios/western_data/genres_original/pop/pop.00024.wav,7,pop,7,pop
2,test,724,724,/home/dt2119/dt2119/music_classification/datasets/audios/western_data/genres_original/pop/pop.00025.wav,7,pop,7,pop
2,test,725,725,/home/dt2119/dt2119/music_classification/datasets/audios/western_data/genres_original/pop/pop.00026.wav,7,pop,7,pop
2,test,726,726,/home/dt2119/dt2119/music_classification/datasets/audios/western_data/genres_original/pop/pop.00027.wav,7,pop,7,pop
2,test,727,727,/home/dt2119/dt2119/music_classification/datasets/audios/western_data/genres_original/pop/pop.00028.wav,7,pop,7,pop
2,test,728,728,/home/dt2119/dt2119/music_classification/datasets/audios/western_data/genres_original/pop/pop.00029.wav,7,pop,7,pop
2,test,729,729,/home/dt2119/dt2119/music_classification/datasets/audios/western_data/genres_original/pop/pop.00030.wav,7,pop,7,pop
2,test,730,730,/home/dt2119/dt2119/music_classification/datasets/audios/western_data/genres_original/pop/pop.00031.wav,7,pop,7,pop
2,test,731,731,/home/dt2119/dt2119/music_classification/datasets/audios/western_data/genres_original/pop/pop.00032.wav,7,pop,7,pop
2,test,732,732,/home/dt2119/dt2119/music_classification/datasets/audios/western_data/genres_original/pop/pop.00033.wav,7,pop,7,pop
2,test,733,733,/home/dt2119/dt2119/music_classification/datasets/audios/western_data/genres_original/pop/pop.00034.wav,7,pop,7,pop
2,test,734,734,/home/dt2119/dt2119/music_classification/datasets/audios/western_data/genres_original/pop/pop.00035.wav,7,pop,7,pop
2,test,735,735,/home/dt2119/dt2119/music_classification/datasets/audios/western_data/genres_original/pop/pop.00036.wav,7,pop,7,pop
2,test,736,736,/home/dt2119/dt2119/music_classification/datasets/audios/western_data/genres_original/pop/pop.00037.wav,7,pop,7,pop
2,test,737,737,/home/dt2119/dt2119/music_classification/datasets/audios/western_data/genres_original/pop/pop.00038.wav,7,pop,3,disco
2,test,774,774,/home/dt2119/dt2119/music_classification/datasets/audios/western_data/genres_original/pop/pop.00075.wav,7,pop,7,pop
2,test,775,775,/home/dt2119/dt2119/music_classification/datasets/audios/western_data/genres_original/pop/pop.00076.wav,7,pop,7,pop
2,test,776,776,/home/dt2119/dt2119/music_classification/datasets/audios/western_data/genres_original/pop/pop.00077.wav,7,pop,7,pop
2,test,777,777,/home/dt2119/dt2119/music_classification/datasets/audios/western_data/genres_original/pop/pop.00078.wav,7,pop,4,hiphop
2,test,778,778,/home/dt2119/dt2119/music_classification/datasets/audios/western_data/genres_original/pop/pop.00079.wav,7,pop,8,reggae
2,test,780,780,/home/dt2119/dt2119/music_classification/datasets/audios/western_data/genres_original/pop/pop.00081.wav,7,pop,8,reggae
2,test,781,781,/home/dt2119/dt2119/music_classification/datasets/audios/western_data/genres_original/pop/pop.00082.wav,7,pop,3,disco
2,test,827,827,/home/dt2119/dt2119/music_classification/datasets/audios/western_data/genres_original/reggae/reggae.00028.wav,8,reggae,3,disco
2,test,828,828,/home/dt2119/dt2119/music_classification/datasets/audios/western_data/genres_original/reggae/reggae.00029.wav,8,reggae,3,disco
2,test,829,829,/home/dt2119/dt2119/music_classification/datasets/audios/western_data/genres_original/reggae/reggae.00030.wav,8,reggae,4,hiphop
2,test,830,830,/home/dt2119/dt2119/music_classification/datasets/audios/western_data/genres_original/reggae/reggae.00031.wav,8,reggae,3,disco
2,test,831,831,/home/dt2119/dt2119/music_classification/datasets/audios/western_data/genres_original/reggae/reggae.00032.wav,8,reggae,3,disco
2,test,832,832,/home/dt2119/dt2119/music_classification/datasets/audios/western_data/genres_original/reggae/reggae.00033.wav,8,reggae,3,disco
2,test,833,833,/home/dt2119/dt2119/music_classification/datasets/audios/western_data/genres_original/reggae/reggae.00034.wav,8,reggae,3,disco
2,test,834,834,/home/dt2119/dt2119/music_classification/datasets/audios/western_data/genres_original/reggae/reggae.00035.wav,8,reggae,3,disco
2,test,835,835,/home/dt2119/dt2119/music_classification/datasets/audios/western_data/genres_original/reggae/reggae.00036.wav,8,reggae,4,hiphop
2,test,836,836,/home/dt2119/dt2119/music_classification/datasets/audios/western_data/genres_original/reggae/reggae.00037.wav,8,reggae,3,disco
2,test,837,837,/home/dt2119/dt2119/music_classification/datasets/audios/western_data/genres_original/reggae/reggae.00038.wav,8,reggae,8,reggae
2,test,838,838,/home/dt2119/dt2119/music_classification/datasets/audios/western_data/genres_original/reggae/reggae.00039.wav,8,reggae,3,disco
2,test,839,839,/home/dt2119/dt2119/music_classification/datasets/audios/western_data/genres_original/reggae/reggae.00040.wav,8,reggae,8,reggae
2,test,841,841,/home/dt2119/dt2119/music_classification/datasets/audios/western_data/genres_original/reggae/reggae.00042.wav,8,reggae,8,reggae
2,test,843,843,/home/dt2119/dt2119/music_classification/datasets/audios/western_data/genres_original/reggae/reggae.00044.wav,8,reggae,7,pop
2,test,849,849,/home/dt2119/dt2119/music_classification/datasets/audios/western_data/genres_original/reggae/reggae.00050.wav,8,reggae,8,reggae
2,test,850,850,/home/dt2119/dt2119/music_classification/datasets/audios/western_data/genres_original/reggae/reggae.00051.wav,8,reggae,4,hiphop
2,test,852,852,/home/dt2119/dt2119/music_classification/datasets/audios/western_data/genres_original/reggae/reggae.00053.wav,8,reggae,8,reggae
2,test,861,861,/home/dt2119/dt2119/music_classification/datasets/audios/western_data/genres_original/reggae/reggae.00062.wav,8,reggae,4,hiphop
2,test,862,862,/home/dt2119/dt2119/music_classification/datasets/audios/western_data/genres_original/reggae/reggae.00063.wav,8,reggae,8,reggae
2,test,874,874,/home/dt2119/dt2119/music_classification/datasets/audios/western_data/genres_original/reggae/reggae.00075.wav,8,reggae,8,reggae
2,test,888,888,/home/dt2119/dt2119/music_classification/datasets/audios/western_data/genres_original/reggae/reggae.00089.wav,8,reggae,8,reggae
2,test,889,889,/home/dt2119/dt2119/music_classification/datasets/audios/western_data/genres_original/reggae/reggae.00090.wav,8,reggae,8,reggae
2,test,890,890,/home/dt2119/dt2119/music_classification/datasets/audios/western_data/genres_original/reggae/reggae.00091.wav,8,reggae,8,reggae
2,test,891,891,/home/dt2119/dt2119/music_classification/datasets/audios/western_data/genres_original/reggae/reggae.00092.wav,8,reggae,8,reggae
2,test,909,909,/home/dt2119/dt2119/music_classification/datasets/audios/western_data/genres_original/rock/rock.00010.wav,9,rock,9,rock
2,test,910,910,/home/dt2119/dt2119/music_classification/datasets/audios/western_data/genres_original/rock/rock.00011.wav,9,rock,6,metal
2,test,911,911,/home/dt2119/dt2119/music_classification/datasets/audios/western_data/genres_original/rock/rock.00012.wav,9,rock,4,hiphop
2,test,912,912,/home/dt2119/dt2119/music_classification/datasets/audios/western_data/genres_original/rock/rock.00013.wav,9,rock,7,pop
2,test,913,913,/home/dt2119/dt2119/music_classification/datasets/audios/western_data/genres_original/rock/rock.00014.wav,9,rock,0,blues
2,test,914,914,/home/dt2119/dt2119/music_classification/datasets/audios/western_data/genres_original/rock/rock.00015.wav,9,rock,8,reggae
2,test,926,926,/home/dt2119/dt2119/music_classification/datasets/audios/western_data/genres_original/rock/rock.00027.wav,9,rock,9,rock
2,test,988,988,/home/dt2119/dt2119/music_classification/datasets/audios/western_data/genres_original/rock/rock.00089.wav,9,rock,8,reggae
3,train,540,540,/home/dt2119/dt2119/music_classification/datasets/audios/western_data/genres_original/jazz/jazz.00040.wav,5,jazz,5,jazz
3,train,265,265,/home/dt2119/dt2119/music_classification/datasets/audios/western_data/genres_original/country/country.00065.wav,2,country,2,country
3,train,515,515,/home/dt2119/dt2119/music_classification/datasets/audios/western_data/genres_original/jazz/jazz.00015.wav,5,jazz,5,jazz
3,train,68,68,/home/dt2119/dt2119/music_classification/datasets/audios/western_data/genres_original/blues/blues.00068.wav,0,blues,0,blues
3,train,988,988,/home/dt2119/dt2119/music_classification/datasets/audios/western_data/genres_original/rock/rock.00089.wav,9,rock,2,country
3,train,984,984,/home/dt2119/dt2119/music_classification/datasets/audios/western_data/genres_original/rock/rock.00085.wav,9,rock,2,country
3,train,434,434,/home/dt2119/dt2119/music_classification/datasets/audios/western_data/genres_original/hiphop/hiphop.00034.wav,4,hiphop,4,hiphop
3,train,129,129,/home/dt2119/dt2119/music_classification/datasets/audios/western_data/genres_original/classical/classical.00029.wav,1,classical,1,classical
3,train,114,114,/home/dt2119/dt2119/music_classification/datasets/audios/western_data/genres_original/classical/classical.00014.wav,1,classical,1,classical
3,train,814,814,/home/dt2119/dt2119/music_classification/datasets/audios/western_data/genres_original/reggae/reggae.00015.wav,8,reggae,8,reggae
3,train,454,454,/home/dt2119/dt2119/music_classification/datasets/audios/western_data/genres_original/hiphop/hiphop.00054.wav,4,hiphop,4,hiphop
3,train,861,861,/home/dt2119/dt2119/music_classification/datasets/audios/western_data/genres_original/reggae/reggae.00062.wav,8,reggae,8,reggae
3,train,734,734,/home/dt2119/dt2119/music_classification/datasets/audios/western_data/genres_original/pop/pop.00035.wav,7,pop,7,pop
3,train,719,719,/home/dt2119/dt2119/music_classification/datasets/audios/western_data/genres_original/pop/pop.00020.wav,7,pop,7,pop
3,train,415,415,/home/dt2119/dt2119/music_classification/datasets/audios/western_data/genres_original/hiphop/hiphop.00015.wav,4,hiphop,4,hiphop
3,train,798,798,/home/dt2119/dt2119/music_classification/datasets/audios/western_data/genres_original/pop/pop.00099.wav,7,pop,7,pop
3,train,223,223,/home/dt2119/dt2119/music_classification/datasets/audios/western_data/genres_original/country/country.00023.wav,2,country,2,country
3,train,31,31,/home/dt2119/dt2119/music_classification/datasets/audios/western_data/genres_original/blues/blues.00031.wav,0,blues,0,blues
3,train,863,863,/home/dt2119/dt2119/music_classification/datasets/audios/western_data/genres_original/reggae/reggae.00064.wav,8,reggae,8,reggae
3,train,365,365,/home/dt2119/dt2119/music_classification/datasets/audios/western_data/genres_original/disco/disco.00065.wav,3,disco,3,disco
3,train,781,781,/home/dt2119/dt2119/music_classification/datasets/audios/western_data/genres_original/pop/pop.00082.wav,7,pop,7,pop
3,train,980,980,/home/dt2119/dt2119/music_classification/datasets/audios/western_data/genres_original/rock/rock.00081.wav,9,rock,9,rock
3,train,601,601,/home/dt2119/dt2119/music_classification/datasets/audios/western_data/genres_original/metal/metal.00002.wav,6,metal,6,metal
3,train,996,996,/home/dt2119/dt2119/music_classification/datasets/audios/western_data/genres_original/rock/rock.00097.wav,9,rock,9,rock
3,train,662,662,/home/dt2119/dt2119/music_classification/datasets/audios/western_data/genres_original/metal/metal.00063.wav,6,metal,6,metal
3,train,383,383,/home/dt2119/dt2119/music_classification/datasets/audios/western_data/genres_original/disco/disco.00083.wav,3,disco,3,disco
3,train,120,120,/home/dt2119/dt2119/music_classification/datasets/audios/western_data/genres_original/classical/classical.00020.wav,1,classical,1,classical
3,train,600,600,/home/dt2119/dt2119/music_classification/datasets/audios/western_data/genres_original/metal/metal.00001.wav,6,metal,6,metal
3,train,61,61,/home/dt2119/dt2119/music_classification/datasets/audios/western_data/genres_original/blues/blues.00061.wav,0,blues,0,blues
3,train,65,65,/home/dt2119/dt2119/music_classification/datasets/audios/western_data/genres_original/blues/blues.00065.wav,0,blues,0,blues
3,train,793,793,/home/dt2119/dt2119/music_classification/datasets/audios/western_data/genres_original/pop/pop.00094.wav,7,pop,7,pop
3,train,804,804,/home/dt2119/dt2119/music_classification/datasets/audios/western_data/genres_original/reggae/reggae.00005.wav,8,reggae,8,reggae
3,train,815,815,/home/dt2119/dt2119/music_classification/datasets/audios/western_data/genres_original/reggae/reggae.00016.wav,8,reggae,8,reggae
3,train,893,893,/home/dt2119/dt2119/music_classification/datasets/audios/western_data/genres_original/reggae/reggae.00094.wav,8,reggae,8,reggae
3,train,516,516,/home/dt2119/dt2119/music_classification/datasets/audios/western_data/genres_original/jazz/jazz.00016.wav,5,jazz,5,jazz
3,train,969,969,/home/dt2119/dt2119/music_classification/datasets/audios/western_data/genres_original/rock/rock.00070.wav,9,rock,0,blues
3,train,512,512,/home/dt2119/dt2119/music_classification/datasets/audios/western_data/genres_original/jazz/jazz.00012.wav,5,jazz,5,jazz
3,train,143,143,/home/dt2119/dt2119/music_classification/datasets/audios/western_data/genres_original/classical/classical.00043.wav,1,classical,1,classical
3,train,425,425,/home/dt2119/dt2119/music_classification/datasets/audios/western_data/genres_original/hiphop/hiphop.00025.wav,4,hiphop,4,hiphop
3,train,226,226,/home/dt2119/dt2119/music_classification/datasets/audios/western_data/genres_original/country/country.00026.wav,2,country,2,country
3,train,195,195,/home/dt2119/dt2119/music_classification/datasets/audios/western_data/genres_original/classical/classical.00095.wav,1,classical,1,classical
3,train,891,891,/home/dt2119/dt2119/music_classification/datasets/audios/western_data/genres_original/reggae/reggae.00092.wav,8,reggae,8,reggae
3,train,108,108,/home/dt2119/dt2119/music_classification/datasets/audios/western_data/genres_original/classical/classical.00008.wav,1,classical,1,classical
3,train,189,189,/home/dt2119/dt2119/music_classification/datasets/audios/western_data/genres_original/classical/classical.00089.wav,1,classical,1,classical
3,train,529,529,/home/dt2119/dt2119/music_classification/datasets/audios/western_data/genres_original/jazz/jazz.00029.wav,5,jazz,5,jazz
3,train,225,225,/home/dt2119/dt2119/music_classification/datasets/audios/western_data/genres_original/country/country.00025.wav,2,country,2,country
3,train,301,301,/home/dt2119/dt2119/music_classification/datasets/audios/western_data/genres_original/disco/disco.00001.wav,3,disco,3,disco
3,train,169,169,/home/dt2119/dt2119/music_classification/datasets/audios/western_data/genres_original/classical/classical.00069.wav,1,classical,1,classical
3,train,417,417,/home/dt2119/dt2119/music_classification/datasets/audios/western_data/genres_original/hiphop/hiphop.00017.wav,4,hiphop,4,hiphop
3,train,857,857,/home/dt2119/dt2119/music_classification/datasets/audios/western_data/genres_original/reggae/reggae.00058.wav,8,reggae,8,reggae
3,train,171,171,/home/dt2119/dt2119/music_classification/datasets/audios/western_data/genres_original/classical/classical.00071.wav,1,classical,1,classical
3,train,227,227,/home/dt2119/dt2119/music_classification/datasets/audios/western_data/genres_original/country/country.00027.wav,2,country,2,country
3,train,802,802,/home/dt2119/dt2119/music_classification/datasets/audios/western_data/genres_original/reggae/reggae.00003.wav,8,reggae,8,reggae
3,train,699,699,/home/dt2119/dt2119/music_classification/datasets/audios/western_data/genres_original/pop/pop.00000.wav,7,pop,7,pop
3,train,173,173,/home/dt2119/dt2119/music_classification/datasets/audios/western_data/genres_original/classical/classical.00073.wav,1,classical,1,classical
3,train,848,848,/home/dt2119/dt2119/music_classification/datasets/audios/western_data/genres_original/reggae/reggae.00049.wav,8,reggae,7,pop
3,train,163,163,/home/dt2119/dt2119/music_classification/datasets/audios/western_data/genres_original/classical/classical.00063.wav,1,classical,1,classical
3,train,29,29,/home/dt2119/dt2119/music_classification/datasets/audios/western_data/genres_original/blues/blues.00029.wav,0,blues,0,blues
3,train,542,542,/home/dt2119/dt2119/music_classification/datasets/audios/western_data/genres_original/jazz/jazz.00042.wav,5,jazz,5,jazz
3,train,681,681,/home/dt2119/dt2119/music_classification/datasets/audios/western_data/genres_original/metal/metal.00082.wav,6,metal,6,metal
3,train,220,220,/home/dt2119/dt2119/music_classification/datasets/audios/western_data/genres_original/country/country.00020.wav,2,country,2,country
3,train,105,105,/home/dt2119/dt2119/music_classification/datasets/audios/western_data/genres_original/classical/classical.00005.wav,1,classical,1,classical
3,train,723,723,/home/dt2119/dt2119/music_classification/datasets/audios/western_data/genres_original/pop/pop.00024.wav,7,pop,7,pop
3,train,926,926,/home/dt2119/dt2119/music_classification/datasets/audios/western_data/genres_original/rock/rock.00027.wav,9,rock,9,rock
3,train,414,414,/home/dt2119/dt2119/music_classification/datasets/audios/western_data/genres_original/hiphop/hiphop.00014.wav,4,hiphop,6,metal
3,train,720,720,/home/dt2119/dt2119/music_classification/datasets/audios/western_data/genres_original/pop/pop.00021.wav,7,pop,7,pop
3,train,520,520,/home/dt2119/dt2119/music_classification/datasets/audios/western_data/genres_original/jazz/jazz.00020.wav,5,jazz,5,jazz
3,train,460,460,/home/dt2119/dt2119/music_classification/datasets/audios/western_data/genres_original/hiphop/hiphop.00060.wav,4,hiphop,4,hiphop
3,train,421,421,/home/dt2119/dt2119/music_classification/datasets/audios/western_data/genres_original/hiphop/hiphop.00021.wav,4,hiphop,4,hiphop
3,train,834,834,/home/dt2119/dt2119/music_classification/datasets/audios/western_data/genres_original/reggae/reggae.00035.wav,8,reggae,8,reggae
3,train,550,550,/home/dt2119/dt2119/music_classification/datasets/audios/western_data/genres_original/jazz/jazz.00050.wav,5,jazz,5,jazz
3,train,141,141,/home/dt2119/dt2119/music_classification/datasets/audios/western_data/genres_original/classical/classical.00041.wav,1,classical,1,classical
3,train,545,545,/home/dt2119/dt2119/music_classification/datasets/audios/western_data/genres_original/jazz/jazz.00045.wav,5,jazz,5,jazz
3,train,691,691,/home/dt2119/dt2119/music_classification/datasets/audios/western_data/genres_original/metal/metal.00092.wav,6,metal,6,metal
3,train,546,546,/home/dt2119/dt2119/music_classification/datasets/audios/western_data/genres_original/jazz/jazz.00046.wav,5,jazz,5,jazz
3,train,431,431,/home/dt2119/dt2119/music_classification/datasets/audios/western_data/genres_original/hiphop/hiphop.00031.wav,4,hiphop,4,hiphop
3,train,370,370,/home/dt2119/dt2119/music_classification/datasets/audios/western_data/genres_original/disco/disco.00070.wav,3,disco,3,disco
3,train,884,884,/home/dt2119/dt2119/music_classification/datasets/audios/western_data/genres_original/reggae/reggae.00085.wav,8,reggae,8,reggae
3,train,78,78,/home/dt2119/dt2119/music_classification/datasets/audios/western_data/genres_original/blues/blues.00078.wav,0,blues,0,blues
3,train,833,833,/home/dt2119/dt2119/music_classification/datasets/audios/western_data/genres_original/reggae/reggae.00034.wav,8,reggae,8,reggae
3,train,122,122,/home/dt2119/dt2119/music_classification/datasets/audios/western_data/genres_original/classical/classical.00022.wav,1,classical,1,classical
3,train,274,274,/home/dt2119/dt2119/music_classification/datasets/audios/western_data/genres_original/country/country.00074.wav,2,country,2,country
3,train,569,569,/home/dt2119/dt2119/music_classification/datasets/audios/western_data/genres_original/jazz/jazz.00070.wav,5,jazz,5,jazz
3,train,37,37,/home/dt2119/dt2119/music_classification/datasets/audios/western_data/genres_original/blues/blues.00037.wav,0,blues,0,blues
3,train,268,268,/home/dt2119/dt2119/music_classification/datasets/audios/western_data/genres_original/country/country.00068.wav,2,country,2,country
3,train,837,837,/home/dt2119/dt2119/music_classification/datasets/audios/western_data/genres_original/reggae/reggae.00038.wav,8,reggae,8,reggae
3,train,183,183,/home/dt2119/dt2119/music_classification/datasets/audios/western_data/genres_original/classical/classical.00083.wav,1,classical,1,classical
3,train,847,847,/home/dt2119/dt2119/music_classification/datasets/audios/western_data/genres_original/reggae/reggae.00048.wav,8,reggae,8,reggae
3,train,995,995,/home/dt2119/dt2119/music_classification/datasets/audios/western_data/genres_original/rock/rock.00096.wav,9,rock,9,rock
3,train,336,336,/home/dt2119/dt2119/music_classification/datasets/audios/western_data/genres_original/disco/disco.00036.wav,3,disco,3,disco
3,train,775,775,/home/dt2119/dt2119/music_classification/datasets/audios/western_data/genres_original/pop/pop.00076.wav,7,pop,7,pop
3,train,326,326,/home/dt2119/dt2119/music_classification/datasets/audios/western_data/genres_original/disco/disco.00026.wav,3,disco,7,pop
3,train,855,855,/home/dt2119/dt2119/music_classification/datasets/audios/western_data/genres_original/reggae/reggae.00056.wav,8,reggae,8,reggae
3,train,477,477,/home/dt2119/dt2119/music_classification/datasets/audios/western_data/genres_original/hiphop/hiphop.00077.wav,4,hiphop,4,hiphop
3,train,409,409,/home/dt2119/dt2119/music_classification/datasets/audios/western_data/genres_original/hiphop/hiphop.00009.wav,4,hiphop,4,hiphop
3,train,349,349,/home/dt2119/dt2119/music_classification/datasets/audios/western_data/genres_original/disco/disco.00049.wav,3,disco,3,disco
3,train,11,11,/home/dt2119/dt2119/music_classification/datasets/audios/western_data/genres_original/blues/blues.00011.wav,0,blues,8,reggae
3,train,372,372,/home/dt2119/dt2119/music_classification/datasets/audios/western_data/genres_original/disco/disco.00072.wav,3,disco,3,disco
3,train,232,232,/home/dt2119/dt2119/music_classification/datasets/audios/western_data/genres_original/country/country.00032.wav,2,country,2,country
3,train,211,211,/home/dt2119/dt2119/music_classification/datasets/audios/western_data/genres_original/country/country.00011.wav,2,country,2,country
3,train,73,73,/home/dt2119/dt2119/music_classification/datasets/audios/western_data/genres_original/blues/blues.00073.wav,0,blues,0,blues
3,train,411,411,/home/dt2119/dt2119/music_classification/datasets/audios/western_data/genres_original/hiphop/hiphop.00011.wav,4,hiphop,4,hiphop
3,train,127,127,/home/dt2119/dt2119/music_classification/datasets/audios/western_data/genres_original/classical/classical.00027.wav,1,classical,1,classical
3,train,70,70,/home/dt2119/dt2119/music_classification/datasets/audios/western_data/genres_original/blues/blues.00070.wav,0,blues,0,blues
3,train,909,909,/home/dt2119/dt2119/music_classification/datasets/audios/western_data/genres_original/rock/rock.00010.wav,9,rock,9,rock
3,train,315,315,/home/dt2119/dt2119/music_classification/datasets/audios/western_data/genres_original/disco/disco.00015.wav,3,disco,3,disco
3,train,175,175,/home/dt2119/dt2119/music_classification/datasets/audios/western_data/genres_original/classical/classical.00075.wav,1,classical,1,classical
3,train,819,819,/home/dt2119/dt2119/music_classification/datasets/audios/western_data/genres_original/reggae/reggae.00020.wav,8,reggae,8,reggae
3,train,21,21,/home/dt2119/dt2119/music_classification/datasets/audios/western_data/genres_original/blues/blues.00021.wav,0,blues,0,blues
3,train,39,39,/home/dt2119/dt2119/music_classification/datasets/audios/western_data/genres_original/blues/blues.00039.wav,0,blues,0,blues
3,train,362,362,/home/dt2119/dt2119/music_classification/datasets/audios/western_data/genres_original/disco/disco.00062.wav,3,disco,3,disco
3,train,420,420,/home/dt2119/dt2119/music_classification/datasets/audios/western_data/genres_original/hiphop/hiphop.00020.wav,4,hiphop,4,hiphop
3,train,799,799,/home/dt2119/dt2119/music_classification/datasets/audios/western_data/genres_original/reggae/reggae.00000.wav,8,reggae,8,reggae
3,train,123,123,/home/dt2119/dt2119/music_classification/datasets/audios/western_data/genres_original/classical/classical.00023.wav,1,classical,1,classical
3,train,164,164,/home/dt2119/dt2119/music_classification/datasets/audios/western_data/genres_original/classical/classical.00064.wav,1,classical,1,classical
3,train,170,170,/home/dt2119/dt2119/music_classification/datasets/audios/western_data/genres_original/classical/classical.00070.wav,1,classical,1,classical
3,train,278,278,/home/dt2119/dt2119/music_classification/datasets/audios/western_data/genres_original/country/country.00078.wav,2,country,2,country
3,train,565,565,/home/dt2119/dt2119/music_classification/datasets/audios/western_data/genres_original/jazz/jazz.00066.wav,5,jazz,5,jazz
3,train,567,567,/home/dt2119/dt2119/music_classification/datasets/audios/western_data/genres_original/jazz/jazz.00068.wav,5,jazz,5,jazz
3,train,523,523,/home/dt2119/dt2119/music_classification/datasets/audios/western_data/genres_original/jazz/jazz.00023.wav,5,jazz,5,jazz
3,train,897,897,/home/dt2119/dt2119/music_classification/datasets/audios/western_data/genres_original/reggae/reggae.00098.wav,8,reggae,8,reggae
3,train,788,788,/home/dt2119/dt2119/music_classification/datasets/audios/western_data/genres_original/pop/pop.00089.wav,7,pop,7,pop
3,train,541,541,/home/dt2119/dt2119/music_classification/datasets/audios/western_data/genres_original/jazz/jazz.00041.wav,5,jazz,5,jazz
3,train,416,416,/home/dt2119/dt2119/music_classification/datasets/audios/western_data/genres_original/hiphop/hiphop.00016.wav,4,hiphop,4,hiphop
3,train,867,867,/home/dt2119/dt2119/music_classification/datasets/audios/western_data/genres_original/reggae/reggae.00068.wav,8,reggae,8,reggae
3,train,184,184,/home/dt2119/dt2119/music_classification/datasets/audios/western_data/genres_original/classical/classical.00084.wav,1,classical,1,classical
3,train,858,858,/home/dt2119/dt2119/music_classification/datasets/audios/western_data/genres_original/reggae/reggae.00059.wav,8,reggae,8,reggae
3,train,182,182,/home/dt2119/dt2119/music_classification/datasets/audios/western_data/genres_original/classical/classical.00082.wav,1,classical,1,classical
3,train,300,300,/home/dt2119/dt2119/music_classification/datasets/audios/western_data/genres_original/disco/disco.00000.wav,3,disco,4,hiphop
3,train,633,633,/home/dt2119/dt2119/music_classification/datasets/audios/western_data/genres_original/metal/metal.00034.wav,6,metal,6,metal
3,train,840,840,/home/dt2119/dt2119/music_classification/datasets/audios/western_data/genres_original/reggae/reggae.00041.wav,8,reggae,8,reggae
3,train,71,71,/home/dt2119/dt2119/music_classification/datasets/audios/western_data/genres_original/blues/blues.00071.wav,0,blues,0,blues
3,train,344,344,/home/dt2119/dt2119/music_classification/datasets/audios/western_data/genres_original/disco/disco.00044.wav,3,disco,3,disco
3,train,50,50,/home/dt2119/dt2119/music_classification/datasets/audios/western_data/genres_original/blues/blues.00050.wav,0,blues,0,blues
3,train,209,209,/home/dt2119/dt2119/music_classification/datasets/audios/western_data/genres_original/country/country.00009.wav,2,country,2,country
3,train,14,14,/home/dt2119/dt2119/music_classification/datasets/audios/western_data/genres_original/blues/blues.00014.wav,0,blues,0,blues
3,train,168,168,/home/dt2119/dt2119/music_classification/datasets/audios/western_data/genres_original/classical/classical.00068.wav,1,classical,1,classical
3,train,461,461,/home/dt2119/dt2119/music_classification/datasets/audios/western_data/genres_original/hiphop/hiphop.00061.wav,4,hiphop,4,hiphop
3,train,435,435,/home/dt2119/dt2119/music_classification/datasets/audios/western_data/genres_original/hiphop/hiphop.00035.wav,4,hiphop,4,hiphop
3,train,303,303,/home/dt2119/dt2119/music_classification/datasets/audios/western_data/genres_original/disco/disco.00003.wav,3,disco,3,disco
3,train,841,841,/home/dt2119/dt2119/music_classification/datasets/audios/western_data/genres_original/reggae/reggae.00042.wav,8,reggae,8,reggae
3,train,13,13,/home/dt2119/dt2119/music_classification/datasets/audios/western_data/genres_original/blues/blues.00013.wav,0,blues,0,blues
3,train,112,112,/home/dt2119/dt2119/music_classification/datasets/audios/western_data/genres_original/classical/classical.00012.wav,1,classical,1,classical
3,train,997,997,/home/dt2119/dt2119/music_classification/datasets/audios/western_data/genres_original/rock/rock.00098.wav,9,rock,9,rock
3,train,677,677,/home/dt2119/dt2119/music_classification/datasets/audios/western_data/genres_original/metal/metal.00078.wav,6,metal,6,metal
3,train,992,992,/home/dt2119/dt2119/music_classification/datasets/audios/western_data/genres_original/rock/rock.00093.wav,9,rock,9,rock
3,train,154,154,/home/dt2119/dt2119/music_classification/datasets/audios/western_data/genres_original/classical/classical.00054.wav,1,classical,1,classical
3,train,88,88,/home/dt2119/dt2119/music_classification/datasets/audios/western_data/genres_original/blues/blues.00088.wav,0,blues,0,blues
3,train,213,213,/home/dt2119/dt2119/music_classification/datasets/audios/western_data/genres_original/country/country.00013.wav,2,country,2,country
3,train,325,325,/home/dt2119/dt2119/music_classification/datasets/audios/western_data/genres_original/disco/disco.00025.wav,3,disco,3,disco
3,train,178,178,/home/dt2119/dt2119/music_classification/datasets/audios/western_data/genres_original/classical/classical.00078.wav,1,classical,1,classical
3,train,479,479,/home/dt2119/dt2119/music_classification/datasets/audios/western_data/genres_original/hiphop/hiphop.00079.wav,4,hiphop,4,hiphop
3,train,674,674,/home/dt2119/dt2119/music_classification/datasets/audios/western_data/genres_original/metal/metal.00075.wav,6,metal,6,metal
3,train,813,813,/home/dt2119/dt2119/music_classification/datasets/audios/western_data/genres_original/reggae/reggae.00014.wav,8,reggae,8,reggae
3,train,990,990,/home/dt2119/dt2119/music_classification/datasets/audios/western_data/genres_original/rock/rock.00091.wav,9,rock,9,rock
3,train,673,673,/home/dt2119/dt2119/music_classification/datasets/audios/western_data/genres_original/metal/metal.00074.wav,6,metal,6,metal
3,train,402,402,/home/dt2119/dt2119/music_classification/datasets/audios/western_data/genres_original/hiphop/hiphop.00002.wav,4,hiphop,4,hiphop
3,train,586,586,/home/dt2119/dt2119/music_classification/datasets/audios/western_data/genres_original/jazz/jazz.00087.wav,5,jazz,5,jazz
3,train,406,406,/home/dt2119/dt2119/music_classification/datasets/audios/western_data/genres_original/hiphop/hiphop.00006.wav,4,hiphop,4,hiphop
3,train,682,682,/home/dt2119/dt2119/music_classification/datasets/audios/western_data/genres_original/metal/metal.00083.wav,6,metal,6,metal
3,train,115,115,/home/dt2119/dt2119/music_classification/datasets/audios/western_data/genres_original/classical/classical.00015.wav,1,classical,1,classical
3,train,849,849,/home/dt2119/dt2119/music_classification/datasets/audios/western_data/genres_original/reggae/reggae.00050.wav,8,reggae,8,reggae
3,train,800,800,/home/dt2119/dt2119/music_classification/datasets/audios/western_data/genres_original/reggae/reggae.00001.wav,8,reggae,8,reggae
3,train,532,532,/home/dt2119/dt2119/music_classification/datasets/audios/western_data/genres_original/jazz/jazz.00032.wav,5,jazz,5,jazz
3,train,379,379,/home/dt2119/dt2119/music_classification/datasets/audios/western_data/genres_original/disco/disco.00079.wav,3,disco,3,disco
3,train,179,179,/home/dt2119/dt2119/music_classification/datasets/audios/western_data/genres_original/classical/classical.00079.wav,1,classical,1,classical
3,train,806,806,/home/dt2119/dt2119/music_classification/datasets/audios/western_data/genres_original/reggae/reggae.00007.wav,8,reggae,8,reggae
3,train,92,92,/home/dt2119/dt2119/music_classification/datasets/audios/western_data/genres_original/blues/blues.00092.wav,0,blues,0,blues
3,train,160,160,/home/dt2119/dt2119/music_classification/datasets/audios/western_data/genres_original/classical/classical.00060.wav,1,classical,1,classical
3,train,705,705,/home/dt2119/dt2119/music_classification/datasets/audios/western_data/genres_original/pop/pop.00006.wav,7,pop,7,pop
3,train,15,15,/home/dt2119/dt2119/music_classification/datasets/audios/western_data/genres_original/blues/blues.00015.wav,0,blues,0,blues
3,train,1,1,/home/dt2119/dt2119/music_classification/datasets/audios/western_data/genres_original/blues/blues.00001.wav,0,blues,0,blues
3,train,933,933,/home/dt2119/dt2119/music_classification/datasets/audios/western_data/genres_original/rock/rock.00034.wav,9,rock,9,rock
3,train,27,27,/home/dt2119/dt2119/music_classification/datasets/audios/western_data/genres_original/blues/blues.00027.wav,0,blues,0,blues
3,train,224,224,/home/dt2119/dt2119/music_classification/datasets/audios/western_data/genres_original/country/country.00024.wav,2,country,2,country
3,train,33,33,/home/dt2119/dt2119/music_classification/datasets/audios/western_data/genres_original/blues/blues.00033.wav,0,blues,0,blues
3,train,333,333,/home/dt2119/dt2119/music_classification/datasets/audios/western_data/genres_original/disco/disco.00033.wav,3,disco,3,disco
3,train,176,176,/home/dt2119/dt2119/music_classification/datasets/audios/western_data/genres_original/classical/classical.00076.wav,1,classical,1,classical
3,train,792,792,/home/dt2119/dt2119/music_classification/datasets/audios/western_data/genres_original/pop/pop.00093.wav,7,pop,7,pop
3,train,889,889,/home/dt2119/dt2119/music_classification/datasets/audios/western_data/genres_original/reggae/reggae.00090.wav,8,reggae,8,reggae
3,train,794,794,/home/dt2119/dt2119/music_classification/datasets/audios/western_data/genres_original/pop/pop.00095.wav,7,pop,7,pop
3,train,843,843,/home/dt2119/dt2119/music_classification/datasets/audios/western_data/genres_original/reggae/reggae.00044.wav,8,reggae,8,reggae
3,train,726,726,/home/dt2119/dt2119/music_classification/datasets/audios/western_data/genres_original/pop/pop.00027.wav,7,pop,7,pop
3,train,821,821,/home/dt2119/dt2119/music_classification/datasets/audios/western_data/genres_original/reggae/reggae.00022.wav,8,reggae,8,reggae
3,train,118,118,/home/dt2119/dt2119/music_classification/datasets/audios/western_data/genres_original/classical/classical.00018.wav,1,classical,1,classical
3,train,404,404,/home/dt2119/dt2119/music_classification/datasets/audios/western_data/genres_original/hiphop/hiphop.00004.wav,4,hiphop,4,hiphop
3,train,866,866,/home/dt2119/dt2119/music_classification/datasets/audios/western_data/genres_original/reggae/reggae.00067.wav,8,reggae,8,reggae
3,train,312,312,/home/dt2119/dt2119/music_classification/datasets/audios/western_data/genres_original/disco/disco.00012.wav,3,disco,3,disco
3,train,219,219,/home/dt2119/dt2119/music_classification/datasets/audios/western_data/genres_original/country/country.00019.wav,2,country,2,country
3,train,729,729,/home/dt2119/dt2119/music_classification/datasets/audios/western_data/genres_original/pop/pop.00030.wav,7,pop,7,pop
3,train,616,616,/home/dt2119/dt2119/music_classification/datasets/audios/western_data/genres_original/metal/metal.00017.wav,6,metal,6,metal
3,train,359,359,/home/dt2119/dt2119/music_classification/datasets/audios/western_data/genres_original/disco/disco.00059.wav,3,disco,3,disco
3,train,535,535,/home/dt2119/dt2119/music_classification/datasets/audios/western_data/genres_original/jazz/jazz.00035.wav,5,jazz,5,jazz
3,train,198,198,/home/dt2119/dt2119/music_classification/datasets/audios/western_data/genres_original/classical/classical.00098.wav,1,classical,1,classical
3,train,188,188,/home/dt2119/dt2119/music_classification/datasets/audios/western_data/genres_original/classical/classical.00088.wav,1,classical,1,classical
3,train,4,4,/home/dt2119/dt2119/music_classification/datasets/audios/western_data/genres_original/blues/blues.00004.wav,0,blues,0,blues
3,train,87,87,/home/dt2119/dt2119/music_classification/datasets/audios/western_data/genres_original/blues/blues.00087.wav,0,blues,0,blues
3,train,323,323,/home/dt2119/dt2119/music_classification/datasets/audios/western_data/genres_original/disco/disco.00023.wav,3,disco,7,pop
3,train,138,138,/home/dt2119/dt2119/music_classification/datasets/audios/western_data/genres_original/classical/classical.00038.wav,1,classical,1,classical
3,train,626,626,/home/dt2119/dt2119/music_classification/datasets/audios/western_data/genres_original/metal/metal.00027.wav,6,metal,6,metal
3,train,892,892,/home/dt2119/dt2119/music_classification/datasets/audios/western_data/genres_original/reggae/reggae.00093.wav,8,reggae,8,reggae
3,train,836,836,/home/dt2119/dt2119/music_classification/datasets/audios/western_data/genres_original/reggae/reggae.00037.wav,8,reggae,8,reggae
3,train,74,74,/home/dt2119/dt2119/music_classification/datasets/audios/western_data/genres_original/blues/blues.00074.wav,0,blues,0,blues
3,train,412,412,/home/dt2119/dt2119/music_classification/datasets/audios/western_data/genres_original/hiphop/hiphop.00012.wav,4,hiphop,4,hiphop
3,train,534,534,/home/dt2119/dt2119/music_classification/datasets/audios/western_data/genres_original/jazz/jazz.00034.wav,5,jazz,5,jazz
3,train,0,0,/home/dt2119/dt2119/music_classification/datasets/audios/western_data/genres_original/blues/blues.00000.wav,0,blues,0,blues
3,train,10,10,/home/dt2119/dt2119/music_classification/datasets/audios/western_data/genres_original/blues/blues.00010.wav,0,blues,0,blues
3,train,376,376,/home/dt2119/dt2119/music_classification/datasets/audios/western_data/genres_original/disco/disco.00076.wav,3,disco,3,disco
3,train,979,979,/home/dt2119/dt2119/music_classification/datasets/audios/western_data/genres_original/rock/rock.00080.wav,9,rock,9,rock
3,train,428,428,/home/dt2119/dt2119/music_classification/datasets/audios/western_data/genres_original/hiphop/hiphop.00028.wav,4,hiphop,4,hiphop
3,train,86,86,/home/dt2119/dt2119/music_classification/datasets/audios/western_data/genres_original/blues/blues.00086.wav,0,blues,0,blues
3,train,698,698,/home/dt2119/dt2119/music_classification/datasets/audios/western_data/genres_original/metal/metal.00099.wav,6,metal,6,metal
3,train,95,95,/home/dt2119/dt2119/music_classification/datasets/audios/western_data/genres_original/blues/blues.00095.wav,0,blues,0,blues
3,train,116,116,/home/dt2119/dt2119/music_classification/datasets/audios/western_data/genres_original/classical/classical.00016.wav,1,classical,1,classical
3,train,3,3,/home/dt2119/dt2119/music_classification/datasets/audios/western_data/genres_original/blues/blues.00003.wav,0,blues,8,reggae
3,train,197,197,/home/dt2119/dt2119/music_classification/datasets/audios/western_data/genres_original/classical/classical.00097.wav,1,classical,1,classical
3,train,727,727,/home/dt2119/dt2119/music_classification/datasets/audios/western_data/genres_original/pop/pop.00028.wav,7,pop,7,pop
3,train,424,424,/home/dt2119/dt2119/music_classification/datasets/audios/western_data/genres_original/hiphop/hiphop.00024.wav,4,hiphop,4,hiphop
3,train,32,32,/home/dt2119/dt2119/music_classification/datasets/audios/western_data/genres_original/blues/blues.00032.wav,0,blues,0,blues
3,train,304,304,/home/dt2119/dt2119/music_classification/datasets/audios/western_data/genres_original/disco/disco.00004.wav,3,disco,3,disco
3,train,537,537,/home/dt2119/dt2119/music_classification/datasets/audios/western_data/genres_original/jazz/jazz.00037.wav,5,jazz,5,jazz
3,train,89,89,/home/dt2119/dt2119/music_classification/datasets/audios/western_data/genres_original/blues/blues.00089.wav,0,blues,0,blues
3,train,393,393,/home/dt2119/dt2119/music_classification/datasets/audios/western_data/genres_original/disco/disco.00093.wav,3,disco,3,disco
3,train,692,692,/home/dt2119/dt2119/music_classification/datasets/audios/western_data/genres_original/metal/metal.00093.wav,6,metal,6,metal
3,train,859,859,/home/dt2119/dt2119/music_classification/datasets/audios/western_data/genres_original/reggae/reggae.00060.wav,8,reggae,8,reggae
3,train,316,316,/home/dt2119/dt2119/music_classification/datasets/audios/western_data/genres_original/disco/disco.00016.wav,3,disco,3,disco
3,train,443,443,/home/dt2119/dt2119/music_classification/datasets/audios/western_data/genres_original/hiphop/hiphop.00043.wav,4,hiphop,4,hiphop
3,train,864,864,/home/dt2119/dt2119/music_classification/datasets/audios/western_data/genres_original/reggae/reggae.00065.wav,8,reggae,8,reggae
3,train,829,829,/home/dt2119/dt2119/music_classification/datasets/audios/western_data/genres_original/reggae/reggae.00030.wav,8,reggae,8,reggae
3,train,212,212,/home/dt2119/dt2119/music_classification/datasets/audios/western_data/genres_original/country/country.00012.wav,2,country,2,country
3,train,324,324,/home/dt2119/dt2119/music_classification/datasets/audios/western_data/genres_original/disco/disco.00024.wav,3,disco,3,disco
3,train,351,351,/home/dt2119/dt2119/music_classification/datasets/audios/western_data/genres_original/disco/disco.00051.wav,3,disco,3,disco
3,train,145,145,/home/dt2119/dt2119/music_classification/datasets/audios/western_data/genres_original/classical/classical.00045.wav,1,classical,1,classical
3,train,634,634,/home/dt2119/dt2119/music_classification/datasets/audios/western_data/genres_original/metal/metal.00035.wav,6,metal,6,metal
3,train,732,732,/home/dt2119/dt2119/music_classification/datasets/audios/western_data/genres_original/pop/pop.00033.wav,7,pop,7,pop
3,train,862,862,/home/dt2119/dt2119/music_classification/datasets/audios/western_data/genres_original/reggae/reggae.00063.wav,8,reggae,8,reggae
3,train,894,894,/home/dt2119/dt2119/music_classification/datasets/audios/western_data/genres_original/reggae/reggae.00095.wav,8,reggae,8,reggae
3,train,185,185,/home/dt2119/dt2119/music_classification/datasets/audios/western_data/genres_original/classical/classical.00085.wav,1,classical,1,classical
3,train,132,132,/home/dt2119/dt2119/music_classification/datasets/audios/western_data/genres_original/classical/classical.00032.wav,1,classical,1,classical
3,train,429,429,/home/dt2119/dt2119/music_classification/datasets/audios/western_data/genres_original/hiphop/hiphop.00029.wav,4,hiphop,4,hiphop
3,train,989,989,/home/dt2119/dt2119/music_classification/datasets/audios/western_data/genres_original/rock/rock.00090.wav,9,rock,0,blues
3,train,369,369,/home/dt2119/dt2119/music_classification/datasets/audios/western_data/genres_original/disco/disco.00069.wav,3,disco,3,disco
3,train,824,824,/home/dt2119/dt2119/music_classification/datasets/audios/western_data/genres_original/reggae/reggae.00025.wav,8,reggae,8,reggae
3,train,297,297,/home/dt2119/dt2119/music_classification/datasets/audios/western_data/genres_original/country/country.00097.wav,2,country,2,country
3,train,823,823,/home/dt2119/dt2119/music_classification/datasets/audios/western_data/genres_original/reggae/reggae.00024.wav,8,reggae,8,reggae
3,train,638,638,/home/dt2119/dt2119/music_classification/datasets/audios/western_data/genres_original/metal/metal.00039.wav,6,metal,6,metal
3,train,207,207,/home/dt2119/dt2119/music_classification/datasets/audios/western_data/genres_original/country/country.00007.wav,2,country,2,country
3,train,785,785,/home/dt2119/dt2119/music_classification/datasets/audios/western_data/genres_original/pop/pop.00086.wav,7,pop,7,pop
3,train,231,231,/home/dt2119/dt2119/music_classification/datasets/audios/western_data/genres_original/country/country.00031.wav,2,country,2,country
3,train,968,968,/home/dt2119/dt2119/music_classification/datasets/audios/western_data/genres_original/rock/rock.00069.wav,9,rock,0,blues
3,train,910,910,/home/dt2119/dt2119/music_classification/datasets/audios/western_data/genres_original/rock/rock.00011.wav,9,rock,9,rock
3,train,214,214,/home/dt2119/dt2119/music_classification/datasets/audios/western_data/genres_original/country/country.00014.wav,2,country,2,country
3,train,368,368,/home/dt2119/dt2119/music_classification/datasets/audios/western_data/genres_original/disco/disco.00068.wav,3,disco,3,disco
3,train,632,632,/home/dt2119/dt2119/music_classification/datasets/audios/western_data/genres_original/metal/metal.00033.wav,6,metal,6,metal
3,train,245,245,/home/dt2119/dt2119/music_classification/datasets/audios/western_data/genres_original/country/country.00045.wav,2,country,2,country
3,train,146,146,/home/dt2119/dt2119/music_classification/datasets/audios/western_data/genres_original/classical/classical.00046.wav,1,classical,1,classical
3,train,77,77,/home/dt2119/dt2119/music_classification/datasets/audios/western_data/genres_original/blues/blues.00077.wav,0,blues,0,blues
3,train,736,736,/home/dt2119/dt2119/music_classification/datasets/audios/western_data/genres_original/pop/pop.00037.wav,7,pop,7,pop
3,train,444,444,/home/dt2119/dt2119/music_classification/datasets/audios/western_data/genres_original/hiphop/hiphop.00044.wav,4,hiphop,8,reggae
3,train,561,561,/home/dt2119/dt2119/music_classification/datasets/audios/western_data/genres_original/jazz/jazz.00062.wav,5,jazz,5,jazz
3,train,554,554,/home/dt2119/dt2119/music_classification/datasets/audios/western_data/genres_original/jazz/jazz.00055.wav,5,jazz,5,jazz
3,train,687,687,/home/dt2119/dt2119/music_classification/datasets/audios/western_data/genres_original/metal/metal.00088.wav,6,metal,6,metal
3,train,887,887,/home/dt2119/dt2119/music_classification/datasets/audios/western_data/genres_original/reggae/reggae.00088.wav,8,reggae,8,reggae
3,train,9,9,/home/dt2119/dt2119/music_classification/datasets/audios/western_data/genres_original/blues/blues.00009.wav,0,blues,0,blues
3,train,310,310,/home/dt2119/dt2119/music_classification/datasets/audios/western_data/genres_original/disco/disco.00010.wav,3,disco,3,disco
3,train,671,671,/home/dt2119/dt2119/music_classification/datasets/audios/western_data/genres_original/metal/metal.00072.wav,6,metal,6,metal
3,train,818,818,/home/dt2119/dt2119/music_classification/datasets/audios/western_data/genres_original/reggae/reggae.00019.wav,8,reggae,8,reggae
3,train,24,24,/home/dt2119/dt2119/music_classification/datasets/audios/western_data/genres_original/blues/blues.00024.wav,0,blues,0,blues
3,train,826,826,/home/dt2119/dt2119/music_classification/datasets/audios/western_data/genres_original/reggae/reggae.00027.wav,8,reggae,8,reggae
3,train,94,94,/home/dt2119/dt2119/music_classification/datasets/audios/western_data/genres_original/blues/blues.00094.wav,0,blues,0,blues
3,train,66,66,/home/dt2119/dt2119/music_classification/datasets/audios/western_data/genres_original/blues/blues.00066.wav,0,blues,0,blues
3,train,334,334,/home/dt2119/dt2119/music_classification/datasets/audios/western_data/genres_original/disco/disco.00034.wav,3,disco,3,disco
3,train,622,622,/home/dt2119/dt2119/music_classification/datasets/audios/western_data/genres_original/metal/metal.00023.wav,6,metal,6,metal
3,train,517,517,/home/dt2119/dt2119/music_classification/datasets/audios/western_data/genres_original/jazz/jazz.00017.wav,5,jazz,5,jazz
3,train,878,878,/home/dt2119/dt2119/music_classification/datasets/audios/western_data/genres_original/reggae/reggae.00079.wav,8,reggae,8,reggae
3,train,371,371,/home/dt2119/dt2119/music_classification/datasets/audios/western_data/genres_original/disco/disco.00071.wav,3,disco,3,disco
3,train,131,131,/home/dt2119/dt2119/music_classification/datasets/audios/western_data/genres_original/classical/classical.00031.wav,1,classical,1,classical
3,train,635,635,/home/dt2119/dt2119/music_classification/datasets/audios/western_data/genres_original/metal/metal.00036.wav,6,metal,6,metal
3,train,519,519,/home/dt2119/dt2119/music_classification/datasets/audios/western_data/genres_original/jazz/jazz.00019.wav,5,jazz,5,jazz
3,train,874,874,/home/dt2119/dt2119/music_classification/datasets/audios/western_data/genres_original/reggae/reggae.00075.wav,8,reggae,8,reggae
3,train,666,666,/home/dt2119/dt2119/music_classification/datasets/audios/western_data/genres_original/metal/metal.00067.wav,6,metal,6,metal
3,train,244,244,/home/dt2119/dt2119/music_classification/datasets/audios/western_data/genres_original/country/country.00044.wav,2,country,2,country
3,train,722,722,/home/dt2119/dt2119/music_classification/datasets/audios/western_data/genres_original/pop/pop.00023.wav,7,pop,7,pop
3,train,737,737,/home/dt2119/dt2119/music_classification/datasets/audios/western_data/genres_original/pop/pop.00038.wav,7,pop,7,pop
3,train,350,350,/home/dt2119/dt2119/music_classification/datasets/audios/western_data/genres_original/disco/disco.00050.wav,3,disco,3,disco
3,train,436,436,/home/dt2119/dt2119/music_classification/datasets/audios/western_data/genres_original/hiphop/hiphop.00036.wav,4,hiphop,4,hiphop
3,train,30,30,/home/dt2119/dt2119/music_classification/datasets/audios/western_data/genres_original/blues/blues.00030.wav,0,blues,0,blues
3,train,912,912,/home/dt2119/dt2119/music_classification/datasets/audios/western_data/genres_original/rock/rock.00013.wav,9,rock,0,blues
3,train,513,513,/home/dt2119/dt2119/music_classification/datasets/audios/western_data/genres_original/jazz/jazz.00013.wav,5,jazz,5,jazz
3,train,981,981,/home/dt2119/dt2119/music_classification/datasets/audios/western_data/genres_original/rock/rock.00082.wav,9,rock,9,rock
3,train,7,7,/home/dt2119/dt2119/music_classification/datasets/audios/western_data/genres_original/blues/blues.00007.wav,0,blues,0,blues
3,train,75,75,/home/dt2119/dt2119/music_classification/datasets/audios/western_data/genres_original/blues/blues.00075.wav,0,blues,0,blues
3,train,338,338,/home/dt2119/dt2119/music_classification/datasets/audios/western_data/genres_original/disco/disco.00038.wav,3,disco,3,disco
3,train,413,413,/home/dt2119/dt2119/music_classification/datasets/audios/western_data/genres_original/hiphop/hiphop.00013.wav,4,hiphop,4,hiphop
3,train,625,625,/home/dt2119/dt2119/music_classification/datasets/audios/western_data/genres_original/metal/metal.00026.wav,6,metal,6,metal
3,train,352,352,/home/dt2119/dt2119/music_classification/datasets/audios/western_data/genres_original/disco/disco.00052.wav,3,disco,3,disco
3,train,130,130,/home/dt2119/dt2119/music_classification/datasets/audios/western_data/genres_original/classical/classical.00030.wav,1,classical,1,classical
3,train,778,778,/home/dt2119/dt2119/music_classification/datasets/audios/western_data/genres_original/pop/pop.00079.wav,7,pop,7,pop
3,train,643,643,/home/dt2119/dt2119/music_classification/datasets/audios/western_data/genres_original/metal/metal.00044.wav,6,metal,6,metal
3,train,832,832,/home/dt2119/dt2119/music_classification/datasets/audios/western_data/genres_original/reggae/reggae.00033.wav,8,reggae,8,reggae
3,train,725,725,/home/dt2119/dt2119/music_classification/datasets/audios/western_data/genres_original/pop/pop.00026.wav,7,pop,7,pop
3,train,459,459,/home/dt2119/dt2119/music_classification/datasets/audios/western_data/genres_original/hiphop/hiphop.00059.wav,4,hiphop,4,hiphop
3,train,64,64,/home/dt2119/dt2119/music_classification/datasets/audios/western_data/genres_original/blues/blues.00064.wav,0,blues,0,blues
3,train,914,914,/home/dt2119/dt2119/music_classification/datasets/audios/western_data/genres_original/rock/rock.00015.wav,9,rock,4,hiphop
3,train,299,299,/home/dt2119/dt2119/music_classification/datasets/audios/western_data/genres_original/country/country.00099.wav,2,country,2,country
3,train,505,505,/home/dt2119/dt2119/music_classification/datasets/audios/western_data/genres_original/jazz/jazz.00005.wav,5,jazz,5,jazz
3,train,704,704,/home/dt2119/dt2119/music_classification/datasets/audios/western_data/genres_original/pop/pop.00005.wav,7,pop,7,pop
3,train,165,165,/home/dt2119/dt2119/music_classification/datasets/audios/western_data/genres_original/classical/classical.00065.wav,1,classical,1,classical
3,train,789,789,/home/dt2119/dt2119/music_classification/datasets/audios/western_data/genres_original/pop/pop.00090.wav,7,pop,7,pop
3,train,642,642,/home/dt2119/dt2119/music_classification/datasets/audios/western_data/genres_original/metal/metal.00043.wav,6,metal,6,metal
3,train,355,355,/home/dt2119/dt2119/music_classification/datasets/audios/western_data/genres_original/disco/disco.00055.wav,3,disco,3,disco
3,train,79,79,/home/dt2119/dt2119/music_classification/datasets/audios/western_data/genres_original/blues/blues.00079.wav,0,blues,0,blues
3,train,615,615,/home/dt2119/dt2119/music_classification/datasets/audios/western_data/genres_original/metal/metal.00016.wav,6,metal,6,metal
3,train,688,688,/home/dt2119/dt2119/music_classification/datasets/audios/western_data/genres_original/metal/metal.00089.wav,6,metal,6,metal
3,train,661,661,/home/dt2119/dt2119/music_classification/datasets/audios/western_data/genres_original/metal/metal.00062.wav,6,metal,6,metal
3,train,48,48,/home/dt2119/dt2119/music_classification/datasets/audios/western_data/genres_original/blues/blues.00048.wav,0,blues,0,blues
3,train,23,23,/home/dt2119/dt2119/music_classification/datasets/audios/western_data/genres_original/blues/blues.00023.wav,0,blues,0,blues
3,train,618,618,/home/dt2119/dt2119/music_classification/datasets/audios/western_data/genres_original/metal/metal.00019.wav,6,metal,6,metal
3,train,16,16,/home/dt2119/dt2119/music_classification/datasets/audios/western_data/genres_original/blues/blues.00016.wav,0,blues,0,blues
3,train,187,187,/home/dt2119/dt2119/music_classification/datasets/audios/western_data/genres_original/classical/classical.00087.wav,1,classical,1,classical
3,train,697,697,/home/dt2119/dt2119/music_classification/datasets/audios/western_data/genres_original/metal/metal.00098.wav,6,metal,6,metal
3,train,6,6,/home/dt2119/dt2119/music_classification/datasets/audios/western_data/genres_original/blues/blues.00006.wav,0,blues,0,blues
3,train,150,150,/home/dt2119/dt2119/music_classification/datasets/audios/western_data/genres_original/classical/classical.00050.wav,1,classical,1,classical
3,train,59,59,/home/dt2119/dt2119/music_classification/datasets/audios/western_data/genres_original/blues/blues.00059.wav,0,blues,0,blues
3,train,696,696,/home/dt2119/dt2119/music_classification/datasets/audios/western_data/genres_original/metal/metal.00097.wav,6,metal,6,metal
3,train,660,660,/home/dt2119/dt2119/music_classification/datasets/audios/western_data/genres_original/metal/metal.00061.wav,6,metal,6,metal
3,train,296,296,/home/dt2119/dt2119/music_classification/datasets/audios/western_data/genres_original/country/country.00096.wav,2,country,2,country
3,train,518,518,/home/dt2119/dt2119/music_classification/datasets/audios/western_data/genres_original/jazz/jazz.00018.wav,5,jazz,5,jazz
3,train,194,194,/home/dt2119/dt2119/music_classification/datasets/audios/western_data/genres_original/classical/classical.00094.wav,1,classical,1,classical
3,train,97,97,/home/dt2119/dt2119/music_classification/datasets/audios/western_data/genres_original/blues/blues.00097.wav,0,blues,0,blues
3,train,993,993,/home/dt2119/dt2119/music_classification/datasets/audios/western_data/genres_original/rock/rock.00094.wav,9,rock,9,rock
3,train,527,527,/home/dt2119/dt2119/music_classification/datasets/audios/western_data/genres_original/jazz/jazz.00027.wav,5,jazz,5,jazz
3,train,560,560,/home/dt2119/dt2119/music_classification/datasets/audios/western_data/genres_original/jazz/jazz.00061.wav,5,jazz,5,jazz
3,train,174,174,/home/dt2119/dt2119/music_classification/datasets/audios/western_data/genres_original/classical/classical.00074.wav,1,classical,1,classical
3,train,423,423,/home/dt2119/dt2119/music_classification/datasets/audios/western_data/genres_original/hiphop/hiphop.00023.wav,4,hiphop,4,hiphop
3,train,60,60,/home/dt2119/dt2119/music_classification/datasets/audios/western_data/genres_original/blues/blues.00060.wav,0,blues,0,blues
3,train,773,773,/home/dt2119/dt2119/music_classification/datasets/audios/western_data/genres_original/pop/pop.00074.wav,7,pop,7,pop
3,train,353,353,/home/dt2119/dt2119/music_classification/datasets/audios/western_data/genres_original/disco/disco.00053.wav,3,disco,3,disco
3,train,825,825,/home/dt2119/dt2119/music_classification/datasets/audios/western_data/genres_original/reggae/reggae.00026.wav,8,reggae,8,reggae
3,train,395,395,/home/dt2119/dt2119/music_classification/datasets/audios/western_data/genres_original/disco/disco.00095.wav,3,disco,3,disco
3,train,700,700,/home/dt2119/dt2119/music_classification/datasets/audios/western_data/genres_original/pop/pop.00001.wav,7,pop,7,pop
3,train,898,898,/home/dt2119/dt2119/music_classification/datasets/audios/western_data/genres_original/reggae/reggae.00099.wav,8,reggae,8,reggae
3,train,144,144,/home/dt2119/dt2119/music_classification/datasets/audios/western_data/genres_original/classical/classical.00044.wav,1,classical,1,classical
3,train,18,18,/home/dt2119/dt2119/music_classification/datasets/audios/western_data/genres_original/blues/blues.00018.wav,0,blues,0,blues
3,train,52,52,/home/dt2119/dt2119/music_classification/datasets/audios/western_data/genres_original/blues/blues.00052.wav,0,blues,0,blues
3,train,375,375,/home/dt2119/dt2119/music_classification/datasets/audios/western_data/genres_original/disco/disco.00075.wav,3,disco,3,disco
3,train,551,551,/home/dt2119/dt2119/music_classification/datasets/audios/western_data/genres_original/jazz/jazz.00051.wav,5,jazz,5,jazz
3,train,571,571,/home/dt2119/dt2119/music_classification/datasets/audios/western_data/genres_original/jazz/jazz.00072.wav,5,jazz,5,jazz
3,train,602,602,/home/dt2119/dt2119/music_classification/datasets/audios/western_data/genres_original/metal/metal.00003.wav,6,metal,6,metal
3,train,405,405,/home/dt2119/dt2119/music_classification/datasets/audios/western_data/genres_original/hiphop/hiphop.00005.wav,4,hiphop,4,hiphop
3,train,685,685,/home/dt2119/dt2119/music_classification/datasets/audios/western_data/genres_original/metal/metal.00086.wav,6,metal,6,metal
3,train,590,590,/home/dt2119/dt2119/music_classification/datasets/audios/western_data/genres_original/jazz/jazz.00091.wav,5,jazz,5,jazz
3,train,536,536,/home/dt2119/dt2119/music_classification/datasets/audios/western_data/genres_original/jazz/jazz.00036.wav,5,jazz,5,jazz
3,train,663,663,/home/dt2119/dt2119/music_classification/datasets/audios/western_data/genres_original/metal/metal.00064.wav,6,metal,6,metal
3,train,117,117,/home/dt2119/dt2119/music_classification/datasets/audios/western_data/genres_original/classical/classical.00017.wav,1,classical,1,classical
3,train,295,295,/home/dt2119/dt2119/music_classification/datasets/audios/western_data/genres_original/country/country.00095.wav,2,country,2,country
3,train,830,830,/home/dt2119/dt2119/music_classification/datasets/audios/western_data/genres_original/reggae/reggae.00031.wav,8,reggae,8,reggae
3,train,856,856,/home/dt2119/dt2119/music_classification/datasets/audios/western_data/genres_original/reggae/reggae.00057.wav,8,reggae,8,reggae
3,train,503,503,/home/dt2119/dt2119/music_classification/datasets/audios/western_data/genres_original/jazz/jazz.00003.wav,5,jazz,5,jazz
3,train,272,272,/home/dt2119/dt2119/music_classification/datasets/audios/western_data/genres_original/country/country.00072.wav,2,country,2,country
3,train,452,452,/home/dt2119/dt2119/music_classification/datasets/audios/western_data/genres_original/hiphop/hiphop.00052.wav,4,hiphop,4,hiphop
3,train,675,675,/home/dt2119/dt2119/music_classification/datasets/audios/western_data/genres_original/metal/metal.00076.wav,6,metal,6,metal
3,train,514,514,/home/dt2119/dt2119/music_classification/datasets/audios/western_data/genres_original/jazz/jazz.00014.wav,5,jazz,5,jazz
3,train,502,502,/home/dt2119/dt2119/music_classification/datasets/audios/western_data/genres_original/jazz/jazz.00002.wav,5,jazz,5,jazz
3,train,873,873,/home/dt2119/dt2119/music_classification/datasets/audios/western_data/genres_original/reggae/reggae.00074.wav,8,reggae,8,reggae
3,train,702,702,/home/dt2119/dt2119/music_classification/datasets/audios/western_data/genres_original/pop/pop.00003.wav,7,pop,7,pop
3,train,510,510,/home/dt2119/dt2119/music_classification/datasets/audios/western_data/genres_original/jazz/jazz.00010.wav,5,jazz,5,jazz
3,train,706,706,/home/dt2119/dt2119/music_classification/datasets/audios/western_data/genres_original/pop/pop.00007.wav,7,pop,7,pop
3,train,47,47,/home/dt2119/dt2119/music_classification/datasets/audios/western_data/genres_original/blues/blues.00047.wav,0,blues,0,blues
3,train,57,57,/home/dt2119/dt2119/music_classification/datasets/audios/western_data/genres_original/blues/blues.00057.wav,0,blues,0,blues
3,train,850,850,/home/dt2119/dt2119/music_classification/datasets/audios/western_data/genres_original/reggae/reggae.00051.wav,8,reggae,4,hiphop
3,train,888,888,/home/dt2119/dt2119/music_classification/datasets/audios/western_data/genres_original/reggae/reggae.00089.wav,8,reggae,8,reggae
3,train,408,408,/home/dt2119/dt2119/music_classification/datasets/audios/western_data/genres_original/hiphop/hiphop.00008.wav,4,hiphop,4,hiphop
3,train,96,96,/home/dt2119/dt2119/music_classification/datasets/audios/western_data/genres_original/blues/blues.00096.wav,0,blues,0,blues
3,train,782,782,/home/dt2119/dt2119/music_classification/datasets/audios/western_data/genres_original/pop/pop.00083.wav,7,pop,7,pop
3,train,91,91,/home/dt2119/dt2119/music_classification/datasets/audios/western_data/genres_original/blues/blues.00091.wav,0,blues,0,blues
3,train,724,724,/home/dt2119/dt2119/music_classification/datasets/audios/western_data/genres_original/pop/pop.00025.wav,7,pop,7,pop
3,train,28,28,/home/dt2119/dt2119/music_classification/datasets/audios/western_data/genres_original/blues/blues.00028.wav,0,blues,0,blues
3,train,776,776,/home/dt2119/dt2119/music_classification/datasets/audios/western_data/genres_original/pop/pop.00077.wav,7,pop,7,pop
3,train,119,119,/home/dt2119/dt2119/music_classification/datasets/audios/western_data/genres_original/classical/classical.00019.wav,1,classical,1,classical
3,train,204,204,/home/dt2119/dt2119/music_classification/datasets/audios/western_data/genres_original/country/country.00004.wav,2,country,2,country
3,train,430,430,/home/dt2119/dt2119/music_classification/datasets/audios/western_data/genres_original/hiphop/hiphop.00030.wav,4,hiphop,4,hiphop
3,train,805,805,/home/dt2119/dt2119/music_classification/datasets/audios/western_data/genres_original/reggae/reggae.00006.wav,8,reggae,8,reggae
3,train,457,457,/home/dt2119/dt2119/music_classification/datasets/audios/western_data/genres_original/hiphop/hiphop.00057.wav,4,hiphop,4,hiphop
3,train,538,538,/home/dt2119/dt2119/music_classification/datasets/audios/western_data/genres_original/jazz/jazz.00038.wav,5,jazz,5,jazz
3,train,774,774,/home/dt2119/dt2119/music_classification/datasets/audios/western_data/genres_original/pop/pop.00075.wav,7,pop,7,pop
3,train,366,366,/home/dt2119/dt2119/music_classification/datasets/audios/western_data/genres_original/disco/disco.00066.wav,3,disco,3,disco
3,train,589,589,/home/dt2119/dt2119/music_classification/datasets/audios/western_data/genres_original/jazz/jazz.00090.wav,5,jazz,5,jazz
3,train,852,852,/home/dt2119/dt2119/music_classification/datasets/audios/western_data/genres_original/reggae/reggae.00053.wav,8,reggae,8,reggae
3,train,356,356,/home/dt2119/dt2119/music_classification/datasets/audios/western_data/genres_original/disco/disco.00056.wav,3,disco,3,disco
3,train,106,106,/home/dt2119/dt2119/music_classification/datasets/audios/western_data/genres_original/classical/classical.00006.wav,1,classical,1,classical
3,train,564,564,/home/dt2119/dt2119/music_classification/datasets/audios/western_data/genres_original/jazz/jazz.00065.wav,5,jazz,5,jazz
3,train,686,686,/home/dt2119/dt2119/music_classification/datasets/audios/western_data/genres_original/metal/metal.00087.wav,6,metal,6,metal
3,train,51,51,/home/dt2119/dt2119/music_classification/datasets/audios/western_data/genres_original/blues/blues.00051.wav,0,blues,0,blues
3,train,604,604,/home/dt2119/dt2119/music_classification/datasets/audios/western_data/genres_original/metal/metal.00005.wav,6,metal,6,metal
3,train,667,667,/home/dt2119/dt2119/music_classification/datasets/audios/western_data/genres_original/metal/metal.00068.wav,6,metal,6,metal
3,train,895,895,/home/dt2119/dt2119/music_classification/datasets/audios/western_data/genres_original/reggae/reggae.00096.wav,8,reggae,8,reggae
3,train,522,522,/home/dt2119/dt2119/music_classification/datasets/audios/western_data/genres_original/jazz/jazz.00022.wav,5,jazz,5,jazz
3,train,275,275,/home/dt2119/dt2119/music_classification/datasets/audios/western_data/genres_original/country/country.00075.wav,2,country,2,country
3,train,784,784,/home/dt2119/dt2119/music_classification/datasets/audios/western_data/genres_original/pop/pop.00085.wav,7,pop,7,pop
3,train,186,186,/home/dt2119/dt2119/music_classification/datasets/audios/western_data/genres_original/classical/classical.00086.wav,1,classical,1,classical
3,train,439,439,/home/dt2119/dt2119/music_classification/datasets/audios/western_data/genres_original/hiphop/hiphop.00039.wav,4,hiphop,4,hiphop
3,train,676,676,/home/dt2119/dt2119/music_classification/datasets/audios/western_data/genres_original/metal/metal.00077.wav,6,metal,6,metal
3,train,998,998,/home/dt2119/dt2119/music_classification/datasets/audios/western_data/genres_original/rock/rock.00099.wav,9,rock,9,rock
3,train,378,378,/home/dt2119/dt2119/music_classification/datasets/audios/western_data/genres_original/disco/disco.00078.wav,3,disco,3,disco
3,train,844,844,/home/dt2119/dt2119/music_classification/datasets/audios/western_data/genres_original/reggae/reggae.00045.wav,8,reggae,8,reggae
3,train,701,701,/home/dt2119/dt2119/music_classification/datasets/audios/western_data/genres_original/pop/pop.00002.wav,7,pop,7,pop
3,train,84,84,/home/dt2119/dt2119/music_classification/datasets/audios/western_data/genres_original/blues/blues.00084.wav,0,blues,0,blues
3,train,801,801,/home/dt2119/dt2119/music_classification/datasets/audios/western_data/genres_original/reggae/reggae.00002.wav,8,reggae,8,reggae
3,train,890,890,/home/dt2119/dt2119/music_classification/datasets/audios/western_data/genres_original/reggae/reggae.00091.wav,8,reggae,8,reggae
3,train,803,803,/home/dt2119/dt2119/music_classification/datasets/audios/western_data/genres_original/reggae/reggae.00004.wav,8,reggae,8,reggae
3,train,868,868,/home/dt2119/dt2119/music_classification/datasets/audios/western_data/genres_original/reggae/reggae.00069.wav,8,reggae,8,reggae
3,train,427,427,/home/dt2119/dt2119/music_classification/datasets/audios/western_data/genres_original/hiphop/hiphop.00027.wav,4,hiphop,4,hiphop
3,train,76,76,/home/dt2119/dt2119/music_classification/datasets/audios/western_data/genres_original/blues/blues.00076.wav,0,blues,0,blues
3,train,640,640,/home/dt2119/dt2119/music_classification/datasets/audios/western_data/genres_original/metal/metal.00041.wav,6,metal,6,metal
3,train,480,480,/home/dt2119/dt2119/music_classification/datasets/audios/western_data/genres_original/hiphop/hiphop.00080.wav,4,hiphop,4,hiphop
3,train,210,210,/home/dt2119/dt2119/music_classification/datasets/audios/western_data/genres_original/country/country.00010.wav,2,country,2,country
3,train,36,36,/home/dt2119/dt2119/music_classification/datasets/audios/western_data/genres_original/blues/blues.00036.wav,0,blues,0,blues
3,train,728,728,/home/dt2119/dt2119/music_classification/datasets/audios/western_data/genres_original/pop/pop.00029.wav,7,pop,7,pop
3,train,332,332,/home/dt2119/dt2119/music_classification/datasets/audios/western_data/genres_original/disco/disco.00032.wav,3,disco,3,disco
3,train,664,664,/home/dt2119/dt2119/music_classification/datasets/audios/western_data/genres_original/metal/metal.00065.wav,6,metal,6,metal
3,train,374,374,/home/dt2119/dt2119/music_classification/datasets/audios/western_data/genres_original/disco/disco.00074.wav,3,disco,3,disco
3,train,158,158,/home/dt2119/dt2119/music_classification/datasets/audios/western_data/genres_original/classical/classical.00058.wav,1,classical,1,classical
3,train,390,390,/home/dt2119/dt2119/music_classification/datasets/audios/western_data/genres_original/disco/disco.00090.wav,3,disco,3,disco
3,train,721,721,/home/dt2119/dt2119/music_classification/datasets/audios/western_data/genres_original/pop/pop.00022.wav,7,pop,7,pop
3,train,731,731,/home/dt2119/dt2119/music_classification/datasets/audios/western_data/genres_original/pop/pop.00032.wav,7,pop,7,pop
3,train,680,680,/home/dt2119/dt2119/music_classification/datasets/audios/western_data/genres_original/metal/metal.00081.wav,6,metal,6,metal
3,train,426,426,/home/dt2119/dt2119/music_classification/datasets/audios/western_data/genres_original/hiphop/hiphop.00026.wav,4,hiphop,4,hiphop
3,train,358,358,/home/dt2119/dt2119/music_classification/datasets/audios/western_data/genres_original/disco/disco.00058.wav,3,disco,3,disco
3,train,193,193,/home/dt2119/dt2119/music_classification/datasets/audios/western_data/genres_original/classical/classical.00093.wav,1,classical,1,classical
3,train,43,43,/home/dt2119/dt2119/music_classification/datasets/audios/western_data/genres_original/blues/blues.00043.wav,0,blues,0,blues
3,train,149,149,/home/dt2119/dt2119/music_classification/datasets/audios/western_data/genres_original/classical/classical.00049.wav,1,classical,1,classical
3,train,389,389,/home/dt2119/dt2119/music_classification/datasets/audios/western_data/genres_original/disco/disco.00089.wav,3,disco,3,disco
3,train,69,69,/home/dt2119/dt2119/music_classification/datasets/audios/western_data/genres_original/blues/blues.00069.wav,0,blues,0,blues
3,train,716,716,/home/dt2119/dt2119/music_classification/datasets/audios/western_data/genres_original/pop/pop.00017.wav,7,pop,7,pop
3,train,38,38,/home/dt2119/dt2119/music_classification/datasets/audios/western_data/genres_original/blues/blues.00038.wav,0,blues,0,blues
3,train,327,327,/home/dt2119/dt2119/music_classification/datasets/audios/western_data/genres_original/disco/disco.00027.wav,3,disco,8,reggae
3,train,35,35,/home/dt2119/dt2119/music_classification/datasets/audios/western_data/genres_original/blues/blues.00035.wav,0,blues,0,blues
3,train,8,8,/home/dt2119/dt2119/music_classification/datasets/audios/western_data/genres_original/blues/blues.00008.wav,0,blues,0,blues
3,train,203,203,/home/dt2119/dt2119/music_classification/datasets/audios/western_data/genres_original/country/country.00003.wav,2,country,2,country
3,train,533,533,/home/dt2119/dt2119/music_classification/datasets/audios/western_data/genres_original/jazz/jazz.00033.wav,5,jazz,5,jazz
3,train,110,110,/home/dt2119/dt2119/music_classification/datasets/audios/western_data/genres_original/classical/classical.00010.wav,1,classical,1,classical
3,train,521,521,/home/dt2119/dt2119/music_classification/datasets/audios/western_data/genres_original/jazz/jazz.00021.wav,5,jazz,5,jazz
3,train,827,827,/home/dt2119/dt2119/music_classification/datasets/audios/western_data/genres_original/reggae/reggae.00028.wav,8,reggae,8,reggae
3,train,20,20,/home/dt2119/dt2119/music_classification/datasets/audios/western_data/genres_original/blues/blues.00020.wav,0,blues,0,blues
3,train,983,983,/home/dt2119/dt2119/music_classification/datasets/audios/western_data/genres_original/rock/rock.00084.wav,9,rock,9,rock
3,train,592,592,/home/dt2119/dt2119/music_classification/datasets/audios/western_data/genres_original/jazz/jazz.00093.wav,5,jazz,5,jazz
3,train,196,196,/home/dt2119/dt2119/music_classification/datasets/audios/western_data/genres_original/classical/classical.00096.wav,1,classical,1,classical
3,train,544,544,/home/dt2119/dt2119/music_classification/datasets/audios/western_data/genres_original/jazz/jazz.00044.wav,5,jazz,5,jazz
3,train,53,53,/home/dt2119/dt2119/music_classification/datasets/audios/western_data/genres_original/blues/blues.00053.wav,0,blues,0,blues
3,train,511,511,/home/dt2119/dt2119/music_classification/datasets/audios/western_data/genres_original/jazz/jazz.00011.wav,5,jazz,5,jazz
3,train,107,107,/home/dt2119/dt2119/music_classification/datasets/audios/western_data/genres_original/classical/classical.00007.wav,1,classical,1,classical
3,train,367,367,/home/dt2119/dt2119/music_classification/datasets/audios/western_data/genres_original/disco/disco.00067.wav,3,disco,3,disco
3,train,111,111,/home/dt2119/dt2119/music_classification/datasets/audios/western_data/genres_original/classical/classical.00011.wav,1,classical,1,classical
3,train,191,191,/home/dt2119/dt2119/music_classification/datasets/audios/western_data/genres_original/classical/classical.00091.wav,1,classical,1,classical
3,train,787,787,/home/dt2119/dt2119/music_classification/datasets/audios/western_data/genres_original/pop/pop.00088.wav,7,pop,7,pop
3,train,822,822,/home/dt2119/dt2119/music_classification/datasets/audios/western_data/genres_original/reggae/reggae.00023.wav,8,reggae,8,reggae
3,train,67,67,/home/dt2119/dt2119/music_classification/datasets/audios/western_data/genres_original/blues/blues.00067.wav,0,blues,0,blues
3,train,40,40,/home/dt2119/dt2119/music_classification/datasets/audios/western_data/genres_original/blues/blues.00040.wav,0,blues,0,blues
3,train,41,41,/home/dt2119/dt2119/music_classification/datasets/audios/western_data/genres_original/blues/blues.00041.wav,0,blues,0,blues
3,train,422,422,/home/dt2119/dt2119/music_classification/datasets/audios/western_data/genres_original/hiphop/hiphop.00022.wav,4,hiphop,4,hiphop
3,train,279,279,/home/dt2119/dt2119/music_classification/datasets/audios/western_data/genres_original/country/country.00079.wav,2,country,2,country
3,train,237,237,/home/dt2119/dt2119/music_classification/datasets/audios/western_data/genres_original/country/country.00037.wav,2,country,2,country
3,train,80,80,/home/dt2119/dt2119/music_classification/datasets/audios/western_data/genres_original/blues/blues.00080.wav,0,blues,0,blues
3,train,249,249,/home/dt2119/dt2119/music_classification/datasets/audios/western_data/genres_original/country/country.00049.wav,2,country,2,country
3,train,267,267,/home/dt2119/dt2119/music_classification/datasets/audios/western_data/genres_original/country/country.00067.wav,2,country,2,country
3,train,177,177,/home/dt2119/dt2119/music_classification/datasets/audios/western_data/genres_original/classical/classical.00077.wav,1,classical,1,classical
3,train,62,62,/home/dt2119/dt2119/music_classification/datasets/audios/western_data/genres_original/blues/blues.00062.wav,0,blues,0,blues
3,train,838,838,/home/dt2119/dt2119/music_classification/datasets/audios/western_data/genres_original/reggae/reggae.00039.wav,8,reggae,8,reggae
3,train,453,453,/home/dt2119/dt2119/music_classification/datasets/audios/western_data/genres_original/hiphop/hiphop.00053.wav,4,hiphop,4,hiphop
3,train,553,553,/home/dt2119/dt2119/music_classification/datasets/audios/western_data/genres_original/jazz/jazz.00053.wav,5,jazz,5,jazz
3,train,557,557,/home/dt2119/dt2119/music_classification/datasets/audios/western_data/genres_original/jazz/jazz.00058.wav,5,jazz,5,jazz
3,train,388,388,/home/dt2119/dt2119/music_classification/datasets/audios/western_data/genres_original/disco/disco.00088.wav,3,disco,3,disco
3,train,72,72,/home/dt2119/dt2119/music_classification/datasets/audios/western_data/genres_original/blues/blues.00072.wav,0,blues,0,blues
3,train,816,816,/home/dt2119/dt2119/music_classification/datasets/audios/western_data/genres_original/reggae/reggae.00017.wav,8,reggae,8,reggae
3,train,419,419,/home/dt2119/dt2119/music_classification/datasets/audios/western_data/genres_original/hiphop/hiphop.00019.wav,4,hiphop,4,hiphop
3,train,205,205,/home/dt2119/dt2119/music_classification/datasets/audios/western_data/genres_original/country/country.00005.wav,2,country,2,country
3,train,539,539,/home/dt2119/dt2119/music_classification/datasets/audios/western_data/genres_original/jazz/jazz.00039.wav,5,jazz,5,jazz
3,train,277,277,/home/dt2119/dt2119/music_classification/datasets/audios/western_data/genres_original/country/country.00077.wav,2,country,2,country
3,train,967,967,/home/dt2119/dt2119/music_classification/datasets/audios/western_data/genres_original/rock/rock.00068.wav,9,rock,9,rock
3,train,298,298,/home/dt2119/dt2119/music_classification/datasets/audios/western_data/genres_original/country/country.00098.wav,2,country,2,country
3,train,190,190,/home/dt2119/dt2119/music_classification/datasets/audios/western_data/genres_original/classical/classical.00090.wav,1,classical,1,classical
3,train,712,712,/home/dt2119/dt2119/music_classification/datasets/audios/western_data/genres_original/pop/pop.00013.wav,7,pop,7,pop
3,train,243,243,/home/dt2119/dt2119/music_classification/datasets/audios/western_data/genres_original/country/country.00043.wav,2,country,2,country
3,train,860,860,/home/dt2119/dt2119/music_classification/datasets/audios/western_data/genres_original/reggae/reggae.00061.wav,8,reggae,8,reggae
3,train,810,810,/home/dt2119/dt2119/music_classification/datasets/audios/western_data/genres_original/reggae/reggae.00011.wav,8,reggae,8,reggae
3,train,22,22,/home/dt2119/dt2119/music_classification/datasets/audios/western_data/genres_original/blues/blues.00022.wav,0,blues,0,blues
3,train,342,342,/home/dt2119/dt2119/music_classification/datasets/audios/western_data/genres_original/disco/disco.00042.wav,3,disco,3,disco
3,train,795,795,/home/dt2119/dt2119/music_classification/datasets/audios/western_data/genres_original/pop/pop.00096.wav,7,pop,7,pop
3,train,271,271,/home/dt2119/dt2119/music_classification/datasets/audios/western_data/genres_original/country/country.00071.wav,2,country,2,country
3,train,400,400,/home/dt2119/dt2119/music_classification/datasets/audios/western_data/genres_original/hiphop/hiphop.00000.wav,4,hiphop,4,hiphop
3,train,780,780,/home/dt2119/dt2119/music_classification/datasets/audios/western_data/genres_original/pop/pop.00081.wav,7,pop,8,reggae
3,train,81,81,/home/dt2119/dt2119/music_classification/datasets/audios/western_data/genres_original/blues/blues.00081.wav,0,blues,0,blues
3,train,109,109,/home/dt2119/dt2119/music_classification/datasets/audios/western_data/genres_original/classical/classical.00009.wav,1,classical,1,classical
3,train,135,135,/home/dt2119/dt2119/music_classification/datasets/audios/western_data/genres_original/classical/classical.00035.wav,1,classical,1,classical
3,train,410,410,/home/dt2119/dt2119/music_classification/datasets/audios/western_data/genres_original/hiphop/hiphop.00010.wav,4,hiphop,4,hiphop
3,train,845,845,/home/dt2119/dt2119/music_classification/datasets/audios/western_data/genres_original/reggae/reggae.00046.wav,8,reggae,0,blues
3,train,543,543,/home/dt2119/dt2119/music_classification/datasets/audios/western_data/genres_original/jazz/jazz.00043.wav,5,jazz,5,jazz
3,train,672,672,/home/dt2119/dt2119/music_classification/datasets/audios/western_data/genres_original/metal/metal.00073.wav,6,metal,6,metal
3,train,113,113,/home/dt2119/dt2119/music_classification/datasets/audios/western_data/genres_original/classical/classical.00013.wav,1,classical,1,classical
3,train,820,820,/home/dt2119/dt2119/music_classification/datasets/audios/western_data/genres_original/reggae/reggae.00021.wav,8,reggae,8,reggae
3,train,391,391,/home/dt2119/dt2119/music_classification/datasets/audios/western_data/genres_original/disco/disco.00091.wav,3,disco,3,disco
3,train,5,5,/home/dt2119/dt2119/music_classification/datasets/audios/western_data/genres_original/blues/blues.00005.wav,0,blues,0,blues
3,train,347,347,/home/dt2119/dt2119/music_classification/datasets/audios/western_data/genres_original/disco/disco.00047.wav,3,disco,1,classical
3,train,733,733,/home/dt2119/dt2119/music_classification/datasets/audios/western_data/genres_original/pop/pop.00034.wav,7,pop,7,pop
3,train,964,964,/home/dt2119/dt2119/music_classification/datasets/audios/western_data/genres_original/rock/rock.00065.wav,9,rock,9,rock
3,train,504,504,/home/dt2119/dt2119/music_classification/datasets/audios/western_data/genres_original/jazz/jazz.00004.wav,5,jazz,5,jazz
3,train,524,524,/home/dt2119/dt2119/music_classification/datasets/audios/western_data/genres_original/jazz/jazz.00024.wav,5,jazz,5,jazz
3,train,348,348,/home/dt2119/dt2119/music_classification/datasets/audios/western_data/genres_original/disco/disco.00048.wav,3,disco,3,disco
3,train,783,783,/home/dt2119/dt2119/music_classification/datasets/audios/western_data/genres_original/pop/pop.00084.wav,7,pop,7,pop
3,train,458,458,/home/dt2119/dt2119/music_classification/datasets/audios/western_data/genres_original/hiphop/hiphop.00058.wav,4,hiphop,4,hiphop
3,train,167,167,/home/dt2119/dt2119/music_classification/datasets/audios/western_data/genres_original/classical/classical.00067.wav,1,classical,1,classical
3,train,740,740,/home/dt2119/dt2119/music_classification/datasets/audios/western_data/genres_original/pop/pop.00041.wav,7,pop,2,country
3,train,83,83,/home/dt2119/dt2119/music_classification/datasets/audios/western_data/genres_original/blues/blues.00083.wav,0,blues,0,blues
3,train,730,730,/home/dt2119/dt2119/music_classification/datasets/audios/western_data/genres_original/pop/pop.00031.wav,7,pop,7,pop
3,train,790,790,/home/dt2119/dt2119/music_classification/datasets/audios/western_data/genres_original/pop/pop.00091.wav,7,pop,7,pop
3,train,715,715,/home/dt2119/dt2119/music_classification/datasets/audios/western_data/genres_original/pop/pop.00016.wav,7,pop,7,pop
3,train,808,808,/home/dt2119/dt2119/music_classification/datasets/audios/western_data/genres_original/reggae/reggae.00009.wav,8,reggae,8,reggae
3,train,445,445,/home/dt2119/dt2119/music_classification/datasets/audios/western_data/genres_original/hiphop/hiphop.00045.wav,4,hiphop,4,hiphop
3,train,811,811,/home/dt2119/dt2119/music_classification/datasets/audios/western_data/genres_original/reggae/reggae.00012.wav,8,reggae,8,reggae
3,train,313,313,/home/dt2119/dt2119/music_classification/datasets/audios/western_data/genres_original/disco/disco.00013.wav,3,disco,3,disco
3,train,63,63,/home/dt2119/dt2119/music_classification/datasets/audios/western_data/genres_original/blues/blues.00063.wav,0,blues,0,blues
3,train,896,896,/home/dt2119/dt2119/music_classification/datasets/audios/western_data/genres_original/reggae/reggae.00097.wav,8,reggae,2,country
3,train,139,139,/home/dt2119/dt2119/music_classification/datasets/audios/western_data/genres_original/classical/classical.00039.wav,1,classical,1,classical
3,train,846,846,/home/dt2119/dt2119/music_classification/datasets/audios/western_data/genres_original/reggae/reggae.00047.wav,8,reggae,8,reggae
3,train,215,215,/home/dt2119/dt2119/music_classification/datasets/audios/western_data/genres_original/country/country.00015.wav,2,country,2,country
3,train,82,82,/home/dt2119/dt2119/music_classification/datasets/audios/western_data/genres_original/blues/blues.00082.wav,0,blues,0,blues
3,train,25,25,/home/dt2119/dt2119/music_classification/datasets/audios/western_data/genres_original/blues/blues.00025.wav,0,blues,0,blues
3,train,26,26,/home/dt2119/dt2119/music_classification/datasets/audios/western_data/genres_original/blues/blues.00026.wav,0,blues,0,blues
3,train,126,126,/home/dt2119/dt2119/music_classification/datasets/audios/western_data/genres_original/classical/classical.00026.wav,1,classical,1,classical
3,train,331,331,/home/dt2119/dt2119/music_classification/datasets/audios/western_data/genres_original/disco/disco.00031.wav,3,disco,3,disco
3,train,570,570,/home/dt2119/dt2119/music_classification/datasets/audios/western_data/genres_original/jazz/jazz.00071.wav,5,jazz,5,jazz
3,train,201,201,/home/dt2119/dt2119/music_classification/datasets/audios/western_data/genres_original/country/country.00001.wav,2,country,2,country
3,train,192,192,/home/dt2119/dt2119/music_classification/datasets/audios/western_data/genres_original/classical/classical.00092.wav,1,classical,1,classical
3,train,124,124,/home/dt2119/dt2119/music_classification/datasets/audios/western_data/genres_original/classical/classical.00024.wav,1,classical,1,classical
3,train,937,937,/home/dt2119/dt2119/music_classification/datasets/audios/western_data/genres_original/rock/rock.00038.wav,9,rock,9,rock
3,train,870,870,/home/dt2119/dt2119/music_classification/datasets/audios/western_data/genres_original/reggae/reggae.00071.wav,8,reggae,8,reggae
3,train,707,707,/home/dt2119/dt2119/music_classification/datasets/audios/western_data/genres_original/pop/pop.00008.wav,7,pop,7,pop
3,train,786,786,/home/dt2119/dt2119/music_classification/datasets/audios/western_data/genres_original/pop/pop.00087.wav,7,pop,7,pop
3,train,159,159,/home/dt2119/dt2119/music_classification/datasets/audios/western_data/genres_original/classical/classical.00059.wav,1,classical,1,classical
3,train,403,403,/home/dt2119/dt2119/music_classification/datasets/audios/western_data/genres_original/hiphop/hiphop.00003.wav,4,hiphop,4,hiphop
3,train,525,525,/home/dt2119/dt2119/music_classification/datasets/audios/western_data/genres_original/jazz/jazz.00025.wav,5,jazz,5,jazz
3,train,341,341,/home/dt2119/dt2119/music_classification/datasets/audios/western_data/genres_original/disco/disco.00041.wav,3,disco,2,country
3,train,807,807,/home/dt2119/dt2119/music_classification/datasets/audios/western_data/genres_original/reggae/reggae.00008.wav,8,reggae,8,reggae
3,train,455,455,/home/dt2119/dt2119/music_classification/datasets/audios/western_data/genres_original/hiphop/hiphop.00055.wav,4,hiphop,4,hiphop
3,train,12,12,/home/dt2119/dt2119/music_classification/datasets/audios/western_data/genres_original/blues/blues.00012.wav,0,blues,0,blues
3,train,796,796,/home/dt2119/dt2119/music_classification/datasets/audios/western_data/genres_original/pop/pop.00097.wav,7,pop,4,hiphop
3,train,34,34,/home/dt2119/dt2119/music_classification/datasets/audios/western_data/genres_original/blues/blues.00034.wav,0,blues,0,blues
3,train,665,665,/home/dt2119/dt2119/music_classification/datasets/audios/western_data/genres_original/metal/metal.00066.wav,6,metal,6,metal
3,train,42,42,/home/dt2119/dt2119/music_classification/datasets/audios/western_data/genres_original/blues/blues.00042.wav,0,blues,0,blues
3,train,735,735,/home/dt2119/dt2119/music_classification/datasets/audios/western_data/genres_original/pop/pop.00036.wav,7,pop,7,pop
3,train,133,133,/home/dt2119/dt2119/music_classification/datasets/audios/western_data/genres_original/classical/classical.00033.wav,1,classical,1,classical
3,train,559,559,/home/dt2119/dt2119/music_classification/datasets/audios/western_data/genres_original/jazz/jazz.00060.wav,5,jazz,5,jazz
3,train,394,394,/home/dt2119/dt2119/music_classification/datasets/audios/western_data/genres_original/disco/disco.00094.wav,3,disco,3,disco
3,train,530,530,/home/dt2119/dt2119/music_classification/datasets/audios/western_data/genres_original/jazz/jazz.00030.wav,5,jazz,5,jazz
3,train,528,528,/home/dt2119/dt2119/music_classification/datasets/audios/western_data/genres_original/jazz/jazz.00028.wav,5,jazz,5,jazz
3,train,566,566,/home/dt2119/dt2119/music_classification/datasets/audios/western_data/genres_original/jazz/jazz.00067.wav,5,jazz,5,jazz
3,train,911,911,/home/dt2119/dt2119/music_classification/datasets/audios/western_data/genres_original/rock/rock.00012.wav,9,rock,0,blues
3,train,991,991,/home/dt2119/dt2119/music_classification/datasets/audios/western_data/genres_original/rock/rock.00092.wav,9,rock,9,rock
3,train,136,136,/home/dt2119/dt2119/music_classification/datasets/audios/western_data/genres_original/classical/classical.00036.wav,1,classical,1,classical
3,train,913,913,/home/dt2119/dt2119/music_classification/datasets/audios/western_data/genres_original/rock/rock.00014.wav,9,rock,0,blues
3,train,714,714,/home/dt2119/dt2119/music_classification/datasets/audios/western_data/genres_original/pop/pop.00015.wav,7,pop,7,pop
3,train,280,280,/home/dt2119/dt2119/music_classification/datasets/audios/western_data/genres_original/country/country.00080.wav,2,country,2,country
3,train,885,885,/home/dt2119/dt2119/music_classification/datasets/audios/western_data/genres_original/reggae/reggae.00086.wav,8,reggae,4,hiphop
3,train,276,276,/home/dt2119/dt2119/music_classification/datasets/audios/western_data/genres_original/country/country.00076.wav,2,country,2,country
3,train,620,620,/home/dt2119/dt2119/music_classification/datasets/audios/western_data/genres_original/metal/metal.00021.wav,6,metal,6,metal
3,train,791,791,/home/dt2119/dt2119/music_classification/datasets/audios/western_data/genres_original/pop/pop.00092.wav,7,pop,7,pop
3,train,229,229,/home/dt2119/dt2119/music_classification/datasets/audios/western_data/genres_original/country/country.00029.wav,2,country,2,country
3,train,318,318,/home/dt2119/dt2119/music_classification/datasets/audios/western_data/genres_original/disco/disco.00018.wav,3,disco,3,disco
3,train,45,45,/home/dt2119/dt2119/music_classification/datasets/audios/western_data/genres_original/blues/blues.00045.wav,0,blues,0,blues
3,train,317,317,/home/dt2119/dt2119/music_classification/datasets/audios/western_data/genres_original/disco/disco.00017.wav,3,disco,3,disco
3,train,239,239,/home/dt2119/dt2119/music_classification/datasets/audios/western_data/genres_original/country/country.00039.wav,2,country,2,country
3,train,125,125,/home/dt2119/dt2119/music_classification/datasets/audios/western_data/genres_original/classical/classical.00025.wav,1,classical,1,classical
3,train,641,641,/home/dt2119/dt2119/music_classification/datasets/audios/western_data/genres_original/metal/metal.00042.wav,6,metal,6,metal
3,train,273,273,/home/dt2119/dt2119/music_classification/datasets/audios/western_data/genres_original/country/country.00073.wav,2,country,2,country
3,train,982,982,/home/dt2119/dt2119/music_classification/datasets/audios/western_data/genres_original/rock/rock.00083.wav,9,rock,9,rock
3,train,619,619,/home/dt2119/dt2119/music_classification/datasets/audios/western_data/genres_original/metal/metal.00020.wav,6,metal,6,metal
3,train,526,526,/home/dt2119/dt2119/music_classification/datasets/audios/western_data/genres_original/jazz/jazz.00026.wav,5,jazz,5,jazz
3,train,58,58,/home/dt2119/dt2119/music_classification/datasets/audios/western_data/genres_original/blues/blues.00058.wav,0,blues,0,blues
3,train,2,2,/home/dt2119/dt2119/music_classification/datasets/audios/western_data/genres_original/blues/blues.00002.wav,0,blues,0,blues
3,train,360,360,/home/dt2119/dt2119/music_classification/datasets/audios/western_data/genres_original/disco/disco.00060.wav,3,disco,3,disco
3,train,346,346,/home/dt2119/dt2119/music_classification/datasets/audios/western_data/genres_original/disco/disco.00046.wav,3,disco,3,disco
3,train,853,853,/home/dt2119/dt2119/music_classification/datasets/audios/western_data/genres_original/reggae/reggae.00054.wav,8,reggae,8,reggae
3,train,935,935,/home/dt2119/dt2119/music_classification/datasets/audios/western_data/genres_original/rock/rock.00036.wav,9,rock,9,rock
3,train,345,345,/home/dt2119/dt2119/music_classification/datasets/audios/western_data/genres_original/disco/disco.00045.wav,3,disco,3,disco
3,train,608,608,/home/dt2119/dt2119/music_classification/datasets/audios/western_data/genres_original/metal/metal.00009.wav,6,metal,6,metal
3,train,294,294,/home/dt2119/dt2119/music_classification/datasets/audios/western_data/genres_original/country/country.00094.wav,2,country,2,country
3,train,637,637,/home/dt2119/dt2119/music_classification/datasets/audios/western_data/genres_original/metal/metal.00038.wav,6,metal,6,metal
3,train,85,85,/home/dt2119/dt2119/music_classification/datasets/audios/western_data/genres_original/blues/blues.00085.wav,0,blues,0,blues
3,train,547,547,/home/dt2119/dt2119/music_classification/datasets/audios/western_data/genres_original/jazz/jazz.00047.wav,5,jazz,5,jazz
3,train,19,19,/home/dt2119/dt2119/music_classification/datasets/audios/western_data/genres_original/blues/blues.00019.wav,0,blues,0,blues
3,train,140,140,/home/dt2119/dt2119/music_classification/datasets/audios/western_data/genres_original/classical/classical.00040.wav,1,classical,1,classical
3,train,506,506,/home/dt2119/dt2119/music_classification/datasets/audios/western_data/genres_original/jazz/jazz.00006.wav,5,jazz,5,jazz
3,train,966,966,/home/dt2119/dt2119/music_classification/datasets/audios/western_data/genres_original/rock/rock.00067.wav,9,rock,9,rock
3,train,587,587,/home/dt2119/dt2119/music_classification/datasets/audios/western_data/genres_original/jazz/jazz.00088.wav,5,jazz,5,jazz
3,train,777,777,/home/dt2119/dt2119/music_classification/datasets/audios/western_data/genres_original/pop/pop.00078.wav,7,pop,7,pop
3,train,854,854,/home/dt2119/dt2119/music_classification/datasets/audios/western_data/genres_original/reggae/reggae.00055.wav,8,reggae,8,reggae
3,train,809,809,/home/dt2119/dt2119/music_classification/datasets/audios/western_data/genres_original/reggae/reggae.00010.wav,8,reggae,8,reggae
3,train,828,828,/home/dt2119/dt2119/music_classification/datasets/audios/western_data/genres_original/reggae/reggae.00029.wav,8,reggae,8,reggae
3,train,17,17,/home/dt2119/dt2119/music_classification/datasets/audios/western_data/genres_original/blues/blues.00017.wav,0,blues,0,blues
3,train,797,797,/home/dt2119/dt2119/music_classification/datasets/audios/western_data/genres_original/pop/pop.00098.wav,7,pop,7,pop
3,train,994,994,/home/dt2119/dt2119/music_classification/datasets/audios/western_data/genres_original/rock/rock.00095.wav,9,rock,9,rock
3,train,238,238,/home/dt2119/dt2119/music_classification/datasets/audios/western_data/genres_original/country/country.00038.wav,2,country,2,country
3,train,817,817,/home/dt2119/dt2119/music_classification/datasets/audios/western_data/genres_original/reggae/reggae.00018.wav,8,reggae,8,reggae
3,train,55,55,/home/dt2119/dt2119/music_classification/datasets/audios/western_data/genres_original/blues/blues.00055.wav,0,blues,0,blues
3,train,148,148,/home/dt2119/dt2119/music_classification/datasets/audios/western_data/genres_original/classical/classical.00048.wav,1,classical,1,classical
3,train,669,669,/home/dt2119/dt2119/music_classification/datasets/audios/western_data/genres_original/metal/metal.00070.wav,6,metal,6,metal
3,train,270,270,/home/dt2119/dt2119/music_classification/datasets/audios/western_data/genres_original/country/country.00070.wav,2,country,2,country
3,train,531,531,/home/dt2119/dt2119/music_classification/datasets/audios/western_data/genres_original/jazz/jazz.00031.wav,5,jazz,5,jazz
3,train,865,865,/home/dt2119/dt2119/music_classification/datasets/audios/western_data/genres_original/reggae/reggae.00066.wav,8,reggae,8,reggae
3,train,623,623,/home/dt2119/dt2119/music_classification/datasets/audios/western_data/genres_original/metal/metal.00024.wav,6,metal,6,metal
3,train,617,617,/home/dt2119/dt2119/music_classification/datasets/audios/western_data/genres_original/metal/metal.00018.wav,6,metal,6,metal
3,train,233,233,/home/dt2119/dt2119/music_classification/datasets/audios/western_data/genres_original/country/country.00033.wav,2,country,2,country
3,train,693,693,/home/dt2119/dt2119/music_classification/datasets/audios/western_data/genres_original/metal/metal.00094.wav,6,metal,6,metal
3,train,556,556,/home/dt2119/dt2119/music_classification/datasets/audios/western_data/genres_original/jazz/jazz.00057.wav,5,jazz,5,jazz
3,train,695,695,/home/dt2119/dt2119/music_classification/datasets/audios/western_data/genres_original/metal/metal.00096.wav,6,metal,6,metal
3,train,555,555,/home/dt2119/dt2119/music_classification/datasets/audios/western_data/genres_original/jazz/jazz.00056.wav,5,jazz,5,jazz
3,train,121,121,/home/dt2119/dt2119/music_classification/datasets/audios/western_data/genres_original/classical/classical.00021.wav,1,classical,1,classical
3,train,321,321,/home/dt2119/dt2119/music_classification/datasets/audios/western_data/genres_original/disco/disco.00021.wav,3,disco,7,pop
3,train,694,694,/home/dt2119/dt2119/music_classification/datasets/audios/western_data/genres_original/metal/metal.00095.wav,6,metal,6,metal
3,train,717,717,/home/dt2119/dt2119/music_classification/datasets/audios/western_data/genres_original/pop/pop.00018.wav,7,pop,7,pop
3,train,172,172,/home/dt2119/dt2119/music_classification/datasets/audios/western_data/genres_original/classical/classical.00072.wav,1,classical,1,classical
3,train,340,340,/home/dt2119/dt2119/music_classification/datasets/audios/western_data/genres_original/disco/disco.00040.wav,3,disco,3,disco
3,train,718,718,/home/dt2119/dt2119/music_classification/datasets/audios/western_data/genres_original/pop/pop.00019.wav,7,pop,7,pop
3,train,199,199,/home/dt2119/dt2119/music_classification/datasets/audios/western_data/genres_original/classical/classical.00099.wav,1,classical,1,classical
3,train,44,44,/home/dt2119/dt2119/music_classification/datasets/audios/western_data/genres_original/blues/blues.00044.wav,0,blues,0,blues
3,train,548,548,/home/dt2119/dt2119/music_classification/datasets/audios/western_data/genres_original/jazz/jazz.00048.wav,5,jazz,5,jazz
3,train,93,93,/home/dt2119/dt2119/music_classification/datasets/audios/western_data/genres_original/blues/blues.00093.wav,0,blues,0,blues
3,train,568,568,/home/dt2119/dt2119/music_classification/datasets/audios/western_data/genres_original/jazz/jazz.00069.wav,5,jazz,5,jazz
3,train,588,588,/home/dt2119/dt2119/music_classification/datasets/audios/western_data/genres_original/jazz/jazz.00089.wav,5,jazz,5,jazz
3,train,708,708,/home/dt2119/dt2119/music_classification/datasets/audios/western_data/genres_original/pop/pop.00009.wav,7,pop,7,pop
3,train,963,963,/home/dt2119/dt2119/music_classification/datasets/audios/western_data/genres_original/rock/rock.00064.wav,9,rock,9,rock
3,train,161,161,/home/dt2119/dt2119/music_classification/datasets/audios/western_data/genres_original/classical/classical.00061.wav,1,classical,1,classical
3,train,339,339,/home/dt2119/dt2119/music_classification/datasets/audios/western_data/genres_original/disco/disco.00039.wav,3,disco,3,disco
3,train,49,49,/home/dt2119/dt2119/music_classification/datasets/audios/western_data/genres_original/blues/blues.00049.wav,0,blues,0,blues
3,train,831,831,/home/dt2119/dt2119/music_classification/datasets/audios/western_data/genres_original/reggae/reggae.00032.wav,8,reggae,8,reggae
3,train,364,364,/home/dt2119/dt2119/music_classification/datasets/audios/western_data/genres_original/disco/disco.00064.wav,3,disco,3,disco
3,train,137,137,/home/dt2119/dt2119/music_classification/datasets/audios/western_data/genres_original/classical/classical.00037.wav,1,classical,1,classical
3,train,46,46,/home/dt2119/dt2119/music_classification/datasets/audios/western_data/genres_original/blues/blues.00046.wav,0,blues,0,blues
3,train,222,222,/home/dt2119/dt2119/music_classification/datasets/audios/western_data/genres_original/country/country.00022.wav,2,country,2,country
3,train,166,166,/home/dt2119/dt2119/music_classification/datasets/audios/western_data/genres_original/classical/classical.00066.wav,1,classical,1,classical
3,train,839,839,/home/dt2119/dt2119/music_classification/datasets/audios/western_data/genres_original/reggae/reggae.00040.wav,8,reggae,8,reggae
3,train,508,508,/home/dt2119/dt2119/music_classification/datasets/audios/western_data/genres_original/jazz/jazz.00008.wav,5,jazz,5,jazz
3,train,509,509,/home/dt2119/dt2119/music_classification/datasets/audios/western_data/genres_original/jazz/jazz.00009.wav,5,jazz,5,jazz
3,train,639,639,/home/dt2119/dt2119/music_classification/datasets/audios/western_data/genres_original/metal/metal.00040.wav,6,metal,6,metal
3,train,266,266,/home/dt2119/dt2119/music_classification/datasets/audios/western_data/genres_original/country/country.00066.wav,2,country,2,country
3,train,703,703,/home/dt2119/dt2119/music_classification/datasets/audios/western_data/genres_original/pop/pop.00004.wav,7,pop,7,pop
3,train,965,965,/home/dt2119/dt2119/music_classification/datasets/audios/western_data/genres_original/rock/rock.00066.wav,9,rock,9,rock
3,train,56,56,/home/dt2119/dt2119/music_classification/datasets/audios/western_data/genres_original/blues/blues.00056.wav,0,blues,0,blues
3,train,134,134,/home/dt2119/dt2119/music_classification/datasets/audios/western_data/genres_original/classical/classical.00034.wav,1,classical,1,classical
3,train,872,872,/home/dt2119/dt2119/music_classification/datasets/audios/western_data/genres_original/reggae/reggae.00073.wav,8,reggae,8,reggae
3,train,591,591,/home/dt2119/dt2119/music_classification/datasets/audios/western_data/genres_original/jazz/jazz.00092.wav,5,jazz,5,jazz
3,train,418,418,/home/dt2119/dt2119/music_classification/datasets/audios/western_data/genres_original/hiphop/hiphop.00018.wav,4,hiphop,4,hiphop
3,train,644,644,/home/dt2119/dt2119/music_classification/datasets/audios/western_data/genres_original/metal/metal.00045.wav,6,metal,6,metal
3,train,438,438,/home/dt2119/dt2119/music_classification/datasets/audios/western_data/genres_original/hiphop/hiphop.00038.wav,4,hiphop,4,hiphop
3,train,440,440,/home/dt2119/dt2119/music_classification/datasets/audios/western_data/genres_original/hiphop/hiphop.00040.wav,4,hiphop,4,hiphop
3,train,835,835,/home/dt2119/dt2119/music_classification/datasets/audios/western_data/genres_original/reggae/reggae.00036.wav,8,reggae,8,reggae
3,train,90,90,/home/dt2119/dt2119/music_classification/datasets/audios/western_data/genres_original/blues/blues.00090.wav,0,blues,0,blues
3,train,269,269,/home/dt2119/dt2119/music_classification/datasets/audios/western_data/genres_original/country/country.00069.wav,2,country,2,country
3,train,456,456,/home/dt2119/dt2119/music_classification/datasets/audios/western_data/genres_original/hiphop/hiphop.00056.wav,4,hiphop,4,hiphop
3,train,812,812,/home/dt2119/dt2119/music_classification/datasets/audios/western_data/genres_original/reggae/reggae.00013.wav,8,reggae,8,reggae
3,train,373,373,/home/dt2119/dt2119/music_classification/datasets/audios/western_data/genres_original/disco/disco.00073.wav,3,disco,3,disco
3,train,507,507,/home/dt2119/dt2119/music_classification/datasets/audios/western_data/genres_original/jazz/jazz.00007.wav,5,jazz,5,jazz
3,train,978,978,/home/dt2119/dt2119/music_classification/datasets/audios/western_data/genres_original/rock/rock.00079.wav,9,rock,9,rock
3,train,329,329,/home/dt2119/dt2119/music_classification/datasets/audios/western_data/genres_original/disco/disco.00029.wav,3,disco,3,disco
3,train,156,156,/home/dt2119/dt2119/music_classification/datasets/audios/western_data/genres_original/classical/classical.00056.wav,1,classical,1,classical
3,train,54,54,/home/dt2119/dt2119/music_classification/datasets/audios/western_data/genres_original/blues/blues.00054.wav,0,blues,0,blues
3,train,385,385,/home/dt2119/dt2119/music_classification/datasets/audios/western_data/genres_original/disco/disco.00085.wav,3,disco,3,disco
3,train,377,377,/home/dt2119/dt2119/music_classification/datasets/audios/western_data/genres_original/disco/disco.00077.wav,3,disco,3,disco
3,train,128,128,/home/dt2119/dt2119/music_classification/datasets/audios/western_data/genres_original/classical/classical.00028.wav,1,classical,1,classical
3,validation,98,98,/home/dt2119/dt2119/music_classification/datasets/audios/western_data/genres_original/blues/blues.00098.wav,0,blues,0,blues
3,validation,99,99,/home/dt2119/dt2119/music_classification/datasets/audios/western_data/genres_original/blues/blues.00099.wav,0,blues,0,blues
3,validation,100,100,/home/dt2119/dt2119/music_classification/datasets/audios/western_data/genres_original/classical/classical.00000.wav,1,classical,1,classical
3,validation,101,101,/home/dt2119/dt2119/music_classification/datasets/audios/western_data/genres_original/classical/classical.00001.wav,1,classical,1,classical
3,validation,102,102,/home/dt2119/dt2119/music_classification/datasets/audios/western_data/genres_original/classical/classical.00002.wav,1,classical,1,classical
3,validation,103,103,/home/dt2119/dt2119/music_classification/datasets/audios/western_data/genres_original/classical/classical.00003.wav,1,classical,1,classical
3,validation,104,104,/home/dt2119/dt2119/music_classification/datasets/audios/western_data/genres_original/classical/classical.00004.wav,1,classical,1,classical
3,validation,147,147,/home/dt2119/dt2119/music_classification/datasets/audios/western_data/genres_original/classical/classical.00047.wav,1,classical,1,classical
3,validation,152,152,/home/dt2119/dt2119/music_classification/datasets/audios/western_data/genres_original/classical/classical.00052.wav,1,classical,8,reggae
3,validation,155,155,/home/dt2119/dt2119/music_classification/datasets/audios/western_data/genres_original/classical/classical.00055.wav,1,classical,1,classical
3,validation,157,157,/home/dt2119/dt2119/music_classification/datasets/audios/western_data/genres_original/classical/classical.00057.wav,1,classical,1,classical
3,validation,200,200,/home/dt2119/dt2119/music_classification/datasets/audios/western_data/genres_original/country/country.00000.wav,2,country,2,country
3,validation,202,202,/home/dt2119/dt2119/music_classification/datasets/audios/western_data/genres_original/country/country.00002.wav,2,country,0,blues
3,validation,217,217,/home/dt2119/dt2119/music_classification/datasets/audios/western_data/genres_original/country/country.00017.wav,2,country,1,classical
3,validation,228,228,/home/dt2119/dt2119/music_classification/datasets/audios/western_data/genres_original/country/country.00028.wav,2,country,2,country
3,validation,230,230,/home/dt2119/dt2119/music_classification/datasets/audios/western_data/genres_original/country/country.00030.wav,2,country,2,country
3,validation,235,235,/home/dt2119/dt2119/music_classification/datasets/audios/western_data/genres_original/country/country.00035.wav,2,country,2,country
3,validation,242,242,/home/dt2119/dt2119/music_classification/datasets/audios/western_data/genres_original/country/country.00042.wav,2,country,9,rock
3,validation,248,248,/home/dt2119/dt2119/music_classification/datasets/audios/western_data/genres_original/country/country.00048.wav,2,country,0,blues
3,validation,302,302,/home/dt2119/dt2119/music_classification/datasets/audios/western_data/genres_original/disco/disco.00002.wav,3,disco,3,disco
3,validation,305,305,/home/dt2119/dt2119/music_classification/datasets/audios/western_data/genres_original/disco/disco.00005.wav,3,disco,3,disco
3,validation,307,307,/home/dt2119/dt2119/music_classification/datasets/audios/western_data/genres_original/disco/disco.00007.wav,3,disco,3,disco
3,validation,309,309,/home/dt2119/dt2119/music_classification/datasets/audios/western_data/genres_original/disco/disco.00009.wav,3,disco,3,disco
3,validation,311,311,/home/dt2119/dt2119/music_classification/datasets/audios/western_data/genres_original/disco/disco.00011.wav,3,disco,0,blues
3,validation,314,314,/home/dt2119/dt2119/music_classification/datasets/audios/western_data/genres_original/disco/disco.00014.wav,3,disco,3,disco
3,validation,320,320,/home/dt2119/dt2119/music_classification/datasets/audios/western_data/genres_original/disco/disco.00020.wav,3,disco,2,country
3,validation,354,354,/home/dt2119/dt2119/music_classification/datasets/audios/western_data/genres_original/disco/disco.00054.wav,3,disco,3,disco
3,validation,357,357,/home/dt2119/dt2119/music_classification/datasets/audios/western_data/genres_original/disco/disco.00057.wav,3,disco,3,disco
3,validation,361,361,/home/dt2119/dt2119/music_classification/datasets/audios/western_data/genres_original/disco/disco.00061.wav,3,disco,3,disco
3,validation,363,363,/home/dt2119/dt2119/music_classification/datasets/audios/western_data/genres_original/disco/disco.00063.wav,3,disco,8,reggae
3,validation,380,380,/home/dt2119/dt2119/music_classification/datasets/audios/western_data/genres_original/disco/disco.00080.wav,3,disco,3,disco
3,validation,381,381,/home/dt2119/dt2119/music_classification/datasets/audios/western_data/genres_original/disco/disco.00081.wav,3,disco,3,disco
3,validation,384,384,/home/dt2119/dt2119/music_classification/datasets/audios/western_data/genres_original/disco/disco.00084.wav,3,disco,3,disco
3,validation,386,386,/home/dt2119/dt2119/music_classification/datasets/audios/western_data/genres_original/disco/disco.00086.wav,3,disco,3,disco
3,validation,392,392,/home/dt2119/dt2119/music_classification/datasets/audios/western_data/genres_original/disco/disco.00092.wav,3,disco,3,disco
3,validation,398,398,/home/dt2119/dt2119/music_classification/datasets/audios/western_data/genres_original/disco/disco.00098.wav,3,disco,3,disco
3,validation,399,399,/home/dt2119/dt2119/music_classification/datasets/audios/western_data/genres_original/disco/disco.00099.wav,3,disco,3,disco
3,validation,401,401,/home/dt2119/dt2119/music_classification/datasets/audios/western_data/genres_original/hiphop/hiphop.00001.wav,4,hiphop,8,reggae
3,validation,407,407,/home/dt2119/dt2119/music_classification/datasets/audios/western_data/genres_original/hiphop/hiphop.00007.wav,4,hiphop,4,hiphop
3,validation,441,441,/home/dt2119/dt2119/music_classification/datasets/audios/western_data/genres_original/hiphop/hiphop.00041.wav,4,hiphop,4,hiphop
3,validation,442,442,/home/dt2119/dt2119/music_classification/datasets/audios/western_data/genres_original/hiphop/hiphop.00042.wav,4,hiphop,4,hiphop
3,validation,446,446,/home/dt2119/dt2119/music_classification/datasets/audios/western_data/genres_original/hiphop/hiphop.00046.wav,4,hiphop,4,hiphop
3,validation,447,447,/home/dt2119/dt2119/music_classification/datasets/audios/western_data/genres_original/hiphop/hiphop.00047.wav,4,hiphop,4,hiphop
3,validation,448,448,/home/dt2119/dt2119/music_classification/datasets/audios/western_data/genres_original/hiphop/hiphop.00048.wav,4,hiphop,4,hiphop
3,validation,449,449,/home/dt2119/dt2119/music_classification/datasets/audios/western_data/genres_original/hiphop/hiphop.00049.wav,4,hiphop,4,hiphop
3,validation,450,450,/home/dt2119/dt2119/music_classification/datasets/audios/western_data/genres_original/hiphop/hiphop.00050.wav,4,hiphop,8,reggae
3,validation,451,451,/home/dt2119/dt2119/music_classification/datasets/audios/western_data/genres_original/hiphop/hiphop.00051.wav,4,hiphop,4,hiphop
3,validation,462,462,/home/dt2119/dt2119/music_classification/datasets/audios/western_data/genres_original/hiphop/hiphop.00062.wav,4,hiphop,4,hiphop
3,validation,463,463,/home/dt2119/dt2119/music_classification/datasets/audios/western_data/genres_original/hiphop/hiphop.00063.wav,4,hiphop,8,reggae
3,validation,464,464,/home/dt2119/dt2119/music_classification/datasets/audios/western_data/genres_original/hiphop/hiphop.00064.wav,4,hiphop,4,hiphop
3,validation,465,465,/home/dt2119/dt2119/music_classification/datasets/audios/western_data/genres_original/hiphop/hiphop.00065.wav,4,hiphop,4,hiphop
3,validation,466,466,/home/dt2119/dt2119/music_classification/datasets/audios/western_data/genres_original/hiphop/hiphop.00066.wav,4,hiphop,4,hiphop
3,validation,467,467,/home/dt2119/dt2119/music_classification/datasets/audios/western_data/genres_original/hiphop/hiphop.00067.wav,4,hiphop,4,hiphop
3,validation,468,468,/home/dt2119/dt2119/music_classification/datasets/audios/western_data/genres_original/hiphop/hiphop.00068.wav,4,hiphop,4,hiphop
3,validation,469,469,/home/dt2119/dt2119/music_classification/datasets/audios/western_data/genres_original/hiphop/hiphop.00069.wav,4,hiphop,4,hiphop
3,validation,470,470,/home/dt2119/dt2119/music_classification/datasets/audios/western_data/genres_original/hiphop/hiphop.00070.wav,4,hiphop,4,hiphop
3,validation,471,471,/home/dt2119/dt2119/music_classification/datasets/audios/western_data/genres_original/hiphop/hiphop.00071.wav,4,hiphop,4,hiphop
3,validation,472,472,/home/dt2119/dt2119/music_classification/datasets/audios/western_data/genres_original/hiphop/hiphop.00072.wav,4,hiphop,8,reggae
3,validation,473,473,/home/dt2119/dt2119/music_classification/datasets/audios/western_data/genres_original/hiphop/hiphop.00073.wav,4,hiphop,4,hiphop
3,validation,474,474,/home/dt2119/dt2119/music_classification/datasets/audios/western_data/genres_original/hiphop/hiphop.00074.wav,4,hiphop,4,hiphop
3,validation,475,475,/home/dt2119/dt2119/music_classification/datasets/audios/western_data/genres_original/hiphop/hiphop.00075.wav,4,hiphop,4,hiphop
3,validation,476,476,/home/dt2119/dt2119/music_classification/datasets/audios/western_data/genres_original/hiphop/hiphop.00076.wav,4,hiphop,4,hiphop
3,validation,478,478,/home/dt2119/dt2119/music_classification/datasets/audios/western_data/genres_original/hiphop/hiphop.00078.wav,4,hiphop,4,hiphop
3,validation,481,481,/home/dt2119/dt2119/music_classification/datasets/audios/western_data/genres_original/hiphop/hiphop.00081.wav,4,hiphop,4,hiphop
3,validation,482,482,/home/dt2119/dt2119/music_classification/datasets/audios/western_data/genres_original/hiphop/hiphop.00082.wav,4,hiphop,4,hiphop
3,validation,483,483,/home/dt2119/dt2119/music_classification/datasets/audios/western_data/genres_original/hiphop/hiphop.00083.wav,4,hiphop,4,hiphop
3,validation,484,484,/home/dt2119/dt2119/music_classification/datasets/audios/western_data/genres_original/hiphop/hiphop.00084.wav,4,hiphop,4,hiphop
3,validation,485,485,/home/dt2119/dt2119/music_classification/datasets/audios/western_data/genres_original/hiphop/hiphop.00085.wav,4,hiphop,4,hiphop
3,validation,486,486,/home/dt2119/dt2119/music_classification/datasets/audios/western_data/genres_original/hiphop/hiphop.00086.wav,4,hiphop,4,hiphop
3,validation,487,487,/home/dt2119/dt2119/music_classification/datasets/audios/western_data/genres_original/hiphop/hiphop.00087.wav,4,hiphop,8,reggae
3,validation,488,488,/home/dt2119/dt2119/music_classification/datasets/audios/western_data/genres_original/hiphop/hiphop.00088.wav,4,hiphop,4,hiphop
3,validation,489,489,/home/dt2119/dt2119/music_classification/datasets/audios/western_data/genres_original/hiphop/hiphop.00089.wav,4,hiphop,4,hiphop
3,validation,490,490,/home/dt2119/dt2119/music_classification/datasets/audios/western_data/genres_original/hiphop/hiphop.00090.wav,4,hiphop,4,hiphop
3,validation,491,491,/home/dt2119/dt2119/music_classification/datasets/audios/western_data/genres_original/hiphop/hiphop.00091.wav,4,hiphop,4,hiphop
3,validation,492,492,/home/dt2119/dt2119/music_classification/datasets/audios/western_data/genres_original/hiphop/hiphop.00092.wav,4,hiphop,4,hiphop
3,validation,493,493,/home/dt2119/dt2119/music_classification/datasets/audios/western_data/genres_original/hiphop/hiphop.00093.wav,4,hiphop,4,hiphop
3,validation,494,494,/home/dt2119/dt2119/music_classification/datasets/audios/western_data/genres_original/hiphop/hiphop.00094.wav,4,hiphop,4,hiphop
3,validation,495,495,/home/dt2119/dt2119/music_classification/datasets/audios/western_data/genres_original/hiphop/hiphop.00095.wav,4,hiphop,6,metal
3,validation,496,496,/home/dt2119/dt2119/music_classification/datasets/audios/western_data/genres_original/hiphop/hiphop.00096.wav,4,hiphop,4,hiphop
3,validation,497,497,/home/dt2119/dt2119/music_classification/datasets/audios/western_data/genres_original/hiphop/hiphop.00097.wav,4,hiphop,4,hiphop
3,validation,498,498,/home/dt2119/dt2119/music_classification/datasets/audios/western_data/genres_original/hiphop/hiphop.00098.wav,4,hiphop,4,hiphop
3,validation,499,499,/home/dt2119/dt2119/music_classification/datasets/audios/western_data/genres_original/hiphop/hiphop.00099.wav,4,hiphop,4,hiphop
3,validation,500,500,/home/dt2119/dt2119/music_classification/datasets/audios/western_data/genres_original/jazz/jazz.00000.wav,5,jazz,1,classical
3,validation,501,501,/home/dt2119/dt2119/music_classification/datasets/audios/western_data/genres_original/jazz/jazz.00001.wav,5,jazz,1,classical
3,validation,549,549,/home/dt2119/dt2119/music_classification/datasets/audios/western_data/genres_original/jazz/jazz.00049.wav,5,jazz,0,blues
3,validation,552,552,/home/dt2119/dt2119/music_classification/datasets/audios/western_data/genres_original/jazz/jazz.00052.wav,5,jazz,5,jazz
3,validation,562,562,/home/dt2119/dt2119/music_classification/datasets/audios/western_data/genres_original/jazz/jazz.00063.wav,5,jazz,5,jazz
3,validation,572,572,/home/dt2119/dt2119/music_classification/datasets/audios/western_data/genres_original/jazz/jazz.00073.wav,5,jazz,5,jazz
3,validation,573,573,/home/dt2119/dt2119/music_classification/datasets/audios/western_data/genres_original/jazz/jazz.00074.wav,5,jazz,5,jazz
3,validation,574,574,/home/dt2119/dt2119/music_classification/datasets/audios/western_data/genres_original/jazz/jazz.00075.wav,5,jazz,5,jazz
3,validation,575,575,/home/dt2119/dt2119/music_classification/datasets/audios/western_data/genres_original/jazz/jazz.00076.wav,5,jazz,5,jazz
3,validation,576,576,/home/dt2119/dt2119/music_classification/datasets/audios/western_data/genres_original/jazz/jazz.00077.wav,5,jazz,5,jazz
3,validation,577,577,/home/dt2119/dt2119/music_classification/datasets/audios/western_data/genres_original/jazz/jazz.00078.wav,5,jazz,5,jazz
3,validation,605,605,/home/dt2119/dt2119/music_classification/datasets/audios/western_data/genres_original/metal/metal.00006.wav,6,metal,3,disco
3,validation,636,636,/home/dt2119/dt2119/music_classification/datasets/audios/western_data/genres_original/metal/metal.00037.wav,6,metal,6,metal
3,validation,645,645,/home/dt2119/dt2119/music_classification/datasets/audios/western_data/genres_original/metal/metal.00046.wav,6,metal,6,metal
3,validation,646,646,/home/dt2119/dt2119/music_classification/datasets/audios/western_data/genres_original/metal/metal.00047.wav,6,metal,6,metal
3,validation,647,647,/home/dt2119/dt2119/music_classification/datasets/audios/western_data/genres_original/metal/metal.00048.wav,6,metal,6,metal
3,validation,648,648,/home/dt2119/dt2119/music_classification/datasets/audios/western_data/genres_original/metal/metal.00049.wav,6,metal,6,metal
3,validation,649,649,/home/dt2119/dt2119/music_classification/datasets/audios/western_data/genres_original/metal/metal.00050.wav,6,metal,6,metal
3,validation,650,650,/home/dt2119/dt2119/music_classification/datasets/audios/western_data/genres_original/metal/metal.00051.wav,6,metal,6,metal
3,validation,651,651,/home/dt2119/dt2119/music_classification/datasets/audios/western_data/genres_original/metal/metal.00052.wav,6,metal,6,metal
3,validation,652,652,/home/dt2119/dt2119/music_classification/datasets/audios/western_data/genres_original/metal/metal.00053.wav,6,metal,6,metal
3,validation,653,653,/home/dt2119/dt2119/music_classification/datasets/audios/western_data/genres_original/metal/metal.00054.wav,6,metal,6,metal
3,validation,654,654,/home/dt2119/dt2119/music_classification/datasets/audios/western_data/genres_original/metal/metal.00055.wav,6,metal,6,metal
3,validation,655,655,/home/dt2119/dt2119/music_classification/datasets/audios/western_data/genres_original/metal/metal.00056.wav,6,metal,6,metal
3,validation,656,656,/home/dt2119/dt2119/music_classification/datasets/audios/western_data/genres_original/metal/metal.00057.wav,6,metal,6,metal
3,validation,670,670,/home/dt2119/dt2119/music_classification/datasets/audios/western_data/genres_original/metal/metal.00071.wav,6,metal,3,disco
3,validation,678,678,/home/dt2119/dt2119/music_classification/datasets/audios/western_data/genres_original/metal/metal.00079.wav,6,metal,6,metal
3,validation,679,679,/home/dt2119/dt2119/music_classification/datasets/audios/western_data/genres_original/metal/metal.00080.wav,6,metal,3,disco
3,validation,684,684,/home/dt2119/dt2119/music_classification/datasets/audios/western_data/genres_original/metal/metal.00085.wav,6,metal,6,metal
3,validation,709,709,/home/dt2119/dt2119/music_classification/datasets/audios/western_data/genres_original/pop/pop.00010.wav,7,pop,2,country
3,validation,713,713,/home/dt2119/dt2119/music_classification/datasets/audios/western_data/genres_original/pop/pop.00014.wav,7,pop,8,reggae
3,validation,742,742,/home/dt2119/dt2119/music_classification/datasets/audios/western_data/genres_original/pop/pop.00043.wav,7,pop,7,pop
3,validation,743,743,/home/dt2119/dt2119/music_classification/datasets/audios/western_data/genres_original/pop/pop.00044.wav,7,pop,7,pop
3,validation,744,744,/home/dt2119/dt2119/music_classification/datasets/audios/western_data/genres_original/pop/pop.00045.wav,7,pop,7,pop
3,validation,745,745,/home/dt2119/dt2119/music_classification/datasets/audios/western_data/genres_original/pop/pop.00046.wav,7,pop,7,pop
3,validation,746,746,/home/dt2119/dt2119/music_classification/datasets/audios/western_data/genres_original/pop/pop.00047.wav,7,pop,7,pop
3,validation,747,747,/home/dt2119/dt2119/music_classification/datasets/audios/western_data/genres_original/pop/pop.00048.wav,7,pop,7,pop
3,validation,748,748,/home/dt2119/dt2119/music_classification/datasets/audios/western_data/genres_original/pop/pop.00049.wav,7,pop,7,pop
3,validation,749,749,/home/dt2119/dt2119/music_classification/datasets/audios/western_data/genres_original/pop/pop.00050.wav,7,pop,7,pop
3,validation,750,750,/home/dt2119/dt2119/music_classification/datasets/audios/western_data/genres_original/pop/pop.00051.wav,7,pop,7,pop
3,validation,762,762,/home/dt2119/dt2119/music_classification/datasets/audios/western_data/genres_original/pop/pop.00063.wav,7,pop,7,pop
3,validation,763,763,/home/dt2119/dt2119/music_classification/datasets/audios/western_data/genres_original/pop/pop.00064.wav,7,pop,4,hiphop
3,validation,764,764,/home/dt2119/dt2119/music_classification/datasets/audios/western_data/genres_original/pop/pop.00065.wav,7,pop,7,pop
3,validation,765,765,/home/dt2119/dt2119/music_classification/datasets/audios/western_data/genres_original/pop/pop.00066.wav,7,pop,7,pop
3,validation,779,779,/home/dt2119/dt2119/music_classification/datasets/audios/western_data/genres_original/pop/pop.00080.wav,7,pop,7,pop
3,validation,851,851,/home/dt2119/dt2119/music_classification/datasets/audios/western_data/genres_original/reggae/reggae.00052.wav,8,reggae,4,hiphop
3,validation,869,869,/home/dt2119/dt2119/music_classification/datasets/audios/western_data/genres_original/reggae/reggae.00070.wav,8,reggae,8,reggae
3,validation,875,875,/home/dt2119/dt2119/music_classification/datasets/audios/western_data/genres_original/reggae/reggae.00076.wav,8,reggae,8,reggae
3,validation,876,876,/home/dt2119/dt2119/music_classification/datasets/audios/western_data/genres_original/reggae/reggae.00077.wav,8,reggae,8,reggae
3,validation,877,877,/home/dt2119/dt2119/music_classification/datasets/audios/western_data/genres_original/reggae/reggae.00078.wav,8,reggae,8,reggae
3,validation,882,882,/home/dt2119/dt2119/music_classification/datasets/audios/western_data/genres_original/reggae/reggae.00083.wav,8,reggae,2,country
3,validation,883,883,/home/dt2119/dt2119/music_classification/datasets/audios/western_data/genres_original/reggae/reggae.00084.wav,8,reggae,0,blues
3,validation,886,886,/home/dt2119/dt2119/music_classification/datasets/audios/western_data/genres_original/reggae/reggae.00087.wav,8,reggae,8,reggae
3,validation,931,931,/home/dt2119/dt2119/music_classification/datasets/audios/western_data/genres_original/rock/rock.00032.wav,9,rock,0,blues
3,validation,938,938,/home/dt2119/dt2119/music_classification/datasets/audios/western_data/genres_original/rock/rock.00039.wav,9,rock,9,rock
3,validation,939,939,/home/dt2119/dt2119/music_classification/datasets/audios/western_data/genres_original/rock/rock.00040.wav,9,rock,6,metal
3,validation,940,940,/home/dt2119/dt2119/music_classification/datasets/audios/western_data/genres_original/rock/rock.00041.wav,9,rock,2,country
3,validation,941,941,/home/dt2119/dt2119/music_classification/datasets/audios/western_data/genres_original/rock/rock.00042.wav,9,rock,3,disco
3,validation,942,942,/home/dt2119/dt2119/music_classification/datasets/audios/western_data/genres_original/rock/rock.00043.wav,9,rock,6,metal
3,validation,943,943,/home/dt2119/dt2119/music_classification/datasets/audios/western_data/genres_original/rock/rock.00044.wav,9,rock,1,classical
3,validation,944,944,/home/dt2119/dt2119/music_classification/datasets/audios/western_data/genres_original/rock/rock.00045.wav,9,rock,2,country
3,validation,945,945,/home/dt2119/dt2119/music_classification/datasets/audios/western_data/genres_original/rock/rock.00046.wav,9,rock,2,country
3,validation,946,946,/home/dt2119/dt2119/music_classification/datasets/audios/western_data/genres_original/rock/rock.00047.wav,9,rock,7,pop
3,validation,947,947,/home/dt2119/dt2119/music_classification/datasets/audios/western_data/genres_original/rock/rock.00048.wav,9,rock,1,classical
3,validation,956,956,/home/dt2119/dt2119/music_classification/datasets/audios/western_data/genres_original/rock/rock.00057.wav,9,rock,3,disco
3,validation,957,957,/home/dt2119/dt2119/music_classification/datasets/audios/western_data/genres_original/rock/rock.00058.wav,9,rock,2,country
3,validation,958,958,/home/dt2119/dt2119/music_classification/datasets/audios/western_data/genres_original/rock/rock.00059.wav,9,rock,2,country
3,validation,959,959,/home/dt2119/dt2119/music_classification/datasets/audios/western_data/genres_original/rock/rock.00060.wav,9,rock,3,disco
3,validation,960,960,/home/dt2119/dt2119/music_classification/datasets/audios/western_data/genres_original/rock/rock.00061.wav,9,rock,7,pop
3,validation,961,961,/home/dt2119/dt2119/music_classification/datasets/audios/western_data/genres_original/rock/rock.00062.wav,9,rock,7,pop
3,validation,962,962,/home/dt2119/dt2119/music_classification/datasets/audios/western_data/genres_original/rock/rock.00063.wav,9,rock,2,country
3,validation,970,970,/home/dt2119/dt2119/music_classification/datasets/audios/western_data/genres_original/rock/rock.00071.wav,9,rock,4,hiphop
3,validation,971,971,/home/dt2119/dt2119/music_classification/datasets/audios/western_data/genres_original/rock/rock.00072.wav,9,rock,0,blues
3,validation,972,972,/home/dt2119/dt2119/music_classification/datasets/audios/western_data/genres_original/rock/rock.00073.wav,9,rock,6,metal
3,validation,973,973,/home/dt2119/dt2119/music_classification/datasets/audios/western_data/genres_original/rock/rock.00074.wav,9,rock,6,metal
3,validation,974,974,/home/dt2119/dt2119/music_classification/datasets/audios/western_data/genres_original/rock/rock.00075.wav,9,rock,0,blues
3,validation,975,975,/home/dt2119/dt2119/music_classification/datasets/audios/western_data/genres_original/rock/rock.00076.wav,9,rock,2,country
3,validation,976,976,/home/dt2119/dt2119/music_classification/datasets/audios/western_data/genres_original/rock/rock.00077.wav,9,rock,8,reggae
3,validation,977,977,/home/dt2119/dt2119/music_classification/datasets/audios/western_data/genres_original/rock/rock.00078.wav,9,rock,2,country
3,test,142,142,/home/dt2119/dt2119/music_classification/datasets/audios/western_data/genres_original/classical/classical.00042.wav,1,classical,1,classical
3,test,151,151,/home/dt2119/dt2119/music_classification/datasets/audios/western_data/genres_original/classical/classical.00051.wav,1,classical,1,classical
3,test,153,153,/home/dt2119/dt2119/music_classification/datasets/audios/western_data/genres_original/classical/classical.00053.wav,1,classical,1,classical
3,test,162,162,/home/dt2119/dt2119/music_classification/datasets/audios/western_data/genres_original/classical/classical.00062.wav,1,classical,0,blues
3,test,180,180,/home/dt2119/dt2119/music_classification/datasets/audios/western_data/genres_original/classical/classical.00080.wav,1,classical,1,classical
3,test,181,181,/home/dt2119/dt2119/music_classification/datasets/audios/western_data/genres_original/classical/classical.00081.wav,1,classical,1,classical
3,test,206,206,/home/dt2119/dt2119/music_classification/datasets/audios/western_data/genres_original/country/country.00006.wav,2,country,2,country
3,test,208,208,/home/dt2119/dt2119/music_classification/datasets/audios/western_data/genres_original/country/country.00008.wav,2,country,2,country
3,test,216,216,/home/dt2119/dt2119/music_classification/datasets/audios/western_data/genres_original/country/country.00016.wav,2,country,0,blues
3,test,218,218,/home/dt2119/dt2119/music_classification/datasets/audios/western_data/genres_original/country/country.00018.wav,2,country,3,disco
3,test,221,221,/home/dt2119/dt2119/music_classification/datasets/audios/western_data/genres_original/country/country.00021.wav,2,country,2,country
3,test,234,234,/home/dt2119/dt2119/music_classification/datasets/audios/western_data/genres_original/country/country.00034.wav,2,country,8,reggae
3,test,236,236,/home/dt2119/dt2119/music_classification/datasets/audios/western_data/genres_original/country/country.00036.wav,2,country,8,reggae
3,test,240,240,/home/dt2119/dt2119/music_classification/datasets/audios/western_data/genres_original/country/country.00040.wav,2,country,3,disco
3,test,241,241,/home/dt2119/dt2119/music_classification/datasets/audios/western_data/genres_original/country/country.00041.wav,2,country,2,country
3,test,246,246,/home/dt2119/dt2119/music_classification/datasets/audios/western_data/genres_original/country/country.00046.wav,2,country,2,country
3,test,247,247,/home/dt2119/dt2119/music_classification/datasets/audios/western_data/genres_original/country/country.00047.wav,2,country,2,country
3,test,250,250,/home/dt2119/dt2119/music_classification/datasets/audios/western_data/genres_original/country/country.00050.wav,2,country,2,country
3,test,251,251,/home/dt2119/dt2119/music_classification/datasets/audios/western_data/genres_original/country/country.00051.wav,2,country,0,blues
3,test,252,252,/home/dt2119/dt2119/music_classification/datasets/audios/western_data/genres_original/country/country.00052.wav,2,country,2,country
3,test,253,253,/home/dt2119/dt2119/music_classification/datasets/audios/western_data/genres_original/country/country.00053.wav,2,country,0,blues
3,test,254,254,/home/dt2119/dt2119/music_classification/datasets/audios/western_data/genres_original/country/country.00054.wav,2,country,0,blues
3,test,255,255,/home/dt2119/dt2119/music_classification/datasets/audios/western_data/genres_original/country/country.00055.wav,2,country,9,rock
3,test,256,256,/home/dt2119/dt2119/music_classification/datasets/audios/western_data/genres_original/country/country.00056.wav,2,country,2,country
3,test,257,257,/home/dt2119/dt2119/music_classification/datasets/audios/western_data/genres_original/country/country.00057.wav,2,country,0,blues
3,test,258,258,/home/dt2119/dt2119/music_classification/datasets/audios/western_data/genres_original/country/country.00058.wav,2,country,0,blues
3,test,259,259,/home/dt2119/dt2119/music_classification/datasets/audios/western_data/genres_original/country/country.00059.wav,2,country,0,blues
3,test,260,260,/home/dt2119/dt2119/music_classification/datasets/audios/western_data/genres_original/country/country.00060.wav,2,country,9,rock
3,test,261,261,/home/dt2119/dt2119/music_classification/datasets/audios/western_data/genres_original/country/country.00061.wav,2,country,2,country
3,test,262,262,/home/dt2119/dt2119/music_classification/datasets/audios/western_data/genres_original/country/country.00062.wav,2,country,6,metal
3,test,263,263,/home/dt2119/dt2119/music_classification/datasets/audios/western_data/genres_original/country/country.00063.wav,2,country,7,pop
3,test,264,264,/home/dt2119/dt2119/music_classification/datasets/audios/western_data/genres_original/country/country.00064.wav,2,country,0,blues
3,test,281,281,/home/dt2119/dt2119/music_classification/datasets/audios/western_data/genres_original/country/country.00081.wav,2,country,6,metal
3,test,282,282,/home/dt2119/dt2119/music_classification/datasets/audios/western_data/genres_original/country/country.00082.wav,2,country,2,country
3,test,283,283,/home/dt2119/dt2119/music_classification/datasets/audios/western_data/genres_original/country/country.00083.wav,2,country,2,country
3,test,284,284,/home/dt2119/dt2119/music_classification/datasets/audios/western_data/genres_original/country/country.00084.wav,2,country,0,blues
3,test,285,285,/home/dt2119/dt2119/music_classification/datasets/audios/western_data/genres_original/country/country.00085.wav,2,country,2,country
3,test,286,286,/home/dt2119/dt2119/music_classification/datasets/audios/western_data/genres_original/country/country.00086.wav,2,country,2,country
3,test,287,287,/home/dt2119/dt2119/music_classification/datasets/audios/western_data/genres_original/country/country.00087.wav,2,country,2,country
3,test,288,288,/home/dt2119/dt2119/music_classification/datasets/audios/western_data/genres_original/country/country.00088.wav,2,country,2,country
3,test,289,289,/home/dt2119/dt2119/music_classification/datasets/audios/western_data/genres_original/country/country.00089.wav,2,country,2,country
3,test,290,290,/home/dt2119/dt2119/music_classification/datasets/audios/western_data/genres_original/country/country.00090.wav,2,country,2,country
3,test,291,291,/home/dt2119/dt2119/music_classification/datasets/audios/western_data/genres_original/country/country.00091.wav,2,country,2,country
3,test,292,292,/home/dt2119/dt2119/music_classification/datasets/audios/western_data/genres_original/country/country.00092.wav,2,country,0,blues
3,test,293,293,/home/dt2119/dt2119/music_classification/datasets/audios/western_data/genres_original/country/country.00093.wav,2,country,2,country
3,test,306,306,/home/dt2119/dt2119/music_classification/datasets/audios/western_data/genres_original/disco/disco.00006.wav,3,disco,3,disco
3,test,308,308,/home/dt2119/dt2119/music_classification/datasets/audios/western_data/genres_original/disco/disco.00008.wav,3,disco,3,disco
3,test,319,319,/home/dt2119/dt2119/music_classification/datasets/audios/western_data/genres_original/disco/disco.00019.wav,3,disco,3,disco
3,test,322,322,/home/dt2119/dt2119/music_classification/datasets/audios/western_data/genres_original/disco/disco.00022.wav,3,disco,3,disco
3,test,328,328,/home/dt2119/dt2119/music_classification/datasets/audios/western_data/genres_original/disco/disco.00028.wav,3,disco,3,disco
3,test,330,330,/home/dt2119/dt2119/music_classification/datasets/audios/western_data/genres_original/disco/disco.00030.wav,3,disco,3,disco
3,test,335,335,/home/dt2119/dt2119/music_classification/datasets/audios/western_data/genres_original/disco/disco.00035.wav,3,disco,3,disco
3,test,337,337,/home/dt2119/dt2119/music_classification/datasets/audios/western_data/genres_original/disco/disco.00037.wav,3,disco,3,disco
3,test,343,343,/home/dt2119/dt2119/music_classification/datasets/audios/western_data/genres_original/disco/disco.00043.wav,3,disco,3,disco
3,test,382,382,/home/dt2119/dt2119/music_classification/datasets/audios/western_data/genres_original/disco/disco.00082.wav,3,disco,3,disco
3,test,387,387,/home/dt2119/dt2119/music_classification/datasets/audios/western_data/genres_original/disco/disco.00087.wav,3,disco,3,disco
3,test,396,396,/home/dt2119/dt2119/music_classification/datasets/audios/western_data/genres_original/disco/disco.00096.wav,3,disco,3,disco
3,test,397,397,/home/dt2119/dt2119/music_classification/datasets/audios/western_data/genres_original/disco/disco.00097.wav,3,disco,3,disco
3,test,432,432,/home/dt2119/dt2119/music_classification/datasets/audios/western_data/genres_original/hiphop/hiphop.00032.wav,4,hiphop,8,reggae
3,test,433,433,/home/dt2119/dt2119/music_classification/datasets/audios/western_data/genres_original/hiphop/hiphop.00033.wav,4,hiphop,4,hiphop
3,test,437,437,/home/dt2119/dt2119/music_classification/datasets/audios/western_data/genres_original/hiphop/hiphop.00037.wav,4,hiphop,4,hiphop
3,test,558,558,/home/dt2119/dt2119/music_classification/datasets/audios/western_data/genres_original/jazz/jazz.00059.wav,5,jazz,5,jazz
3,test,563,563,/home/dt2119/dt2119/music_classification/datasets/audios/western_data/genres_original/jazz/jazz.00064.wav,5,jazz,5,jazz
3,test,578,578,/home/dt2119/dt2119/music_classification/datasets/audios/western_data/genres_original/jazz/jazz.00079.wav,5,jazz,5,jazz
3,test,579,579,/home/dt2119/dt2119/music_classification/datasets/audios/western_data/genres_original/jazz/jazz.00080.wav,5,jazz,5,jazz
3,test,580,580,/home/dt2119/dt2119/music_classification/datasets/audios/western_data/genres_original/jazz/jazz.00081.wav,5,jazz,8,reggae
3,test,581,581,/home/dt2119/dt2119/music_classification/datasets/audios/western_data/genres_original/jazz/jazz.00082.wav,5,jazz,5,jazz
3,test,582,582,/home/dt2119/dt2119/music_classification/datasets/audios/western_data/genres_original/jazz/jazz.00083.wav,5,jazz,5,jazz
3,test,583,583,/home/dt2119/dt2119/music_classification/datasets/audios/western_data/genres_original/jazz/jazz.00084.wav,5,jazz,5,jazz
3,test,584,584,/home/dt2119/dt2119/music_classification/datasets/audios/western_data/genres_original/jazz/jazz.00085.wav,5,jazz,5,jazz
3,test,585,585,/home/dt2119/dt2119/music_classification/datasets/audios/western_data/genres_original/jazz/jazz.00086.wav,5,jazz,5,jazz
3,test,593,593,/home/dt2119/dt2119/music_classification/datasets/audios/western_data/genres_original/jazz/jazz.00094.wav,5,jazz,5,jazz
3,test,594,594,/home/dt2119/dt2119/music_classification/datasets/audios/western_data/genres_original/jazz/jazz.00095.wav,5,jazz,5,jazz
3,test,595,595,/home/dt2119/dt2119/music_classification/datasets/audios/western_data/genres_original/jazz/jazz.00096.wav,5,jazz,5,jazz
3,test,596,596,/home/dt2119/dt2119/music_classification/datasets/audios/western_data/genres_original/jazz/jazz.00097.wav,5,jazz,5,jazz
3,test,597,597,/home/dt2119/dt2119/music_classification/datasets/audios/western_data/genres_original/jazz/jazz.00098.wav,5,jazz,5,jazz
3,test,598,598,/home/dt2119/dt2119/music_classification/datasets/audios/western_data/genres_original/jazz/jazz.00099.wav,5,jazz,5,jazz
3,test,599,599,/home/dt2119/dt2119/music_classification/datasets/audios/western_data/genres_original/metal/metal.00000.wav,6,metal,6,metal
3,test,603,603,/home/dt2119/dt2119/music_classification/datasets/audios/western_data/genres_original/metal/metal.00004.wav,6,metal,6,metal
3,test,606,606,/home/dt2119/dt2119/music_classification/datasets/audios/western_data/genres_original/metal/metal.00007.wav,6,metal,6,metal
3,test,607,607,/home/dt2119/dt2119/music_classification/datasets/audios/western_data/genres_original/metal/metal.00008.wav,6,metal,4,hiphop
3,test,609,609,/home/dt2119/dt2119/music_classification/datasets/audios/western_data/genres_original/metal/metal.00010.wav,6,metal,6,metal
3,test,610,610,/home/dt2119/dt2119/music_classification/datasets/audios/western_data/genres_original/metal/metal.00011.wav,6,metal,6,metal
3,test,611,611,/home/dt2119/dt2119/music_classification/datasets/audios/western_data/genres_original/metal/metal.00012.wav,6,metal,6,metal
3,test,612,612,/home/dt2119/dt2119/music_classification/datasets/audios/western_data/genres_original/metal/metal.00013.wav,6,metal,6,metal
3,test,613,613,/home/dt2119/dt2119/music_classification/datasets/audios/western_data/genres_original/metal/metal.00014.wav,6,metal,6,metal
3,test,614,614,/home/dt2119/dt2119/music_classification/datasets/audios/western_data/genres_original/metal/metal.00015.wav,6,metal,6,metal
3,test,621,621,/home/dt2119/dt2119/music_classification/datasets/audios/western_data/genres_original/metal/metal.00022.wav,6,metal,6,metal
3,test,624,624,/home/dt2119/dt2119/music_classification/datasets/audios/western_data/genres_original/metal/metal.00025.wav,6,metal,6,metal
3,test,627,627,/home/dt2119/dt2119/music_classification/datasets/audios/western_data/genres_original/metal/metal.00028.wav,6,metal,6,metal
3,test,628,628,/home/dt2119/dt2119/music_classification/datasets/audios/western_data/genres_original/metal/metal.00029.wav,6,metal,6,metal
3,test,629,629,/home/dt2119/dt2119/music_classification/datasets/audios/western_data/genres_original/metal/metal.00030.wav,6,metal,6,metal
3,test,630,630,/home/dt2119/dt2119/music_classification/datasets/audios/western_data/genres_original/metal/metal.00031.wav,6,metal,6,metal
3,test,631,631,/home/dt2119/dt2119/music_classification/datasets/audios/western_data/genres_original/metal/metal.00032.wav,6,metal,6,metal
3,test,657,657,/home/dt2119/dt2119/music_classification/datasets/audios/western_data/genres_original/metal/metal.00058.wav,6,metal,6,metal
3,test,658,658,/home/dt2119/dt2119/music_classification/datasets/audios/western_data/genres_original/metal/metal.00059.wav,6,metal,6,metal
3,test,659,659,/home/dt2119/dt2119/music_classification/datasets/audios/western_data/genres_original/metal/metal.00060.wav,6,metal,6,metal
3,test,668,668,/home/dt2119/dt2119/music_classification/datasets/audios/western_data/genres_original/metal/metal.00069.wav,6,metal,6,metal
3,test,683,683,/home/dt2119/dt2119/music_classification/datasets/audios/western_data/genres_original/metal/metal.00084.wav,6,metal,3,disco
3,test,689,689,/home/dt2119/dt2119/music_classification/datasets/audios/western_data/genres_original/metal/metal.00090.wav,6,metal,6,metal
3,test,690,690,/home/dt2119/dt2119/music_classification/datasets/audios/western_data/genres_original/metal/metal.00091.wav,6,metal,2,country
3,test,710,710,/home/dt2119/dt2119/music_classification/datasets/audios/western_data/genres_original/pop/pop.00011.wav,7,pop,1,classical
3,test,711,711,/home/dt2119/dt2119/music_classification/datasets/audios/western_data/genres_original/pop/pop.00012.wav,7,pop,3,disco
3,test,738,738,/home/dt2119/dt2119/music_classification/datasets/audios/western_data/genres_original/pop/pop.00039.wav,7,pop,2,country
3,test,739,739,/home/dt2119/dt2119/music_classification/datasets/audios/western_data/genres_original/pop/pop.00040.wav,7,pop,2,country
3,test,741,741,/home/dt2119/dt2119/music_classification/datasets/audios/western_data/genres_original/pop/pop.00042.wav,7,pop,7,pop
3,test,751,751,/home/dt2119/dt2119/music_classification/datasets/audios/western_data/genres_original/pop/pop.00052.wav,7,pop,4,hiphop
3,test,752,752,/home/dt2119/dt2119/music_classification/datasets/audios/western_data/genres_original/pop/pop.00053.wav,7,pop,0,blues
3,test,753,753,/home/dt2119/dt2119/music_classification/datasets/audios/western_data/genres_original/pop/pop.00054.wav,7,pop,7,pop
3,test,754,754,/home/dt2119/dt2119/music_classification/datasets/audios/western_data/genres_original/pop/pop.00055.wav,7,pop,7,pop
3,test,755,755,/home/dt2119/dt2119/music_classification/datasets/audios/western_data/genres_original/pop/pop.00056.wav,7,pop,7,pop
3,test,756,756,/home/dt2119/dt2119/music_classification/datasets/audios/western_data/genres_original/pop/pop.00057.wav,7,pop,4,hiphop
3,test,757,757,/home/dt2119/dt2119/music_classification/datasets/audios/western_data/genres_original/pop/pop.00058.wav,7,pop,7,pop
3,test,758,758,/home/dt2119/dt2119/music_classification/datasets/audios/western_data/genres_original/pop/pop.00059.wav,7,pop,4,hiphop
3,test,759,759,/home/dt2119/dt2119/music_classification/datasets/audios/western_data/genres_original/pop/pop.00060.wav,7,pop,7,pop
3,test,760,760,/home/dt2119/dt2119/music_classification/datasets/audios/western_data/genres_original/pop/pop.00061.wav,7,pop,7,pop
3,test,761,761,/home/dt2119/dt2119/music_classification/datasets/audios/western_data/genres_original/pop/pop.00062.wav,7,pop,4,hiphop
3,test,766,766,/home/dt2119/dt2119/music_classification/datasets/audios/western_data/genres_original/pop/pop.00067.wav,7,pop,7,pop
3,test,767,767,/home/dt2119/dt2119/music_classification/datasets/audios/western_data/genres_original/pop/pop.00068.wav,7,pop,7,pop
3,test,768,768,/home/dt2119/dt2119/music_classification/datasets/audios/western_data/genres_original/pop/pop.00069.wav,7,pop,3,disco
3,test,769,769,/home/dt2119/dt2119/music_classification/datasets/audios/western_data/genres_original/pop/pop.00070.wav,7,pop,7,pop
3,test,770,770,/home/dt2119/dt2119/music_classification/datasets/audios/western_data/genres_original/pop/pop.00071.wav,7,pop,7,pop
3,test,771,771,/home/dt2119/dt2119/music_classification/datasets/audios/western_data/genres_original/pop/pop.00072.wav,7,pop,3,disco
3,test,772,772,/home/dt2119/dt2119/music_classification/datasets/audios/western_data/genres_original/pop/pop.00073.wav,7,pop,7,pop
3,test,842,842,/home/dt2119/dt2119/music_classification/datasets/audios/western_data/genres_original/reggae/reggae.00043.wav,8,reggae,8,reggae
3,test,871,871,/home/dt2119/dt2119/music_classification/datasets/audios/western_data/genres_original/reggae/reggae.00072.wav,8,reggae,8,reggae
3,test,879,879,/home/dt2119/dt2119/music_classification/datasets/audios/western_data/genres_original/reggae/reggae.00080.wav,8,reggae,4,hiphop
3,test,880,880,/home/dt2119/dt2119/music_classification/datasets/audios/western_data/genres_original/reggae/reggae.00081.wav,8,reggae,4,hiphop
3,test,881,881,/home/dt2119/dt2119/music_classification/datasets/audios/western_data/genres_original/reggae/reggae.00082.wav,8,reggae,4,hiphop
3,test,899,899,/home/dt2119/dt2119/music_classification/datasets/audios/western_data/genres_original/rock/rock.00000.wav,9,rock,1,classical
3,test,900,900,/home/dt2119/dt2119/music_classification/datasets/audios/western_data/genres_original/rock/rock.00001.wav,9,rock,6,metal
3,test,901,901,/home/dt2119/dt2119/music_classification/datasets/audios/western_data/genres_original/rock/rock.00002.wav,9,rock,4,hiphop
3,test,902,902,/home/dt2119/dt2119/music_classification/datasets/audios/western_data/genres_original/rock/rock.00003.wav,9,rock,0,blues
3,test,903,903,/home/dt2119/dt2119/music_classification/datasets/audios/western_data/genres_original/rock/rock.00004.wav,9,rock,6,metal
3,test,904,904,/home/dt2119/dt2119/music_classification/datasets/audios/western_data/genres_original/rock/rock.00005.wav,9,rock,6,metal
3,test,905,905,/home/dt2119/dt2119/music_classification/datasets/audios/western_data/genres_original/rock/rock.00006.wav,9,rock,2,country
3,test,906,906,/home/dt2119/dt2119/music_classification/datasets/audios/western_data/genres_original/rock/rock.00007.wav,9,rock,2,country
3,test,907,907,/home/dt2119/dt2119/music_classification/datasets/audios/western_data/genres_original/rock/rock.00008.wav,9,rock,9,rock
3,test,908,908,/home/dt2119/dt2119/music_classification/datasets/audios/western_data/genres_original/rock/rock.00009.wav,9,rock,8,reggae
3,test,915,915,/home/dt2119/dt2119/music_classification/datasets/audios/western_data/genres_original/rock/rock.00016.wav,9,rock,6,metal
3,test,916,916,/home/dt2119/dt2119/music_classification/datasets/audios/western_data/genres_original/rock/rock.00017.wav,9,rock,6,metal
3,test,917,917,/home/dt2119/dt2119/music_classification/datasets/audios/western_data/genres_original/rock/rock.00018.wav,9,rock,6,metal
3,test,918,918,/home/dt2119/dt2119/music_classification/datasets/audios/western_data/genres_original/rock/rock.00019.wav,9,rock,6,metal
3,test,919,919,/home/dt2119/dt2119/music_classification/datasets/audios/western_data/genres_original/rock/rock.00020.wav,9,rock,2,country
3,test,920,920,/home/dt2119/dt2119/music_classification/datasets/audios/western_data/genres_original/rock/rock.00021.wav,9,rock,2,country
3,test,921,921,/home/dt2119/dt2119/music_classification/datasets/audios/western_data/genres_original/rock/rock.00022.wav,9,rock,2,country
3,test,922,922,/home/dt2119/dt2119/music_classification/datasets/audios/western_data/genres_original/rock/rock.00023.wav,9,rock,2,country
3,test,923,923,/home/dt2119/dt2119/music_classification/datasets/audios/western_data/genres_original/rock/rock.00024.wav,9,rock,0,blues
3,test,924,924,/home/dt2119/dt2119/music_classification/datasets/audios/western_data/genres_original/rock/rock.00025.wav,9,rock,9,rock
3,test,925,925,/home/dt2119/dt2119/music_classification/datasets/audios/western_data/genres_original/rock/rock.00026.wav,9,rock,0,blues
3,test,927,927,/home/dt2119/dt2119/music_classification/datasets/audios/western_data/genres_original/rock/rock.00028.wav,9,rock,6,metal
3,test,928,928,/home/dt2119/dt2119/music_classification/datasets/audios/western_data/genres_original/rock/rock.00029.wav,9,rock,8,reggae
3,test,929,929,/home/dt2119/dt2119/music_classification/datasets/audios/western_data/genres_original/rock/rock.00030.wav,9,rock,8,reggae
3,test,930,930,/home/dt2119/dt2119/music_classification/datasets/audios/western_data/genres_original/rock/rock.00031.wav,9,rock,3,disco
3,test,932,932,/home/dt2119/dt2119/music_classification/datasets/audios/western_data/genres_original/rock/rock.00033.wav,9,rock,2,country
3,test,934,934,/home/dt2119/dt2119/music_classification/datasets/audios/western_data/genres_original/rock/rock.00035.wav,9,rock,6,metal
3,test,936,936,/home/dt2119/dt2119/music_classification/datasets/audios/western_data/genres_original/rock/rock.00037.wav,9,rock,0,blues
3,test,948,948,/home/dt2119/dt2119/music_classification/datasets/audios/western_data/genres_original/rock/rock.00049.wav,9,rock,9,rock
3,test,949,949,/home/dt2119/dt2119/music_classification/datasets/audios/western_data/genres_original/rock/rock.00050.wav,9,rock,4,hiphop
3,test,950,950,/home/dt2119/dt2119/music_classification/datasets/audios/western_data/genres_original/rock/rock.00051.wav,9,rock,6,metal
3,test,951,951,/home/dt2119/dt2119/music_classification/datasets/audios/western_data/genres_original/rock/rock.00052.wav,9,rock,8,reggae
3,test,952,952,/home/dt2119/dt2119/music_classification/datasets/audios/western_data/genres_original/rock/rock.00053.wav,9,rock,3,disco
3,test,953,953,/home/dt2119/dt2119/music_classification/datasets/audios/western_data/genres_original/rock/rock.00054.wav,9,rock,0,blues
3,test,954,954,/home/dt2119/dt2119/music_classification/datasets/audios/western_data/genres_original/rock/rock.00055.wav,9,rock,8,reggae
3,test,955,955,/home/dt2119/dt2119/music_classification/datasets/audios/western_data/genres_original/rock/rock.00056.wav,9,rock,3,disco
3,test,985,985,/home/dt2119/dt2119/music_classification/datasets/audios/western_data/genres_original/rock/rock.00086.wav,9,rock,2,country
3,test,986,986,/home/dt2119/dt2119/music_classification/datasets/audios/western_data/genres_original/rock/rock.00087.wav,9,rock,6,metal
3,test,987,987,/home/dt2119/dt2119/music_classification/datasets/audios/western_data/genres_original/rock/rock.00088.wav,9,rock,6,metal
4,train,454,454,/home/dt2119/dt2119/music_classification/datasets/audios/western_data/genres_original/hiphop/hiphop.00054.wav,4,hiphop,4,hiphop
4,train,414,414,/home/dt2119/dt2119/music_classification/datasets/audios/western_data/genres_original/hiphop/hiphop.00014.wav,4,hiphop,4,hiphop
4,train,105,105,/home/dt2119/dt2119/music_classification/datasets/audios/western_data/genres_original/classical/classical.00005.wav,1,classical,1,classical
4,train,374,374,/home/dt2119/dt2119/music_classification/datasets/audios/western_data/genres_original/disco/disco.00074.wav,3,disco,3,disco
4,train,33,33,/home/dt2119/dt2119/music_classification/datasets/audios/western_data/genres_original/blues/blues.00033.wav,0,blues,0,blues
4,train,48,48,/home/dt2119/dt2119/music_classification/datasets/audios/western_data/genres_original/blues/blues.00048.wav,0,blues,0,blues
4,train,416,416,/home/dt2119/dt2119/music_classification/datasets/audios/western_data/genres_original/hiphop/hiphop.00016.wav,4,hiphop,4,hiphop
4,train,40,40,/home/dt2119/dt2119/music_classification/datasets/audios/western_data/genres_original/blues/blues.00040.wav,0,blues,0,blues
4,train,705,705,/home/dt2119/dt2119/music_classification/datasets/audios/western_data/genres_original/pop/pop.00006.wav,7,pop,7,pop
4,train,418,418,/home/dt2119/dt2119/music_classification/datasets/audios/western_data/genres_original/hiphop/hiphop.00018.wav,4,hiphop,4,hiphop
4,train,162,162,/home/dt2119/dt2119/music_classification/datasets/audios/western_data/genres_original/classical/classical.00062.wav,1,classical,1,classical
4,train,306,306,/home/dt2119/dt2119/music_classification/datasets/audios/western_data/genres_original/disco/disco.00006.wav,3,disco,3,disco
4,train,832,832,/home/dt2119/dt2119/music_classification/datasets/audios/western_data/genres_original/reggae/reggae.00033.wav,8,reggae,8,reggae
4,train,139,139,/home/dt2119/dt2119/music_classification/datasets/audios/western_data/genres_original/classical/classical.00039.wav,1,classical,1,classical
4,train,146,146,/home/dt2119/dt2119/music_classification/datasets/audios/western_data/genres_original/classical/classical.00046.wav,1,classical,1,classical
4,train,787,787,/home/dt2119/dt2119/music_classification/datasets/audios/western_data/genres_original/pop/pop.00088.wav,7,pop,7,pop
4,train,375,375,/home/dt2119/dt2119/music_classification/datasets/audios/western_data/genres_original/disco/disco.00075.wav,3,disco,3,disco
4,train,926,926,/home/dt2119/dt2119/music_classification/datasets/audios/western_data/genres_original/rock/rock.00027.wav,9,rock,9,rock
4,train,452,452,/home/dt2119/dt2119/music_classification/datasets/audios/western_data/genres_original/hiphop/hiphop.00052.wav,4,hiphop,4,hiphop
4,train,286,286,/home/dt2119/dt2119/music_classification/datasets/audios/western_data/genres_original/country/country.00086.wav,2,country,2,country
4,train,928,928,/home/dt2119/dt2119/music_classification/datasets/audios/western_data/genres_original/rock/rock.00029.wav,9,rock,9,rock
4,train,677,677,/home/dt2119/dt2119/music_classification/datasets/audios/western_data/genres_original/metal/metal.00078.wav,6,metal,6,metal
4,train,720,720,/home/dt2119/dt2119/music_classification/datasets/audios/western_data/genres_original/pop/pop.00021.wav,7,pop,7,pop
4,train,733,733,/home/dt2119/dt2119/music_classification/datasets/audios/western_data/genres_original/pop/pop.00034.wav,7,pop,7,pop
4,train,204,204,/home/dt2119/dt2119/music_classification/datasets/audios/western_data/genres_original/country/country.00004.wav,2,country,2,country
4,train,277,277,/home/dt2119/dt2119/music_classification/datasets/audios/western_data/genres_original/country/country.00077.wav,2,country,2,country
4,train,426,426,/home/dt2119/dt2119/music_classification/datasets/audios/western_data/genres_original/hiphop/hiphop.00026.wav,4,hiphop,4,hiphop
4,train,424,424,/home/dt2119/dt2119/music_classification/datasets/audios/western_data/genres_original/hiphop/hiphop.00024.wav,4,hiphop,4,hiphop
4,train,929,929,/home/dt2119/dt2119/music_classification/datasets/audios/western_data/genres_original/rock/rock.00030.wav,9,rock,2,country
4,train,528,528,/home/dt2119/dt2119/music_classification/datasets/audios/western_data/genres_original/jazz/jazz.00028.wav,5,jazz,5,jazz
4,train,480,480,/home/dt2119/dt2119/music_classification/datasets/audios/western_data/genres_original/hiphop/hiphop.00080.wav,4,hiphop,4,hiphop
4,train,36,36,/home/dt2119/dt2119/music_classification/datasets/audios/western_data/genres_original/blues/blues.00036.wav,0,blues,0,blues
4,train,638,638,/home/dt2119/dt2119/music_classification/datasets/audios/western_data/genres_original/metal/metal.00039.wav,6,metal,6,metal
4,train,729,729,/home/dt2119/dt2119/music_classification/datasets/audios/western_data/genres_original/pop/pop.00030.wav,7,pop,7,pop
4,train,835,835,/home/dt2119/dt2119/music_classification/datasets/audios/western_data/genres_original/reggae/reggae.00036.wav,8,reggae,8,reggae
4,train,111,111,/home/dt2119/dt2119/music_classification/datasets/audios/western_data/genres_original/classical/classical.00011.wav,1,classical,1,classical
4,train,675,675,/home/dt2119/dt2119/music_classification/datasets/audios/western_data/genres_original/metal/metal.00076.wav,6,metal,6,metal
4,train,205,205,/home/dt2119/dt2119/music_classification/datasets/audios/western_data/genres_original/country/country.00005.wav,2,country,2,country
4,train,687,687,/home/dt2119/dt2119/music_classification/datasets/audios/western_data/genres_original/metal/metal.00088.wav,6,metal,6,metal
4,train,642,642,/home/dt2119/dt2119/music_classification/datasets/audios/western_data/genres_original/metal/metal.00043.wav,6,metal,6,metal
4,train,966,966,/home/dt2119/dt2119/music_classification/datasets/audios/western_data/genres_original/rock/rock.00067.wav,9,rock,9,rock
4,train,630,630,/home/dt2119/dt2119/music_classification/datasets/audios/western_data/genres_original/metal/metal.00031.wav,6,metal,6,metal
4,train,755,755,/home/dt2119/dt2119/music_classification/datasets/audios/western_data/genres_original/pop/pop.00056.wav,7,pop,7,pop
4,train,20,20,/home/dt2119/dt2119/music_classification/datasets/audios/western_data/genres_original/blues/blues.00020.wav,0,blues,0,blues
4,train,903,903,/home/dt2119/dt2119/music_classification/datasets/audios/western_data/genres_original/rock/rock.00004.wav,9,rock,9,rock
4,train,379,379,/home/dt2119/dt2119/music_classification/datasets/audios/western_data/genres_original/disco/disco.00079.wav,3,disco,3,disco
4,train,112,112,/home/dt2119/dt2119/music_classification/datasets/audios/western_data/genres_original/classical/classical.00012.wav,1,classical,1,classical
4,train,874,874,/home/dt2119/dt2119/music_classification/datasets/audios/western_data/genres_original/reggae/reggae.00075.wav,8,reggae,8,reggae
4,train,624,624,/home/dt2119/dt2119/music_classification/datasets/audios/western_data/genres_original/metal/metal.00025.wav,6,metal,6,metal
4,train,223,223,/home/dt2119/dt2119/music_classification/datasets/audios/western_data/genres_original/country/country.00023.wav,2,country,2,country
4,train,539,539,/home/dt2119/dt2119/music_classification/datasets/audios/western_data/genres_original/jazz/jazz.00039.wav,5,jazz,5,jazz
4,train,12,12,/home/dt2119/dt2119/music_classification/datasets/audios/western_data/genres_original/blues/blues.00012.wav,0,blues,0,blues
4,train,403,403,/home/dt2119/dt2119/music_classification/datasets/audios/western_data/genres_original/hiphop/hiphop.00003.wav,4,hiphop,4,hiphop
4,train,219,219,/home/dt2119/dt2119/music_classification/datasets/audios/western_data/genres_original/country/country.00019.wav,2,country,2,country
4,train,568,568,/home/dt2119/dt2119/music_classification/datasets/audios/western_data/genres_original/jazz/jazz.00069.wav,5,jazz,5,jazz
4,train,533,533,/home/dt2119/dt2119/music_classification/datasets/audios/western_data/genres_original/jazz/jazz.00033.wav,5,jazz,5,jazz
4,train,854,854,/home/dt2119/dt2119/music_classification/datasets/audios/western_data/genres_original/reggae/reggae.00055.wav,8,reggae,8,reggae
4,train,578,578,/home/dt2119/dt2119/music_classification/datasets/audios/western_data/genres_original/jazz/jazz.00079.wav,5,jazz,5,jazz
4,train,703,703,/home/dt2119/dt2119/music_classification/datasets/audios/western_data/genres_original/pop/pop.00004.wav,7,pop,7,pop
4,train,797,797,/home/dt2119/dt2119/music_classification/datasets/audios/western_data/genres_original/pop/pop.00098.wav,7,pop,7,pop
4,train,793,793,/home/dt2119/dt2119/music_classification/datasets/audios/western_data/genres_original/pop/pop.00094.wav,7,pop,7,pop
4,train,824,824,/home/dt2119/dt2119/music_classification/datasets/audios/western_data/genres_original/reggae/reggae.00025.wav,8,reggae,8,reggae
4,train,95,95,/home/dt2119/dt2119/music_classification/datasets/audios/western_data/genres_original/blues/blues.00095.wav,0,blues,0,blues
4,train,291,291,/home/dt2119/dt2119/music_classification/datasets/audios/western_data/genres_original/country/country.00091.wav,2,country,2,country
4,train,280,280,/home/dt2119/dt2119/music_classification/datasets/audios/western_data/genres_original/country/country.00080.wav,2,country,2,country
4,train,61,61,/home/dt2119/dt2119/music_classification/datasets/audios/western_data/genres_original/blues/blues.00061.wav,0,blues,0,blues
4,train,911,911,/home/dt2119/dt2119/music_classification/datasets/audios/western_data/genres_original/rock/rock.00012.wav,9,rock,9,rock
4,train,113,113,/home/dt2119/dt2119/music_classification/datasets/audios/western_data/genres_original/classical/classical.00013.wav,1,classical,1,classical
4,train,13,13,/home/dt2119/dt2119/music_classification/datasets/audios/western_data/genres_original/blues/blues.00013.wav,0,blues,0,blues
4,train,921,921,/home/dt2119/dt2119/music_classification/datasets/audios/western_data/genres_original/rock/rock.00022.wav,9,rock,9,rock
4,train,177,177,/home/dt2119/dt2119/music_classification/datasets/audios/western_data/genres_original/classical/classical.00077.wav,1,classical,1,classical
4,train,545,545,/home/dt2119/dt2119/music_classification/datasets/audios/western_data/genres_original/jazz/jazz.00045.wav,5,jazz,5,jazz
4,train,437,437,/home/dt2119/dt2119/music_classification/datasets/audios/western_data/genres_original/hiphop/hiphop.00037.wav,4,hiphop,4,hiphop
4,train,730,730,/home/dt2119/dt2119/music_classification/datasets/audios/western_data/genres_original/pop/pop.00031.wav,7,pop,7,pop
4,train,963,963,/home/dt2119/dt2119/music_classification/datasets/audios/western_data/genres_original/rock/rock.00064.wav,9,rock,9,rock
4,train,535,535,/home/dt2119/dt2119/music_classification/datasets/audios/western_data/genres_original/jazz/jazz.00035.wav,5,jazz,5,jazz
4,train,596,596,/home/dt2119/dt2119/music_classification/datasets/audios/western_data/genres_original/jazz/jazz.00097.wav,5,jazz,5,jazz
4,train,810,810,/home/dt2119/dt2119/music_classification/datasets/audios/western_data/genres_original/reggae/reggae.00011.wav,8,reggae,8,reggae
4,train,42,42,/home/dt2119/dt2119/music_classification/datasets/audios/western_data/genres_original/blues/blues.00042.wav,0,blues,0,blues
4,train,734,734,/home/dt2119/dt2119/music_classification/datasets/audios/western_data/genres_original/pop/pop.00035.wav,7,pop,7,pop
4,train,273,273,/home/dt2119/dt2119/music_classification/datasets/audios/western_data/genres_original/country/country.00073.wav,2,country,2,country
4,train,759,759,/home/dt2119/dt2119/music_classification/datasets/audios/western_data/genres_original/pop/pop.00060.wav,7,pop,7,pop
4,train,367,367,/home/dt2119/dt2119/music_classification/datasets/audios/western_data/genres_original/disco/disco.00067.wav,3,disco,3,disco
4,train,92,92,/home/dt2119/dt2119/music_classification/datasets/audios/western_data/genres_original/blues/blues.00092.wav,0,blues,0,blues
4,train,88,88,/home/dt2119/dt2119/music_classification/datasets/audios/western_data/genres_original/blues/blues.00088.wav,0,blues,0,blues
4,train,69,69,/home/dt2119/dt2119/music_classification/datasets/audios/western_data/genres_original/blues/blues.00069.wav,0,blues,0,blues
4,train,693,693,/home/dt2119/dt2119/music_classification/datasets/audios/western_data/genres_original/metal/metal.00094.wav,6,metal,6,metal
4,train,850,850,/home/dt2119/dt2119/music_classification/datasets/audios/western_data/genres_original/reggae/reggae.00051.wav,8,reggae,3,disco
4,train,831,831,/home/dt2119/dt2119/music_classification/datasets/audios/western_data/genres_original/reggae/reggae.00032.wav,8,reggae,8,reggae
4,train,842,842,/home/dt2119/dt2119/music_classification/datasets/audios/western_data/genres_original/reggae/reggae.00043.wav,8,reggae,8,reggae
4,train,616,616,/home/dt2119/dt2119/music_classification/datasets/audios/western_data/genres_original/metal/metal.00017.wav,6,metal,6,metal
4,train,555,555,/home/dt2119/dt2119/music_classification/datasets/audios/western_data/genres_original/jazz/jazz.00056.wav,5,jazz,5,jazz
4,train,771,771,/home/dt2119/dt2119/music_classification/datasets/audios/western_data/genres_original/pop/pop.00072.wav,7,pop,7,pop
4,train,598,598,/home/dt2119/dt2119/music_classification/datasets/audios/western_data/genres_original/jazz/jazz.00099.wav,5,jazz,5,jazz
4,train,988,988,/home/dt2119/dt2119/music_classification/datasets/audios/western_data/genres_original/rock/rock.00089.wav,9,rock,9,rock
4,train,411,411,/home/dt2119/dt2119/music_classification/datasets/audios/western_data/genres_original/hiphop/hiphop.00011.wav,4,hiphop,4,hiphop
4,train,285,285,/home/dt2119/dt2119/music_classification/datasets/audios/western_data/genres_original/country/country.00085.wav,2,country,2,country
4,train,615,615,/home/dt2119/dt2119/music_classification/datasets/audios/western_data/genres_original/metal/metal.00016.wav,6,metal,6,metal
4,train,32,32,/home/dt2119/dt2119/music_classification/datasets/audios/western_data/genres_original/blues/blues.00032.wav,0,blues,0,blues
4,train,599,599,/home/dt2119/dt2119/music_classification/datasets/audios/western_data/genres_original/metal/metal.00000.wav,6,metal,6,metal
4,train,308,308,/home/dt2119/dt2119/music_classification/datasets/audios/western_data/genres_original/disco/disco.00008.wav,3,disco,3,disco
4,train,275,275,/home/dt2119/dt2119/music_classification/datasets/audios/western_data/genres_original/country/country.00075.wav,2,country,2,country
4,train,621,621,/home/dt2119/dt2119/music_classification/datasets/audios/western_data/genres_original/metal/metal.00022.wav,6,metal,6,metal
4,train,138,138,/home/dt2119/dt2119/music_classification/datasets/audios/western_data/genres_original/classical/classical.00038.wav,1,classical,1,classical
4,train,118,118,/home/dt2119/dt2119/music_classification/datasets/audios/western_data/genres_original/classical/classical.00018.wav,1,classical,1,classical
4,train,715,715,/home/dt2119/dt2119/music_classification/datasets/audios/western_data/genres_original/pop/pop.00016.wav,7,pop,7,pop
4,train,425,425,/home/dt2119/dt2119/music_classification/datasets/audios/western_data/genres_original/hiphop/hiphop.00025.wav,4,hiphop,4,hiphop
4,train,632,632,/home/dt2119/dt2119/music_classification/datasets/audios/western_data/genres_original/metal/metal.00033.wav,6,metal,6,metal
4,train,278,278,/home/dt2119/dt2119/music_classification/datasets/audios/western_data/genres_original/country/country.00078.wav,2,country,2,country
4,train,820,820,/home/dt2119/dt2119/music_classification/datasets/audios/western_data/genres_original/reggae/reggae.00021.wav,8,reggae,8,reggae
4,train,798,798,/home/dt2119/dt2119/music_classification/datasets/audios/western_data/genres_original/pop/pop.00099.wav,7,pop,7,pop
4,train,806,806,/home/dt2119/dt2119/music_classification/datasets/audios/western_data/genres_original/reggae/reggae.00007.wav,8,reggae,8,reggae
4,train,955,955,/home/dt2119/dt2119/music_classification/datasets/audios/western_data/genres_original/rock/rock.00056.wav,9,rock,9,rock
4,train,445,445,/home/dt2119/dt2119/music_classification/datasets/audios/western_data/genres_original/hiphop/hiphop.00045.wav,4,hiphop,4,hiphop
4,train,334,334,/home/dt2119/dt2119/music_classification/datasets/audios/western_data/genres_original/disco/disco.00034.wav,3,disco,3,disco
4,train,786,786,/home/dt2119/dt2119/music_classification/datasets/audios/western_data/genres_original/pop/pop.00087.wav,7,pop,7,pop
4,train,212,212,/home/dt2119/dt2119/music_classification/datasets/audios/western_data/genres_original/country/country.00012.wav,2,country,2,country
4,train,421,421,/home/dt2119/dt2119/music_classification/datasets/audios/western_data/genres_original/hiphop/hiphop.00021.wav,4,hiphop,4,hiphop
4,train,453,453,/home/dt2119/dt2119/music_classification/datasets/audios/western_data/genres_original/hiphop/hiphop.00053.wav,4,hiphop,4,hiphop
4,train,261,261,/home/dt2119/dt2119/music_classification/datasets/audios/western_data/genres_original/country/country.00061.wav,2,country,2,country
4,train,393,393,/home/dt2119/dt2119/music_classification/datasets/audios/western_data/genres_original/disco/disco.00093.wav,3,disco,3,disco
4,train,91,91,/home/dt2119/dt2119/music_classification/datasets/audios/western_data/genres_original/blues/blues.00091.wav,0,blues,0,blues
4,train,725,725,/home/dt2119/dt2119/music_classification/datasets/audios/western_data/genres_original/pop/pop.00026.wav,7,pop,7,pop
4,train,772,772,/home/dt2119/dt2119/music_classification/datasets/audios/western_data/genres_original/pop/pop.00073.wav,7,pop,7,pop
4,train,405,405,/home/dt2119/dt2119/music_classification/datasets/audios/western_data/genres_original/hiphop/hiphop.00005.wav,4,hiphop,4,hiphop
4,train,569,569,/home/dt2119/dt2119/music_classification/datasets/audios/western_data/genres_original/jazz/jazz.00070.wav,5,jazz,5,jazz
4,train,843,843,/home/dt2119/dt2119/music_classification/datasets/audios/western_data/genres_original/reggae/reggae.00044.wav,8,reggae,8,reggae
4,train,989,989,/home/dt2119/dt2119/music_classification/datasets/audios/western_data/genres_original/rock/rock.00090.wav,9,rock,0,blues
4,train,901,901,/home/dt2119/dt2119/music_classification/datasets/audios/western_data/genres_original/rock/rock.00002.wav,9,rock,8,reggae
4,train,757,757,/home/dt2119/dt2119/music_classification/datasets/audios/western_data/genres_original/pop/pop.00058.wav,7,pop,7,pop
4,train,560,560,/home/dt2119/dt2119/music_classification/datasets/audios/western_data/genres_original/jazz/jazz.00061.wav,5,jazz,5,jazz
4,train,348,348,/home/dt2119/dt2119/music_classification/datasets/audios/western_data/genres_original/disco/disco.00048.wav,3,disco,3,disco
4,train,84,84,/home/dt2119/dt2119/music_classification/datasets/audios/western_data/genres_original/blues/blues.00084.wav,0,blues,0,blues
4,train,816,816,/home/dt2119/dt2119/music_classification/datasets/audios/western_data/genres_original/reggae/reggae.00017.wav,8,reggae,8,reggae
4,train,780,780,/home/dt2119/dt2119/music_classification/datasets/audios/western_data/genres_original/pop/pop.00081.wav,7,pop,7,pop
4,train,633,633,/home/dt2119/dt2119/music_classification/datasets/audios/western_data/genres_original/metal/metal.00034.wav,6,metal,6,metal
4,train,912,912,/home/dt2119/dt2119/music_classification/datasets/audios/western_data/genres_original/rock/rock.00013.wav,9,rock,7,pop
4,train,635,635,/home/dt2119/dt2119/music_classification/datasets/audios/western_data/genres_original/metal/metal.00036.wav,6,metal,6,metal
4,train,333,333,/home/dt2119/dt2119/music_classification/datasets/audios/western_data/genres_original/disco/disco.00033.wav,3,disco,3,disco
4,train,825,825,/home/dt2119/dt2119/music_classification/datasets/audios/western_data/genres_original/reggae/reggae.00026.wav,8,reggae,8,reggae
4,train,396,396,/home/dt2119/dt2119/music_classification/datasets/audios/western_data/genres_original/disco/disco.00096.wav,3,disco,3,disco
4,train,796,796,/home/dt2119/dt2119/music_classification/datasets/audios/western_data/genres_original/pop/pop.00097.wav,7,pop,7,pop
4,train,16,16,/home/dt2119/dt2119/music_classification/datasets/audios/western_data/genres_original/blues/blues.00016.wav,0,blues,0,blues
4,train,136,136,/home/dt2119/dt2119/music_classification/datasets/audios/western_data/genres_original/classical/classical.00036.wav,1,classical,1,classical
4,train,358,358,/home/dt2119/dt2119/music_classification/datasets/audios/western_data/genres_original/disco/disco.00058.wav,3,disco,3,disco
4,train,289,289,/home/dt2119/dt2119/music_classification/datasets/audios/western_data/genres_original/country/country.00089.wav,2,country,2,country
4,train,387,387,/home/dt2119/dt2119/music_classification/datasets/audios/western_data/genres_original/disco/disco.00087.wav,3,disco,3,disco
4,train,412,412,/home/dt2119/dt2119/music_classification/datasets/audios/western_data/genres_original/hiphop/hiphop.00012.wav,4,hiphop,4,hiphop
4,train,64,64,/home/dt2119/dt2119/music_classification/datasets/audios/western_data/genres_original/blues/blues.00064.wav,0,blues,0,blues
4,train,395,395,/home/dt2119/dt2119/music_classification/datasets/audios/western_data/genres_original/disco/disco.00095.wav,3,disco,3,disco
4,train,21,21,/home/dt2119/dt2119/music_classification/datasets/audios/western_data/genres_original/blues/blues.00021.wav,0,blues,0,blues
4,train,293,293,/home/dt2119/dt2119/music_classification/datasets/audios/western_data/genres_original/country/country.00093.wav,2,country,2,country
4,train,14,14,/home/dt2119/dt2119/music_classification/datasets/audios/western_data/genres_original/blues/blues.00014.wav,0,blues,0,blues
4,train,207,207,/home/dt2119/dt2119/music_classification/datasets/audios/western_data/genres_original/country/country.00007.wav,2,country,2,country
4,train,397,397,/home/dt2119/dt2119/music_classification/datasets/audios/western_data/genres_original/disco/disco.00097.wav,3,disco,3,disco
4,train,802,802,/home/dt2119/dt2119/music_classification/datasets/audios/western_data/genres_original/reggae/reggae.00003.wav,8,reggae,8,reggae
4,train,371,371,/home/dt2119/dt2119/music_classification/datasets/audios/western_data/genres_original/disco/disco.00071.wav,3,disco,3,disco
4,train,89,89,/home/dt2119/dt2119/music_classification/datasets/audios/western_data/genres_original/blues/blues.00089.wav,0,blues,0,blues
4,train,109,109,/home/dt2119/dt2119/music_classification/datasets/audios/western_data/genres_original/classical/classical.00009.wav,1,classical,1,classical
4,train,126,126,/home/dt2119/dt2119/music_classification/datasets/audios/western_data/genres_original/classical/classical.00026.wav,1,classical,1,classical
4,train,701,701,/home/dt2119/dt2119/music_classification/datasets/audios/western_data/genres_original/pop/pop.00002.wav,7,pop,7,pop
4,train,373,373,/home/dt2119/dt2119/music_classification/datasets/audios/western_data/genres_original/disco/disco.00073.wav,3,disco,3,disco
4,train,622,622,/home/dt2119/dt2119/music_classification/datasets/audios/western_data/genres_original/metal/metal.00023.wav,6,metal,6,metal
4,train,122,122,/home/dt2119/dt2119/music_classification/datasets/audios/western_data/genres_original/classical/classical.00022.wav,1,classical,1,classical
4,train,93,93,/home/dt2119/dt2119/music_classification/datasets/audios/western_data/genres_original/blues/blues.00093.wav,0,blues,0,blues
4,train,881,881,/home/dt2119/dt2119/music_classification/datasets/audios/western_data/genres_original/reggae/reggae.00082.wav,8,reggae,8,reggae
4,train,85,85,/home/dt2119/dt2119/music_classification/datasets/audios/western_data/genres_original/blues/blues.00085.wav,0,blues,0,blues
4,train,661,661,/home/dt2119/dt2119/music_classification/datasets/audios/western_data/genres_original/metal/metal.00062.wav,6,metal,6,metal
4,train,74,74,/home/dt2119/dt2119/music_classification/datasets/audios/western_data/genres_original/blues/blues.00074.wav,0,blues,0,blues
4,train,657,657,/home/dt2119/dt2119/music_classification/datasets/audios/western_data/genres_original/metal/metal.00058.wav,6,metal,6,metal
4,train,640,640,/home/dt2119/dt2119/music_classification/datasets/audios/western_data/genres_original/metal/metal.00041.wav,6,metal,6,metal
4,train,773,773,/home/dt2119/dt2119/music_classification/datasets/audios/western_data/genres_original/pop/pop.00074.wav,7,pop,7,pop
4,train,78,78,/home/dt2119/dt2119/music_classification/datasets/audios/western_data/genres_original/blues/blues.00078.wav,0,blues,0,blues
4,train,234,234,/home/dt2119/dt2119/music_classification/datasets/audios/western_data/genres_original/country/country.00034.wav,2,country,2,country
4,train,978,978,/home/dt2119/dt2119/music_classification/datasets/audios/western_data/genres_original/rock/rock.00079.wav,9,rock,9,rock
4,train,406,406,/home/dt2119/dt2119/music_classification/datasets/audios/western_data/genres_original/hiphop/hiphop.00006.wav,4,hiphop,4,hiphop
4,train,904,904,/home/dt2119/dt2119/music_classification/datasets/audios/western_data/genres_original/rock/rock.00005.wav,9,rock,9,rock
4,train,542,542,/home/dt2119/dt2119/music_classification/datasets/audios/western_data/genres_original/jazz/jazz.00042.wav,5,jazz,5,jazz
4,train,819,819,/home/dt2119/dt2119/music_classification/datasets/audios/western_data/genres_original/reggae/reggae.00020.wav,8,reggae,8,reggae
4,train,372,372,/home/dt2119/dt2119/music_classification/datasets/audios/western_data/genres_original/disco/disco.00072.wav,3,disco,3,disco
4,train,659,659,/home/dt2119/dt2119/music_classification/datasets/audios/western_data/genres_original/metal/metal.00060.wav,6,metal,6,metal
4,train,276,276,/home/dt2119/dt2119/music_classification/datasets/audios/western_data/genres_original/country/country.00076.wav,2,country,2,country
4,train,62,62,/home/dt2119/dt2119/music_classification/datasets/audios/western_data/genres_original/blues/blues.00062.wav,0,blues,0,blues
4,train,550,550,/home/dt2119/dt2119/music_classification/datasets/audios/western_data/genres_original/jazz/jazz.00050.wav,5,jazz,5,jazz
4,train,22,22,/home/dt2119/dt2119/music_classification/datasets/audios/western_data/genres_original/blues/blues.00022.wav,0,blues,0,blues
4,train,323,323,/home/dt2119/dt2119/music_classification/datasets/audios/western_data/genres_original/disco/disco.00023.wav,3,disco,7,pop
4,train,818,818,/home/dt2119/dt2119/music_classification/datasets/audios/western_data/genres_original/reggae/reggae.00019.wav,8,reggae,8,reggae
4,train,252,252,/home/dt2119/dt2119/music_classification/datasets/audios/western_data/genres_original/country/country.00052.wav,2,country,2,country
4,train,717,717,/home/dt2119/dt2119/music_classification/datasets/audios/western_data/genres_original/pop/pop.00018.wav,7,pop,7,pop
4,train,402,402,/home/dt2119/dt2119/music_classification/datasets/audios/western_data/genres_original/hiphop/hiphop.00002.wav,4,hiphop,4,hiphop
4,train,855,855,/home/dt2119/dt2119/music_classification/datasets/audios/western_data/genres_original/reggae/reggae.00056.wav,8,reggae,8,reggae
4,train,905,905,/home/dt2119/dt2119/music_classification/datasets/audios/western_data/genres_original/rock/rock.00006.wav,9,rock,9,rock
4,train,73,73,/home/dt2119/dt2119/music_classification/datasets/audios/western_data/genres_original/blues/blues.00073.wav,0,blues,0,blues
4,train,873,873,/home/dt2119/dt2119/music_classification/datasets/audios/western_data/genres_original/reggae/reggae.00074.wav,8,reggae,8,reggae
4,train,287,287,/home/dt2119/dt2119/music_classification/datasets/audios/western_data/genres_original/country/country.00087.wav,2,country,2,country
4,train,736,736,/home/dt2119/dt2119/music_classification/datasets/audios/western_data/genres_original/pop/pop.00037.wav,7,pop,7,pop
4,train,18,18,/home/dt2119/dt2119/music_classification/datasets/audios/western_data/genres_original/blues/blues.00018.wav,0,blues,0,blues
4,train,674,674,/home/dt2119/dt2119/music_classification/datasets/audios/western_data/genres_original/metal/metal.00075.wav,6,metal,6,metal
4,train,429,429,/home/dt2119/dt2119/music_classification/datasets/audios/western_data/genres_original/hiphop/hiphop.00029.wav,4,hiphop,4,hiphop
4,train,980,980,/home/dt2119/dt2119/music_classification/datasets/audios/western_data/genres_original/rock/rock.00081.wav,9,rock,9,rock
4,train,81,81,/home/dt2119/dt2119/music_classification/datasets/audios/western_data/genres_original/blues/blues.00081.wav,0,blues,0,blues
4,train,3,3,/home/dt2119/dt2119/music_classification/datasets/audios/western_data/genres_original/blues/blues.00003.wav,0,blues,0,blues
4,train,741,741,/home/dt2119/dt2119/music_classification/datasets/audios/western_data/genres_original/pop/pop.00042.wav,7,pop,7,pop
4,train,803,803,/home/dt2119/dt2119/music_classification/datasets/audios/western_data/genres_original/reggae/reggae.00004.wav,8,reggae,8,reggae
4,train,606,606,/home/dt2119/dt2119/music_classification/datasets/audios/western_data/genres_original/metal/metal.00007.wav,6,metal,6,metal
4,train,141,141,/home/dt2119/dt2119/music_classification/datasets/audios/western_data/genres_original/classical/classical.00041.wav,1,classical,1,classical
4,train,731,731,/home/dt2119/dt2119/music_classification/datasets/audios/western_data/genres_original/pop/pop.00032.wav,7,pop,7,pop
4,train,114,114,/home/dt2119/dt2119/music_classification/datasets/audios/western_data/genres_original/classical/classical.00014.wav,1,classical,1,classical
4,train,930,930,/home/dt2119/dt2119/music_classification/datasets/audios/western_data/genres_original/rock/rock.00031.wav,9,rock,9,rock
4,train,710,710,/home/dt2119/dt2119/music_classification/datasets/audios/western_data/genres_original/pop/pop.00011.wav,7,pop,7,pop
4,train,251,251,/home/dt2119/dt2119/music_classification/datasets/audios/western_data/genres_original/country/country.00051.wav,2,country,2,country
4,train,965,965,/home/dt2119/dt2119/music_classification/datasets/audios/western_data/genres_original/rock/rock.00066.wav,9,rock,9,rock
4,train,566,566,/home/dt2119/dt2119/music_classification/datasets/audios/western_data/genres_original/jazz/jazz.00067.wav,5,jazz,5,jazz
4,train,721,721,/home/dt2119/dt2119/music_classification/datasets/audios/western_data/genres_original/pop/pop.00022.wav,7,pop,7,pop
4,train,563,563,/home/dt2119/dt2119/music_classification/datasets/audios/western_data/genres_original/jazz/jazz.00064.wav,5,jazz,5,jazz
4,train,525,525,/home/dt2119/dt2119/music_classification/datasets/audios/western_data/genres_original/jazz/jazz.00025.wav,5,jazz,5,jazz
4,train,543,543,/home/dt2119/dt2119/music_classification/datasets/audios/western_data/genres_original/jazz/jazz.00043.wav,5,jazz,5,jazz
4,train,176,176,/home/dt2119/dt2119/music_classification/datasets/audios/western_data/genres_original/classical/classical.00076.wav,1,classical,1,classical
4,train,335,335,/home/dt2119/dt2119/music_classification/datasets/audios/western_data/genres_original/disco/disco.00035.wav,3,disco,3,disco
4,train,603,603,/home/dt2119/dt2119/music_classification/datasets/audios/western_data/genres_original/metal/metal.00004.wav,6,metal,6,metal
4,train,77,77,/home/dt2119/dt2119/music_classification/datasets/audios/western_data/genres_original/blues/blues.00077.wav,0,blues,0,blues
4,train,86,86,/home/dt2119/dt2119/music_classification/datasets/audios/western_data/genres_original/blues/blues.00086.wav,0,blues,0,blues
4,train,49,49,/home/dt2119/dt2119/music_classification/datasets/audios/western_data/genres_original/blues/blues.00049.wav,0,blues,0,blues
4,train,266,266,/home/dt2119/dt2119/music_classification/datasets/audios/western_data/genres_original/country/country.00066.wav,2,country,2,country
4,train,19,19,/home/dt2119/dt2119/music_classification/datasets/audios/western_data/genres_original/blues/blues.00019.wav,0,blues,0,blues
4,train,712,712,/home/dt2119/dt2119/music_classification/datasets/audios/western_data/genres_original/pop/pop.00013.wav,7,pop,7,pop
4,train,110,110,/home/dt2119/dt2119/music_classification/datasets/audios/western_data/genres_original/classical/classical.00010.wav,1,classical,1,classical
4,train,871,871,/home/dt2119/dt2119/music_classification/datasets/audios/western_data/genres_original/reggae/reggae.00072.wav,8,reggae,8,reggae
4,train,221,221,/home/dt2119/dt2119/music_classification/datasets/audios/western_data/genres_original/country/country.00021.wav,2,country,2,country
4,train,382,382,/home/dt2119/dt2119/music_classification/datasets/audios/western_data/genres_original/disco/disco.00082.wav,3,disco,3,disco
4,train,29,29,/home/dt2119/dt2119/music_classification/datasets/audios/western_data/genres_original/blues/blues.00029.wav,0,blues,0,blues
4,train,849,849,/home/dt2119/dt2119/music_classification/datasets/audios/western_data/genres_original/reggae/reggae.00050.wav,8,reggae,8,reggae
4,train,117,117,/home/dt2119/dt2119/music_classification/datasets/audios/western_data/genres_original/classical/classical.00017.wav,1,classical,1,classical
4,train,409,409,/home/dt2119/dt2119/music_classification/datasets/audios/western_data/genres_original/hiphop/hiphop.00009.wav,4,hiphop,4,hiphop
4,train,567,567,/home/dt2119/dt2119/music_classification/datasets/audios/western_data/genres_original/jazz/jazz.00068.wav,5,jazz,5,jazz
4,train,45,45,/home/dt2119/dt2119/music_classification/datasets/audios/western_data/genres_original/blues/blues.00045.wav,0,blues,0,blues
4,train,954,954,/home/dt2119/dt2119/music_classification/datasets/audios/western_data/genres_original/rock/rock.00055.wav,9,rock,9,rock
4,train,423,423,/home/dt2119/dt2119/music_classification/datasets/audios/western_data/genres_original/hiphop/hiphop.00023.wav,4,hiphop,4,hiphop
4,train,129,129,/home/dt2119/dt2119/music_classification/datasets/audios/western_data/genres_original/classical/classical.00029.wav,1,classical,1,classical
4,train,24,24,/home/dt2119/dt2119/music_classification/datasets/audios/western_data/genres_original/blues/blues.00024.wav,0,blues,0,blues
4,train,775,775,/home/dt2119/dt2119/music_classification/datasets/audios/western_data/genres_original/pop/pop.00076.wav,7,pop,7,pop
4,train,732,732,/home/dt2119/dt2119/music_classification/datasets/audios/western_data/genres_original/pop/pop.00033.wav,7,pop,7,pop
4,train,686,686,/home/dt2119/dt2119/music_classification/datasets/audios/western_data/genres_original/metal/metal.00087.wav,6,metal,6,metal
4,train,410,410,/home/dt2119/dt2119/music_classification/datasets/audios/western_data/genres_original/hiphop/hiphop.00010.wav,4,hiphop,4,hiphop
4,train,339,339,/home/dt2119/dt2119/music_classification/datasets/audios/western_data/genres_original/disco/disco.00039.wav,3,disco,3,disco
4,train,984,984,/home/dt2119/dt2119/music_classification/datasets/audios/western_data/genres_original/rock/rock.00085.wav,9,rock,2,country
4,train,253,253,/home/dt2119/dt2119/music_classification/datasets/audios/western_data/genres_original/country/country.00053.wav,2,country,2,country
4,train,225,225,/home/dt2119/dt2119/music_classification/datasets/audios/western_data/genres_original/country/country.00025.wav,2,country,2,country
4,train,388,388,/home/dt2119/dt2119/music_classification/datasets/audios/western_data/genres_original/disco/disco.00088.wav,3,disco,3,disco
4,train,227,227,/home/dt2119/dt2119/music_classification/datasets/audios/western_data/genres_original/country/country.00027.wav,2,country,2,country
4,train,800,800,/home/dt2119/dt2119/music_classification/datasets/audios/western_data/genres_original/reggae/reggae.00001.wav,8,reggae,8,reggae
4,train,927,927,/home/dt2119/dt2119/music_classification/datasets/audios/western_data/genres_original/rock/rock.00028.wav,9,rock,6,metal
4,train,953,953,/home/dt2119/dt2119/music_classification/datasets/audios/western_data/genres_original/rock/rock.00054.wav,9,rock,9,rock
4,train,807,807,/home/dt2119/dt2119/music_classification/datasets/audios/western_data/genres_original/reggae/reggae.00008.wav,8,reggae,8,reggae
4,train,829,829,/home/dt2119/dt2119/music_classification/datasets/audios/western_data/genres_original/reggae/reggae.00030.wav,8,reggae,8,reggae
4,train,318,318,/home/dt2119/dt2119/music_classification/datasets/audios/western_data/genres_original/disco/disco.00018.wav,3,disco,3,disco
4,train,551,551,/home/dt2119/dt2119/music_classification/datasets/audios/western_data/genres_original/jazz/jazz.00051.wav,5,jazz,5,jazz
4,train,65,65,/home/dt2119/dt2119/music_classification/datasets/audios/western_data/genres_original/blues/blues.00065.wav,0,blues,0,blues
4,train,841,841,/home/dt2119/dt2119/music_classification/datasets/audios/western_data/genres_original/reggae/reggae.00042.wav,8,reggae,8,reggae
4,train,300,300,/home/dt2119/dt2119/music_classification/datasets/audios/western_data/genres_original/disco/disco.00000.wav,3,disco,3,disco
4,train,581,581,/home/dt2119/dt2119/music_classification/datasets/audios/western_data/genres_original/jazz/jazz.00082.wav,5,jazz,5,jazz
4,train,753,753,/home/dt2119/dt2119/music_classification/datasets/audios/western_data/genres_original/pop/pop.00054.wav,7,pop,7,pop
4,train,71,71,/home/dt2119/dt2119/music_classification/datasets/audios/western_data/genres_original/blues/blues.00071.wav,0,blues,0,blues
4,train,218,218,/home/dt2119/dt2119/music_classification/datasets/audios/western_data/genres_original/country/country.00018.wav,2,country,2,country
4,train,722,722,/home/dt2119/dt2119/music_classification/datasets/audios/western_data/genres_original/pop/pop.00023.wav,7,pop,7,pop
4,train,823,823,/home/dt2119/dt2119/music_classification/datasets/audios/western_data/genres_original/reggae/reggae.00024.wav,8,reggae,8,reggae
4,train,641,641,/home/dt2119/dt2119/music_classification/datasets/audios/western_data/genres_original/metal/metal.00042.wav,6,metal,6,metal
4,train,788,788,/home/dt2119/dt2119/music_classification/datasets/audios/western_data/genres_original/pop/pop.00089.wav,7,pop,7,pop
4,train,600,600,/home/dt2119/dt2119/music_classification/datasets/audios/western_data/genres_original/metal/metal.00001.wav,6,metal,6,metal
4,train,564,564,/home/dt2119/dt2119/music_classification/datasets/audios/western_data/genres_original/jazz/jazz.00065.wav,5,jazz,5,jazz
4,train,902,902,/home/dt2119/dt2119/music_classification/datasets/audios/western_data/genres_original/rock/rock.00003.wav,9,rock,9,rock
4,train,914,914,/home/dt2119/dt2119/music_classification/datasets/audios/western_data/genres_original/rock/rock.00015.wav,9,rock,9,rock
4,train,815,815,/home/dt2119/dt2119/music_classification/datasets/audios/western_data/genres_original/reggae/reggae.00016.wav,8,reggae,8,reggae
4,train,115,115,/home/dt2119/dt2119/music_classification/datasets/audios/western_data/genres_original/classical/classical.00015.wav,1,classical,1,classical
4,train,256,256,/home/dt2119/dt2119/music_classification/datasets/audios/western_data/genres_original/country/country.00056.wav,2,country,2,country
4,train,840,840,/home/dt2119/dt2119/music_classification/datasets/audios/western_data/genres_original/reggae/reggae.00041.wav,8,reggae,8,reggae
4,train,385,385,/home/dt2119/dt2119/music_classification/datasets/audios/western_data/genres_original/disco/disco.00085.wav,3,disco,3,disco
4,train,433,433,/home/dt2119/dt2119/music_classification/datasets/audios/western_data/genres_original/hiphop/hiphop.00033.wav,4,hiphop,4,hiphop
4,train,627,627,/home/dt2119/dt2119/music_classification/datasets/audios/western_data/genres_original/metal/metal.00028.wav,6,metal,6,metal
4,train,794,794,/home/dt2119/dt2119/music_classification/datasets/audios/western_data/genres_original/pop/pop.00095.wav,7,pop,7,pop
4,train,125,125,/home/dt2119/dt2119/music_classification/datasets/audios/western_data/genres_original/classical/classical.00025.wav,1,classical,1,classical
4,train,556,556,/home/dt2119/dt2119/music_classification/datasets/audios/western_data/genres_original/jazz/jazz.00057.wav,5,jazz,5,jazz
4,train,68,68,/home/dt2119/dt2119/music_classification/datasets/audios/western_data/genres_original/blues/blues.00068.wav,0,blues,0,blues
4,train,637,637,/home/dt2119/dt2119/music_classification/datasets/audios/western_data/genres_original/metal/metal.00038.wav,6,metal,6,metal
4,train,148,148,/home/dt2119/dt2119/music_classification/datasets/audios/western_data/genres_original/classical/classical.00048.wav,1,classical,1,classical
4,train,72,72,/home/dt2119/dt2119/music_classification/datasets/audios/western_data/genres_original/blues/blues.00072.wav,0,blues,0,blues
4,train,665,665,/home/dt2119/dt2119/music_classification/datasets/audios/western_data/genres_original/metal/metal.00066.wav,6,metal,6,metal
4,train,46,46,/home/dt2119/dt2119/music_classification/datasets/audios/western_data/genres_original/blues/blues.00046.wav,0,blues,0,blues
4,train,601,601,/home/dt2119/dt2119/music_classification/datasets/audios/western_data/genres_original/metal/metal.00002.wav,6,metal,6,metal
4,train,362,362,/home/dt2119/dt2119/music_classification/datasets/audios/western_data/genres_original/disco/disco.00062.wav,3,disco,3,disco
4,train,70,70,/home/dt2119/dt2119/music_classification/datasets/audios/western_data/genres_original/blues/blues.00070.wav,0,blues,0,blues
4,train,836,836,/home/dt2119/dt2119/music_classification/datasets/audios/western_data/genres_original/reggae/reggae.00037.wav,8,reggae,8,reggae
4,train,982,982,/home/dt2119/dt2119/music_classification/datasets/audios/western_data/genres_original/rock/rock.00083.wav,9,rock,9,rock
4,train,769,769,/home/dt2119/dt2119/music_classification/datasets/audios/western_data/genres_original/pop/pop.00070.wav,7,pop,7,pop
4,train,262,262,/home/dt2119/dt2119/music_classification/datasets/audios/western_data/genres_original/country/country.00062.wav,2,country,2,country
4,train,888,888,/home/dt2119/dt2119/music_classification/datasets/audios/western_data/genres_original/reggae/reggae.00089.wav,8,reggae,8,reggae
4,train,366,366,/home/dt2119/dt2119/music_classification/datasets/audios/western_data/genres_original/disco/disco.00066.wav,3,disco,3,disco
4,train,809,809,/home/dt2119/dt2119/music_classification/datasets/audios/western_data/genres_original/reggae/reggae.00010.wav,8,reggae,8,reggae
4,train,313,313,/home/dt2119/dt2119/music_classification/datasets/audios/western_data/genres_original/disco/disco.00013.wav,3,disco,3,disco
4,train,987,987,/home/dt2119/dt2119/music_classification/datasets/audios/western_data/genres_original/rock/rock.00088.wav,9,rock,9,rock
4,train,536,536,/home/dt2119/dt2119/music_classification/datasets/audios/western_data/genres_original/jazz/jazz.00036.wav,5,jazz,5,jazz
4,train,594,594,/home/dt2119/dt2119/music_classification/datasets/audios/western_data/genres_original/jazz/jazz.00095.wav,5,jazz,5,jazz
4,train,607,607,/home/dt2119/dt2119/music_classification/datasets/audios/western_data/genres_original/metal/metal.00008.wav,6,metal,6,metal
4,train,585,585,/home/dt2119/dt2119/music_classification/datasets/audios/western_data/genres_original/jazz/jazz.00086.wav,5,jazz,5,jazz
4,train,690,690,/home/dt2119/dt2119/music_classification/datasets/audios/western_data/genres_original/metal/metal.00091.wav,6,metal,6,metal
4,train,87,87,/home/dt2119/dt2119/music_classification/datasets/audios/western_data/genres_original/blues/blues.00087.wav,0,blues,0,blues
4,train,23,23,/home/dt2119/dt2119/music_classification/datasets/audios/western_data/genres_original/blues/blues.00023.wav,0,blues,0,blues
4,train,949,949,/home/dt2119/dt2119/music_classification/datasets/audios/western_data/genres_original/rock/rock.00050.wav,9,rock,9,rock
4,train,365,365,/home/dt2119/dt2119/music_classification/datasets/audios/western_data/genres_original/disco/disco.00065.wav,3,disco,3,disco
4,train,326,326,/home/dt2119/dt2119/music_classification/datasets/audios/western_data/genres_original/disco/disco.00026.wav,3,disco,3,disco
4,train,216,216,/home/dt2119/dt2119/music_classification/datasets/audios/western_data/genres_original/country/country.00016.wav,2,country,2,country
4,train,264,264,/home/dt2119/dt2119/music_classification/datasets/audios/western_data/genres_original/country/country.00064.wav,2,country,2,country
4,train,799,799,/home/dt2119/dt2119/music_classification/datasets/audios/western_data/genres_original/reggae/reggae.00000.wav,8,reggae,8,reggae
4,train,245,245,/home/dt2119/dt2119/music_classification/datasets/audios/western_data/genres_original/country/country.00045.wav,2,country,2,country
4,train,413,413,/home/dt2119/dt2119/music_classification/datasets/audios/western_data/genres_original/hiphop/hiphop.00013.wav,4,hiphop,4,hiphop
4,train,15,15,/home/dt2119/dt2119/music_classification/datasets/audios/western_data/genres_original/blues/blues.00015.wav,0,blues,0,blues
4,train,611,611,/home/dt2119/dt2119/music_classification/datasets/audios/western_data/genres_original/metal/metal.00012.wav,6,metal,6,metal
4,train,26,26,/home/dt2119/dt2119/music_classification/datasets/audios/western_data/genres_original/blues/blues.00026.wav,0,blues,0,blues
4,train,691,691,/home/dt2119/dt2119/music_classification/datasets/audios/western_data/genres_original/metal/metal.00092.wav,6,metal,6,metal
4,train,35,35,/home/dt2119/dt2119/music_classification/datasets/audios/western_data/genres_original/blues/blues.00035.wav,0,blues,0,blues
4,train,812,812,/home/dt2119/dt2119/music_classification/datasets/audios/western_data/genres_original/reggae/reggae.00013.wav,8,reggae,8,reggae
4,train,258,258,/home/dt2119/dt2119/music_classification/datasets/audios/western_data/genres_original/country/country.00058.wav,2,country,2,country
4,train,331,331,/home/dt2119/dt2119/music_classification/datasets/audios/western_data/genres_original/disco/disco.00031.wav,3,disco,3,disco
4,train,174,174,/home/dt2119/dt2119/music_classification/datasets/audios/western_data/genres_original/classical/classical.00074.wav,1,classical,1,classical
4,train,922,922,/home/dt2119/dt2119/music_classification/datasets/audios/western_data/genres_original/rock/rock.00023.wav,9,rock,9,rock
4,train,233,233,/home/dt2119/dt2119/music_classification/datasets/audios/western_data/genres_original/country/country.00033.wav,2,country,2,country
4,train,760,760,/home/dt2119/dt2119/music_classification/datasets/audios/western_data/genres_original/pop/pop.00061.wav,7,pop,7,pop
4,train,325,325,/home/dt2119/dt2119/music_classification/datasets/audios/western_data/genres_original/disco/disco.00025.wav,3,disco,3,disco
4,train,910,910,/home/dt2119/dt2119/music_classification/datasets/audios/western_data/genres_original/rock/rock.00011.wav,9,rock,9,rock
4,train,76,76,/home/dt2119/dt2119/music_classification/datasets/audios/western_data/genres_original/blues/blues.00076.wav,0,blues,0,blues
4,train,173,173,/home/dt2119/dt2119/music_classification/datasets/audios/western_data/genres_original/classical/classical.00073.wav,1,classical,1,classical
4,train,38,38,/home/dt2119/dt2119/music_classification/datasets/audios/western_data/genres_original/blues/blues.00038.wav,0,blues,0,blues
4,train,915,915,/home/dt2119/dt2119/music_classification/datasets/audios/western_data/genres_original/rock/rock.00016.wav,9,rock,6,metal
4,train,774,774,/home/dt2119/dt2119/music_classification/datasets/audios/western_data/genres_original/pop/pop.00075.wav,7,pop,7,pop
4,train,609,609,/home/dt2119/dt2119/music_classification/datasets/audios/western_data/genres_original/metal/metal.00010.wav,6,metal,6,metal
4,train,933,933,/home/dt2119/dt2119/music_classification/datasets/audios/western_data/genres_original/rock/rock.00034.wav,9,rock,6,metal
4,train,408,408,/home/dt2119/dt2119/music_classification/datasets/audios/western_data/genres_original/hiphop/hiphop.00008.wav,4,hiphop,4,hiphop
4,train,532,532,/home/dt2119/dt2119/music_classification/datasets/audios/western_data/genres_original/jazz/jazz.00032.wav,5,jazz,5,jazz
4,train,370,370,/home/dt2119/dt2119/music_classification/datasets/audios/western_data/genres_original/disco/disco.00070.wav,3,disco,3,disco
4,train,934,934,/home/dt2119/dt2119/music_classification/datasets/audios/western_data/genres_original/rock/rock.00035.wav,9,rock,9,rock
4,train,538,538,/home/dt2119/dt2119/music_classification/datasets/audios/western_data/genres_original/jazz/jazz.00038.wav,5,jazz,5,jazz
4,train,920,920,/home/dt2119/dt2119/music_classification/datasets/audios/western_data/genres_original/rock/rock.00021.wav,9,rock,9,rock
4,train,31,31,/home/dt2119/dt2119/music_classification/datasets/audios/western_data/genres_original/blues/blues.00031.wav,0,blues,0,blues
4,train,329,329,/home/dt2119/dt2119/music_classification/datasets/audios/western_data/genres_original/disco/disco.00029.wav,3,disco,3,disco
4,train,602,602,/home/dt2119/dt2119/music_classification/datasets/audios/western_data/genres_original/metal/metal.00003.wav,6,metal,6,metal
4,train,808,808,/home/dt2119/dt2119/music_classification/datasets/audios/western_data/genres_original/reggae/reggae.00009.wav,8,reggae,8,reggae
4,train,82,82,/home/dt2119/dt2119/music_classification/datasets/audios/western_data/genres_original/blues/blues.00082.wav,0,blues,0,blues
4,train,149,149,/home/dt2119/dt2119/music_classification/datasets/audios/western_data/genres_original/classical/classical.00049.wav,1,classical,1,classical
4,train,628,628,/home/dt2119/dt2119/music_classification/datasets/audios/western_data/genres_original/metal/metal.00029.wav,6,metal,6,metal
4,train,208,208,/home/dt2119/dt2119/music_classification/datasets/audios/western_data/genres_original/country/country.00008.wav,2,country,2,country
4,train,167,167,/home/dt2119/dt2119/music_classification/datasets/audios/western_data/genres_original/classical/classical.00067.wav,1,classical,1,classical
4,train,707,707,/home/dt2119/dt2119/music_classification/datasets/audios/western_data/genres_original/pop/pop.00008.wav,7,pop,7,pop
4,train,282,282,/home/dt2119/dt2119/music_classification/datasets/audios/western_data/genres_original/country/country.00082.wav,2,country,2,country
4,train,5,5,/home/dt2119/dt2119/music_classification/datasets/audios/western_data/genres_original/blues/blues.00005.wav,0,blues,0,blues
4,train,593,593,/home/dt2119/dt2119/music_classification/datasets/audios/western_data/genres_original/jazz/jazz.00094.wav,5,jazz,5,jazz
4,train,579,579,/home/dt2119/dt2119/music_classification/datasets/audios/western_data/genres_original/jazz/jazz.00080.wav,5,jazz,5,jazz
4,train,618,618,/home/dt2119/dt2119/music_classification/datasets/audios/western_data/genres_original/metal/metal.00019.wav,6,metal,6,metal
4,train,626,626,/home/dt2119/dt2119/music_classification/datasets/audios/western_data/genres_original/metal/metal.00027.wav,6,metal,6,metal
4,train,288,288,/home/dt2119/dt2119/music_classification/datasets/audios/western_data/genres_original/country/country.00088.wav,2,country,2,country
4,train,792,792,/home/dt2119/dt2119/music_classification/datasets/audios/western_data/genres_original/pop/pop.00093.wav,7,pop,7,pop
4,train,766,766,/home/dt2119/dt2119/music_classification/datasets/audios/western_data/genres_original/pop/pop.00067.wav,7,pop,7,pop
4,train,979,979,/home/dt2119/dt2119/music_classification/datasets/audios/western_data/genres_original/rock/rock.00080.wav,9,rock,9,rock
4,train,805,805,/home/dt2119/dt2119/music_classification/datasets/audios/western_data/genres_original/reggae/reggae.00006.wav,8,reggae,8,reggae
4,train,565,565,/home/dt2119/dt2119/music_classification/datasets/audios/western_data/genres_original/jazz/jazz.00066.wav,5,jazz,5,jazz
4,train,631,631,/home/dt2119/dt2119/music_classification/datasets/audios/western_data/genres_original/metal/metal.00032.wav,6,metal,6,metal
4,train,161,161,/home/dt2119/dt2119/music_classification/datasets/audios/western_data/genres_original/classical/classical.00061.wav,1,classical,1,classical
4,train,150,150,/home/dt2119/dt2119/music_classification/datasets/audios/western_data/genres_original/classical/classical.00050.wav,1,classical,1,classical
4,train,352,352,/home/dt2119/dt2119/music_classification/datasets/audios/western_data/genres_original/disco/disco.00052.wav,3,disco,3,disco
4,train,244,244,/home/dt2119/dt2119/music_classification/datasets/audios/western_data/genres_original/country/country.00044.wav,2,country,2,country
4,train,97,97,/home/dt2119/dt2119/music_classification/datasets/audios/western_data/genres_original/blues/blues.00097.wav,0,blues,0,blues
4,train,359,359,/home/dt2119/dt2119/music_classification/datasets/audios/western_data/genres_original/disco/disco.00059.wav,3,disco,3,disco
4,train,353,353,/home/dt2119/dt2119/music_classification/datasets/audios/western_data/genres_original/disco/disco.00053.wav,3,disco,3,disco
4,train,540,540,/home/dt2119/dt2119/music_classification/datasets/audios/western_data/genres_original/jazz/jazz.00040.wav,5,jazz,5,jazz
4,train,236,236,/home/dt2119/dt2119/music_classification/datasets/audios/western_data/genres_original/country/country.00036.wav,2,country,2,country
4,train,900,900,/home/dt2119/dt2119/music_classification/datasets/audios/western_data/genres_original/rock/rock.00001.wav,9,rock,9,rock
4,train,758,758,/home/dt2119/dt2119/music_classification/datasets/audios/western_data/genres_original/pop/pop.00059.wav,7,pop,7,pop
4,train,699,699,/home/dt2119/dt2119/music_classification/datasets/audios/western_data/genres_original/pop/pop.00000.wav,7,pop,7,pop
4,train,281,281,/home/dt2119/dt2119/music_classification/datasets/audios/western_data/genres_original/country/country.00081.wav,2,country,2,country
4,train,853,853,/home/dt2119/dt2119/music_classification/datasets/audios/western_data/genres_original/reggae/reggae.00054.wav,8,reggae,8,reggae
4,train,548,548,/home/dt2119/dt2119/music_classification/datasets/audios/western_data/genres_original/jazz/jazz.00048.wav,5,jazz,5,jazz
4,train,232,232,/home/dt2119/dt2119/music_classification/datasets/audios/western_data/genres_original/country/country.00032.wav,2,country,2,country
4,train,658,658,/home/dt2119/dt2119/music_classification/datasets/audios/western_data/genres_original/metal/metal.00059.wav,6,metal,6,metal
4,train,571,571,/home/dt2119/dt2119/music_classification/datasets/audios/western_data/genres_original/jazz/jazz.00072.wav,5,jazz,5,jazz
4,train,814,814,/home/dt2119/dt2119/music_classification/datasets/audios/western_data/genres_original/reggae/reggae.00015.wav,8,reggae,8,reggae
4,train,899,899,/home/dt2119/dt2119/music_classification/datasets/audios/western_data/genres_original/rock/rock.00000.wav,9,rock,9,rock
4,train,310,310,/home/dt2119/dt2119/music_classification/datasets/audios/western_data/genres_original/disco/disco.00010.wav,3,disco,3,disco
4,train,595,595,/home/dt2119/dt2119/music_classification/datasets/audios/western_data/genres_original/jazz/jazz.00096.wav,5,jazz,5,jazz
4,train,181,181,/home/dt2119/dt2119/music_classification/datasets/audios/western_data/genres_original/classical/classical.00081.wav,1,classical,1,classical
4,train,240,240,/home/dt2119/dt2119/music_classification/datasets/audios/western_data/genres_original/country/country.00040.wav,2,country,2,country
4,train,324,324,/home/dt2119/dt2119/music_classification/datasets/audios/western_data/genres_original/disco/disco.00024.wav,3,disco,3,disco
4,train,142,142,/home/dt2119/dt2119/music_classification/datasets/audios/western_data/genres_original/classical/classical.00042.wav,1,classical,1,classical
4,train,163,163,/home/dt2119/dt2119/music_classification/datasets/audios/western_data/genres_original/classical/classical.00063.wav,1,classical,1,classical
4,train,890,890,/home/dt2119/dt2119/music_classification/datasets/audios/western_data/genres_original/reggae/reggae.00091.wav,8,reggae,8,reggae
4,train,175,175,/home/dt2119/dt2119/music_classification/datasets/audios/western_data/genres_original/classical/classical.00075.wav,1,classical,1,classical
4,train,137,137,/home/dt2119/dt2119/music_classification/datasets/audios/western_data/genres_original/classical/classical.00037.wav,1,classical,1,classical
4,train,582,582,/home/dt2119/dt2119/music_classification/datasets/audios/western_data/genres_original/jazz/jazz.00083.wav,5,jazz,5,jazz
4,train,708,708,/home/dt2119/dt2119/music_classification/datasets/audios/western_data/genres_original/pop/pop.00009.wav,7,pop,7,pop
4,train,2,2,/home/dt2119/dt2119/music_classification/datasets/audios/western_data/genres_original/blues/blues.00002.wav,0,blues,0,blues
4,train,719,719,/home/dt2119/dt2119/music_classification/datasets/audios/western_data/genres_original/pop/pop.00020.wav,7,pop,7,pop
4,train,27,27,/home/dt2119/dt2119/music_classification/datasets/audios/western_data/genres_original/blues/blues.00027.wav,0,blues,0,blues
4,train,238,238,/home/dt2119/dt2119/music_classification/datasets/audios/western_data/genres_original/country/country.00038.wav,2,country,2,country
4,train,34,34,/home/dt2119/dt2119/music_classification/datasets/audios/western_data/genres_original/blues/blues.00034.wav,0,blues,0,blues
4,train,828,828,/home/dt2119/dt2119/music_classification/datasets/audios/western_data/genres_original/reggae/reggae.00029.wav,8,reggae,8,reggae
4,train,795,795,/home/dt2119/dt2119/music_classification/datasets/audios/western_data/genres_original/pop/pop.00096.wav,7,pop,7,pop
4,train,547,547,/home/dt2119/dt2119/music_classification/datasets/audios/western_data/genres_original/jazz/jazz.00047.wav,5,jazz,5,jazz
4,train,144,144,/home/dt2119/dt2119/music_classification/datasets/audios/western_data/genres_original/classical/classical.00044.wav,1,classical,1,classical
4,train,557,557,/home/dt2119/dt2119/music_classification/datasets/audios/western_data/genres_original/jazz/jazz.00058.wav,5,jazz,5,jazz
4,train,215,215,/home/dt2119/dt2119/music_classification/datasets/audios/western_data/genres_original/country/country.00015.wav,2,country,2,country
4,train,171,171,/home/dt2119/dt2119/music_classification/datasets/audios/western_data/genres_original/classical/classical.00071.wav,1,classical,1,classical
4,train,283,283,/home/dt2119/dt2119/music_classification/datasets/audios/western_data/genres_original/country/country.00083.wav,2,country,2,country
4,train,121,121,/home/dt2119/dt2119/music_classification/datasets/audios/western_data/genres_original/classical/classical.00021.wav,1,classical,1,classical
4,train,968,968,/home/dt2119/dt2119/music_classification/datasets/audios/western_data/genres_original/rock/rock.00069.wav,9,rock,9,rock
4,train,168,168,/home/dt2119/dt2119/music_classification/datasets/audios/western_data/genres_original/classical/classical.00068.wav,1,classical,1,classical
4,train,432,432,/home/dt2119/dt2119/music_classification/datasets/audios/western_data/genres_original/hiphop/hiphop.00032.wav,4,hiphop,8,reggae
4,train,83,83,/home/dt2119/dt2119/music_classification/datasets/audios/western_data/genres_original/blues/blues.00083.wav,0,blues,0,blues
4,train,268,268,/home/dt2119/dt2119/music_classification/datasets/audios/western_data/genres_original/country/country.00068.wav,2,country,2,country
4,train,338,338,/home/dt2119/dt2119/music_classification/datasets/audios/western_data/genres_original/disco/disco.00038.wav,3,disco,3,disco
4,train,172,172,/home/dt2119/dt2119/music_classification/datasets/audios/western_data/genres_original/classical/classical.00072.wav,1,classical,1,classical
4,train,6,6,/home/dt2119/dt2119/music_classification/datasets/audios/western_data/genres_original/blues/blues.00006.wav,0,blues,0,blues
4,train,558,558,/home/dt2119/dt2119/music_classification/datasets/audios/western_data/genres_original/jazz/jazz.00059.wav,5,jazz,5,jazz
4,train,90,90,/home/dt2119/dt2119/music_classification/datasets/audios/western_data/genres_original/blues/blues.00090.wav,0,blues,0,blues
4,train,75,75,/home/dt2119/dt2119/music_classification/datasets/audios/western_data/genres_original/blues/blues.00075.wav,0,blues,0,blues
4,train,66,66,/home/dt2119/dt2119/music_classification/datasets/audios/western_data/genres_original/blues/blues.00066.wav,0,blues,0,blues
4,train,164,164,/home/dt2119/dt2119/music_classification/datasets/audios/western_data/genres_original/classical/classical.00064.wav,1,classical,1,classical
4,train,714,714,/home/dt2119/dt2119/music_classification/datasets/audios/western_data/genres_original/pop/pop.00015.wav,7,pop,7,pop
4,train,726,726,/home/dt2119/dt2119/music_classification/datasets/audios/western_data/genres_original/pop/pop.00027.wav,7,pop,7,pop
4,train,267,267,/home/dt2119/dt2119/music_classification/datasets/audios/western_data/genres_original/country/country.00067.wav,2,country,2,country
4,train,378,378,/home/dt2119/dt2119/music_classification/datasets/audios/western_data/genres_original/disco/disco.00078.wav,3,disco,3,disco
4,train,531,531,/home/dt2119/dt2119/music_classification/datasets/audios/western_data/genres_original/jazz/jazz.00031.wav,5,jazz,5,jazz
4,train,671,671,/home/dt2119/dt2119/music_classification/datasets/audios/western_data/genres_original/metal/metal.00072.wav,6,metal,6,metal
4,train,948,948,/home/dt2119/dt2119/music_classification/datasets/audios/western_data/genres_original/rock/rock.00049.wav,9,rock,9,rock
4,train,254,254,/home/dt2119/dt2119/music_classification/datasets/audios/western_data/genres_original/country/country.00054.wav,2,country,2,country
4,train,668,668,/home/dt2119/dt2119/music_classification/datasets/audios/western_data/genres_original/metal/metal.00069.wav,6,metal,6,metal
4,train,544,544,/home/dt2119/dt2119/music_classification/datasets/audios/western_data/genres_original/jazz/jazz.00044.wav,5,jazz,5,jazz
4,train,664,664,/home/dt2119/dt2119/music_classification/datasets/audios/western_data/genres_original/metal/metal.00065.wav,6,metal,6,metal
4,train,879,879,/home/dt2119/dt2119/music_classification/datasets/audios/western_data/genres_original/reggae/reggae.00080.wav,8,reggae,8,reggae
4,train,737,737,/home/dt2119/dt2119/music_classification/datasets/audios/western_data/genres_original/pop/pop.00038.wav,7,pop,7,pop
4,train,833,833,/home/dt2119/dt2119/music_classification/datasets/audios/western_data/genres_original/reggae/reggae.00034.wav,8,reggae,8,reggae
4,train,868,868,/home/dt2119/dt2119/music_classification/datasets/audios/western_data/genres_original/reggae/reggae.00069.wav,8,reggae,8,reggae
4,train,179,179,/home/dt2119/dt2119/music_classification/datasets/audios/western_data/genres_original/classical/classical.00079.wav,1,classical,1,classical
4,train,135,135,/home/dt2119/dt2119/music_classification/datasets/audios/western_data/genres_original/classical/classical.00035.wav,1,classical,1,classical
4,train,822,822,/home/dt2119/dt2119/music_classification/datasets/audios/western_data/genres_original/reggae/reggae.00023.wav,8,reggae,8,reggae
4,train,952,952,/home/dt2119/dt2119/music_classification/datasets/audios/western_data/genres_original/rock/rock.00053.wav,9,rock,9,rock
4,train,629,629,/home/dt2119/dt2119/music_classification/datasets/audios/western_data/genres_original/metal/metal.00030.wav,6,metal,6,metal
4,train,119,119,/home/dt2119/dt2119/music_classification/datasets/audios/western_data/genres_original/classical/classical.00019.wav,1,classical,1,classical
4,train,116,116,/home/dt2119/dt2119/music_classification/datasets/audios/western_data/genres_original/classical/classical.00016.wav,1,classical,1,classical
4,train,312,312,/home/dt2119/dt2119/music_classification/datasets/audios/western_data/genres_original/disco/disco.00012.wav,3,disco,3,disco
4,train,791,791,/home/dt2119/dt2119/music_classification/datasets/audios/western_data/genres_original/pop/pop.00092.wav,7,pop,7,pop
4,train,279,279,/home/dt2119/dt2119/music_classification/datasets/audios/western_data/genres_original/country/country.00079.wav,2,country,2,country
4,train,369,369,/home/dt2119/dt2119/music_classification/datasets/audios/western_data/genres_original/disco/disco.00069.wav,3,disco,3,disco
4,train,169,169,/home/dt2119/dt2119/music_classification/datasets/audios/western_data/genres_original/classical/classical.00069.wav,1,classical,1,classical
4,train,301,301,/home/dt2119/dt2119/music_classification/datasets/audios/western_data/genres_original/disco/disco.00001.wav,3,disco,3,disco
4,train,220,220,/home/dt2119/dt2119/music_classification/datasets/audios/western_data/genres_original/country/country.00020.wav,2,country,2,country
4,train,214,214,/home/dt2119/dt2119/music_classification/datasets/audios/western_data/genres_original/country/country.00014.wav,2,country,2,country
4,train,10,10,/home/dt2119/dt2119/music_classification/datasets/audios/western_data/genres_original/blues/blues.00010.wav,0,blues,0,blues
4,train,981,981,/home/dt2119/dt2119/music_classification/datasets/audios/western_data/genres_original/rock/rock.00082.wav,9,rock,9,rock
4,train,271,271,/home/dt2119/dt2119/music_classification/datasets/audios/western_data/genres_original/country/country.00071.wav,2,country,2,country
4,train,231,231,/home/dt2119/dt2119/music_classification/datasets/audios/western_data/genres_original/country/country.00031.wav,2,country,2,country
4,train,123,123,/home/dt2119/dt2119/music_classification/datasets/audios/western_data/genres_original/classical/classical.00023.wav,1,classical,1,classical
4,train,17,17,/home/dt2119/dt2119/music_classification/datasets/audios/western_data/genres_original/blues/blues.00017.wav,0,blues,0,blues
4,train,834,834,/home/dt2119/dt2119/music_classification/datasets/audios/western_data/genres_original/reggae/reggae.00035.wav,8,reggae,8,reggae
4,train,583,583,/home/dt2119/dt2119/music_classification/datasets/audios/western_data/genres_original/jazz/jazz.00084.wav,5,jazz,5,jazz
4,train,683,683,/home/dt2119/dt2119/music_classification/datasets/audios/western_data/genres_original/metal/metal.00084.wav,6,metal,6,metal
4,train,913,913,/home/dt2119/dt2119/music_classification/datasets/audios/western_data/genres_original/rock/rock.00014.wav,9,rock,9,rock
4,train,761,761,/home/dt2119/dt2119/music_classification/datasets/audios/western_data/genres_original/pop/pop.00062.wav,7,pop,7,pop
4,train,660,660,/home/dt2119/dt2119/music_classification/datasets/audios/western_data/genres_original/metal/metal.00061.wav,6,metal,6,metal
4,train,241,241,/home/dt2119/dt2119/music_classification/datasets/audios/western_data/genres_original/country/country.00041.wav,2,country,2,country
4,train,919,919,/home/dt2119/dt2119/music_classification/datasets/audios/western_data/genres_original/rock/rock.00020.wav,9,rock,9,rock
4,train,344,344,/home/dt2119/dt2119/music_classification/datasets/audios/western_data/genres_original/disco/disco.00044.wav,3,disco,3,disco
4,train,813,813,/home/dt2119/dt2119/music_classification/datasets/audios/western_data/genres_original/reggae/reggae.00014.wav,8,reggae,8,reggae
4,train,790,790,/home/dt2119/dt2119/music_classification/datasets/audios/western_data/genres_original/pop/pop.00091.wav,7,pop,7,pop
4,train,617,617,/home/dt2119/dt2119/music_classification/datasets/audios/western_data/genres_original/metal/metal.00018.wav,6,metal,6,metal
4,train,63,63,/home/dt2119/dt2119/music_classification/datasets/audios/western_data/genres_original/blues/blues.00063.wav,0,blues,0,blues
4,train,317,317,/home/dt2119/dt2119/music_classification/datasets/audios/western_data/genres_original/disco/disco.00017.wav,3,disco,3,disco
4,train,706,706,/home/dt2119/dt2119/music_classification/datasets/audios/western_data/genres_original/pop/pop.00007.wav,7,pop,7,pop
4,train,751,751,/home/dt2119/dt2119/music_classification/datasets/audios/western_data/genres_original/pop/pop.00052.wav,7,pop,7,pop
4,train,368,368,/home/dt2119/dt2119/music_classification/datasets/audios/western_data/genres_original/disco/disco.00068.wav,3,disco,3,disco
4,train,614,614,/home/dt2119/dt2119/music_classification/datasets/audios/western_data/genres_original/metal/metal.00015.wav,6,metal,6,metal
4,train,322,322,/home/dt2119/dt2119/music_classification/datasets/audios/western_data/genres_original/disco/disco.00022.wav,3,disco,3,disco
4,train,612,612,/home/dt2119/dt2119/music_classification/datasets/audios/western_data/genres_original/metal/metal.00013.wav,6,metal,6,metal
4,train,343,343,/home/dt2119/dt2119/music_classification/datasets/audios/western_data/genres_original/disco/disco.00043.wav,3,disco,3,disco
4,train,838,838,/home/dt2119/dt2119/music_classification/datasets/audios/western_data/genres_original/reggae/reggae.00039.wav,8,reggae,8,reggae
4,train,336,336,/home/dt2119/dt2119/music_classification/datasets/audios/western_data/genres_original/disco/disco.00036.wav,3,disco,3,disco
4,train,134,134,/home/dt2119/dt2119/music_classification/datasets/audios/western_data/genres_original/classical/classical.00034.wav,1,classical,1,classical
4,train,327,327,/home/dt2119/dt2119/music_classification/datasets/audios/western_data/genres_original/disco/disco.00027.wav,3,disco,8,reggae
4,train,580,580,/home/dt2119/dt2119/music_classification/datasets/audios/western_data/genres_original/jazz/jazz.00081.wav,5,jazz,5,jazz
4,train,916,916,/home/dt2119/dt2119/music_classification/datasets/audios/western_data/genres_original/rock/rock.00017.wav,9,rock,9,rock
4,train,739,739,/home/dt2119/dt2119/music_classification/datasets/audios/western_data/genres_original/pop/pop.00040.wav,7,pop,7,pop
4,train,304,304,/home/dt2119/dt2119/music_classification/datasets/audios/western_data/genres_original/disco/disco.00004.wav,3,disco,3,disco
4,train,983,983,/home/dt2119/dt2119/music_classification/datasets/audios/western_data/genres_original/rock/rock.00084.wav,9,rock,9,rock
4,train,688,688,/home/dt2119/dt2119/music_classification/datasets/audios/western_data/genres_original/metal/metal.00089.wav,6,metal,6,metal
4,train,689,689,/home/dt2119/dt2119/music_classification/datasets/audios/western_data/genres_original/metal/metal.00090.wav,6,metal,6,metal
4,train,39,39,/home/dt2119/dt2119/music_classification/datasets/audios/western_data/genres_original/blues/blues.00039.wav,0,blues,0,blues
4,train,479,479,/home/dt2119/dt2119/music_classification/datasets/audios/western_data/genres_original/hiphop/hiphop.00079.wav,4,hiphop,4,hiphop
4,train,250,250,/home/dt2119/dt2119/music_classification/datasets/audios/western_data/genres_original/country/country.00050.wav,2,country,2,country
4,train,224,224,/home/dt2119/dt2119/music_classification/datasets/audios/western_data/genres_original/country/country.00024.wav,2,country,2,country
4,train,0,0,/home/dt2119/dt2119/music_classification/datasets/audios/western_data/genres_original/blues/blues.00000.wav,0,blues,0,blues
4,train,345,345,/home/dt2119/dt2119/music_classification/datasets/audios/western_data/genres_original/disco/disco.00045.wav,3,disco,3,disco
4,train,211,211,/home/dt2119/dt2119/music_classification/datasets/audios/western_data/genres_original/country/country.00011.wav,2,country,2,country
4,train,180,180,/home/dt2119/dt2119/music_classification/datasets/audios/western_data/genres_original/classical/classical.00080.wav,1,classical,1,classical
4,train,4,4,/home/dt2119/dt2119/music_classification/datasets/audios/western_data/genres_original/blues/blues.00004.wav,0,blues,0,blues
4,train,756,756,/home/dt2119/dt2119/music_classification/datasets/audios/western_data/genres_original/pop/pop.00057.wav,7,pop,7,pop
4,train,817,817,/home/dt2119/dt2119/music_classification/datasets/audios/western_data/genres_original/reggae/reggae.00018.wav,8,reggae,8,reggae
4,train,349,349,/home/dt2119/dt2119/music_classification/datasets/audios/western_data/genres_original/disco/disco.00049.wav,3,disco,3,disco
4,train,848,848,/home/dt2119/dt2119/music_classification/datasets/audios/western_data/genres_original/reggae/reggae.00049.wav,8,reggae,9,rock
4,train,272,272,/home/dt2119/dt2119/music_classification/datasets/audios/western_data/genres_original/country/country.00072.wav,2,country,2,country
4,train,321,321,/home/dt2119/dt2119/music_classification/datasets/audios/western_data/genres_original/disco/disco.00021.wav,3,disco,3,disco
4,train,861,861,/home/dt2119/dt2119/music_classification/datasets/audios/western_data/genres_original/reggae/reggae.00062.wav,8,reggae,8,reggae
4,train,830,830,/home/dt2119/dt2119/music_classification/datasets/audios/western_data/genres_original/reggae/reggae.00031.wav,8,reggae,8,reggae
4,train,932,932,/home/dt2119/dt2119/music_classification/datasets/audios/western_data/genres_original/rock/rock.00033.wav,9,rock,9,rock
4,train,477,477,/home/dt2119/dt2119/music_classification/datasets/audios/western_data/genres_original/hiphop/hiphop.00077.wav,4,hiphop,4,hiphop
4,train,7,7,/home/dt2119/dt2119/music_classification/datasets/audios/western_data/genres_original/blues/blues.00007.wav,0,blues,0,blues
4,train,239,239,/home/dt2119/dt2119/music_classification/datasets/audios/western_data/genres_original/country/country.00039.wav,2,country,2,country
4,train,106,106,/home/dt2119/dt2119/music_classification/datasets/audios/western_data/genres_original/classical/classical.00006.wav,1,classical,1,classical
4,train,203,203,/home/dt2119/dt2119/music_classification/datasets/audios/western_data/genres_original/country/country.00003.wav,2,country,2,country
4,train,156,156,/home/dt2119/dt2119/music_classification/datasets/audios/western_data/genres_original/classical/classical.00056.wav,1,classical,1,classical
4,train,918,918,/home/dt2119/dt2119/music_classification/datasets/audios/western_data/genres_original/rock/rock.00019.wav,9,rock,6,metal
4,train,724,724,/home/dt2119/dt2119/music_classification/datasets/audios/western_data/genres_original/pop/pop.00025.wav,7,pop,7,pop
4,train,986,986,/home/dt2119/dt2119/music_classification/datasets/audios/western_data/genres_original/rock/rock.00087.wav,9,rock,6,metal
4,train,754,754,/home/dt2119/dt2119/music_classification/datasets/audios/western_data/genres_original/pop/pop.00055.wav,7,pop,7,pop
4,train,936,936,/home/dt2119/dt2119/music_classification/datasets/audios/western_data/genres_original/rock/rock.00037.wav,9,rock,9,rock
4,train,319,319,/home/dt2119/dt2119/music_classification/datasets/audios/western_data/genres_original/disco/disco.00019.wav,3,disco,3,disco
4,train,269,269,/home/dt2119/dt2119/music_classification/datasets/audios/western_data/genres_original/country/country.00069.wav,2,country,2,country
4,train,723,723,/home/dt2119/dt2119/music_classification/datasets/audios/western_data/genres_original/pop/pop.00024.wav,7,pop,7,pop
4,train,25,25,/home/dt2119/dt2119/music_classification/datasets/audios/western_data/genres_original/blues/blues.00025.wav,0,blues,0,blues
4,train,559,559,/home/dt2119/dt2119/music_classification/datasets/audios/western_data/genres_original/jazz/jazz.00060.wav,5,jazz,5,jazz
4,train,969,969,/home/dt2119/dt2119/music_classification/datasets/audios/western_data/genres_original/rock/rock.00070.wav,9,rock,9,rock
4,train,826,826,/home/dt2119/dt2119/music_classification/datasets/audios/western_data/genres_original/reggae/reggae.00027.wav,8,reggae,8,reggae
4,train,415,415,/home/dt2119/dt2119/music_classification/datasets/audios/western_data/genres_original/hiphop/hiphop.00015.wav,4,hiphop,4,hiphop
4,train,967,967,/home/dt2119/dt2119/music_classification/datasets/audios/western_data/genres_original/rock/rock.00068.wav,9,rock,9,rock
4,train,346,346,/home/dt2119/dt2119/music_classification/datasets/audios/western_data/genres_original/disco/disco.00046.wav,3,disco,3,disco
4,train,422,422,/home/dt2119/dt2119/music_classification/datasets/audios/western_data/genres_original/hiphop/hiphop.00022.wav,4,hiphop,4,hiphop
4,train,856,856,/home/dt2119/dt2119/music_classification/datasets/audios/western_data/genres_original/reggae/reggae.00057.wav,8,reggae,8,reggae
4,train,634,634,/home/dt2119/dt2119/music_classification/datasets/audios/western_data/genres_original/metal/metal.00035.wav,6,metal,6,metal
4,train,229,229,/home/dt2119/dt2119/music_classification/datasets/audios/western_data/genres_original/country/country.00029.wav,2,country,2,country
4,train,801,801,/home/dt2119/dt2119/music_classification/datasets/audios/western_data/genres_original/reggae/reggae.00002.wav,8,reggae,8,reggae
4,train,857,857,/home/dt2119/dt2119/music_classification/datasets/audios/western_data/genres_original/reggae/reggae.00058.wav,8,reggae,8,reggae
4,train,728,728,/home/dt2119/dt2119/music_classification/datasets/audios/western_data/genres_original/pop/pop.00029.wav,7,pop,7,pop
4,train,662,662,/home/dt2119/dt2119/music_classification/datasets/audios/western_data/genres_original/metal/metal.00063.wav,6,metal,6,metal
4,train,330,330,/home/dt2119/dt2119/music_classification/datasets/audios/western_data/genres_original/disco/disco.00030.wav,3,disco,3,disco
4,train,672,672,/home/dt2119/dt2119/music_classification/datasets/audios/western_data/genres_original/metal/metal.00073.wav,6,metal,6,metal
4,train,290,290,/home/dt2119/dt2119/music_classification/datasets/audios/western_data/genres_original/country/country.00090.wav,2,country,2,country
4,train,170,170,/home/dt2119/dt2119/music_classification/datasets/audios/western_data/genres_original/classical/classical.00070.wav,1,classical,1,classical
4,train,350,350,/home/dt2119/dt2119/music_classification/datasets/audios/western_data/genres_original/disco/disco.00050.wav,3,disco,3,disco
4,train,561,561,/home/dt2119/dt2119/music_classification/datasets/audios/western_data/genres_original/jazz/jazz.00062.wav,5,jazz,5,jazz
4,train,858,858,/home/dt2119/dt2119/music_classification/datasets/audios/western_data/genres_original/reggae/reggae.00059.wav,8,reggae,8,reggae
4,train,249,249,/home/dt2119/dt2119/music_classification/datasets/audios/western_data/genres_original/country/country.00049.wav,2,country,2,country
4,train,151,151,/home/dt2119/dt2119/music_classification/datasets/audios/western_data/genres_original/classical/classical.00051.wav,1,classical,1,classical
4,train,692,692,/home/dt2119/dt2119/music_classification/datasets/audios/western_data/genres_original/metal/metal.00093.wav,6,metal,6,metal
4,train,644,644,/home/dt2119/dt2119/music_classification/datasets/audios/western_data/genres_original/metal/metal.00045.wav,6,metal,6,metal
4,train,663,663,/home/dt2119/dt2119/music_classification/datasets/audios/western_data/genres_original/metal/metal.00064.wav,6,metal,6,metal
4,train,682,682,/home/dt2119/dt2119/music_classification/datasets/audios/western_data/genres_original/metal/metal.00083.wav,6,metal,6,metal
4,train,404,404,/home/dt2119/dt2119/music_classification/datasets/audios/western_data/genres_original/hiphop/hiphop.00004.wav,4,hiphop,4,hiphop
4,train,529,529,/home/dt2119/dt2119/music_classification/datasets/audios/western_data/genres_original/jazz/jazz.00029.wav,5,jazz,5,jazz
4,train,209,209,/home/dt2119/dt2119/music_classification/datasets/audios/western_data/genres_original/country/country.00009.wav,2,country,2,country
4,train,950,950,/home/dt2119/dt2119/music_classification/datasets/audios/western_data/genres_original/rock/rock.00051.wav,9,rock,9,rock
4,train,430,430,/home/dt2119/dt2119/music_classification/datasets/audios/western_data/genres_original/hiphop/hiphop.00030.wav,4,hiphop,4,hiphop
4,train,738,738,/home/dt2119/dt2119/music_classification/datasets/audios/western_data/genres_original/pop/pop.00039.wav,7,pop,7,pop
4,train,28,28,/home/dt2119/dt2119/music_classification/datasets/audios/western_data/genres_original/blues/blues.00028.wav,0,blues,0,blues
4,train,923,923,/home/dt2119/dt2119/music_classification/datasets/audios/western_data/genres_original/rock/rock.00024.wav,9,rock,9,rock
4,train,985,985,/home/dt2119/dt2119/music_classification/datasets/audios/western_data/genres_original/rock/rock.00086.wav,9,rock,9,rock
4,train,265,265,/home/dt2119/dt2119/music_classification/datasets/audios/western_data/genres_original/country/country.00065.wav,2,country,2,country
4,train,862,862,/home/dt2119/dt2119/music_classification/datasets/audios/western_data/genres_original/reggae/reggae.00063.wav,8,reggae,8,reggae
4,train,274,274,/home/dt2119/dt2119/music_classification/datasets/audios/western_data/genres_original/country/country.00074.wav,2,country,2,country
4,train,553,553,/home/dt2119/dt2119/music_classification/datasets/audios/western_data/genres_original/jazz/jazz.00053.wav,5,jazz,5,jazz
4,train,41,41,/home/dt2119/dt2119/music_classification/datasets/audios/western_data/genres_original/blues/blues.00041.wav,0,blues,0,blues
4,train,94,94,/home/dt2119/dt2119/music_classification/datasets/audios/western_data/genres_original/blues/blues.00094.wav,0,blues,0,blues
4,train,909,909,/home/dt2119/dt2119/music_classification/datasets/audios/western_data/genres_original/rock/rock.00010.wav,9,rock,9,rock
4,train,351,351,/home/dt2119/dt2119/music_classification/datasets/audios/western_data/genres_original/disco/disco.00051.wav,3,disco,3,disco
4,train,80,80,/home/dt2119/dt2119/music_classification/datasets/audios/western_data/genres_original/blues/blues.00080.wav,0,blues,0,blues
4,train,735,735,/home/dt2119/dt2119/music_classification/datasets/audios/western_data/genres_original/pop/pop.00036.wav,7,pop,7,pop
4,train,727,727,/home/dt2119/dt2119/music_classification/datasets/audios/western_data/genres_original/pop/pop.00028.wav,7,pop,7,pop
4,train,839,839,/home/dt2119/dt2119/music_classification/datasets/audios/western_data/genres_original/reggae/reggae.00040.wav,8,reggae,8,reggae
4,train,827,827,/home/dt2119/dt2119/music_classification/datasets/audios/western_data/genres_original/reggae/reggae.00028.wav,8,reggae,8,reggae
4,train,284,284,/home/dt2119/dt2119/music_classification/datasets/audios/western_data/genres_original/country/country.00084.wav,2,country,2,country
4,train,526,526,/home/dt2119/dt2119/music_classification/datasets/audios/western_data/genres_original/jazz/jazz.00026.wav,5,jazz,5,jazz
4,train,206,206,/home/dt2119/dt2119/music_classification/datasets/audios/western_data/genres_original/country/country.00006.wav,2,country,2,country
4,train,541,541,/home/dt2119/dt2119/music_classification/datasets/audios/western_data/genres_original/jazz/jazz.00041.wav,5,jazz,5,jazz
4,train,891,891,/home/dt2119/dt2119/music_classification/datasets/audios/western_data/genres_original/reggae/reggae.00092.wav,8,reggae,8,reggae
4,train,889,889,/home/dt2119/dt2119/music_classification/datasets/audios/western_data/genres_original/reggae/reggae.00090.wav,8,reggae,8,reggae
4,train,247,247,/home/dt2119/dt2119/music_classification/datasets/audios/western_data/genres_original/country/country.00047.wav,2,country,2,country
4,train,584,584,/home/dt2119/dt2119/music_classification/datasets/audios/western_data/genres_original/jazz/jazz.00085.wav,5,jazz,5,jazz
4,train,140,140,/home/dt2119/dt2119/music_classification/datasets/audios/western_data/genres_original/classical/classical.00040.wav,1,classical,1,classical
4,train,860,860,/home/dt2119/dt2119/music_classification/datasets/audios/western_data/genres_original/reggae/reggae.00061.wav,8,reggae,8,reggae
4,train,43,43,/home/dt2119/dt2119/music_classification/datasets/audios/western_data/genres_original/blues/blues.00043.wav,0,blues,0,blues
4,train,768,768,/home/dt2119/dt2119/music_classification/datasets/audios/western_data/genres_original/pop/pop.00069.wav,7,pop,7,pop
4,train,226,226,/home/dt2119/dt2119/music_classification/datasets/audios/western_data/genres_original/country/country.00026.wav,2,country,2,country
4,train,554,554,/home/dt2119/dt2119/music_classification/datasets/audios/western_data/genres_original/jazz/jazz.00055.wav,5,jazz,5,jazz
4,train,390,390,/home/dt2119/dt2119/music_classification/datasets/audios/western_data/genres_original/disco/disco.00090.wav,3,disco,3,disco
4,train,619,619,/home/dt2119/dt2119/music_classification/datasets/audios/western_data/genres_original/metal/metal.00020.wav,6,metal,6,metal
4,train,30,30,/home/dt2119/dt2119/music_classification/datasets/audios/western_data/genres_original/blues/blues.00030.wav,0,blues,0,blues
4,train,1,1,/home/dt2119/dt2119/music_classification/datasets/audios/western_data/genres_original/blues/blues.00001.wav,0,blues,0,blues
4,train,178,178,/home/dt2119/dt2119/music_classification/datasets/audios/western_data/genres_original/classical/classical.00078.wav,1,classical,1,classical
4,train,417,417,/home/dt2119/dt2119/music_classification/datasets/audios/western_data/genres_original/hiphop/hiphop.00017.wav,4,hiphop,4,hiphop
4,train,821,821,/home/dt2119/dt2119/music_classification/datasets/audios/western_data/genres_original/reggae/reggae.00022.wav,8,reggae,8,reggae
4,train,79,79,/home/dt2119/dt2119/music_classification/datasets/audios/western_data/genres_original/blues/blues.00079.wav,0,blues,0,blues
4,train,383,383,/home/dt2119/dt2119/music_classification/datasets/audios/western_data/genres_original/disco/disco.00083.wav,3,disco,3,disco
4,train,859,859,/home/dt2119/dt2119/music_classification/datasets/audios/western_data/genres_original/reggae/reggae.00060.wav,8,reggae,8,reggae
4,train,328,328,/home/dt2119/dt2119/music_classification/datasets/audios/western_data/genres_original/disco/disco.00028.wav,3,disco,3,disco
4,train,210,210,/home/dt2119/dt2119/music_classification/datasets/audios/western_data/genres_original/country/country.00010.wav,2,country,2,country
4,train,789,789,/home/dt2119/dt2119/music_classification/datasets/audios/western_data/genres_original/pop/pop.00090.wav,7,pop,7,pop
4,train,811,811,/home/dt2119/dt2119/music_classification/datasets/audios/western_data/genres_original/reggae/reggae.00012.wav,8,reggae,8,reggae
4,train,778,778,/home/dt2119/dt2119/music_classification/datasets/audios/western_data/genres_original/pop/pop.00079.wav,7,pop,7,pop
4,train,776,776,/home/dt2119/dt2119/music_classification/datasets/audios/western_data/genres_original/pop/pop.00077.wav,7,pop,7,pop
4,train,165,165,/home/dt2119/dt2119/music_classification/datasets/audios/western_data/genres_original/classical/classical.00065.wav,1,classical,1,classical
4,train,213,213,/home/dt2119/dt2119/music_classification/datasets/audios/western_data/genres_original/country/country.00013.wav,2,country,2,country
4,train,127,127,/home/dt2119/dt2119/music_classification/datasets/audios/western_data/genres_original/classical/classical.00027.wav,1,classical,1,classical
4,train,255,255,/home/dt2119/dt2119/music_classification/datasets/audios/western_data/genres_original/country/country.00055.wav,2,country,2,country
4,train,440,440,/home/dt2119/dt2119/music_classification/datasets/audios/western_data/genres_original/hiphop/hiphop.00040.wav,4,hiphop,4,hiphop
4,train,597,597,/home/dt2119/dt2119/music_classification/datasets/audios/western_data/genres_original/jazz/jazz.00098.wav,5,jazz,5,jazz
4,train,852,852,/home/dt2119/dt2119/music_classification/datasets/audios/western_data/genres_original/reggae/reggae.00053.wav,8,reggae,8,reggae
4,train,925,925,/home/dt2119/dt2119/music_classification/datasets/audios/western_data/genres_original/rock/rock.00026.wav,9,rock,9,rock
4,train,537,537,/home/dt2119/dt2119/music_classification/datasets/audios/western_data/genres_original/jazz/jazz.00037.wav,5,jazz,5,jazz
4,train,530,530,/home/dt2119/dt2119/music_classification/datasets/audios/western_data/genres_original/jazz/jazz.00030.wav,5,jazz,5,jazz
4,train,47,47,/home/dt2119/dt2119/music_classification/datasets/audios/western_data/genres_original/blues/blues.00047.wav,0,blues,0,blues
4,train,837,837,/home/dt2119/dt2119/music_classification/datasets/audios/western_data/genres_original/reggae/reggae.00038.wav,8,reggae,8,reggae
4,train,880,880,/home/dt2119/dt2119/music_classification/datasets/audios/western_data/genres_original/reggae/reggae.00081.wav,8,reggae,8,reggae
4,train,436,436,/home/dt2119/dt2119/music_classification/datasets/audios/western_data/genres_original/hiphop/hiphop.00036.wav,4,hiphop,4,hiphop
4,train,263,263,/home/dt2119/dt2119/music_classification/datasets/audios/western_data/genres_original/country/country.00063.wav,2,country,2,country
4,train,570,570,/home/dt2119/dt2119/music_classification/datasets/audios/western_data/genres_original/jazz/jazz.00071.wav,5,jazz,5,jazz
4,train,439,439,/home/dt2119/dt2119/music_classification/datasets/audios/western_data/genres_original/hiphop/hiphop.00039.wav,4,hiphop,4,hiphop
4,train,718,718,/home/dt2119/dt2119/music_classification/datasets/audios/western_data/genres_original/pop/pop.00019.wav,7,pop,7,pop
4,train,120,120,/home/dt2119/dt2119/music_classification/datasets/audios/western_data/genres_original/classical/classical.00020.wav,1,classical,1,classical
4,train,639,639,/home/dt2119/dt2119/music_classification/datasets/audios/western_data/genres_original/metal/metal.00040.wav,6,metal,6,metal
4,train,44,44,/home/dt2119/dt2119/music_classification/datasets/audios/western_data/genres_original/blues/blues.00044.wav,0,blues,0,blues
4,train,613,613,/home/dt2119/dt2119/music_classification/datasets/audios/western_data/genres_original/metal/metal.00014.wav,6,metal,6,metal
4,train,604,604,/home/dt2119/dt2119/music_classification/datasets/audios/western_data/genres_original/metal/metal.00005.wav,6,metal,6,metal
4,train,246,246,/home/dt2119/dt2119/music_classification/datasets/audios/western_data/genres_original/country/country.00046.wav,2,country,2,country
4,train,711,711,/home/dt2119/dt2119/music_classification/datasets/audios/western_data/genres_original/pop/pop.00012.wav,7,pop,7,pop
4,train,107,107,/home/dt2119/dt2119/music_classification/datasets/audios/western_data/genres_original/classical/classical.00007.wav,1,classical,1,classical
4,train,356,356,/home/dt2119/dt2119/music_classification/datasets/audios/western_data/genres_original/disco/disco.00056.wav,3,disco,3,disco
4,train,777,777,/home/dt2119/dt2119/music_classification/datasets/audios/western_data/genres_original/pop/pop.00078.wav,7,pop,7,pop
4,train,527,527,/home/dt2119/dt2119/music_classification/datasets/audios/western_data/genres_original/jazz/jazz.00027.wav,5,jazz,5,jazz
4,train,702,702,/home/dt2119/dt2119/music_classification/datasets/audios/western_data/genres_original/pop/pop.00003.wav,7,pop,7,pop
4,train,625,625,/home/dt2119/dt2119/music_classification/datasets/audios/western_data/genres_original/metal/metal.00026.wav,6,metal,6,metal
4,train,704,704,/home/dt2119/dt2119/music_classification/datasets/audios/western_data/genres_original/pop/pop.00005.wav,7,pop,7,pop
4,train,924,924,/home/dt2119/dt2119/music_classification/datasets/audios/western_data/genres_original/rock/rock.00025.wav,9,rock,9,rock
4,train,781,781,/home/dt2119/dt2119/music_classification/datasets/audios/western_data/genres_original/pop/pop.00082.wav,7,pop,7,pop
4,train,951,951,/home/dt2119/dt2119/music_classification/datasets/audios/western_data/genres_original/rock/rock.00052.wav,9,rock,9,rock
4,train,257,257,/home/dt2119/dt2119/music_classification/datasets/audios/western_data/genres_original/country/country.00057.wav,2,country,2,country
4,train,128,128,/home/dt2119/dt2119/music_classification/datasets/audios/western_data/genres_original/classical/classical.00028.wav,1,classical,1,classical
4,train,37,37,/home/dt2119/dt2119/music_classification/datasets/audios/western_data/genres_original/blues/blues.00037.wav,0,blues,0,blues
4,train,259,259,/home/dt2119/dt2119/music_classification/datasets/audios/western_data/genres_original/country/country.00059.wav,2,country,2,country
4,train,917,917,/home/dt2119/dt2119/music_classification/datasets/audios/western_data/genres_original/rock/rock.00018.wav,9,rock,9,rock
4,train,906,906,/home/dt2119/dt2119/music_classification/datasets/audios/western_data/genres_original/rock/rock.00007.wav,9,rock,2,country
4,train,337,337,/home/dt2119/dt2119/music_classification/datasets/audios/western_data/genres_original/disco/disco.00037.wav,3,disco,3,disco
4,train,292,292,/home/dt2119/dt2119/music_classification/datasets/audios/western_data/genres_original/country/country.00092.wav,2,country,2,country
4,train,67,67,/home/dt2119/dt2119/music_classification/datasets/audios/western_data/genres_original/blues/blues.00067.wav,0,blues,0,blues
4,train,391,391,/home/dt2119/dt2119/music_classification/datasets/audios/western_data/genres_original/disco/disco.00091.wav,3,disco,3,disco
4,train,108,108,/home/dt2119/dt2119/music_classification/datasets/audios/western_data/genres_original/classical/classical.00008.wav,1,classical,1,classical
4,train,8,8,/home/dt2119/dt2119/music_classification/datasets/audios/western_data/genres_original/blues/blues.00008.wav,0,blues,2,country
4,train,752,752,/home/dt2119/dt2119/music_classification/datasets/audios/western_data/genres_original/pop/pop.00053.wav,7,pop,7,pop
4,train,96,96,/home/dt2119/dt2119/music_classification/datasets/audios/western_data/genres_original/blues/blues.00096.wav,0,blues,0,blues
4,train,376,376,/home/dt2119/dt2119/music_classification/datasets/audios/western_data/genres_original/disco/disco.00076.wav,3,disco,3,disco
4,train,11,11,/home/dt2119/dt2119/music_classification/datasets/audios/western_data/genres_original/blues/blues.00011.wav,0,blues,0,blues
4,train,270,270,/home/dt2119/dt2119/music_classification/datasets/audios/western_data/genres_original/country/country.00070.wav,2,country,2,country
4,train,222,222,/home/dt2119/dt2119/music_classification/datasets/audios/western_data/genres_original/country/country.00022.wav,2,country,2,country
4,train,9,9,/home/dt2119/dt2119/music_classification/datasets/audios/western_data/genres_original/blues/blues.00009.wav,0,blues,5,jazz
4,train,804,804,/home/dt2119/dt2119/music_classification/datasets/audios/western_data/genres_original/reggae/reggae.00005.wav,8,reggae,8,reggae
4,train,610,610,/home/dt2119/dt2119/music_classification/datasets/audios/western_data/genres_original/metal/metal.00011.wav,6,metal,6,metal
4,train,643,643,/home/dt2119/dt2119/music_classification/datasets/audios/western_data/genres_original/metal/metal.00044.wav,6,metal,6,metal
4,train,316,316,/home/dt2119/dt2119/music_classification/datasets/audios/western_data/genres_original/disco/disco.00016.wav,3,disco,3,disco
4,train,153,153,/home/dt2119/dt2119/music_classification/datasets/audios/western_data/genres_original/classical/classical.00053.wav,1,classical,1,classical
4,train,872,872,/home/dt2119/dt2119/music_classification/datasets/audios/western_data/genres_original/reggae/reggae.00073.wav,8,reggae,8,reggae
4,train,420,420,/home/dt2119/dt2119/music_classification/datasets/audios/western_data/genres_original/hiphop/hiphop.00020.wav,4,hiphop,4,hiphop
4,train,964,964,/home/dt2119/dt2119/music_classification/datasets/audios/western_data/genres_original/rock/rock.00065.wav,9,rock,9,rock
4,train,907,907,/home/dt2119/dt2119/music_classification/datasets/audios/western_data/genres_original/rock/rock.00008.wav,9,rock,9,rock
4,train,716,716,/home/dt2119/dt2119/music_classification/datasets/audios/western_data/genres_original/pop/pop.00017.wav,7,pop,7,pop
4,train,767,767,/home/dt2119/dt2119/music_classification/datasets/audios/western_data/genres_original/pop/pop.00068.wav,7,pop,7,pop
4,train,419,419,/home/dt2119/dt2119/music_classification/datasets/audios/western_data/genres_original/hiphop/hiphop.00019.wav,4,hiphop,4,hiphop
4,train,770,770,/home/dt2119/dt2119/music_classification/datasets/audios/western_data/genres_original/pop/pop.00071.wav,7,pop,7,pop
4,train,166,166,/home/dt2119/dt2119/music_classification/datasets/audios/western_data/genres_original/classical/classical.00066.wav,1,classical,1,classical
4,train,438,438,/home/dt2119/dt2119/music_classification/datasets/audios/western_data/genres_original/hiphop/hiphop.00038.wav,4,hiphop,4,hiphop
4,train,124,124,/home/dt2119/dt2119/music_classification/datasets/audios/western_data/genres_original/classical/classical.00024.wav,1,classical,1,classical
4,train,908,908,/home/dt2119/dt2119/music_classification/datasets/audios/western_data/genres_original/rock/rock.00009.wav,9,rock,9,rock
4,train,546,546,/home/dt2119/dt2119/music_classification/datasets/audios/western_data/genres_original/jazz/jazz.00046.wav,5,jazz,5,jazz
4,train,260,260,/home/dt2119/dt2119/music_classification/datasets/audios/western_data/genres_original/country/country.00060.wav,2,country,2,country
4,train,534,534,/home/dt2119/dt2119/music_classification/datasets/audios/western_data/genres_original/jazz/jazz.00034.wav,5,jazz,5,jazz
4,validation,50,50,/home/dt2119/dt2119/music_classification/datasets/audios/western_data/genres_original/blues/blues.00050.wav,0,blues,0,blues
4,validation,51,51,/home/dt2119/dt2119/music_classification/datasets/audios/western_data/genres_original/blues/blues.00051.wav,0,blues,2,country
4,validation,52,52,/home/dt2119/dt2119/music_classification/datasets/audios/western_data/genres_original/blues/blues.00052.wav,0,blues,0,blues
4,validation,53,53,/home/dt2119/dt2119/music_classification/datasets/audios/western_data/genres_original/blues/blues.00053.wav,0,blues,0,blues
4,validation,54,54,/home/dt2119/dt2119/music_classification/datasets/audios/western_data/genres_original/blues/blues.00054.wav,0,blues,2,country
4,validation,55,55,/home/dt2119/dt2119/music_classification/datasets/audios/western_data/genres_original/blues/blues.00055.wav,0,blues,0,blues
4,validation,56,56,/home/dt2119/dt2119/music_classification/datasets/audios/western_data/genres_original/blues/blues.00056.wav,0,blues,2,country
4,validation,57,57,/home/dt2119/dt2119/music_classification/datasets/audios/western_data/genres_original/blues/blues.00057.wav,0,blues,0,blues
4,validation,58,58,/home/dt2119/dt2119/music_classification/datasets/audios/western_data/genres_original/blues/blues.00058.wav,0,blues,0,blues
4,validation,59,59,/home/dt2119/dt2119/music_classification/datasets/audios/western_data/genres_original/blues/blues.00059.wav,0,blues,0,blues
4,validation,60,60,/home/dt2119/dt2119/music_classification/datasets/audios/western_data/genres_original/blues/blues.00060.wav,0,blues,0,blues
4,validation,130,130,/home/dt2119/dt2119/music_classification/datasets/audios/western_data/genres_original/classical/classical.00030.wav,1,classical,1,classical
4,validation,131,131,/home/dt2119/dt2119/music_classification/datasets/audios/western_data/genres_original/classical/classical.00031.wav,1,classical,1,classical
4,validation,132,132,/home/dt2119/dt2119/music_classification/datasets/audios/western_data/genres_original/classical/classical.00032.wav,1,classical,1,classical
4,validation,133,133,/home/dt2119/dt2119/music_classification/datasets/audios/western_data/genres_original/classical/classical.00033.wav,1,classical,1,classical
4,validation,143,143,/home/dt2119/dt2119/music_classification/datasets/audios/western_data/genres_original/classical/classical.00043.wav,1,classical,1,classical
4,validation,145,145,/home/dt2119/dt2119/music_classification/datasets/audios/western_data/genres_original/classical/classical.00045.wav,1,classical,1,classical
4,validation,154,154,/home/dt2119/dt2119/music_classification/datasets/audios/western_data/genres_original/classical/classical.00054.wav,1,classical,1,classical
4,validation,158,158,/home/dt2119/dt2119/music_classification/datasets/audios/western_data/genres_original/classical/classical.00058.wav,1,classical,1,classical
4,validation,159,159,/home/dt2119/dt2119/music_classification/datasets/audios/western_data/genres_original/classical/classical.00059.wav,1,classical,1,classical
4,validation,160,160,/home/dt2119/dt2119/music_classification/datasets/audios/western_data/genres_original/classical/classical.00060.wav,1,classical,1,classical
4,validation,182,182,/home/dt2119/dt2119/music_classification/datasets/audios/western_data/genres_original/classical/classical.00082.wav,1,classical,1,classical
4,validation,183,183,/home/dt2119/dt2119/music_classification/datasets/audios/western_data/genres_original/classical/classical.00083.wav,1,classical,1,classical
4,validation,184,184,/home/dt2119/dt2119/music_classification/datasets/audios/western_data/genres_original/classical/classical.00084.wav,1,classical,1,classical
4,validation,185,185,/home/dt2119/dt2119/music_classification/datasets/audios/western_data/genres_original/classical/classical.00085.wav,1,classical,1,classical
4,validation,186,186,/home/dt2119/dt2119/music_classification/datasets/audios/western_data/genres_original/classical/classical.00086.wav,1,classical,1,classical
4,validation,187,187,/home/dt2119/dt2119/music_classification/datasets/audios/western_data/genres_original/classical/classical.00087.wav,1,classical,1,classical
4,validation,188,188,/home/dt2119/dt2119/music_classification/datasets/audios/western_data/genres_original/classical/classical.00088.wav,1,classical,1,classical
4,validation,189,189,/home/dt2119/dt2119/music_classification/datasets/audios/western_data/genres_original/classical/classical.00089.wav,1,classical,1,classical
4,validation,190,190,/home/dt2119/dt2119/music_classification/datasets/audios/western_data/genres_original/classical/classical.00090.wav,1,classical,1,classical
4,validation,191,191,/home/dt2119/dt2119/music_classification/datasets/audios/western_data/genres_original/classical/classical.00091.wav,1,classical,1,classical
4,validation,192,192,/home/dt2119/dt2119/music_classification/datasets/audios/western_data/genres_original/classical/classical.00092.wav,1,classical,1,classical
4,validation,193,193,/home/dt2119/dt2119/music_classification/datasets/audios/western_data/genres_original/classical/classical.00093.wav,1,classical,1,classical
4,validation,194,194,/home/dt2119/dt2119/music_classification/datasets/audios/western_data/genres_original/classical/classical.00094.wav,1,classical,1,classical
4,validation,195,195,/home/dt2119/dt2119/music_classification/datasets/audios/western_data/genres_original/classical/classical.00095.wav,1,classical,1,classical
4,validation,196,196,/home/dt2119/dt2119/music_classification/datasets/audios/western_data/genres_original/classical/classical.00096.wav,1,classical,1,classical
4,validation,197,197,/home/dt2119/dt2119/music_classification/datasets/audios/western_data/genres_original/classical/classical.00097.wav,1,classical,1,classical
4,validation,198,198,/home/dt2119/dt2119/music_classification/datasets/audios/western_data/genres_original/classical/classical.00098.wav,1,classical,1,classical
4,validation,199,199,/home/dt2119/dt2119/music_classification/datasets/audios/western_data/genres_original/classical/classical.00099.wav,1,classical,1,classical
4,validation,201,201,/home/dt2119/dt2119/music_classification/datasets/audios/western_data/genres_original/country/country.00001.wav,2,country,2,country
4,validation,237,237,/home/dt2119/dt2119/music_classification/datasets/audios/western_data/genres_original/country/country.00037.wav,2,country,2,country
4,validation,243,243,/home/dt2119/dt2119/music_classification/datasets/audios/western_data/genres_original/country/country.00043.wav,2,country,2,country
4,validation,294,294,/home/dt2119/dt2119/music_classification/datasets/audios/western_data/genres_original/country/country.00094.wav,2,country,2,country
4,validation,295,295,/home/dt2119/dt2119/music_classification/datasets/audios/western_data/genres_original/country/country.00095.wav,2,country,2,country
4,validation,296,296,/home/dt2119/dt2119/music_classification/datasets/audios/western_data/genres_original/country/country.00096.wav,2,country,2,country
4,validation,297,297,/home/dt2119/dt2119/music_classification/datasets/audios/western_data/genres_original/country/country.00097.wav,2,country,2,country
4,validation,298,298,/home/dt2119/dt2119/music_classification/datasets/audios/western_data/genres_original/country/country.00098.wav,2,country,2,country
4,validation,299,299,/home/dt2119/dt2119/music_classification/datasets/audios/western_data/genres_original/country/country.00099.wav,2,country,2,country
4,validation,303,303,/home/dt2119/dt2119/music_classification/datasets/audios/western_data/genres_original/disco/disco.00003.wav,3,disco,3,disco
4,validation,315,315,/home/dt2119/dt2119/music_classification/datasets/audios/western_data/genres_original/disco/disco.00015.wav,3,disco,2,country
4,validation,332,332,/home/dt2119/dt2119/music_classification/datasets/audios/western_data/genres_original/disco/disco.00032.wav,3,disco,3,disco
4,validation,340,340,/home/dt2119/dt2119/music_classification/datasets/audios/western_data/genres_original/disco/disco.00040.wav,3,disco,3,disco
4,validation,341,341,/home/dt2119/dt2119/music_classification/datasets/audios/western_data/genres_original/disco/disco.00041.wav,3,disco,2,country
4,validation,342,342,/home/dt2119/dt2119/music_classification/datasets/audios/western_data/genres_original/disco/disco.00042.wav,3,disco,7,pop
4,validation,347,347,/home/dt2119/dt2119/music_classification/datasets/audios/western_data/genres_original/disco/disco.00047.wav,3,disco,1,classical
4,validation,355,355,/home/dt2119/dt2119/music_classification/datasets/audios/western_data/genres_original/disco/disco.00055.wav,3,disco,3,disco
4,validation,360,360,/home/dt2119/dt2119/music_classification/datasets/audios/western_data/genres_original/disco/disco.00060.wav,3,disco,3,disco
4,validation,364,364,/home/dt2119/dt2119/music_classification/datasets/audios/western_data/genres_original/disco/disco.00064.wav,3,disco,3,disco
4,validation,377,377,/home/dt2119/dt2119/music_classification/datasets/audios/western_data/genres_original/disco/disco.00077.wav,3,disco,3,disco
4,validation,389,389,/home/dt2119/dt2119/music_classification/datasets/audios/western_data/genres_original/disco/disco.00089.wav,3,disco,3,disco
4,validation,394,394,/home/dt2119/dt2119/music_classification/datasets/audios/western_data/genres_original/disco/disco.00094.wav,3,disco,3,disco
4,validation,400,400,/home/dt2119/dt2119/music_classification/datasets/audios/western_data/genres_original/hiphop/hiphop.00000.wav,4,hiphop,3,disco
4,validation,427,427,/home/dt2119/dt2119/music_classification/datasets/audios/western_data/genres_original/hiphop/hiphop.00027.wav,4,hiphop,8,reggae
4,validation,428,428,/home/dt2119/dt2119/music_classification/datasets/audios/western_data/genres_original/hiphop/hiphop.00028.wav,4,hiphop,4,hiphop
4,validation,431,431,/home/dt2119/dt2119/music_classification/datasets/audios/western_data/genres_original/hiphop/hiphop.00031.wav,4,hiphop,7,pop
4,validation,434,434,/home/dt2119/dt2119/music_classification/datasets/audios/western_data/genres_original/hiphop/hiphop.00034.wav,4,hiphop,4,hiphop
4,validation,435,435,/home/dt2119/dt2119/music_classification/datasets/audios/western_data/genres_original/hiphop/hiphop.00035.wav,4,hiphop,4,hiphop
4,validation,443,443,/home/dt2119/dt2119/music_classification/datasets/audios/western_data/genres_original/hiphop/hiphop.00043.wav,4,hiphop,4,hiphop
4,validation,444,444,/home/dt2119/dt2119/music_classification/datasets/audios/western_data/genres_original/hiphop/hiphop.00044.wav,4,hiphop,2,country
4,validation,455,455,/home/dt2119/dt2119/music_classification/datasets/audios/western_data/genres_original/hiphop/hiphop.00055.wav,4,hiphop,4,hiphop
4,validation,456,456,/home/dt2119/dt2119/music_classification/datasets/audios/western_data/genres_original/hiphop/hiphop.00056.wav,4,hiphop,4,hiphop
4,validation,457,457,/home/dt2119/dt2119/music_classification/datasets/audios/western_data/genres_original/hiphop/hiphop.00057.wav,4,hiphop,4,hiphop
4,validation,458,458,/home/dt2119/dt2119/music_classification/datasets/audios/western_data/genres_original/hiphop/hiphop.00058.wav,4,hiphop,4,hiphop
4,validation,459,459,/home/dt2119/dt2119/music_classification/datasets/audios/western_data/genres_original/hiphop/hiphop.00059.wav,4,hiphop,8,reggae
4,validation,460,460,/home/dt2119/dt2119/music_classification/datasets/audios/western_data/genres_original/hiphop/hiphop.00060.wav,4,hiphop,7,pop
4,validation,461,461,/home/dt2119/dt2119/music_classification/datasets/audios/western_data/genres_original/hiphop/hiphop.00061.wav,4,hiphop,4,hiphop
4,validation,502,502,/home/dt2119/dt2119/music_classification/datasets/audios/western_data/genres_original/jazz/jazz.00002.wav,5,jazz,5,jazz
4,validation,503,503,/home/dt2119/dt2119/music_classification/datasets/audios/western_data/genres_original/jazz/jazz.00003.wav,5,jazz,5,jazz
4,validation,504,504,/home/dt2119/dt2119/music_classification/datasets/audios/western_data/genres_original/jazz/jazz.00004.wav,5,jazz,5,jazz
4,validation,505,505,/home/dt2119/dt2119/music_classification/datasets/audios/western_data/genres_original/jazz/jazz.00005.wav,5,jazz,5,jazz
4,validation,506,506,/home/dt2119/dt2119/music_classification/datasets/audios/western_data/genres_original/jazz/jazz.00006.wav,5,jazz,5,jazz
4,validation,507,507,/home/dt2119/dt2119/music_classification/datasets/audios/western_data/genres_original/jazz/jazz.00007.wav,5,jazz,5,jazz
4,validation,508,508,/home/dt2119/dt2119/music_classification/datasets/audios/western_data/genres_original/jazz/jazz.00008.wav,5,jazz,5,jazz
4,validation,509,509,/home/dt2119/dt2119/music_classification/datasets/audios/western_data/genres_original/jazz/jazz.00009.wav,5,jazz,5,jazz
4,validation,510,510,/home/dt2119/dt2119/music_classification/datasets/audios/western_data/genres_original/jazz/jazz.00010.wav,5,jazz,2,country
4,validation,511,511,/home/dt2119/dt2119/music_classification/datasets/audios/western_data/genres_original/jazz/jazz.00011.wav,5,jazz,5,jazz
4,validation,512,512,/home/dt2119/dt2119/music_classification/datasets/audios/western_data/genres_original/jazz/jazz.00012.wav,5,jazz,5,jazz
4,validation,513,513,/home/dt2119/dt2119/music_classification/datasets/audios/western_data/genres_original/jazz/jazz.00013.wav,5,jazz,5,jazz
4,validation,514,514,/home/dt2119/dt2119/music_classification/datasets/audios/western_data/genres_original/jazz/jazz.00014.wav,5,jazz,5,jazz
4,validation,515,515,/home/dt2119/dt2119/music_classification/datasets/audios/western_data/genres_original/jazz/jazz.00015.wav,5,jazz,5,jazz
4,validation,516,516,/home/dt2119/dt2119/music_classification/datasets/audios/western_data/genres_original/jazz/jazz.00016.wav,5,jazz,5,jazz
4,validation,517,517,/home/dt2119/dt2119/music_classification/datasets/audios/western_data/genres_original/jazz/jazz.00017.wav,5,jazz,0,blues
4,validation,518,518,/home/dt2119/dt2119/music_classification/datasets/audios/western_data/genres_original/jazz/jazz.00018.wav,5,jazz,5,jazz
4,validation,519,519,/home/dt2119/dt2119/music_classification/datasets/audios/western_data/genres_original/jazz/jazz.00019.wav,5,jazz,5,jazz
4,validation,520,520,/home/dt2119/dt2119/music_classification/datasets/audios/western_data/genres_original/jazz/jazz.00020.wav,5,jazz,5,jazz
4,validation,521,521,/home/dt2119/dt2119/music_classification/datasets/audios/western_data/genres_original/jazz/jazz.00021.wav,5,jazz,5,jazz
4,validation,522,522,/home/dt2119/dt2119/music_classification/datasets/audios/western_data/genres_original/jazz/jazz.00022.wav,5,jazz,5,jazz
4,validation,523,523,/home/dt2119/dt2119/music_classification/datasets/audios/western_data/genres_original/jazz/jazz.00023.wav,5,jazz,5,jazz
4,validation,524,524,/home/dt2119/dt2119/music_classification/datasets/audios/western_data/genres_original/jazz/jazz.00024.wav,5,jazz,5,jazz
4,validation,586,586,/home/dt2119/dt2119/music_classification/datasets/audios/western_data/genres_original/jazz/jazz.00087.wav,5,jazz,1,classical
4,validation,587,587,/home/dt2119/dt2119/music_classification/datasets/audios/western_data/genres_original/jazz/jazz.00088.wav,5,jazz,5,jazz
4,validation,588,588,/home/dt2119/dt2119/music_classification/datasets/audios/western_data/genres_original/jazz/jazz.00089.wav,5,jazz,5,jazz
4,validation,589,589,/home/dt2119/dt2119/music_classification/datasets/audios/western_data/genres_original/jazz/jazz.00090.wav,5,jazz,5,jazz
4,validation,590,590,/home/dt2119/dt2119/music_classification/datasets/audios/western_data/genres_original/jazz/jazz.00091.wav,5,jazz,5,jazz
4,validation,591,591,/home/dt2119/dt2119/music_classification/datasets/audios/western_data/genres_original/jazz/jazz.00092.wav,5,jazz,5,jazz
4,validation,592,592,/home/dt2119/dt2119/music_classification/datasets/audios/western_data/genres_original/jazz/jazz.00093.wav,5,jazz,7,pop
4,validation,608,608,/home/dt2119/dt2119/music_classification/datasets/audios/western_data/genres_original/metal/metal.00009.wav,6,metal,6,metal
4,validation,620,620,/home/dt2119/dt2119/music_classification/datasets/audios/western_data/genres_original/metal/metal.00021.wav,6,metal,6,metal
4,validation,623,623,/home/dt2119/dt2119/music_classification/datasets/audios/western_data/genres_original/metal/metal.00024.wav,6,metal,6,metal
4,validation,666,666,/home/dt2119/dt2119/music_classification/datasets/audios/western_data/genres_original/metal/metal.00067.wav,6,metal,6,metal
4,validation,667,667,/home/dt2119/dt2119/music_classification/datasets/audios/western_data/genres_original/metal/metal.00068.wav,6,metal,6,metal
4,validation,669,669,/home/dt2119/dt2119/music_classification/datasets/audios/western_data/genres_original/metal/metal.00070.wav,6,metal,3,disco
4,validation,673,673,/home/dt2119/dt2119/music_classification/datasets/audios/western_data/genres_original/metal/metal.00074.wav,6,metal,6,metal
4,validation,676,676,/home/dt2119/dt2119/music_classification/datasets/audios/western_data/genres_original/metal/metal.00077.wav,6,metal,6,metal
4,validation,680,680,/home/dt2119/dt2119/music_classification/datasets/audios/western_data/genres_original/metal/metal.00081.wav,6,metal,6,metal
4,validation,681,681,/home/dt2119/dt2119/music_classification/datasets/audios/western_data/genres_original/metal/metal.00082.wav,6,metal,6,metal
4,validation,685,685,/home/dt2119/dt2119/music_classification/datasets/audios/western_data/genres_original/metal/metal.00086.wav,6,metal,6,metal
4,validation,694,694,/home/dt2119/dt2119/music_classification/datasets/audios/western_data/genres_original/metal/metal.00095.wav,6,metal,6,metal
4,validation,695,695,/home/dt2119/dt2119/music_classification/datasets/audios/western_data/genres_original/metal/metal.00096.wav,6,metal,6,metal
4,validation,696,696,/home/dt2119/dt2119/music_classification/datasets/audios/western_data/genres_original/metal/metal.00097.wav,6,metal,6,metal
4,validation,697,697,/home/dt2119/dt2119/music_classification/datasets/audios/western_data/genres_original/metal/metal.00098.wav,6,metal,6,metal
4,validation,698,698,/home/dt2119/dt2119/music_classification/datasets/audios/western_data/genres_original/metal/metal.00099.wav,6,metal,6,metal
4,validation,700,700,/home/dt2119/dt2119/music_classification/datasets/audios/western_data/genres_original/pop/pop.00001.wav,7,pop,7,pop
4,validation,740,740,/home/dt2119/dt2119/music_classification/datasets/audios/western_data/genres_original/pop/pop.00041.wav,7,pop,2,country
4,validation,782,782,/home/dt2119/dt2119/music_classification/datasets/audios/western_data/genres_original/pop/pop.00083.wav,7,pop,7,pop
4,validation,783,783,/home/dt2119/dt2119/music_classification/datasets/audios/western_data/genres_original/pop/pop.00084.wav,7,pop,7,pop
4,validation,784,784,/home/dt2119/dt2119/music_classification/datasets/audios/western_data/genres_original/pop/pop.00085.wav,7,pop,4,hiphop
4,validation,785,785,/home/dt2119/dt2119/music_classification/datasets/audios/western_data/genres_original/pop/pop.00086.wav,7,pop,7,pop
4,validation,844,844,/home/dt2119/dt2119/music_classification/datasets/audios/western_data/genres_original/reggae/reggae.00045.wav,8,reggae,8,reggae
4,validation,845,845,/home/dt2119/dt2119/music_classification/datasets/audios/western_data/genres_original/reggae/reggae.00046.wav,8,reggae,0,blues
4,validation,846,846,/home/dt2119/dt2119/music_classification/datasets/audios/western_data/genres_original/reggae/reggae.00047.wav,8,reggae,2,country
4,validation,847,847,/home/dt2119/dt2119/music_classification/datasets/audios/western_data/genres_original/reggae/reggae.00048.wav,8,reggae,8,reggae
4,validation,863,863,/home/dt2119/dt2119/music_classification/datasets/audios/western_data/genres_original/reggae/reggae.00064.wav,8,reggae,8,reggae
4,validation,864,864,/home/dt2119/dt2119/music_classification/datasets/audios/western_data/genres_original/reggae/reggae.00065.wav,8,reggae,8,reggae
4,validation,865,865,/home/dt2119/dt2119/music_classification/datasets/audios/western_data/genres_original/reggae/reggae.00066.wav,8,reggae,8,reggae
4,validation,866,866,/home/dt2119/dt2119/music_classification/datasets/audios/western_data/genres_original/reggae/reggae.00067.wav,8,reggae,2,country
4,validation,867,867,/home/dt2119/dt2119/music_classification/datasets/audios/western_data/genres_original/reggae/reggae.00068.wav,8,reggae,8,reggae
4,validation,870,870,/home/dt2119/dt2119/music_classification/datasets/audios/western_data/genres_original/reggae/reggae.00071.wav,8,reggae,8,reggae
4,validation,878,878,/home/dt2119/dt2119/music_classification/datasets/audios/western_data/genres_original/reggae/reggae.00079.wav,8,reggae,8,reggae
4,validation,884,884,/home/dt2119/dt2119/music_classification/datasets/audios/western_data/genres_original/reggae/reggae.00085.wav,8,reggae,8,reggae
4,validation,885,885,/home/dt2119/dt2119/music_classification/datasets/audios/western_data/genres_original/reggae/reggae.00086.wav,8,reggae,4,hiphop
4,validation,887,887,/home/dt2119/dt2119/music_classification/datasets/audios/western_data/genres_original/reggae/reggae.00088.wav,8,reggae,3,disco
4,validation,892,892,/home/dt2119/dt2119/music_classification/datasets/audios/western_data/genres_original/reggae/reggae.00093.wav,8,reggae,8,reggae
4,validation,893,893,/home/dt2119/dt2119/music_classification/datasets/audios/western_data/genres_original/reggae/reggae.00094.wav,8,reggae,2,country
4,validation,894,894,/home/dt2119/dt2119/music_classification/datasets/audios/western_data/genres_original/reggae/reggae.00095.wav,8,reggae,0,blues
4,validation,895,895,/home/dt2119/dt2119/music_classification/datasets/audios/western_data/genres_original/reggae/reggae.00096.wav,8,reggae,8,reggae
4,validation,896,896,/home/dt2119/dt2119/music_classification/datasets/audios/western_data/genres_original/reggae/reggae.00097.wav,8,reggae,0,blues
4,validation,897,897,/home/dt2119/dt2119/music_classification/datasets/audios/western_data/genres_original/reggae/reggae.00098.wav,8,reggae,2,country
4,validation,898,898,/home/dt2119/dt2119/music_classification/datasets/audios/western_data/genres_original/reggae/reggae.00099.wav,8,reggae,8,reggae
4,validation,935,935,/home/dt2119/dt2119/music_classification/datasets/audios/western_data/genres_original/rock/rock.00036.wav,9,rock,9,rock
4,validation,937,937,/home/dt2119/dt2119/music_classification/datasets/audios/western_data/genres_original/rock/rock.00038.wav,9,rock,7,pop
4,validation,990,990,/home/dt2119/dt2119/music_classification/datasets/audios/western_data/genres_original/rock/rock.00091.wav,9,rock,6,metal
4,validation,991,991,/home/dt2119/dt2119/music_classification/datasets/audios/western_data/genres_original/rock/rock.00092.wav,9,rock,6,metal
4,validation,992,992,/home/dt2119/dt2119/music_classification/datasets/audios/western_data/genres_original/rock/rock.00093.wav,9,rock,9,rock
4,validation,993,993,/home/dt2119/dt2119/music_classification/datasets/audios/western_data/genres_original/rock/rock.00094.wav,9,rock,9,rock
4,validation,994,994,/home/dt2119/dt2119/music_classification/datasets/audios/western_data/genres_original/rock/rock.00095.wav,9,rock,9,rock
4,validation,995,995,/home/dt2119/dt2119/music_classification/datasets/audios/western_data/genres_original/rock/rock.00096.wav,9,rock,9,rock
4,validation,996,996,/home/dt2119/dt2119/music_classification/datasets/audios/western_data/genres_original/rock/rock.00097.wav,9,rock,9,rock
4,validation,997,997,/home/dt2119/dt2119/music_classification/datasets/audios/western_data/genres_original/rock/rock.00098.wav,9,rock,2,country
4,validation,998,998,/home/dt2119/dt2119/music_classification/datasets/audios/western_data/genres_original/rock/rock.00099.wav,9,rock,2,country
4,test,98,98,/home/dt2119/dt2119/music_classification/datasets/audios/western_data/genres_original/blues/blues.00098.wav,0,blues,0,blues
4,test,99,99,/home/dt2119/dt2119/music_classification/datasets/audios/western_data/genres_original/blues/blues.00099.wav,0,blues,2,country
4,test,100,100,/home/dt2119/dt2119/music_classification/datasets/audios/western_data/genres_original/classical/classical.00000.wav,1,classical,1,classical
4,test,101,101,/home/dt2119/dt2119/music_classification/datasets/audios/western_data/genres_original/classical/classical.00001.wav,1,classical,1,classical
4,test,102,102,/home/dt2119/dt2119/music_classification/datasets/audios/western_data/genres_original/classical/classical.00002.wav,1,classical,1,classical
4,test,103,103,/home/dt2119/dt2119/music_classification/datasets/audios/western_data/genres_original/classical/classical.00003.wav,1,classical,1,classical
4,test,104,104,/home/dt2119/dt2119/music_classification/datasets/audios/western_data/genres_original/classical/classical.00004.wav,1,classical,1,classical
4,test,147,147,/home/dt2119/dt2119/music_classification/datasets/audios/western_data/genres_original/classical/classical.00047.wav,1,classical,1,classical
4,test,152,152,/home/dt2119/dt2119/music_classification/datasets/audios/western_data/genres_original/classical/classical.00052.wav,1,classical,1,classical
4,test,155,155,/home/dt2119/dt2119/music_classification/datasets/audios/western_data/genres_original/classical/classical.00055.wav,1,classical,1,classical
4,test,157,157,/home/dt2119/dt2119/music_classification/datasets/audios/western_data/genres_original/classical/classical.00057.wav,1,classical,1,classical
4,test,200,200,/home/dt2119/dt2119/music_classification/datasets/audios/western_data/genres_original/country/country.00000.wav,2,country,2,country
4,test,202,202,/home/dt2119/dt2119/music_classification/datasets/audios/western_data/genres_original/country/country.00002.wav,2,country,0,blues
4,test,217,217,/home/dt2119/dt2119/music_classification/datasets/audios/western_data/genres_original/country/country.00017.wav,2,country,1,classical
4,test,228,228,/home/dt2119/dt2119/music_classification/datasets/audios/western_data/genres_original/country/country.00028.wav,2,country,2,country
4,test,230,230,/home/dt2119/dt2119/music_classification/datasets/audios/western_data/genres_original/country/country.00030.wav,2,country,2,country
4,test,235,235,/home/dt2119/dt2119/music_classification/datasets/audios/western_data/genres_original/country/country.00035.wav,2,country,2,country
4,test,242,242,/home/dt2119/dt2119/music_classification/datasets/audios/western_data/genres_original/country/country.00042.wav,2,country,2,country
4,test,248,248,/home/dt2119/dt2119/music_classification/datasets/audios/western_data/genres_original/country/country.00048.wav,2,country,0,blues
4,test,302,302,/home/dt2119/dt2119/music_classification/datasets/audios/western_data/genres_original/disco/disco.00002.wav,3,disco,2,country
4,test,305,305,/home/dt2119/dt2119/music_classification/datasets/audios/western_data/genres_original/disco/disco.00005.wav,3,disco,3,disco
4,test,307,307,/home/dt2119/dt2119/music_classification/datasets/audios/western_data/genres_original/disco/disco.00007.wav,3,disco,3,disco
4,test,309,309,/home/dt2119/dt2119/music_classification/datasets/audios/western_data/genres_original/disco/disco.00009.wav,3,disco,3,disco
4,test,311,311,/home/dt2119/dt2119/music_classification/datasets/audios/western_data/genres_original/disco/disco.00011.wav,3,disco,9,rock
4,test,314,314,/home/dt2119/dt2119/music_classification/datasets/audios/western_data/genres_original/disco/disco.00014.wav,3,disco,3,disco
4,test,320,320,/home/dt2119/dt2119/music_classification/datasets/audios/western_data/genres_original/disco/disco.00020.wav,3,disco,8,reggae
4,test,354,354,/home/dt2119/dt2119/music_classification/datasets/audios/western_data/genres_original/disco/disco.00054.wav,3,disco,3,disco
4,test,357,357,/home/dt2119/dt2119/music_classification/datasets/audios/western_data/genres_original/disco/disco.00057.wav,3,disco,3,disco
4,test,361,361,/home/dt2119/dt2119/music_classification/datasets/audios/western_data/genres_original/disco/disco.00061.wav,3,disco,3,disco
4,test,363,363,/home/dt2119/dt2119/music_classification/datasets/audios/western_data/genres_original/disco/disco.00063.wav,3,disco,3,disco
4,test,380,380,/home/dt2119/dt2119/music_classification/datasets/audios/western_data/genres_original/disco/disco.00080.wav,3,disco,3,disco
4,test,381,381,/home/dt2119/dt2119/music_classification/datasets/audios/western_data/genres_original/disco/disco.00081.wav,3,disco,3,disco
4,test,384,384,/home/dt2119/dt2119/music_classification/datasets/audios/western_data/genres_original/disco/disco.00084.wav,3,disco,3,disco
4,test,386,386,/home/dt2119/dt2119/music_classification/datasets/audios/western_data/genres_original/disco/disco.00086.wav,3,disco,0,blues
4,test,392,392,/home/dt2119/dt2119/music_classification/datasets/audios/western_data/genres_original/disco/disco.00092.wav,3,disco,3,disco
4,test,398,398,/home/dt2119/dt2119/music_classification/datasets/audios/western_data/genres_original/disco/disco.00098.wav,3,disco,3,disco
4,test,399,399,/home/dt2119/dt2119/music_classification/datasets/audios/western_data/genres_original/disco/disco.00099.wav,3,disco,3,disco
4,test,401,401,/home/dt2119/dt2119/music_classification/datasets/audios/western_data/genres_original/hiphop/hiphop.00001.wav,4,hiphop,2,country
4,test,407,407,/home/dt2119/dt2119/music_classification/datasets/audios/western_data/genres_original/hiphop/hiphop.00007.wav,4,hiphop,4,hiphop
4,test,441,441,/home/dt2119/dt2119/music_classification/datasets/audios/western_data/genres_original/hiphop/hiphop.00041.wav,4,hiphop,4,hiphop
4,test,442,442,/home/dt2119/dt2119/music_classification/datasets/audios/western_data/genres_original/hiphop/hiphop.00042.wav,4,hiphop,2,country
4,test,446,446,/home/dt2119/dt2119/music_classification/datasets/audios/western_data/genres_original/hiphop/hiphop.00046.wav,4,hiphop,4,hiphop
4,test,447,447,/home/dt2119/dt2119/music_classification/datasets/audios/western_data/genres_original/hiphop/hiphop.00047.wav,4,hiphop,4,hiphop
4,test,448,448,/home/dt2119/dt2119/music_classification/datasets/audios/western_data/genres_original/hiphop/hiphop.00048.wav,4,hiphop,4,hiphop
4,test,449,449,/home/dt2119/dt2119/music_classification/datasets/audios/western_data/genres_original/hiphop/hiphop.00049.wav,4,hiphop,0,blues
4,test,450,450,/home/dt2119/dt2119/music_classification/datasets/audios/western_data/genres_original/hiphop/hiphop.00050.wav,4,hiphop,2,country
4,test,451,451,/home/dt2119/dt2119/music_classification/datasets/audios/western_data/genres_original/hiphop/hiphop.00051.wav,4,hiphop,0,blues
4,test,462,462,/home/dt2119/dt2119/music_classification/datasets/audios/western_data/genres_original/hiphop/hiphop.00062.wav,4,hiphop,8,reggae
4,test,463,463,/home/dt2119/dt2119/music_classification/datasets/audios/western_data/genres_original/hiphop/hiphop.00063.wav,4,hiphop,8,reggae
4,test,464,464,/home/dt2119/dt2119/music_classification/datasets/audios/western_data/genres_original/hiphop/hiphop.00064.wav,4,hiphop,4,hiphop
4,test,465,465,/home/dt2119/dt2119/music_classification/datasets/audios/western_data/genres_original/hiphop/hiphop.00065.wav,4,hiphop,4,hiphop
4,test,466,466,/home/dt2119/dt2119/music_classification/datasets/audios/western_data/genres_original/hiphop/hiphop.00066.wav,4,hiphop,4,hiphop
4,test,467,467,/home/dt2119/dt2119/music_classification/datasets/audios/western_data/genres_original/hiphop/hiphop.00067.wav,4,hiphop,4,hiphop
4,test,468,468,/home/dt2119/dt2119/music_classification/datasets/audios/western_data/genres_original/hiphop/hiphop.00068.wav,4,hiphop,4,hiphop
4,test,469,469,/home/dt2119/dt2119/music_classification/datasets/audios/western_data/genres_original/hiphop/hiphop.00069.wav,4,hiphop,2,country
4,test,470,470,/home/dt2119/dt2119/music_classification/datasets/audios/western_data/genres_original/hiphop/hiphop.00070.wav,4,hiphop,4,hiphop
4,test,471,471,/home/dt2119/dt2119/music_classification/datasets/audios/western_data/genres_original/hiphop/hiphop.00071.wav,4,hiphop,4,hiphop
4,test,472,472,/home/dt2119/dt2119/music_classification/datasets/audios/western_data/genres_original/hiphop/hiphop.00072.wav,4,hiphop,2,country
4,test,473,473,/home/dt2119/dt2119/music_classification/datasets/audios/western_data/genres_original/hiphop/hiphop.00073.wav,4,hiphop,4,hiphop
4,test,474,474,/home/dt2119/dt2119/music_classification/datasets/audios/western_data/genres_original/hiphop/hiphop.00074.wav,4,hiphop,4,hiphop
4,test,475,475,/home/dt2119/dt2119/music_classification/datasets/audios/western_data/genres_original/hiphop/hiphop.00075.wav,4,hiphop,4,hiphop
4,test,476,476,/home/dt2119/dt2119/music_classification/datasets/audios/western_data/genres_original/hiphop/hiphop.00076.wav,4,hiphop,4,hiphop
4,test,478,478,/home/dt2119/dt2119/music_classification/datasets/audios/western_data/genres_original/hiphop/hiphop.00078.wav,4,hiphop,4,hiphop
4,test,481,481,/home/dt2119/dt2119/music_classification/datasets/audios/western_data/genres_original/hiphop/hiphop.00081.wav,4,hiphop,4,hiphop
4,test,482,482,/home/dt2119/dt2119/music_classification/datasets/audios/western_data/genres_original/hiphop/hiphop.00082.wav,4,hiphop,4,hiphop
4,test,483,483,/home/dt2119/dt2119/music_classification/datasets/audios/western_data/genres_original/hiphop/hiphop.00083.wav,4,hiphop,4,hiphop
4,test,484,484,/home/dt2119/dt2119/music_classification/datasets/audios/western_data/genres_original/hiphop/hiphop.00084.wav,4,hiphop,8,reggae
4,test,485,485,/home/dt2119/dt2119/music_classification/datasets/audios/western_data/genres_original/hiphop/hiphop.00085.wav,4,hiphop,4,hiphop
4,test,486,486,/home/dt2119/dt2119/music_classification/datasets/audios/western_data/genres_original/hiphop/hiphop.00086.wav,4,hiphop,7,pop
4,test,487,487,/home/dt2119/dt2119/music_classification/datasets/audios/western_data/genres_original/hiphop/hiphop.00087.wav,4,hiphop,8,reggae
4,test,488,488,/home/dt2119/dt2119/music_classification/datasets/audios/western_data/genres_original/hiphop/hiphop.00088.wav,4,hiphop,4,hiphop
4,test,489,489,/home/dt2119/dt2119/music_classification/datasets/audios/western_data/genres_original/hiphop/hiphop.00089.wav,4,hiphop,4,hiphop
4,test,490,490,/home/dt2119/dt2119/music_classification/datasets/audios/western_data/genres_original/hiphop/hiphop.00090.wav,4,hiphop,4,hiphop
4,test,491,491,/home/dt2119/dt2119/music_classification/datasets/audios/western_data/genres_original/hiphop/hiphop.00091.wav,4,hiphop,4,hiphop
4,test,492,492,/home/dt2119/dt2119/music_classification/datasets/audios/western_data/genres_original/hiphop/hiphop.00092.wav,4,hiphop,4,hiphop
4,test,493,493,/home/dt2119/dt2119/music_classification/datasets/audios/western_data/genres_original/hiphop/hiphop.00093.wav,4,hiphop,4,hiphop
4,test,494,494,/home/dt2119/dt2119/music_classification/datasets/audios/western_data/genres_original/hiphop/hiphop.00094.wav,4,hiphop,8,reggae
4,test,495,495,/home/dt2119/dt2119/music_classification/datasets/audios/western_data/genres_original/hiphop/hiphop.00095.wav,4,hiphop,3,disco
4,test,496,496,/home/dt2119/dt2119/music_classification/datasets/audios/western_data/genres_original/hiphop/hiphop.00096.wav,4,hiphop,4,hiphop
4,test,497,497,/home/dt2119/dt2119/music_classification/datasets/audios/western_data/genres_original/hiphop/hiphop.00097.wav,4,hiphop,4,hiphop
4,test,498,498,/home/dt2119/dt2119/music_classification/datasets/audios/western_data/genres_original/hiphop/hiphop.00098.wav,4,hiphop,4,hiphop
4,test,499,499,/home/dt2119/dt2119/music_classification/datasets/audios/western_data/genres_original/hiphop/hiphop.00099.wav,4,hiphop,4,hiphop
4,test,500,500,/home/dt2119/dt2119/music_classification/datasets/audios/western_data/genres_original/jazz/jazz.00000.wav,5,jazz,1,classical
4,test,501,501,/home/dt2119/dt2119/music_classification/datasets/audios/western_data/genres_original/jazz/jazz.00001.wav,5,jazz,1,classical
4,test,549,549,/home/dt2119/dt2119/music_classification/datasets/audios/western_data/genres_original/jazz/jazz.00049.wav,5,jazz,0,blues
4,test,552,552,/home/dt2119/dt2119/music_classification/datasets/audios/western_data/genres_original/jazz/jazz.00052.wav,5,jazz,5,jazz
4,test,562,562,/home/dt2119/dt2119/music_classification/datasets/audios/western_data/genres_original/jazz/jazz.00063.wav,5,jazz,5,jazz
4,test,572,572,/home/dt2119/dt2119/music_classification/datasets/audios/western_data/genres_original/jazz/jazz.00073.wav,5,jazz,5,jazz
4,test,573,573,/home/dt2119/dt2119/music_classification/datasets/audios/western_data/genres_original/jazz/jazz.00074.wav,5,jazz,5,jazz
4,test,574,574,/home/dt2119/dt2119/music_classification/datasets/audios/western_data/genres_original/jazz/jazz.00075.wav,5,jazz,5,jazz
4,test,575,575,/home/dt2119/dt2119/music_classification/datasets/audios/western_data/genres_original/jazz/jazz.00076.wav,5,jazz,2,country
4,test,576,576,/home/dt2119/dt2119/music_classification/datasets/audios/western_data/genres_original/jazz/jazz.00077.wav,5,jazz,5,jazz
4,test,577,577,/home/dt2119/dt2119/music_classification/datasets/audios/western_data/genres_original/jazz/jazz.00078.wav,5,jazz,5,jazz
4,test,605,605,/home/dt2119/dt2119/music_classification/datasets/audios/western_data/genres_original/metal/metal.00006.wav,6,metal,6,metal
4,test,636,636,/home/dt2119/dt2119/music_classification/datasets/audios/western_data/genres_original/metal/metal.00037.wav,6,metal,6,metal
4,test,645,645,/home/dt2119/dt2119/music_classification/datasets/audios/western_data/genres_original/metal/metal.00046.wav,6,metal,6,metal
4,test,646,646,/home/dt2119/dt2119/music_classification/datasets/audios/western_data/genres_original/metal/metal.00047.wav,6,metal,6,metal
4,test,647,647,/home/dt2119/dt2119/music_classification/datasets/audios/western_data/genres_original/metal/metal.00048.wav,6,metal,6,metal
4,test,648,648,/home/dt2119/dt2119/music_classification/datasets/audios/western_data/genres_original/metal/metal.00049.wav,6,metal,6,metal
4,test,649,649,/home/dt2119/dt2119/music_classification/datasets/audios/western_data/genres_original/metal/metal.00050.wav,6,metal,6,metal
4,test,650,650,/home/dt2119/dt2119/music_classification/datasets/audios/western_data/genres_original/metal/metal.00051.wav,6,metal,6,metal
4,test,651,651,/home/dt2119/dt2119/music_classification/datasets/audios/western_data/genres_original/metal/metal.00052.wav,6,metal,6,metal
4,test,652,652,/home/dt2119/dt2119/music_classification/datasets/audios/western_data/genres_original/metal/metal.00053.wav,6,metal,6,metal
4,test,653,653,/home/dt2119/dt2119/music_classification/datasets/audios/western_data/genres_original/metal/metal.00054.wav,6,metal,6,metal
4,test,654,654,/home/dt2119/dt2119/music_classification/datasets/audios/western_data/genres_original/metal/metal.00055.wav,6,metal,6,metal
4,test,655,655,/home/dt2119/dt2119/music_classification/datasets/audios/western_data/genres_original/metal/metal.00056.wav,6,metal,6,metal
4,test,656,656,/home/dt2119/dt2119/music_classification/datasets/audios/western_data/genres_original/metal/metal.00057.wav,6,metal,6,metal
4,test,670,670,/home/dt2119/dt2119/music_classification/datasets/audios/western_data/genres_original/metal/metal.00071.wav,6,metal,3,disco
4,test,678,678,/home/dt2119/dt2119/music_classification/datasets/audios/western_data/genres_original/metal/metal.00079.wav,6,metal,6,metal
4,test,679,679,/home/dt2119/dt2119/music_classification/datasets/audios/western_data/genres_original/metal/metal.00080.wav,6,metal,3,disco
4,test,684,684,/home/dt2119/dt2119/music_classification/datasets/audios/western_data/genres_original/metal/metal.00085.wav,6,metal,6,metal
4,test,709,709,/home/dt2119/dt2119/music_classification/datasets/audios/western_data/genres_original/pop/pop.00010.wav,7,pop,2,country
4,test,713,713,/home/dt2119/dt2119/music_classification/datasets/audios/western_data/genres_original/pop/pop.00014.wav,7,pop,8,reggae
4,test,742,742,/home/dt2119/dt2119/music_classification/datasets/audios/western_data/genres_original/pop/pop.00043.wav,7,pop,7,pop
4,test,743,743,/home/dt2119/dt2119/music_classification/datasets/audios/western_data/genres_original/pop/pop.00044.wav,7,pop,7,pop
4,test,744,744,/home/dt2119/dt2119/music_classification/datasets/audios/western_data/genres_original/pop/pop.00045.wav,7,pop,7,pop
4,test,745,745,/home/dt2119/dt2119/music_classification/datasets/audios/western_data/genres_original/pop/pop.00046.wav,7,pop,7,pop
4,test,746,746,/home/dt2119/dt2119/music_classification/datasets/audios/western_data/genres_original/pop/pop.00047.wav,7,pop,7,pop
4,test,747,747,/home/dt2119/dt2119/music_classification/datasets/audios/western_data/genres_original/pop/pop.00048.wav,7,pop,7,pop
4,test,748,748,/home/dt2119/dt2119/music_classification/datasets/audios/western_data/genres_original/pop/pop.00049.wav,7,pop,7,pop
4,test,749,749,/home/dt2119/dt2119/music_classification/datasets/audios/western_data/genres_original/pop/pop.00050.wav,7,pop,7,pop
4,test,750,750,/home/dt2119/dt2119/music_classification/datasets/audios/western_data/genres_original/pop/pop.00051.wav,7,pop,7,pop
4,test,762,762,/home/dt2119/dt2119/music_classification/datasets/audios/western_data/genres_original/pop/pop.00063.wav,7,pop,7,pop
4,test,763,763,/home/dt2119/dt2119/music_classification/datasets/audios/western_data/genres_original/pop/pop.00064.wav,7,pop,7,pop
4,test,764,764,/home/dt2119/dt2119/music_classification/datasets/audios/western_data/genres_original/pop/pop.00065.wav,7,pop,7,pop
4,test,765,765,/home/dt2119/dt2119/music_classification/datasets/audios/western_data/genres_original/pop/pop.00066.wav,7,pop,7,pop
4,test,779,779,/home/dt2119/dt2119/music_classification/datasets/audios/western_data/genres_original/pop/pop.00080.wav,7,pop,7,pop
4,test,851,851,/home/dt2119/dt2119/music_classification/datasets/audios/western_data/genres_original/reggae/reggae.00052.wav,8,reggae,4,hiphop
4,test,869,869,/home/dt2119/dt2119/music_classification/datasets/audios/western_data/genres_original/reggae/reggae.00070.wav,8,reggae,2,country
4,test,875,875,/home/dt2119/dt2119/music_classification/datasets/audios/western_data/genres_original/reggae/reggae.00076.wav,8,reggae,8,reggae
4,test,876,876,/home/dt2119/dt2119/music_classification/datasets/audios/western_data/genres_original/reggae/reggae.00077.wav,8,reggae,8,reggae
4,test,877,877,/home/dt2119/dt2119/music_classification/datasets/audios/western_data/genres_original/reggae/reggae.00078.wav,8,reggae,8,reggae
4,test,882,882,/home/dt2119/dt2119/music_classification/datasets/audios/western_data/genres_original/reggae/reggae.00083.wav,8,reggae,2,country
4,test,883,883,/home/dt2119/dt2119/music_classification/datasets/audios/western_data/genres_original/reggae/reggae.00084.wav,8,reggae,0,blues
4,test,886,886,/home/dt2119/dt2119/music_classification/datasets/audios/western_data/genres_original/reggae/reggae.00087.wav,8,reggae,8,reggae
4,test,931,931,/home/dt2119/dt2119/music_classification/datasets/audios/western_data/genres_original/rock/rock.00032.wav,9,rock,6,metal
4,test,938,938,/home/dt2119/dt2119/music_classification/datasets/audios/western_data/genres_original/rock/rock.00039.wav,9,rock,6,metal
4,test,939,939,/home/dt2119/dt2119/music_classification/datasets/audios/western_data/genres_original/rock/rock.00040.wav,9,rock,9,rock
4,test,940,940,/home/dt2119/dt2119/music_classification/datasets/audios/western_data/genres_original/rock/rock.00041.wav,9,rock,9,rock
4,test,941,941,/home/dt2119/dt2119/music_classification/datasets/audios/western_data/genres_original/rock/rock.00042.wav,9,rock,3,disco
4,test,942,942,/home/dt2119/dt2119/music_classification/datasets/audios/western_data/genres_original/rock/rock.00043.wav,9,rock,6,metal
4,test,943,943,/home/dt2119/dt2119/music_classification/datasets/audios/western_data/genres_original/rock/rock.00044.wav,9,rock,7,pop
4,test,944,944,/home/dt2119/dt2119/music_classification/datasets/audios/western_data/genres_original/rock/rock.00045.wav,9,rock,2,country
4,test,945,945,/home/dt2119/dt2119/music_classification/datasets/audios/western_data/genres_original/rock/rock.00046.wav,9,rock,9,rock
4,test,946,946,/home/dt2119/dt2119/music_classification/datasets/audios/western_data/genres_original/rock/rock.00047.wav,9,rock,9,rock
4,test,947,947,/home/dt2119/dt2119/music_classification/datasets/audios/western_data/genres_original/rock/rock.00048.wav,9,rock,9,rock
4,test,956,956,/home/dt2119/dt2119/music_classification/datasets/audios/western_data/genres_original/rock/rock.00057.wav,9,rock,9,rock
4,test,957,957,/home/dt2119/dt2119/music_classification/datasets/audios/western_data/genres_original/rock/rock.00058.wav,9,rock,2,country
4,test,958,958,/home/dt2119/dt2119/music_classification/datasets/audios/western_data/genres_original/rock/rock.00059.wav,9,rock,2,country
4,test,959,959,/home/dt2119/dt2119/music_classification/datasets/audios/western_data/genres_original/rock/rock.00060.wav,9,rock,6,metal
4,test,960,960,/home/dt2119/dt2119/music_classification/datasets/audios/western_data/genres_original/rock/rock.00061.wav,9,rock,7,pop
4,test,961,961,/home/dt2119/dt2119/music_classification/datasets/audios/western_data/genres_original/rock/rock.00062.wav,9,rock,4,hiphop
4,test,962,962,/home/dt2119/dt2119/music_classification/datasets/audios/western_data/genres_original/rock/rock.00063.wav,9,rock,2,country
4,test,970,970,/home/dt2119/dt2119/music_classification/datasets/audios/western_data/genres_original/rock/rock.00071.wav,9,rock,9,rock
4,test,971,971,/home/dt2119/dt2119/music_classification/datasets/audios/western_data/genres_original/rock/rock.00072.wav,9,rock,9,rock
4,test,972,972,/home/dt2119/dt2119/music_classification/datasets/audios/western_data/genres_original/rock/rock.00073.wav,9,rock,9,rock
4,test,973,973,/home/dt2119/dt2119/music_classification/datasets/audios/western_data/genres_original/rock/rock.00074.wav,9,rock,9,rock
4,test,974,974,/home/dt2119/dt2119/music_classification/datasets/audios/western_data/genres_original/rock/rock.00075.wav,9,rock,9,rock
4,test,975,975,/home/dt2119/dt2119/music_classification/datasets/audios/western_data/genres_original/rock/rock.00076.wav,9,rock,2,country
4,test,976,976,/home/dt2119/dt2119/music_classification/datasets/audios/western_data/genres_original/rock/rock.00077.wav,9,rock,8,reggae
4,test,977,977,/home/dt2119/dt2119/music_classification/datasets/audios/western_data/genres_original/rock/rock.00078.wav,9,rock,2,country
5,train,683,683,/home/dt2119/dt2119/music_classification/datasets/audios/western_data/genres_original/metal/metal.00084.wav,6,metal,6,metal
5,train,891,891,/home/dt2119/dt2119/music_classification/datasets/audios/western_data/genres_original/reggae/reggae.00092.wav,8,reggae,8,reggae
5,train,43,43,/home/dt2119/dt2119/music_classification/datasets/audios/western_data/genres_original/blues/blues.00043.wav,0,blues,0,blues
5,train,765,765,/home/dt2119/dt2119/music_classification/datasets/audios/western_data/genres_original/pop/pop.00066.wav,7,pop,7,pop
5,train,217,217,/home/dt2119/dt2119/music_classification/datasets/audios/western_data/genres_original/country/country.00017.wav,2,country,2,country
5,train,73,73,/home/dt2119/dt2119/music_classification/datasets/audios/western_data/genres_original/blues/blues.00073.wav,0,blues,0,blues
5,train,876,876,/home/dt2119/dt2119/music_classification/datasets/audios/western_data/genres_original/reggae/reggae.00077.wav,8,reggae,8,reggae
5,train,578,578,/home/dt2119/dt2119/music_classification/datasets/audios/western_data/genres_original/jazz/jazz.00079.wav,5,jazz,5,jazz
5,train,582,582,/home/dt2119/dt2119/music_classification/datasets/audios/western_data/genres_original/jazz/jazz.00083.wav,5,jazz,5,jazz
5,train,631,631,/home/dt2119/dt2119/music_classification/datasets/audios/western_data/genres_original/metal/metal.00032.wav,6,metal,6,metal
5,train,629,629,/home/dt2119/dt2119/music_classification/datasets/audios/western_data/genres_original/metal/metal.00030.wav,6,metal,6,metal
5,train,216,216,/home/dt2119/dt2119/music_classification/datasets/audios/western_data/genres_original/country/country.00016.wav,2,country,2,country
5,train,986,986,/home/dt2119/dt2119/music_classification/datasets/audios/western_data/genres_original/rock/rock.00087.wav,9,rock,9,rock
5,train,166,166,/home/dt2119/dt2119/music_classification/datasets/audios/western_data/genres_original/classical/classical.00066.wav,1,classical,1,classical
5,train,285,285,/home/dt2119/dt2119/music_classification/datasets/audios/western_data/genres_original/country/country.00085.wav,2,country,2,country
5,train,630,630,/home/dt2119/dt2119/music_classification/datasets/audios/western_data/genres_original/metal/metal.00031.wav,6,metal,6,metal
5,train,386,386,/home/dt2119/dt2119/music_classification/datasets/audios/western_data/genres_original/disco/disco.00086.wav,3,disco,3,disco
5,train,152,152,/home/dt2119/dt2119/music_classification/datasets/audios/western_data/genres_original/classical/classical.00052.wav,1,classical,1,classical
5,train,42,42,/home/dt2119/dt2119/music_classification/datasets/audios/western_data/genres_original/blues/blues.00042.wav,0,blues,0,blues
5,train,755,755,/home/dt2119/dt2119/music_classification/datasets/audios/western_data/genres_original/pop/pop.00056.wav,7,pop,7,pop
5,train,10,10,/home/dt2119/dt2119/music_classification/datasets/audios/western_data/genres_original/blues/blues.00010.wav,0,blues,0,blues
5,train,292,292,/home/dt2119/dt2119/music_classification/datasets/audios/western_data/genres_original/country/country.00092.wav,2,country,2,country
5,train,632,632,/home/dt2119/dt2119/music_classification/datasets/audios/western_data/genres_original/metal/metal.00033.wav,6,metal,6,metal
5,train,717,717,/home/dt2119/dt2119/music_classification/datasets/audios/western_data/genres_original/pop/pop.00018.wav,7,pop,7,pop
5,train,651,651,/home/dt2119/dt2119/music_classification/datasets/audios/western_data/genres_original/metal/metal.00052.wav,6,metal,6,metal
5,train,953,953,/home/dt2119/dt2119/music_classification/datasets/audios/western_data/genres_original/rock/rock.00054.wav,9,rock,9,rock
5,train,37,37,/home/dt2119/dt2119/music_classification/datasets/audios/western_data/genres_original/blues/blues.00037.wav,0,blues,0,blues
5,train,646,646,/home/dt2119/dt2119/music_classification/datasets/audios/western_data/genres_original/metal/metal.00047.wav,6,metal,6,metal
5,train,727,727,/home/dt2119/dt2119/music_classification/datasets/audios/western_data/genres_original/pop/pop.00028.wav,7,pop,7,pop
5,train,374,374,/home/dt2119/dt2119/music_classification/datasets/audios/western_data/genres_original/disco/disco.00074.wav,3,disco,3,disco
5,train,733,733,/home/dt2119/dt2119/music_classification/datasets/audios/western_data/genres_original/pop/pop.00034.wav,7,pop,7,pop
5,train,752,752,/home/dt2119/dt2119/music_classification/datasets/audios/western_data/genres_original/pop/pop.00053.wav,7,pop,7,pop
5,train,624,624,/home/dt2119/dt2119/music_classification/datasets/audios/western_data/genres_original/metal/metal.00025.wav,6,metal,6,metal
5,train,146,146,/home/dt2119/dt2119/music_classification/datasets/audios/western_data/genres_original/classical/classical.00046.wav,1,classical,1,classical
5,train,763,763,/home/dt2119/dt2119/music_classification/datasets/audios/western_data/genres_original/pop/pop.00064.wav,7,pop,7,pop
5,train,301,301,/home/dt2119/dt2119/music_classification/datasets/audios/western_data/genres_original/disco/disco.00001.wav,3,disco,3,disco
5,train,446,446,/home/dt2119/dt2119/music_classification/datasets/audios/western_data/genres_original/hiphop/hiphop.00046.wav,4,hiphop,4,hiphop
5,train,319,319,/home/dt2119/dt2119/music_classification/datasets/audios/western_data/genres_original/disco/disco.00019.wav,3,disco,3,disco
5,train,260,260,/home/dt2119/dt2119/music_classification/datasets/audios/western_data/genres_original/country/country.00060.wav,2,country,2,country
5,train,577,577,/home/dt2119/dt2119/music_classification/datasets/audios/western_data/genres_original/jazz/jazz.00078.wav,5,jazz,5,jazz
5,train,392,392,/home/dt2119/dt2119/music_classification/datasets/audios/western_data/genres_original/disco/disco.00092.wav,3,disco,3,disco
5,train,398,398,/home/dt2119/dt2119/music_classification/datasets/audios/western_data/genres_original/disco/disco.00098.wav,3,disco,3,disco
5,train,157,157,/home/dt2119/dt2119/music_classification/datasets/audios/western_data/genres_original/classical/classical.00057.wav,1,classical,1,classical
5,train,99,99,/home/dt2119/dt2119/music_classification/datasets/audios/western_data/genres_original/blues/blues.00099.wav,0,blues,0,blues
5,train,780,780,/home/dt2119/dt2119/music_classification/datasets/audios/western_data/genres_original/pop/pop.00081.wav,7,pop,7,pop
5,train,552,552,/home/dt2119/dt2119/music_classification/datasets/audios/western_data/genres_original/jazz/jazz.00052.wav,5,jazz,5,jazz
5,train,41,41,/home/dt2119/dt2119/music_classification/datasets/audios/western_data/genres_original/blues/blues.00041.wav,0,blues,0,blues
5,train,83,83,/home/dt2119/dt2119/music_classification/datasets/audios/western_data/genres_original/blues/blues.00083.wav,0,blues,0,blues
5,train,77,77,/home/dt2119/dt2119/music_classification/datasets/audios/western_data/genres_original/blues/blues.00077.wav,0,blues,0,blues
5,train,850,850,/home/dt2119/dt2119/music_classification/datasets/audios/western_data/genres_original/reggae/reggae.00051.wav,8,reggae,8,reggae
5,train,594,594,/home/dt2119/dt2119/music_classification/datasets/audios/western_data/genres_original/jazz/jazz.00095.wav,5,jazz,5,jazz
5,train,936,936,/home/dt2119/dt2119/music_classification/datasets/audios/western_data/genres_original/rock/rock.00037.wav,9,rock,9,rock
5,train,78,78,/home/dt2119/dt2119/music_classification/datasets/audios/western_data/genres_original/blues/blues.00078.wav,0,blues,0,blues
5,train,271,271,/home/dt2119/dt2119/music_classification/datasets/audios/western_data/genres_original/country/country.00071.wav,2,country,2,country
5,train,976,976,/home/dt2119/dt2119/music_classification/datasets/audios/western_data/genres_original/rock/rock.00077.wav,9,rock,9,rock
5,train,851,851,/home/dt2119/dt2119/music_classification/datasets/audios/western_data/genres_original/reggae/reggae.00052.wav,8,reggae,4,hiphop
5,train,244,244,/home/dt2119/dt2119/music_classification/datasets/audios/western_data/genres_original/country/country.00044.wav,2,country,2,country
5,train,103,103,/home/dt2119/dt2119/music_classification/datasets/audios/western_data/genres_original/classical/classical.00003.wav,1,classical,1,classical
5,train,501,501,/home/dt2119/dt2119/music_classification/datasets/audios/western_data/genres_original/jazz/jazz.00001.wav,5,jazz,5,jazz
5,train,574,574,/home/dt2119/dt2119/music_classification/datasets/audios/western_data/genres_original/jazz/jazz.00075.wav,5,jazz,5,jazz
5,train,380,380,/home/dt2119/dt2119/music_classification/datasets/audios/western_data/genres_original/disco/disco.00080.wav,3,disco,3,disco
5,train,163,163,/home/dt2119/dt2119/music_classification/datasets/audios/western_data/genres_original/classical/classical.00063.wav,1,classical,1,classical
5,train,262,262,/home/dt2119/dt2119/music_classification/datasets/audios/western_data/genres_original/country/country.00062.wav,2,country,2,country
5,train,310,310,/home/dt2119/dt2119/music_classification/datasets/audios/western_data/genres_original/disco/disco.00010.wav,3,disco,3,disco
5,train,293,293,/home/dt2119/dt2119/music_classification/datasets/audios/western_data/genres_original/country/country.00093.wav,2,country,2,country
5,train,962,962,/home/dt2119/dt2119/music_classification/datasets/audios/western_data/genres_original/rock/rock.00063.wav,9,rock,9,rock
5,train,235,235,/home/dt2119/dt2119/music_classification/datasets/audios/western_data/genres_original/country/country.00035.wav,2,country,2,country
5,train,46,46,/home/dt2119/dt2119/music_classification/datasets/audios/western_data/genres_original/blues/blues.00046.wav,0,blues,0,blues
5,train,476,476,/home/dt2119/dt2119/music_classification/datasets/audios/western_data/genres_original/hiphop/hiphop.00076.wav,4,hiphop,4,hiphop
5,train,756,756,/home/dt2119/dt2119/music_classification/datasets/audios/western_data/genres_original/pop/pop.00057.wav,7,pop,7,pop
5,train,247,247,/home/dt2119/dt2119/music_classification/datasets/audios/western_data/genres_original/country/country.00047.wav,2,country,2,country
5,train,382,382,/home/dt2119/dt2119/music_classification/datasets/audios/western_data/genres_original/disco/disco.00082.wav,3,disco,3,disco
5,train,737,737,/home/dt2119/dt2119/music_classification/datasets/audios/western_data/genres_original/pop/pop.00038.wav,7,pop,7,pop
5,train,598,598,/home/dt2119/dt2119/music_classification/datasets/audios/western_data/genres_original/jazz/jazz.00099.wav,5,jazz,5,jazz
5,train,583,583,/home/dt2119/dt2119/music_classification/datasets/audios/western_data/genres_original/jazz/jazz.00084.wav,5,jazz,5,jazz
5,train,874,874,/home/dt2119/dt2119/music_classification/datasets/audios/western_data/genres_original/reggae/reggae.00075.wav,8,reggae,8,reggae
5,train,678,678,/home/dt2119/dt2119/music_classification/datasets/audios/western_data/genres_original/metal/metal.00079.wav,6,metal,6,metal
5,train,636,636,/home/dt2119/dt2119/music_classification/datasets/audios/western_data/genres_original/metal/metal.00037.wav,6,metal,6,metal
5,train,654,654,/home/dt2119/dt2119/music_classification/datasets/audios/western_data/genres_original/metal/metal.00055.wav,6,metal,6,metal
5,train,267,267,/home/dt2119/dt2119/music_classification/datasets/audios/western_data/genres_original/country/country.00067.wav,2,country,2,country
5,train,619,619,/home/dt2119/dt2119/music_classification/datasets/audios/western_data/genres_original/metal/metal.00020.wav,6,metal,6,metal
5,train,236,236,/home/dt2119/dt2119/music_classification/datasets/audios/western_data/genres_original/country/country.00036.wav,2,country,9,rock
5,train,938,938,/home/dt2119/dt2119/music_classification/datasets/audios/western_data/genres_original/rock/rock.00039.wav,9,rock,9,rock
5,train,843,843,/home/dt2119/dt2119/music_classification/datasets/audios/western_data/genres_original/reggae/reggae.00044.wav,8,reggae,8,reggae
5,train,204,204,/home/dt2119/dt2119/music_classification/datasets/audios/western_data/genres_original/country/country.00004.wav,2,country,2,country
5,train,730,730,/home/dt2119/dt2119/music_classification/datasets/audios/western_data/genres_original/pop/pop.00031.wav,7,pop,7,pop
5,train,462,462,/home/dt2119/dt2119/music_classification/datasets/audios/western_data/genres_original/hiphop/hiphop.00062.wav,4,hiphop,4,hiphop
5,train,275,275,/home/dt2119/dt2119/music_classification/datasets/audios/western_data/genres_original/country/country.00075.wav,2,country,2,country
5,train,830,830,/home/dt2119/dt2119/music_classification/datasets/audios/western_data/genres_original/reggae/reggae.00031.wav,8,reggae,8,reggae
5,train,254,254,/home/dt2119/dt2119/music_classification/datasets/audios/western_data/genres_original/country/country.00054.wav,2,country,2,country
5,train,945,945,/home/dt2119/dt2119/music_classification/datasets/audios/western_data/genres_original/rock/rock.00046.wav,9,rock,9,rock
5,train,447,447,/home/dt2119/dt2119/music_classification/datasets/audios/western_data/genres_original/hiphop/hiphop.00047.wav,4,hiphop,4,hiphop
5,train,677,677,/home/dt2119/dt2119/music_classification/datasets/audios/western_data/genres_original/metal/metal.00078.wav,6,metal,6,metal
5,train,774,774,/home/dt2119/dt2119/music_classification/datasets/audios/western_data/genres_original/pop/pop.00075.wav,7,pop,7,pop
5,train,261,261,/home/dt2119/dt2119/music_classification/datasets/audios/western_data/genres_original/country/country.00061.wav,2,country,2,country
5,train,5,5,/home/dt2119/dt2119/music_classification/datasets/audios/western_data/genres_original/blues/blues.00005.wav,0,blues,0,blues
5,train,228,228,/home/dt2119/dt2119/music_classification/datasets/audios/western_data/genres_original/country/country.00028.wav,2,country,2,country
5,train,832,832,/home/dt2119/dt2119/music_classification/datasets/audios/western_data/genres_original/reggae/reggae.00033.wav,8,reggae,8,reggae
5,train,736,736,/home/dt2119/dt2119/music_classification/datasets/audios/western_data/genres_original/pop/pop.00037.wav,7,pop,7,pop
5,train,977,977,/home/dt2119/dt2119/music_classification/datasets/audios/western_data/genres_original/rock/rock.00078.wav,9,rock,9,rock
5,train,162,162,/home/dt2119/dt2119/music_classification/datasets/audios/western_data/genres_original/classical/classical.00062.wav,1,classical,1,classical
5,train,2,2,/home/dt2119/dt2119/music_classification/datasets/audios/western_data/genres_original/blues/blues.00002.wav,0,blues,0,blues
5,train,956,956,/home/dt2119/dt2119/music_classification/datasets/audios/western_data/genres_original/rock/rock.00057.wav,9,rock,9,rock
5,train,279,279,/home/dt2119/dt2119/music_classification/datasets/audios/western_data/genres_original/country/country.00079.wav,2,country,2,country
5,train,164,164,/home/dt2119/dt2119/music_classification/datasets/audios/western_data/genres_original/classical/classical.00064.wav,1,classical,1,classical
5,train,729,729,/home/dt2119/dt2119/music_classification/datasets/audios/western_data/genres_original/pop/pop.00030.wav,7,pop,7,pop
5,train,494,494,/home/dt2119/dt2119/music_classification/datasets/audios/western_data/genres_original/hiphop/hiphop.00094.wav,4,hiphop,4,hiphop
5,train,307,307,/home/dt2119/dt2119/music_classification/datasets/audios/western_data/genres_original/disco/disco.00007.wav,3,disco,3,disco
5,train,974,974,/home/dt2119/dt2119/music_classification/datasets/audios/western_data/genres_original/rock/rock.00075.wav,9,rock,9,rock
5,train,612,612,/home/dt2119/dt2119/music_classification/datasets/audios/western_data/genres_original/metal/metal.00013.wav,6,metal,6,metal
5,train,900,900,/home/dt2119/dt2119/music_classification/datasets/audios/western_data/genres_original/rock/rock.00001.wav,9,rock,9,rock
5,train,970,970,/home/dt2119/dt2119/music_classification/datasets/audios/western_data/genres_original/rock/rock.00071.wav,9,rock,9,rock
5,train,469,469,/home/dt2119/dt2119/music_classification/datasets/audios/western_data/genres_original/hiphop/hiphop.00069.wav,4,hiphop,4,hiphop
5,train,328,328,/home/dt2119/dt2119/music_classification/datasets/audios/western_data/genres_original/disco/disco.00028.wav,3,disco,3,disco
5,train,453,453,/home/dt2119/dt2119/music_classification/datasets/audios/western_data/genres_original/hiphop/hiphop.00053.wav,4,hiphop,4,hiphop
5,train,776,776,/home/dt2119/dt2119/music_classification/datasets/audios/western_data/genres_original/pop/pop.00077.wav,7,pop,7,pop
5,train,768,768,/home/dt2119/dt2119/music_classification/datasets/audios/western_data/genres_original/pop/pop.00069.wav,7,pop,4,hiphop
5,train,549,549,/home/dt2119/dt2119/music_classification/datasets/audios/western_data/genres_original/jazz/jazz.00049.wav,5,jazz,5,jazz
5,train,47,47,/home/dt2119/dt2119/music_classification/datasets/audios/western_data/genres_original/blues/blues.00047.wav,0,blues,0,blues
5,train,837,837,/home/dt2119/dt2119/music_classification/datasets/audios/western_data/genres_original/reggae/reggae.00038.wav,8,reggae,8,reggae
5,train,139,139,/home/dt2119/dt2119/music_classification/datasets/audios/western_data/genres_original/classical/classical.00039.wav,1,classical,1,classical
5,train,880,880,/home/dt2119/dt2119/music_classification/datasets/audios/western_data/genres_original/reggae/reggae.00081.wav,8,reggae,8,reggae
5,train,918,918,/home/dt2119/dt2119/music_classification/datasets/audios/western_data/genres_original/rock/rock.00019.wav,9,rock,9,rock
5,train,648,648,/home/dt2119/dt2119/music_classification/datasets/audios/western_data/genres_original/metal/metal.00049.wav,6,metal,6,metal
5,train,465,465,/home/dt2119/dt2119/music_classification/datasets/audios/western_data/genres_original/hiphop/hiphop.00065.wav,4,hiphop,4,hiphop
5,train,149,149,/home/dt2119/dt2119/music_classification/datasets/audios/western_data/genres_original/classical/classical.00049.wav,1,classical,1,classical
5,train,289,289,/home/dt2119/dt2119/music_classification/datasets/audios/western_data/genres_original/country/country.00089.wav,2,country,2,country
5,train,180,180,/home/dt2119/dt2119/music_classification/datasets/audios/western_data/genres_original/classical/classical.00080.wav,1,classical,1,classical
5,train,238,238,/home/dt2119/dt2119/music_classification/datasets/audios/western_data/genres_original/country/country.00038.wav,2,country,2,country
5,train,40,40,/home/dt2119/dt2119/music_classification/datasets/audios/western_data/genres_original/blues/blues.00040.wav,0,blues,0,blues
5,train,942,942,/home/dt2119/dt2119/music_classification/datasets/audios/western_data/genres_original/rock/rock.00043.wav,9,rock,9,rock
5,train,709,709,/home/dt2119/dt2119/music_classification/datasets/audios/western_data/genres_original/pop/pop.00010.wav,7,pop,7,pop
5,train,565,565,/home/dt2119/dt2119/music_classification/datasets/audios/western_data/genres_original/jazz/jazz.00066.wav,5,jazz,5,jazz
5,train,606,606,/home/dt2119/dt2119/music_classification/datasets/audios/western_data/genres_original/metal/metal.00007.wav,6,metal,6,metal
5,train,906,906,/home/dt2119/dt2119/music_classification/datasets/audios/western_data/genres_original/rock/rock.00007.wav,9,rock,2,country
5,train,31,31,/home/dt2119/dt2119/music_classification/datasets/audios/western_data/genres_original/blues/blues.00031.wav,0,blues,0,blues
5,train,738,738,/home/dt2119/dt2119/music_classification/datasets/audios/western_data/genres_original/pop/pop.00039.wav,7,pop,7,pop
5,train,206,206,/home/dt2119/dt2119/music_classification/datasets/audios/western_data/genres_original/country/country.00006.wav,2,country,2,country
5,train,430,430,/home/dt2119/dt2119/music_classification/datasets/audios/western_data/genres_original/hiphop/hiphop.00030.wav,4,hiphop,4,hiphop
5,train,838,838,/home/dt2119/dt2119/music_classification/datasets/audios/western_data/genres_original/reggae/reggae.00039.wav,8,reggae,8,reggae
5,train,926,926,/home/dt2119/dt2119/music_classification/datasets/audios/western_data/genres_original/rock/rock.00027.wav,9,rock,9,rock
5,train,961,961,/home/dt2119/dt2119/music_classification/datasets/audios/western_data/genres_original/rock/rock.00062.wav,9,rock,9,rock
5,train,609,609,/home/dt2119/dt2119/music_classification/datasets/audios/western_data/genres_original/metal/metal.00010.wav,6,metal,6,metal
5,train,572,572,/home/dt2119/dt2119/music_classification/datasets/audios/western_data/genres_original/jazz/jazz.00073.wav,5,jazz,5,jazz
5,train,944,944,/home/dt2119/dt2119/music_classification/datasets/audios/western_data/genres_original/rock/rock.00045.wav,9,rock,9,rock
5,train,903,903,/home/dt2119/dt2119/music_classification/datasets/audios/western_data/genres_original/rock/rock.00004.wav,9,rock,9,rock
5,train,585,585,/home/dt2119/dt2119/music_classification/datasets/audios/western_data/genres_original/jazz/jazz.00086.wav,5,jazz,5,jazz
5,train,746,746,/home/dt2119/dt2119/music_classification/datasets/audios/western_data/genres_original/pop/pop.00047.wav,7,pop,7,pop
5,train,637,637,/home/dt2119/dt2119/music_classification/datasets/audios/western_data/genres_original/metal/metal.00038.wav,6,metal,6,metal
5,train,721,721,/home/dt2119/dt2119/music_classification/datasets/audios/western_data/genres_original/pop/pop.00022.wav,7,pop,7,pop
5,train,971,971,/home/dt2119/dt2119/music_classification/datasets/audios/western_data/genres_original/rock/rock.00072.wav,9,rock,9,rock
5,train,495,495,/home/dt2119/dt2119/music_classification/datasets/audios/western_data/genres_original/hiphop/hiphop.00095.wav,4,hiphop,4,hiphop
5,train,200,200,/home/dt2119/dt2119/music_classification/datasets/audios/western_data/genres_original/country/country.00000.wav,2,country,2,country
5,train,401,401,/home/dt2119/dt2119/music_classification/datasets/audios/western_data/genres_original/hiphop/hiphop.00001.wav,4,hiphop,4,hiphop
5,train,232,232,/home/dt2119/dt2119/music_classification/datasets/audios/western_data/genres_original/country/country.00032.wav,2,country,2,country
5,train,675,675,/home/dt2119/dt2119/music_classification/datasets/audios/western_data/genres_original/metal/metal.00076.wav,6,metal,6,metal
5,train,305,305,/home/dt2119/dt2119/music_classification/datasets/audios/western_data/genres_original/disco/disco.00005.wav,3,disco,3,disco
5,train,101,101,/home/dt2119/dt2119/music_classification/datasets/audios/western_data/genres_original/classical/classical.00001.wav,1,classical,1,classical
5,train,449,449,/home/dt2119/dt2119/music_classification/datasets/audios/western_data/genres_original/hiphop/hiphop.00049.wav,4,hiphop,4,hiphop
5,train,259,259,/home/dt2119/dt2119/music_classification/datasets/audios/western_data/genres_original/country/country.00059.wav,2,country,2,country
5,train,483,483,/home/dt2119/dt2119/music_classification/datasets/audios/western_data/genres_original/hiphop/hiphop.00083.wav,4,hiphop,4,hiphop
5,train,941,941,/home/dt2119/dt2119/music_classification/datasets/audios/western_data/genres_original/rock/rock.00042.wav,9,rock,9,rock
5,train,211,211,/home/dt2119/dt2119/music_classification/datasets/audios/western_data/genres_original/country/country.00011.wav,2,country,2,country
5,train,888,888,/home/dt2119/dt2119/music_classification/datasets/audios/western_data/genres_original/reggae/reggae.00089.wav,8,reggae,9,rock
5,train,836,836,/home/dt2119/dt2119/music_classification/datasets/audios/western_data/genres_original/reggae/reggae.00037.wav,8,reggae,8,reggae
5,train,939,939,/home/dt2119/dt2119/music_classification/datasets/audios/western_data/genres_original/rock/rock.00040.wav,9,rock,9,rock
5,train,1,1,/home/dt2119/dt2119/music_classification/datasets/audios/western_data/genres_original/blues/blues.00001.wav,0,blues,0,blues
5,train,960,960,/home/dt2119/dt2119/music_classification/datasets/audios/western_data/genres_original/rock/rock.00061.wav,9,rock,9,rock
5,train,177,177,/home/dt2119/dt2119/music_classification/datasets/audios/western_data/genres_original/classical/classical.00077.wav,1,classical,1,classical
5,train,490,490,/home/dt2119/dt2119/music_classification/datasets/audios/western_data/genres_original/hiphop/hiphop.00090.wav,4,hiphop,4,hiphop
5,train,839,839,/home/dt2119/dt2119/music_classification/datasets/audios/western_data/genres_original/reggae/reggae.00040.wav,8,reggae,4,hiphop
5,train,735,735,/home/dt2119/dt2119/music_classification/datasets/audios/western_data/genres_original/pop/pop.00036.wav,7,pop,7,pop
5,train,720,720,/home/dt2119/dt2119/music_classification/datasets/audios/western_data/genres_original/pop/pop.00021.wav,7,pop,7,pop
5,train,575,575,/home/dt2119/dt2119/music_classification/datasets/audios/western_data/genres_original/jazz/jazz.00076.wav,5,jazz,2,country
5,train,743,743,/home/dt2119/dt2119/music_classification/datasets/audios/western_data/genres_original/pop/pop.00044.wav,7,pop,7,pop
5,train,4,4,/home/dt2119/dt2119/music_classification/datasets/audios/western_data/genres_original/blues/blues.00004.wav,0,blues,0,blues
5,train,478,478,/home/dt2119/dt2119/music_classification/datasets/audios/western_data/genres_original/hiphop/hiphop.00078.wav,4,hiphop,4,hiphop
5,train,751,751,/home/dt2119/dt2119/music_classification/datasets/audios/western_data/genres_original/pop/pop.00052.wav,7,pop,7,pop
5,train,772,772,/home/dt2119/dt2119/music_classification/datasets/audios/western_data/genres_original/pop/pop.00073.wav,7,pop,7,pop
5,train,745,745,/home/dt2119/dt2119/music_classification/datasets/audios/western_data/genres_original/pop/pop.00046.wav,7,pop,7,pop
5,train,266,266,/home/dt2119/dt2119/music_classification/datasets/audios/western_data/genres_original/country/country.00066.wav,2,country,2,country
5,train,972,972,/home/dt2119/dt2119/music_classification/datasets/audios/western_data/genres_original/rock/rock.00073.wav,9,rock,9,rock
5,train,470,470,/home/dt2119/dt2119/music_classification/datasets/audios/western_data/genres_original/hiphop/hiphop.00070.wav,4,hiphop,4,hiphop
5,train,954,954,/home/dt2119/dt2119/music_classification/datasets/audios/western_data/genres_original/rock/rock.00055.wav,9,rock,9,rock
5,train,670,670,/home/dt2119/dt2119/music_classification/datasets/audios/western_data/genres_original/metal/metal.00071.wav,6,metal,6,metal
5,train,224,224,/home/dt2119/dt2119/music_classification/datasets/audios/western_data/genres_original/country/country.00024.wav,2,country,2,country
5,train,711,711,/home/dt2119/dt2119/music_classification/datasets/audios/western_data/genres_original/pop/pop.00012.wav,7,pop,7,pop
5,train,38,38,/home/dt2119/dt2119/music_classification/datasets/audios/western_data/genres_original/blues/blues.00038.wav,0,blues,0,blues
5,train,617,617,/home/dt2119/dt2119/music_classification/datasets/audios/western_data/genres_original/metal/metal.00018.wav,6,metal,6,metal
5,train,760,760,/home/dt2119/dt2119/music_classification/datasets/audios/western_data/genres_original/pop/pop.00061.wav,7,pop,7,pop
5,train,321,321,/home/dt2119/dt2119/music_classification/datasets/audios/western_data/genres_original/disco/disco.00021.wav,3,disco,3,disco
5,train,311,311,/home/dt2119/dt2119/music_classification/datasets/audios/western_data/genres_original/disco/disco.00011.wav,3,disco,9,rock
5,train,659,659,/home/dt2119/dt2119/music_classification/datasets/audios/western_data/genres_original/metal/metal.00060.wav,6,metal,6,metal
5,train,270,270,/home/dt2119/dt2119/music_classification/datasets/audios/western_data/genres_original/country/country.00070.wav,2,country,2,country
5,train,959,959,/home/dt2119/dt2119/music_classification/datasets/audios/western_data/genres_original/rock/rock.00060.wav,9,rock,9,rock
5,train,309,309,/home/dt2119/dt2119/music_classification/datasets/audios/western_data/genres_original/disco/disco.00009.wav,3,disco,3,disco
5,train,882,882,/home/dt2119/dt2119/music_classification/datasets/audios/western_data/genres_original/reggae/reggae.00083.wav,8,reggae,2,country
5,train,927,927,/home/dt2119/dt2119/music_classification/datasets/audios/western_data/genres_original/rock/rock.00028.wav,9,rock,9,rock
5,train,682,682,/home/dt2119/dt2119/music_classification/datasets/audios/western_data/genres_original/metal/metal.00083.wav,6,metal,6,metal
5,train,366,366,/home/dt2119/dt2119/music_classification/datasets/audios/western_data/genres_original/disco/disco.00066.wav,3,disco,3,disco
5,train,230,230,/home/dt2119/dt2119/music_classification/datasets/audios/western_data/genres_original/country/country.00030.wav,2,country,2,country
5,train,593,593,/home/dt2119/dt2119/music_classification/datasets/audios/western_data/genres_original/jazz/jazz.00094.wav,5,jazz,5,jazz
5,train,363,363,/home/dt2119/dt2119/music_classification/datasets/audios/western_data/genres_original/disco/disco.00063.wav,3,disco,3,disco
5,train,731,731,/home/dt2119/dt2119/music_classification/datasets/audios/western_data/genres_original/pop/pop.00032.wav,7,pop,7,pop
5,train,81,81,/home/dt2119/dt2119/music_classification/datasets/audios/western_data/genres_original/blues/blues.00081.wav,0,blues,0,blues
5,train,580,580,/home/dt2119/dt2119/music_classification/datasets/audios/western_data/genres_original/jazz/jazz.00081.wav,5,jazz,5,jazz
5,train,879,879,/home/dt2119/dt2119/music_classification/datasets/audios/western_data/genres_original/reggae/reggae.00080.wav,8,reggae,8,reggae
5,train,485,485,/home/dt2119/dt2119/music_classification/datasets/audios/western_data/genres_original/hiphop/hiphop.00085.wav,4,hiphop,4,hiphop
5,train,225,225,/home/dt2119/dt2119/music_classification/datasets/audios/western_data/genres_original/country/country.00025.wav,2,country,2,country
5,train,947,947,/home/dt2119/dt2119/music_classification/datasets/audios/western_data/genres_original/rock/rock.00048.wav,9,rock,9,rock
5,train,908,908,/home/dt2119/dt2119/music_classification/datasets/audios/western_data/genres_original/rock/rock.00009.wav,9,rock,9,rock
5,train,373,373,/home/dt2119/dt2119/music_classification/datasets/audios/western_data/genres_original/disco/disco.00073.wav,3,disco,3,disco
5,train,951,951,/home/dt2119/dt2119/music_classification/datasets/audios/western_data/genres_original/rock/rock.00052.wav,9,rock,9,rock
5,train,75,75,/home/dt2119/dt2119/music_classification/datasets/audios/western_data/genres_original/blues/blues.00075.wav,0,blues,0,blues
5,train,861,861,/home/dt2119/dt2119/music_classification/datasets/audios/western_data/genres_original/reggae/reggae.00062.wav,8,reggae,4,hiphop
5,train,842,842,/home/dt2119/dt2119/music_classification/datasets/audios/western_data/genres_original/reggae/reggae.00043.wav,8,reggae,8,reggae
5,train,889,889,/home/dt2119/dt2119/music_classification/datasets/audios/western_data/genres_original/reggae/reggae.00090.wav,8,reggae,8,reggae
5,train,723,723,/home/dt2119/dt2119/music_classification/datasets/audios/western_data/genres_original/pop/pop.00024.wav,7,pop,7,pop
5,train,464,464,/home/dt2119/dt2119/music_classification/datasets/audios/western_data/genres_original/hiphop/hiphop.00064.wav,4,hiphop,4,hiphop
5,train,272,272,/home/dt2119/dt2119/music_classification/datasets/audios/western_data/genres_original/country/country.00072.wav,2,country,2,country
5,train,713,713,/home/dt2119/dt2119/music_classification/datasets/audios/western_data/genres_original/pop/pop.00014.wav,7,pop,7,pop
5,train,306,306,/home/dt2119/dt2119/music_classification/datasets/audios/western_data/genres_original/disco/disco.00006.wav,3,disco,3,disco
5,train,468,468,/home/dt2119/dt2119/music_classification/datasets/audios/western_data/genres_original/hiphop/hiphop.00068.wav,4,hiphop,4,hiphop
5,train,911,911,/home/dt2119/dt2119/music_classification/datasets/audios/western_data/genres_original/rock/rock.00012.wav,9,rock,9,rock
5,train,218,218,/home/dt2119/dt2119/music_classification/datasets/audios/western_data/genres_original/country/country.00018.wav,2,country,2,country
5,train,433,433,/home/dt2119/dt2119/music_classification/datasets/audios/western_data/genres_original/hiphop/hiphop.00033.wav,4,hiphop,4,hiphop
5,train,335,335,/home/dt2119/dt2119/music_classification/datasets/audios/western_data/genres_original/disco/disco.00035.wav,3,disco,3,disco
5,train,448,448,/home/dt2119/dt2119/music_classification/datasets/audios/western_data/genres_original/hiphop/hiphop.00048.wav,4,hiphop,4,hiphop
5,train,948,948,/home/dt2119/dt2119/music_classification/datasets/audios/western_data/genres_original/rock/rock.00049.wav,9,rock,9,rock
5,train,761,761,/home/dt2119/dt2119/music_classification/datasets/audios/western_data/genres_original/pop/pop.00062.wav,7,pop,7,pop
5,train,274,274,/home/dt2119/dt2119/music_classification/datasets/audios/western_data/genres_original/country/country.00074.wav,2,country,2,country
5,train,441,441,/home/dt2119/dt2119/music_classification/datasets/audios/western_data/genres_original/hiphop/hiphop.00041.wav,4,hiphop,4,hiphop
5,train,8,8,/home/dt2119/dt2119/music_classification/datasets/audios/western_data/genres_original/blues/blues.00008.wav,0,blues,2,country
5,train,919,919,/home/dt2119/dt2119/music_classification/datasets/audios/western_data/genres_original/rock/rock.00020.wav,9,rock,9,rock
5,train,202,202,/home/dt2119/dt2119/music_classification/datasets/audios/western_data/genres_original/country/country.00002.wav,2,country,2,country
5,train,611,611,/home/dt2119/dt2119/music_classification/datasets/audios/western_data/genres_original/metal/metal.00012.wav,6,metal,6,metal
5,train,679,679,/home/dt2119/dt2119/music_classification/datasets/audios/western_data/genres_original/metal/metal.00080.wav,6,metal,6,metal
5,train,732,732,/home/dt2119/dt2119/music_classification/datasets/audios/western_data/genres_original/pop/pop.00033.wav,7,pop,7,pop
5,train,209,209,/home/dt2119/dt2119/music_classification/datasets/audios/western_data/genres_original/country/country.00009.wav,2,country,2,country
5,train,475,475,/home/dt2119/dt2119/music_classification/datasets/audios/western_data/genres_original/hiphop/hiphop.00075.wav,4,hiphop,4,hiphop
5,train,922,922,/home/dt2119/dt2119/music_classification/datasets/audios/western_data/genres_original/rock/rock.00023.wav,9,rock,9,rock
5,train,573,573,/home/dt2119/dt2119/music_classification/datasets/audios/western_data/genres_original/jazz/jazz.00074.wav,5,jazz,5,jazz
5,train,558,558,/home/dt2119/dt2119/music_classification/datasets/audios/western_data/genres_original/jazz/jazz.00059.wav,5,jazz,5,jazz
5,train,6,6,/home/dt2119/dt2119/music_classification/datasets/audios/western_data/genres_original/blues/blues.00006.wav,0,blues,0,blues
5,train,739,739,/home/dt2119/dt2119/music_classification/datasets/audios/western_data/genres_original/pop/pop.00040.wav,7,pop,7,pop
5,train,312,312,/home/dt2119/dt2119/music_classification/datasets/audios/western_data/genres_original/disco/disco.00012.wav,3,disco,3,disco
5,train,596,596,/home/dt2119/dt2119/music_classification/datasets/audios/western_data/genres_original/jazz/jazz.00097.wav,5,jazz,5,jazz
5,train,712,712,/home/dt2119/dt2119/music_classification/datasets/audios/western_data/genres_original/pop/pop.00013.wav,7,pop,2,country
5,train,762,762,/home/dt2119/dt2119/music_classification/datasets/audios/western_data/genres_original/pop/pop.00063.wav,7,pop,7,pop
5,train,242,242,/home/dt2119/dt2119/music_classification/datasets/audios/western_data/genres_original/country/country.00042.wav,2,country,2,country
5,train,49,49,/home/dt2119/dt2119/music_classification/datasets/audios/western_data/genres_original/blues/blues.00049.wav,0,blues,0,blues
5,train,314,314,/home/dt2119/dt2119/music_classification/datasets/audios/western_data/genres_original/disco/disco.00014.wav,3,disco,3,disco
5,train,181,181,/home/dt2119/dt2119/music_classification/datasets/audios/western_data/genres_original/classical/classical.00081.wav,1,classical,1,classical
5,train,387,387,/home/dt2119/dt2119/music_classification/datasets/audios/western_data/genres_original/disco/disco.00087.wav,3,disco,3,disco
5,train,618,618,/home/dt2119/dt2119/music_classification/datasets/audios/western_data/genres_original/metal/metal.00019.wav,6,metal,6,metal
5,train,165,165,/home/dt2119/dt2119/music_classification/datasets/audios/western_data/genres_original/classical/classical.00065.wav,1,classical,1,classical
5,train,74,74,/home/dt2119/dt2119/music_classification/datasets/audios/western_data/genres_original/blues/blues.00074.wav,0,blues,0,blues
5,train,213,213,/home/dt2119/dt2119/music_classification/datasets/audios/western_data/genres_original/country/country.00013.wav,2,country,2,country
5,train,442,442,/home/dt2119/dt2119/music_classification/datasets/audios/western_data/genres_original/hiphop/hiphop.00042.wav,4,hiphop,4,hiphop
5,train,576,576,/home/dt2119/dt2119/music_classification/datasets/audios/western_data/genres_original/jazz/jazz.00077.wav,5,jazz,5,jazz
5,train,902,902,/home/dt2119/dt2119/music_classification/datasets/audios/western_data/genres_original/rock/rock.00003.wav,9,rock,9,rock
5,train,248,248,/home/dt2119/dt2119/music_classification/datasets/audios/western_data/genres_original/country/country.00048.wav,2,country,2,country
5,train,647,647,/home/dt2119/dt2119/music_classification/datasets/audios/western_data/genres_original/metal/metal.00048.wav,6,metal,6,metal
5,train,320,320,/home/dt2119/dt2119/music_classification/datasets/audios/western_data/genres_original/disco/disco.00020.wav,3,disco,3,disco
5,train,365,365,/home/dt2119/dt2119/music_classification/datasets/audios/western_data/genres_original/disco/disco.00065.wav,3,disco,3,disco
5,train,278,278,/home/dt2119/dt2119/music_classification/datasets/audios/western_data/genres_original/country/country.00078.wav,2,country,2,country
5,train,754,754,/home/dt2119/dt2119/music_classification/datasets/audios/western_data/genres_original/pop/pop.00055.wav,7,pop,7,pop
5,train,924,924,/home/dt2119/dt2119/music_classification/datasets/audios/western_data/genres_original/rock/rock.00025.wav,9,rock,9,rock
5,train,777,777,/home/dt2119/dt2119/music_classification/datasets/audios/western_data/genres_original/pop/pop.00078.wav,7,pop,7,pop
5,train,399,399,/home/dt2119/dt2119/music_classification/datasets/audios/western_data/genres_original/disco/disco.00099.wav,3,disco,3,disco
5,train,329,329,/home/dt2119/dt2119/music_classification/datasets/audios/western_data/genres_original/disco/disco.00029.wav,3,disco,3,disco
5,train,492,492,/home/dt2119/dt2119/music_classification/datasets/audios/western_data/genres_original/hiphop/hiphop.00092.wav,4,hiphop,4,hiphop
5,train,451,451,/home/dt2119/dt2119/music_classification/datasets/audios/western_data/genres_original/hiphop/hiphop.00051.wav,4,hiphop,4,hiphop
5,train,949,949,/home/dt2119/dt2119/music_classification/datasets/audios/western_data/genres_original/rock/rock.00050.wav,9,rock,9,rock
5,train,684,684,/home/dt2119/dt2119/music_classification/datasets/audios/western_data/genres_original/metal/metal.00085.wav,6,metal,6,metal
5,train,84,84,/home/dt2119/dt2119/music_classification/datasets/audios/western_data/genres_original/blues/blues.00084.wav,0,blues,0,blues
5,train,273,273,/home/dt2119/dt2119/music_classification/datasets/audios/western_data/genres_original/country/country.00073.wav,2,country,2,country
5,train,482,482,/home/dt2119/dt2119/music_classification/datasets/audios/western_data/genres_original/hiphop/hiphop.00082.wav,4,hiphop,4,hiphop
5,train,747,747,/home/dt2119/dt2119/music_classification/datasets/audios/western_data/genres_original/pop/pop.00048.wav,7,pop,7,pop
5,train,943,943,/home/dt2119/dt2119/music_classification/datasets/audios/western_data/genres_original/rock/rock.00044.wav,9,rock,9,rock
5,train,899,899,/home/dt2119/dt2119/music_classification/datasets/audios/western_data/genres_original/rock/rock.00000.wav,9,rock,9,rock
5,train,916,916,/home/dt2119/dt2119/music_classification/datasets/audios/western_data/genres_original/rock/rock.00017.wav,9,rock,9,rock
5,train,849,849,/home/dt2119/dt2119/music_classification/datasets/audios/western_data/genres_original/reggae/reggae.00050.wav,8,reggae,8,reggae
5,train,263,263,/home/dt2119/dt2119/music_classification/datasets/audios/western_data/genres_original/country/country.00063.wav,2,country,2,country
5,train,881,881,/home/dt2119/dt2119/music_classification/datasets/audios/western_data/genres_original/reggae/reggae.00082.wav,8,reggae,8,reggae
5,train,397,397,/home/dt2119/dt2119/music_classification/datasets/audios/western_data/genres_original/disco/disco.00097.wav,3,disco,3,disco
5,train,744,744,/home/dt2119/dt2119/music_classification/datasets/audios/western_data/genres_original/pop/pop.00045.wav,7,pop,7,pop
5,train,385,385,/home/dt2119/dt2119/music_classification/datasets/audios/western_data/genres_original/disco/disco.00085.wav,3,disco,3,disco
5,train,718,718,/home/dt2119/dt2119/music_classification/datasets/audios/western_data/genres_original/pop/pop.00019.wav,7,pop,7,pop
5,train,276,276,/home/dt2119/dt2119/music_classification/datasets/audios/western_data/genres_original/country/country.00076.wav,2,country,2,country
5,train,910,910,/home/dt2119/dt2119/music_classification/datasets/audios/western_data/genres_original/rock/rock.00011.wav,9,rock,9,rock
5,train,471,471,/home/dt2119/dt2119/music_classification/datasets/audios/western_data/genres_original/hiphop/hiphop.00071.wav,4,hiphop,4,hiphop
5,train,474,474,/home/dt2119/dt2119/music_classification/datasets/audios/western_data/genres_original/hiphop/hiphop.00074.wav,4,hiphop,4,hiphop
5,train,205,205,/home/dt2119/dt2119/music_classification/datasets/audios/western_data/genres_original/country/country.00005.wav,2,country,2,country
5,train,913,913,/home/dt2119/dt2119/music_classification/datasets/audios/western_data/genres_original/rock/rock.00014.wav,9,rock,9,rock
5,train,829,829,/home/dt2119/dt2119/music_classification/datasets/audios/western_data/genres_original/reggae/reggae.00030.wav,8,reggae,8,reggae
5,train,715,715,/home/dt2119/dt2119/music_classification/datasets/audios/western_data/genres_original/pop/pop.00016.wav,7,pop,7,pop
5,train,764,764,/home/dt2119/dt2119/music_classification/datasets/audios/western_data/genres_original/pop/pop.00065.wav,7,pop,7,pop
5,train,621,621,/home/dt2119/dt2119/music_classification/datasets/audios/western_data/genres_original/metal/metal.00022.wav,6,metal,6,metal
5,train,255,255,/home/dt2119/dt2119/music_classification/datasets/audios/western_data/genres_original/country/country.00055.wav,2,country,2,country
5,train,339,339,/home/dt2119/dt2119/music_classification/datasets/audios/western_data/genres_original/disco/disco.00039.wav,3,disco,3,disco
5,train,354,354,/home/dt2119/dt2119/music_classification/datasets/audios/western_data/genres_original/disco/disco.00054.wav,3,disco,3,disco
5,train,925,925,/home/dt2119/dt2119/music_classification/datasets/audios/western_data/genres_original/rock/rock.00026.wav,9,rock,9,rock
5,train,284,284,/home/dt2119/dt2119/music_classification/datasets/audios/western_data/genres_original/country/country.00084.wav,2,country,2,country
5,train,308,308,/home/dt2119/dt2119/music_classification/datasets/audios/western_data/genres_original/disco/disco.00008.wav,3,disco,3,disco
5,train,76,76,/home/dt2119/dt2119/music_classification/datasets/audios/western_data/genres_original/blues/blues.00076.wav,0,blues,0,blues
5,train,7,7,/home/dt2119/dt2119/music_classification/datasets/audios/western_data/genres_original/blues/blues.00007.wav,0,blues,0,blues
5,train,361,361,/home/dt2119/dt2119/music_classification/datasets/audios/western_data/genres_original/disco/disco.00061.wav,3,disco,3,disco
5,train,652,652,/home/dt2119/dt2119/music_classification/datasets/audios/western_data/genres_original/metal/metal.00053.wav,6,metal,6,metal
5,train,778,778,/home/dt2119/dt2119/music_classification/datasets/audios/western_data/genres_original/pop/pop.00079.wav,7,pop,7,pop
5,train,179,179,/home/dt2119/dt2119/music_classification/datasets/audios/western_data/genres_original/classical/classical.00079.wav,1,classical,1,classical
5,train,835,835,/home/dt2119/dt2119/music_classification/datasets/audios/western_data/genres_original/reggae/reggae.00036.wav,8,reggae,8,reggae
5,train,950,950,/home/dt2119/dt2119/music_classification/datasets/audios/western_data/genres_original/rock/rock.00051.wav,9,rock,9,rock
5,train,481,481,/home/dt2119/dt2119/music_classification/datasets/audios/western_data/genres_original/hiphop/hiphop.00081.wav,4,hiphop,4,hiphop
5,train,497,497,/home/dt2119/dt2119/music_classification/datasets/audios/western_data/genres_original/hiphop/hiphop.00097.wav,4,hiphop,4,hiphop
5,train,280,280,/home/dt2119/dt2119/music_classification/datasets/audios/western_data/genres_original/country/country.00080.wav,2,country,2,country
5,train,725,725,/home/dt2119/dt2119/music_classification/datasets/audios/western_data/genres_original/pop/pop.00026.wav,7,pop,7,pop
5,train,277,277,/home/dt2119/dt2119/music_classification/datasets/audios/western_data/genres_original/country/country.00077.wav,2,country,2,country
5,train,779,779,/home/dt2119/dt2119/music_classification/datasets/audios/western_data/genres_original/pop/pop.00080.wav,7,pop,7,pop
5,train,827,827,/home/dt2119/dt2119/music_classification/datasets/audios/western_data/genres_original/reggae/reggae.00028.wav,8,reggae,8,reggae
5,train,831,831,/home/dt2119/dt2119/music_classification/datasets/audios/western_data/genres_original/reggae/reggae.00032.wav,8,reggae,8,reggae
5,train,645,645,/home/dt2119/dt2119/music_classification/datasets/audios/western_data/genres_original/metal/metal.00046.wav,6,metal,6,metal
5,train,724,724,/home/dt2119/dt2119/music_classification/datasets/audios/western_data/genres_original/pop/pop.00025.wav,7,pop,7,pop
5,train,39,39,/home/dt2119/dt2119/music_classification/datasets/audios/western_data/genres_original/blues/blues.00039.wav,0,blues,0,blues
5,train,498,498,/home/dt2119/dt2119/music_classification/datasets/audios/western_data/genres_original/hiphop/hiphop.00098.wav,4,hiphop,4,hiphop
5,train,614,614,/home/dt2119/dt2119/music_classification/datasets/audios/western_data/genres_original/metal/metal.00015.wav,6,metal,6,metal
5,train,741,741,/home/dt2119/dt2119/music_classification/datasets/audios/western_data/genres_original/pop/pop.00042.wav,7,pop,7,pop
5,train,869,869,/home/dt2119/dt2119/music_classification/datasets/audios/western_data/genres_original/reggae/reggae.00070.wav,8,reggae,8,reggae
5,train,753,753,/home/dt2119/dt2119/music_classification/datasets/audios/western_data/genres_original/pop/pop.00054.wav,7,pop,7,pop
5,train,603,603,/home/dt2119/dt2119/music_classification/datasets/audios/western_data/genres_original/metal/metal.00004.wav,6,metal,6,metal
5,train,921,921,/home/dt2119/dt2119/music_classification/datasets/audios/western_data/genres_original/rock/rock.00022.wav,9,rock,9,rock
5,train,318,318,/home/dt2119/dt2119/music_classification/datasets/audios/western_data/genres_original/disco/disco.00018.wav,3,disco,3,disco
5,train,407,407,/home/dt2119/dt2119/music_classification/datasets/audios/western_data/genres_original/hiphop/hiphop.00007.wav,4,hiphop,4,hiphop
5,train,828,828,/home/dt2119/dt2119/music_classification/datasets/audios/western_data/genres_original/reggae/reggae.00029.wav,8,reggae,8,reggae
5,train,607,607,/home/dt2119/dt2119/music_classification/datasets/audios/western_data/genres_original/metal/metal.00008.wav,6,metal,6,metal
5,train,208,208,/home/dt2119/dt2119/music_classification/datasets/audios/western_data/genres_original/country/country.00008.wav,2,country,2,country
5,train,615,615,/home/dt2119/dt2119/music_classification/datasets/audios/western_data/genres_original/metal/metal.00016.wav,6,metal,6,metal
5,train,426,426,/home/dt2119/dt2119/music_classification/datasets/audios/western_data/genres_original/hiphop/hiphop.00026.wav,4,hiphop,4,hiphop
5,train,378,378,/home/dt2119/dt2119/music_classification/datasets/audios/western_data/genres_original/disco/disco.00078.wav,3,disco,3,disco
5,train,491,491,/home/dt2119/dt2119/music_classification/datasets/audios/western_data/genres_original/hiphop/hiphop.00091.wav,4,hiphop,4,hiphop
5,train,973,973,/home/dt2119/dt2119/music_classification/datasets/audios/western_data/genres_original/rock/rock.00074.wav,9,rock,9,rock
5,train,467,467,/home/dt2119/dt2119/music_classification/datasets/audios/western_data/genres_original/hiphop/hiphop.00067.wav,4,hiphop,4,hiphop
5,train,486,486,/home/dt2119/dt2119/music_classification/datasets/audios/western_data/genres_original/hiphop/hiphop.00086.wav,4,hiphop,4,hiphop
5,train,766,766,/home/dt2119/dt2119/music_classification/datasets/audios/western_data/genres_original/pop/pop.00067.wav,7,pop,7,pop
5,train,975,975,/home/dt2119/dt2119/music_classification/datasets/audios/western_data/genres_original/rock/rock.00076.wav,9,rock,9,rock
5,train,269,269,/home/dt2119/dt2119/music_classification/datasets/audios/western_data/genres_original/country/country.00069.wav,2,country,2,country
5,train,734,734,/home/dt2119/dt2119/music_classification/datasets/audios/western_data/genres_original/pop/pop.00035.wav,7,pop,7,pop
5,train,674,674,/home/dt2119/dt2119/music_classification/datasets/audios/western_data/genres_original/metal/metal.00075.wav,6,metal,6,metal
5,train,657,657,/home/dt2119/dt2119/music_classification/datasets/audios/western_data/genres_original/metal/metal.00058.wav,6,metal,6,metal
5,train,628,628,/home/dt2119/dt2119/music_classification/datasets/audios/western_data/genres_original/metal/metal.00029.wav,6,metal,6,metal
5,train,3,3,/home/dt2119/dt2119/music_classification/datasets/audios/western_data/genres_original/blues/blues.00003.wav,0,blues,0,blues
5,train,658,658,/home/dt2119/dt2119/music_classification/datasets/audios/western_data/genres_original/metal/metal.00059.wav,6,metal,6,metal
5,train,9,9,/home/dt2119/dt2119/music_classification/datasets/audios/western_data/genres_original/blues/blues.00009.wav,0,blues,1,classical
5,train,245,245,/home/dt2119/dt2119/music_classification/datasets/audios/western_data/genres_original/country/country.00045.wav,2,country,2,country
5,train,379,379,/home/dt2119/dt2119/music_classification/datasets/audios/western_data/genres_original/disco/disco.00079.wav,3,disco,3,disco
5,train,138,138,/home/dt2119/dt2119/music_classification/datasets/audios/western_data/genres_original/classical/classical.00038.wav,1,classical,1,classical
5,train,484,484,/home/dt2119/dt2119/music_classification/datasets/audios/western_data/genres_original/hiphop/hiphop.00084.wav,4,hiphop,4,hiphop
5,train,265,265,/home/dt2119/dt2119/music_classification/datasets/audios/western_data/genres_original/country/country.00065.wav,2,country,2,country
5,train,748,748,/home/dt2119/dt2119/music_classification/datasets/audios/western_data/genres_original/pop/pop.00049.wav,7,pop,7,pop
5,train,862,862,/home/dt2119/dt2119/music_classification/datasets/audios/western_data/genres_original/reggae/reggae.00063.wav,8,reggae,8,reggae
5,train,932,932,/home/dt2119/dt2119/music_classification/datasets/audios/western_data/genres_original/rock/rock.00033.wav,9,rock,9,rock
5,train,80,80,/home/dt2119/dt2119/music_classification/datasets/audios/western_data/genres_original/blues/blues.00080.wav,0,blues,0,blues
5,train,579,579,/home/dt2119/dt2119/music_classification/datasets/audios/western_data/genres_original/jazz/jazz.00080.wav,5,jazz,5,jazz
5,train,48,48,/home/dt2119/dt2119/music_classification/datasets/audios/western_data/genres_original/blues/blues.00048.wav,0,blues,0,blues
5,train,291,291,/home/dt2119/dt2119/music_classification/datasets/audios/western_data/genres_original/country/country.00091.wav,2,country,2,country
5,train,605,605,/home/dt2119/dt2119/music_classification/datasets/audios/western_data/genres_original/metal/metal.00006.wav,6,metal,6,metal
5,train,256,256,/home/dt2119/dt2119/music_classification/datasets/audios/western_data/genres_original/country/country.00056.wav,2,country,2,country
5,train,369,369,/home/dt2119/dt2119/music_classification/datasets/audios/western_data/genres_original/disco/disco.00069.wav,3,disco,3,disco
5,train,909,909,/home/dt2119/dt2119/music_classification/datasets/audios/western_data/genres_original/rock/rock.00010.wav,9,rock,9,rock
5,train,728,728,/home/dt2119/dt2119/music_classification/datasets/audios/western_data/genres_original/pop/pop.00029.wav,7,pop,7,pop
5,train,371,371,/home/dt2119/dt2119/music_classification/datasets/audios/western_data/genres_original/disco/disco.00071.wav,3,disco,3,disco
5,train,337,337,/home/dt2119/dt2119/music_classification/datasets/audios/western_data/genres_original/disco/disco.00037.wav,3,disco,3,disco
5,train,841,841,/home/dt2119/dt2119/music_classification/datasets/audios/western_data/genres_original/reggae/reggae.00042.wav,8,reggae,8,reggae
5,train,655,655,/home/dt2119/dt2119/music_classification/datasets/audios/western_data/genres_original/metal/metal.00056.wav,6,metal,6,metal
5,train,34,34,/home/dt2119/dt2119/music_classification/datasets/audios/western_data/genres_original/blues/blues.00034.wav,0,blues,0,blues
5,train,226,226,/home/dt2119/dt2119/music_classification/datasets/audios/western_data/genres_original/country/country.00026.wav,2,country,2,country
5,train,251,251,/home/dt2119/dt2119/music_classification/datasets/audios/western_data/genres_original/country/country.00051.wav,2,country,2,country
5,train,287,287,/home/dt2119/dt2119/music_classification/datasets/audios/western_data/genres_original/country/country.00087.wav,2,country,2,country
5,train,477,477,/home/dt2119/dt2119/music_classification/datasets/audios/western_data/genres_original/hiphop/hiphop.00077.wav,4,hiphop,4,hiphop
5,train,250,250,/home/dt2119/dt2119/music_classification/datasets/audios/western_data/genres_original/country/country.00050.wav,2,country,2,country
5,train,240,240,/home/dt2119/dt2119/music_classification/datasets/audios/western_data/genres_original/country/country.00040.wav,2,country,2,country
5,train,79,79,/home/dt2119/dt2119/music_classification/datasets/audios/western_data/genres_original/blues/blues.00079.wav,0,blues,0,blues
5,train,30,30,/home/dt2119/dt2119/music_classification/datasets/audios/western_data/genres_original/blues/blues.00030.wav,0,blues,0,blues
5,train,920,920,/home/dt2119/dt2119/music_classification/datasets/audios/western_data/genres_original/rock/rock.00021.wav,9,rock,9,rock
5,train,140,140,/home/dt2119/dt2119/music_classification/datasets/audios/western_data/genres_original/classical/classical.00040.wav,1,classical,1,classical
5,train,496,496,/home/dt2119/dt2119/music_classification/datasets/audios/western_data/genres_original/hiphop/hiphop.00096.wav,4,hiphop,4,hiphop
5,train,759,759,/home/dt2119/dt2119/music_classification/datasets/audios/western_data/genres_original/pop/pop.00060.wav,7,pop,7,pop
5,train,45,45,/home/dt2119/dt2119/music_classification/datasets/audios/western_data/genres_original/blues/blues.00045.wav,0,blues,0,blues
5,train,562,562,/home/dt2119/dt2119/music_classification/datasets/audios/western_data/genres_original/jazz/jazz.00063.wav,5,jazz,5,jazz
5,train,769,769,/home/dt2119/dt2119/music_classification/datasets/audios/western_data/genres_original/pop/pop.00070.wav,7,pop,7,pop
5,train,689,689,/home/dt2119/dt2119/music_classification/datasets/audios/western_data/genres_original/metal/metal.00090.wav,6,metal,6,metal
5,train,931,931,/home/dt2119/dt2119/music_classification/datasets/audios/western_data/genres_original/rock/rock.00032.wav,9,rock,9,rock
5,train,370,370,/home/dt2119/dt2119/music_classification/datasets/audios/western_data/genres_original/disco/disco.00070.wav,3,disco,3,disco
5,train,33,33,/home/dt2119/dt2119/music_classification/datasets/audios/western_data/genres_original/blues/blues.00033.wav,0,blues,0,blues
5,train,985,985,/home/dt2119/dt2119/music_classification/datasets/audios/western_data/genres_original/rock/rock.00086.wav,9,rock,6,metal
5,train,955,955,/home/dt2119/dt2119/music_classification/datasets/audios/western_data/genres_original/rock/rock.00056.wav,9,rock,9,rock
5,train,258,258,/home/dt2119/dt2119/music_classification/datasets/audios/western_data/genres_original/country/country.00058.wav,2,country,2,country
5,train,946,946,/home/dt2119/dt2119/music_classification/datasets/audios/western_data/genres_original/rock/rock.00047.wav,9,rock,9,rock
5,train,929,929,/home/dt2119/dt2119/music_classification/datasets/audios/western_data/genres_original/rock/rock.00030.wav,9,rock,9,rock
5,train,907,907,/home/dt2119/dt2119/music_classification/datasets/audios/western_data/genres_original/rock/rock.00008.wav,9,rock,9,rock
5,train,487,487,/home/dt2119/dt2119/music_classification/datasets/audios/western_data/genres_original/hiphop/hiphop.00087.wav,4,hiphop,4,hiphop
5,train,653,653,/home/dt2119/dt2119/music_classification/datasets/audios/western_data/genres_original/metal/metal.00054.wav,6,metal,6,metal
5,train,616,616,/home/dt2119/dt2119/music_classification/datasets/audios/western_data/genres_original/metal/metal.00017.wav,6,metal,6,metal
5,train,834,834,/home/dt2119/dt2119/music_classification/datasets/audios/western_data/genres_original/reggae/reggae.00035.wav,8,reggae,8,reggae
5,train,548,548,/home/dt2119/dt2119/music_classification/datasets/audios/western_data/genres_original/jazz/jazz.00048.wav,5,jazz,5,jazz
5,train,44,44,/home/dt2119/dt2119/music_classification/datasets/audios/western_data/genres_original/blues/blues.00044.wav,0,blues,0,blues
5,train,381,381,/home/dt2119/dt2119/music_classification/datasets/audios/western_data/genres_original/disco/disco.00081.wav,3,disco,3,disco
5,train,466,466,/home/dt2119/dt2119/music_classification/datasets/audios/western_data/genres_original/hiphop/hiphop.00066.wav,4,hiphop,4,hiphop
5,train,749,749,/home/dt2119/dt2119/music_classification/datasets/audios/western_data/genres_original/pop/pop.00050.wav,7,pop,7,pop
5,train,905,905,/home/dt2119/dt2119/music_classification/datasets/audios/western_data/genres_original/rock/rock.00006.wav,9,rock,9,rock
5,train,167,167,/home/dt2119/dt2119/music_classification/datasets/audios/western_data/genres_original/classical/classical.00067.wav,1,classical,1,classical
5,train,246,246,/home/dt2119/dt2119/music_classification/datasets/audios/western_data/genres_original/country/country.00046.wav,2,country,2,country
5,train,493,493,/home/dt2119/dt2119/music_classification/datasets/audios/western_data/genres_original/hiphop/hiphop.00093.wav,4,hiphop,4,hiphop
5,train,219,219,/home/dt2119/dt2119/music_classification/datasets/audios/western_data/genres_original/country/country.00019.wav,2,country,2,country
5,train,288,288,/home/dt2119/dt2119/music_classification/datasets/audios/western_data/genres_original/country/country.00088.wav,2,country,2,country
5,train,264,264,/home/dt2119/dt2119/music_classification/datasets/audios/western_data/genres_original/country/country.00064.wav,2,country,2,country
5,train,886,886,/home/dt2119/dt2119/music_classification/datasets/audios/western_data/genres_original/reggae/reggae.00087.wav,8,reggae,8,reggae
5,train,325,325,/home/dt2119/dt2119/music_classification/datasets/audios/western_data/genres_original/disco/disco.00025.wav,3,disco,3,disco
5,train,852,852,/home/dt2119/dt2119/music_classification/datasets/audios/western_data/genres_original/reggae/reggae.00053.wav,8,reggae,8,reggae
5,train,833,833,/home/dt2119/dt2119/music_classification/datasets/audios/western_data/genres_original/reggae/reggae.00034.wav,8,reggae,8,reggae
5,train,770,770,/home/dt2119/dt2119/music_classification/datasets/audios/western_data/genres_original/pop/pop.00071.wav,7,pop,7,pop
5,train,597,597,/home/dt2119/dt2119/music_classification/datasets/audios/western_data/genres_original/jazz/jazz.00098.wav,5,jazz,5,jazz
5,train,0,0,/home/dt2119/dt2119/music_classification/datasets/audios/western_data/genres_original/blues/blues.00000.wav,0,blues,0,blues
5,train,940,940,/home/dt2119/dt2119/music_classification/datasets/audios/western_data/genres_original/rock/rock.00041.wav,9,rock,9,rock
5,train,147,147,/home/dt2119/dt2119/music_classification/datasets/audios/western_data/genres_original/classical/classical.00047.wav,1,classical,1,classical
5,train,281,281,/home/dt2119/dt2119/music_classification/datasets/audios/western_data/genres_original/country/country.00081.wav,2,country,2,country
5,train,489,489,/home/dt2119/dt2119/music_classification/datasets/audios/western_data/genres_original/hiphop/hiphop.00089.wav,4,hiphop,4,hiphop
5,train,252,252,/home/dt2119/dt2119/music_classification/datasets/audios/western_data/genres_original/country/country.00052.wav,2,country,2,country
5,train,890,890,/home/dt2119/dt2119/music_classification/datasets/audios/western_data/genres_original/reggae/reggae.00091.wav,8,reggae,8,reggae
5,train,450,450,/home/dt2119/dt2119/music_classification/datasets/audios/western_data/genres_original/hiphop/hiphop.00050.wav,4,hiphop,4,hiphop
5,train,581,581,/home/dt2119/dt2119/music_classification/datasets/audios/western_data/genres_original/jazz/jazz.00082.wav,5,jazz,5,jazz
5,train,286,286,/home/dt2119/dt2119/music_classification/datasets/audios/western_data/genres_original/country/country.00086.wav,2,country,2,country
5,train,610,610,/home/dt2119/dt2119/music_classification/datasets/audios/western_data/genres_original/metal/metal.00011.wav,6,metal,6,metal
5,train,214,214,/home/dt2119/dt2119/music_classification/datasets/audios/western_data/genres_original/country/country.00014.wav,2,country,2,country
5,train,958,958,/home/dt2119/dt2119/music_classification/datasets/audios/western_data/genres_original/rock/rock.00059.wav,9,rock,9,rock
5,train,153,153,/home/dt2119/dt2119/music_classification/datasets/audios/western_data/genres_original/classical/classical.00053.wav,1,classical,1,classical
5,train,771,771,/home/dt2119/dt2119/music_classification/datasets/audios/western_data/genres_original/pop/pop.00072.wav,7,pop,7,pop
5,train,952,952,/home/dt2119/dt2119/music_classification/datasets/audios/western_data/genres_original/rock/rock.00053.wav,9,rock,9,rock
5,train,650,650,/home/dt2119/dt2119/music_classification/datasets/audios/western_data/genres_original/metal/metal.00051.wav,6,metal,6,metal
5,train,141,141,/home/dt2119/dt2119/music_classification/datasets/audios/western_data/genres_original/classical/classical.00041.wav,1,classical,1,classical
5,train,627,627,/home/dt2119/dt2119/music_classification/datasets/audios/western_data/genres_original/metal/metal.00028.wav,6,metal,6,metal
5,train,445,445,/home/dt2119/dt2119/music_classification/datasets/audios/western_data/genres_original/hiphop/hiphop.00045.wav,4,hiphop,4,hiphop
5,train,957,957,/home/dt2119/dt2119/music_classification/datasets/audios/western_data/genres_original/rock/rock.00058.wav,9,rock,9,rock
5,train,338,338,/home/dt2119/dt2119/music_classification/datasets/audios/western_data/genres_original/disco/disco.00038.wav,3,disco,3,disco
5,train,350,350,/home/dt2119/dt2119/music_classification/datasets/audios/western_data/genres_original/disco/disco.00050.wav,3,disco,3,disco
5,train,668,668,/home/dt2119/dt2119/music_classification/datasets/audios/western_data/genres_original/metal/metal.00069.wav,6,metal,6,metal
5,train,634,634,/home/dt2119/dt2119/music_classification/datasets/audios/western_data/genres_original/metal/metal.00035.wav,6,metal,6,metal
5,train,257,257,/home/dt2119/dt2119/music_classification/datasets/audios/western_data/genres_original/country/country.00057.wav,2,country,2,country
5,train,32,32,/home/dt2119/dt2119/music_classification/datasets/audios/western_data/genres_original/blues/blues.00032.wav,0,blues,0,blues
5,train,901,901,/home/dt2119/dt2119/music_classification/datasets/audios/western_data/genres_original/rock/rock.00002.wav,9,rock,9,rock
5,train,100,100,/home/dt2119/dt2119/music_classification/datasets/audios/western_data/genres_original/classical/classical.00000.wav,1,classical,1,classical
5,train,357,357,/home/dt2119/dt2119/music_classification/datasets/audios/western_data/genres_original/disco/disco.00057.wav,3,disco,3,disco
5,train,500,500,/home/dt2119/dt2119/music_classification/datasets/audios/western_data/genres_original/jazz/jazz.00000.wav,5,jazz,5,jazz
5,train,750,750,/home/dt2119/dt2119/music_classification/datasets/audios/western_data/genres_original/pop/pop.00051.wav,7,pop,7,pop
5,train,349,349,/home/dt2119/dt2119/music_classification/datasets/audios/western_data/genres_original/disco/disco.00049.wav,3,disco,3,disco
5,train,649,649,/home/dt2119/dt2119/music_classification/datasets/audios/western_data/genres_original/metal/metal.00050.wav,6,metal,6,metal
5,train,82,82,/home/dt2119/dt2119/music_classification/datasets/audios/western_data/genres_original/blues/blues.00082.wav,0,blues,0,blues
5,train,268,268,/home/dt2119/dt2119/music_classification/datasets/audios/western_data/genres_original/country/country.00068.wav,2,country,2,country
5,train,36,36,/home/dt2119/dt2119/music_classification/datasets/audios/western_data/genres_original/blues/blues.00036.wav,0,blues,0,blues
5,train,912,912,/home/dt2119/dt2119/music_classification/datasets/audios/western_data/genres_original/rock/rock.00013.wav,9,rock,9,rock
5,train,757,757,/home/dt2119/dt2119/music_classification/datasets/audios/western_data/genres_original/pop/pop.00058.wav,7,pop,7,pop
5,train,351,351,/home/dt2119/dt2119/music_classification/datasets/audios/western_data/genres_original/disco/disco.00051.wav,3,disco,3,disco
5,train,29,29,/home/dt2119/dt2119/music_classification/datasets/audios/western_data/genres_original/blues/blues.00029.wav,0,blues,0,blues
5,train,987,987,/home/dt2119/dt2119/music_classification/datasets/audios/western_data/genres_original/rock/rock.00088.wav,9,rock,9,rock
5,train,35,35,/home/dt2119/dt2119/music_classification/datasets/audios/western_data/genres_original/blues/blues.00035.wav,0,blues,0,blues
5,train,671,671,/home/dt2119/dt2119/music_classification/datasets/audios/western_data/genres_original/metal/metal.00072.wav,6,metal,6,metal
5,train,499,499,/home/dt2119/dt2119/music_classification/datasets/audios/western_data/genres_original/hiphop/hiphop.00099.wav,4,hiphop,4,hiphop
5,train,290,290,/home/dt2119/dt2119/music_classification/datasets/audios/western_data/genres_original/country/country.00090.wav,2,country,2,country
5,train,584,584,/home/dt2119/dt2119/music_classification/datasets/audios/western_data/genres_original/jazz/jazz.00085.wav,5,jazz,5,jazz
5,train,914,914,/home/dt2119/dt2119/music_classification/datasets/audios/western_data/genres_original/rock/rock.00015.wav,9,rock,9,rock
5,train,454,454,/home/dt2119/dt2119/music_classification/datasets/audios/western_data/genres_original/hiphop/hiphop.00054.wav,4,hiphop,4,hiphop
5,train,599,599,/home/dt2119/dt2119/music_classification/datasets/audios/western_data/genres_original/metal/metal.00000.wav,6,metal,6,metal
5,train,923,923,/home/dt2119/dt2119/music_classification/datasets/audios/western_data/genres_original/rock/rock.00024.wav,9,rock,9,rock
5,train,563,563,/home/dt2119/dt2119/music_classification/datasets/audios/western_data/genres_original/jazz/jazz.00064.wav,5,jazz,5,jazz
5,train,334,334,/home/dt2119/dt2119/music_classification/datasets/audios/western_data/genres_original/disco/disco.00034.wav,3,disco,3,disco
5,train,104,104,/home/dt2119/dt2119/music_classification/datasets/audios/western_data/genres_original/classical/classical.00004.wav,1,classical,1,classical
5,train,282,282,/home/dt2119/dt2119/music_classification/datasets/audios/western_data/genres_original/country/country.00082.wav,2,country,2,country
5,train,767,767,/home/dt2119/dt2119/music_classification/datasets/audios/western_data/genres_original/pop/pop.00068.wav,7,pop,7,pop
5,train,719,719,/home/dt2119/dt2119/music_classification/datasets/audios/western_data/genres_original/pop/pop.00020.wav,7,pop,7,pop
5,train,480,480,/home/dt2119/dt2119/music_classification/datasets/audios/western_data/genres_original/hiphop/hiphop.00080.wav,4,hiphop,4,hiphop
5,train,690,690,/home/dt2119/dt2119/music_classification/datasets/audios/western_data/genres_original/metal/metal.00091.wav,6,metal,6,metal
5,train,716,716,/home/dt2119/dt2119/music_classification/datasets/audios/western_data/genres_original/pop/pop.00017.wav,7,pop,7,pop
5,train,758,758,/home/dt2119/dt2119/music_classification/datasets/audios/western_data/genres_original/pop/pop.00059.wav,7,pop,7,pop
5,train,253,253,/home/dt2119/dt2119/music_classification/datasets/audios/western_data/genres_original/country/country.00053.wav,2,country,2,country
5,train,241,241,/home/dt2119/dt2119/music_classification/datasets/audios/western_data/genres_original/country/country.00041.wav,2,country,2,country
5,train,330,330,/home/dt2119/dt2119/music_classification/datasets/audios/western_data/genres_original/disco/disco.00030.wav,3,disco,3,disco
5,train,343,343,/home/dt2119/dt2119/music_classification/datasets/audios/western_data/genres_original/disco/disco.00043.wav,3,disco,3,disco
5,train,221,221,/home/dt2119/dt2119/music_classification/datasets/audios/western_data/genres_original/country/country.00021.wav,2,country,2,country
5,train,635,635,/home/dt2119/dt2119/music_classification/datasets/audios/western_data/genres_original/metal/metal.00036.wav,6,metal,6,metal
5,train,331,331,/home/dt2119/dt2119/music_classification/datasets/audios/western_data/genres_original/disco/disco.00031.wav,3,disco,3,disco
5,train,722,722,/home/dt2119/dt2119/music_classification/datasets/audios/western_data/genres_original/pop/pop.00023.wav,7,pop,7,pop
5,train,432,432,/home/dt2119/dt2119/music_classification/datasets/audios/western_data/genres_original/hiphop/hiphop.00032.wav,4,hiphop,8,reggae
5,train,656,656,/home/dt2119/dt2119/music_classification/datasets/audios/western_data/genres_original/metal/metal.00057.wav,6,metal,6,metal
5,train,472,472,/home/dt2119/dt2119/music_classification/datasets/audios/western_data/genres_original/hiphop/hiphop.00072.wav,4,hiphop,4,hiphop
5,train,463,463,/home/dt2119/dt2119/music_classification/datasets/audios/western_data/genres_original/hiphop/hiphop.00063.wav,4,hiphop,4,hiphop
5,train,440,440,/home/dt2119/dt2119/music_classification/datasets/audios/western_data/genres_original/hiphop/hiphop.00040.wav,4,hiphop,4,hiphop
5,train,302,302,/home/dt2119/dt2119/music_classification/datasets/audios/western_data/genres_original/disco/disco.00002.wav,3,disco,3,disco
5,train,384,384,/home/dt2119/dt2119/music_classification/datasets/audios/western_data/genres_original/disco/disco.00084.wav,3,disco,3,disco
5,train,479,479,/home/dt2119/dt2119/music_classification/datasets/audios/western_data/genres_original/hiphop/hiphop.00079.wav,4,hiphop,4,hiphop
5,train,930,930,/home/dt2119/dt2119/music_classification/datasets/audios/western_data/genres_original/rock/rock.00031.wav,9,rock,3,disco
5,train,904,904,/home/dt2119/dt2119/music_classification/datasets/audios/western_data/genres_original/rock/rock.00005.wav,9,rock,9,rock
5,train,396,396,/home/dt2119/dt2119/music_classification/datasets/audios/western_data/genres_original/disco/disco.00096.wav,3,disco,3,disco
5,train,488,488,/home/dt2119/dt2119/music_classification/datasets/audios/western_data/genres_original/hiphop/hiphop.00088.wav,4,hiphop,4,hiphop
5,train,622,622,/home/dt2119/dt2119/music_classification/datasets/audios/western_data/genres_original/metal/metal.00023.wav,6,metal,6,metal
5,train,595,595,/home/dt2119/dt2119/music_classification/datasets/audios/western_data/genres_original/jazz/jazz.00096.wav,5,jazz,5,jazz
5,train,875,875,/home/dt2119/dt2119/music_classification/datasets/audios/western_data/genres_original/reggae/reggae.00076.wav,8,reggae,4,hiphop
5,train,710,710,/home/dt2119/dt2119/music_classification/datasets/audios/western_data/genres_original/pop/pop.00011.wav,7,pop,7,pop
5,train,473,473,/home/dt2119/dt2119/music_classification/datasets/audios/western_data/genres_original/hiphop/hiphop.00073.wav,4,hiphop,4,hiphop
5,train,234,234,/home/dt2119/dt2119/music_classification/datasets/audios/western_data/genres_original/country/country.00034.wav,2,country,2,country
5,train,988,988,/home/dt2119/dt2119/music_classification/datasets/audios/western_data/genres_original/rock/rock.00089.wav,9,rock,2,country
5,train,362,362,/home/dt2119/dt2119/music_classification/datasets/audios/western_data/genres_original/disco/disco.00062.wav,3,disco,3,disco
5,train,775,775,/home/dt2119/dt2119/music_classification/datasets/audios/western_data/genres_original/pop/pop.00076.wav,7,pop,7,pop
5,train,742,742,/home/dt2119/dt2119/music_classification/datasets/audios/western_data/genres_original/pop/pop.00043.wav,7,pop,7,pop
5,train,726,726,/home/dt2119/dt2119/music_classification/datasets/audios/western_data/genres_original/pop/pop.00027.wav,7,pop,7,pop
5,train,283,283,/home/dt2119/dt2119/music_classification/datasets/audios/western_data/genres_original/country/country.00083.wav,2,country,2,country
5,train,439,439,/home/dt2119/dt2119/music_classification/datasets/audios/western_data/genres_original/hiphop/hiphop.00039.wav,4,hiphop,4,hiphop
5,train,102,102,/home/dt2119/dt2119/music_classification/datasets/audios/western_data/genres_original/classical/classical.00002.wav,1,classical,1,classical
5,train,781,781,/home/dt2119/dt2119/music_classification/datasets/audios/western_data/genres_original/pop/pop.00082.wav,7,pop,7,pop
5,train,142,142,/home/dt2119/dt2119/music_classification/datasets/audios/western_data/genres_original/classical/classical.00042.wav,1,classical,1,classical
5,train,178,178,/home/dt2119/dt2119/music_classification/datasets/audios/western_data/genres_original/classical/classical.00078.wav,1,classical,1,classical
5,train,928,928,/home/dt2119/dt2119/music_classification/datasets/audios/western_data/genres_original/rock/rock.00029.wav,9,rock,9,rock
5,train,155,155,/home/dt2119/dt2119/music_classification/datasets/audios/western_data/genres_original/classical/classical.00055.wav,1,classical,1,classical
5,train,714,714,/home/dt2119/dt2119/music_classification/datasets/audios/western_data/genres_original/pop/pop.00015.wav,7,pop,7,pop
5,train,151,151,/home/dt2119/dt2119/music_classification/datasets/audios/western_data/genres_original/classical/classical.00051.wav,1,classical,1,classical
5,train,672,672,/home/dt2119/dt2119/music_classification/datasets/audios/western_data/genres_original/metal/metal.00073.wav,6,metal,6,metal
5,train,437,437,/home/dt2119/dt2119/music_classification/datasets/audios/western_data/genres_original/hiphop/hiphop.00037.wav,4,hiphop,4,hiphop
5,train,452,452,/home/dt2119/dt2119/music_classification/datasets/audios/western_data/genres_original/hiphop/hiphop.00052.wav,4,hiphop,4,hiphop
5,train,883,883,/home/dt2119/dt2119/music_classification/datasets/audios/western_data/genres_original/reggae/reggae.00084.wav,8,reggae,3,disco
5,train,871,871,/home/dt2119/dt2119/music_classification/datasets/audios/western_data/genres_original/reggae/reggae.00072.wav,8,reggae,8,reggae
5,train,613,613,/home/dt2119/dt2119/music_classification/datasets/audios/western_data/genres_original/metal/metal.00014.wav,6,metal,6,metal
5,train,934,934,/home/dt2119/dt2119/music_classification/datasets/audios/western_data/genres_original/rock/rock.00035.wav,9,rock,9,rock
5,train,915,915,/home/dt2119/dt2119/music_classification/datasets/audios/western_data/genres_original/rock/rock.00016.wav,9,rock,6,metal
5,train,917,917,/home/dt2119/dt2119/music_classification/datasets/audios/western_data/genres_original/rock/rock.00018.wav,9,rock,6,metal
5,train,638,638,/home/dt2119/dt2119/music_classification/datasets/audios/western_data/genres_original/metal/metal.00039.wav,6,metal,6,metal
5,train,383,383,/home/dt2119/dt2119/music_classification/datasets/audios/western_data/genres_original/disco/disco.00083.wav,3,disco,3,disco
5,train,600,600,/home/dt2119/dt2119/music_classification/datasets/audios/western_data/genres_original/metal/metal.00001.wav,6,metal,6,metal
5,train,686,686,/home/dt2119/dt2119/music_classification/datasets/audios/western_data/genres_original/metal/metal.00087.wav,6,metal,6,metal
5,train,11,11,/home/dt2119/dt2119/music_classification/datasets/audios/western_data/genres_original/blues/blues.00011.wav,0,blues,0,blues
5,train,322,322,/home/dt2119/dt2119/music_classification/datasets/audios/western_data/genres_original/disco/disco.00022.wav,3,disco,3,disco
5,train,877,877,/home/dt2119/dt2119/music_classification/datasets/audios/western_data/genres_original/reggae/reggae.00078.wav,8,reggae,8,reggae
5,train,98,98,/home/dt2119/dt2119/music_classification/datasets/audios/western_data/genres_original/blues/blues.00098.wav,0,blues,0,blues
5,validation,12,12,/home/dt2119/dt2119/music_classification/datasets/audios/western_data/genres_original/blues/blues.00012.wav,0,blues,1,classical
5,validation,13,13,/home/dt2119/dt2119/music_classification/datasets/audios/western_data/genres_original/blues/blues.00013.wav,0,blues,0,blues
5,validation,14,14,/home/dt2119/dt2119/music_classification/datasets/audios/western_data/genres_original/blues/blues.00014.wav,0,blues,1,classical
5,validation,15,15,/home/dt2119/dt2119/music_classification/datasets/audios/western_data/genres_original/blues/blues.00015.wav,0,blues,1,classical
5,validation,16,16,/home/dt2119/dt2119/music_classification/datasets/audios/western_data/genres_original/blues/blues.00016.wav,0,blues,1,classical
5,validation,17,17,/home/dt2119/dt2119/music_classification/datasets/audios/western_data/genres_original/blues/blues.00017.wav,0,blues,0,blues
5,validation,18,18,/home/dt2119/dt2119/music_classification/datasets/audios/western_data/genres_original/blues/blues.00018.wav,0,blues,1,classical
5,validation,19,19,/home/dt2119/dt2119/music_classification/datasets/audios/western_data/genres_original/blues/blues.00019.wav,0,blues,0,blues
5,validation,20,20,/home/dt2119/dt2119/music_classification/datasets/audios/western_data/genres_original/blues/blues.00020.wav,0,blues,0,blues
5,validation,21,21,/home/dt2119/dt2119/music_classification/datasets/audios/western_data/genres_original/blues/blues.00021.wav,0,blues,1,classical
5,validation,22,22,/home/dt2119/dt2119/music_classification/datasets/audios/western_data/genres_original/blues/blues.00022.wav,0,blues,1,classical
5,validation,23,23,/home/dt2119/dt2119/music_classification/datasets/audios/western_data/genres_original/blues/blues.00023.wav,0,blues,0,blues
5,validation,24,24,/home/dt2119/dt2119/music_classification/datasets/audios/western_data/genres_original/blues/blues.00024.wav,0,blues,0,blues
5,validation,25,25,/home/dt2119/dt2119/music_classification/datasets/audios/western_data/genres_original/blues/blues.00025.wav,0,blues,0,blues
5,validation,26,26,/home/dt2119/dt2119/music_classification/datasets/audios/western_data/genres_original/blues/blues.00026.wav,0,blues,1,classical
5,validation,27,27,/home/dt2119/dt2119/music_classification/datasets/audios/western_data/genres_original/blues/blues.00027.wav,0,blues,0,blues
5,validation,28,28,/home/dt2119/dt2119/music_classification/datasets/audios/western_data/genres_original/blues/blues.00028.wav,0,blues,0,blues
5,validation,61,61,/home/dt2119/dt2119/music_classification/datasets/audios/western_data/genres_original/blues/blues.00061.wav,0,blues,0,blues
5,validation,62,62,/home/dt2119/dt2119/music_classification/datasets/audios/western_data/genres_original/blues/blues.00062.wav,0,blues,0,blues
5,validation,63,63,/home/dt2119/dt2119/music_classification/datasets/audios/western_data/genres_original/blues/blues.00063.wav,0,blues,0,blues
5,validation,64,64,/home/dt2119/dt2119/music_classification/datasets/audios/western_data/genres_original/blues/blues.00064.wav,0,blues,0,blues
5,validation,65,65,/home/dt2119/dt2119/music_classification/datasets/audios/western_data/genres_original/blues/blues.00065.wav,0,blues,0,blues
5,validation,66,66,/home/dt2119/dt2119/music_classification/datasets/audios/western_data/genres_original/blues/blues.00066.wav,0,blues,0,blues
5,validation,67,67,/home/dt2119/dt2119/music_classification/datasets/audios/western_data/genres_original/blues/blues.00067.wav,0,blues,0,blues
5,validation,68,68,/home/dt2119/dt2119/music_classification/datasets/audios/western_data/genres_original/blues/blues.00068.wav,0,blues,0,blues
5,validation,69,69,/home/dt2119/dt2119/music_classification/datasets/audios/western_data/genres_original/blues/blues.00069.wav,0,blues,0,blues
5,validation,70,70,/home/dt2119/dt2119/music_classification/datasets/audios/western_data/genres_original/blues/blues.00070.wav,0,blues,0,blues
5,validation,71,71,/home/dt2119/dt2119/music_classification/datasets/audios/western_data/genres_original/blues/blues.00071.wav,0,blues,0,blues
5,validation,72,72,/home/dt2119/dt2119/music_classification/datasets/audios/western_data/genres_original/blues/blues.00072.wav,0,blues,0,blues
5,validation,85,85,/home/dt2119/dt2119/music_classification/datasets/audios/western_data/genres_original/blues/blues.00085.wav,0,blues,5,jazz
5,validation,86,86,/home/dt2119/dt2119/music_classification/datasets/audios/western_data/genres_original/blues/blues.00086.wav,0,blues,5,jazz
5,validation,87,87,/home/dt2119/dt2119/music_classification/datasets/audios/western_data/genres_original/blues/blues.00087.wav,0,blues,2,country
5,validation,88,88,/home/dt2119/dt2119/music_classification/datasets/audios/western_data/genres_original/blues/blues.00088.wav,0,blues,5,jazz
5,validation,89,89,/home/dt2119/dt2119/music_classification/datasets/audios/western_data/genres_original/blues/blues.00089.wav,0,blues,8,reggae
5,validation,90,90,/home/dt2119/dt2119/music_classification/datasets/audios/western_data/genres_original/blues/blues.00090.wav,0,blues,2,country
5,validation,91,91,/home/dt2119/dt2119/music_classification/datasets/audios/western_data/genres_original/blues/blues.00091.wav,0,blues,9,rock
5,validation,92,92,/home/dt2119/dt2119/music_classification/datasets/audios/western_data/genres_original/blues/blues.00092.wav,0,blues,5,jazz
5,validation,93,93,/home/dt2119/dt2119/music_classification/datasets/audios/western_data/genres_original/blues/blues.00093.wav,0,blues,9,rock
5,validation,94,94,/home/dt2119/dt2119/music_classification/datasets/audios/western_data/genres_original/blues/blues.00094.wav,0,blues,5,jazz
5,validation,95,95,/home/dt2119/dt2119/music_classification/datasets/audios/western_data/genres_original/blues/blues.00095.wav,0,blues,2,country
5,validation,96,96,/home/dt2119/dt2119/music_classification/datasets/audios/western_data/genres_original/blues/blues.00096.wav,0,blues,2,country
5,validation,97,97,/home/dt2119/dt2119/music_classification/datasets/audios/western_data/genres_original/blues/blues.00097.wav,0,blues,9,rock
5,validation,105,105,/home/dt2119/dt2119/music_classification/datasets/audios/western_data/genres_original/classical/classical.00005.wav,1,classical,1,classical
5,validation,106,106,/home/dt2119/dt2119/music_classification/datasets/audios/western_data/genres_original/classical/classical.00006.wav,1,classical,1,classical
5,validation,107,107,/home/dt2119/dt2119/music_classification/datasets/audios/western_data/genres_original/classical/classical.00007.wav,1,classical,1,classical
5,validation,108,108,/home/dt2119/dt2119/music_classification/datasets/audios/western_data/genres_original/classical/classical.00008.wav,1,classical,1,classical
5,validation,109,109,/home/dt2119/dt2119/music_classification/datasets/audios/western_data/genres_original/classical/classical.00009.wav,1,classical,1,classical
5,validation,110,110,/home/dt2119/dt2119/music_classification/datasets/audios/western_data/genres_original/classical/classical.00010.wav,1,classical,1,classical
5,validation,111,111,/home/dt2119/dt2119/music_classification/datasets/audios/western_data/genres_original/classical/classical.00011.wav,1,classical,1,classical
5,validation,112,112,/home/dt2119/dt2119/music_classification/datasets/audios/western_data/genres_original/classical/classical.00012.wav,1,classical,1,classical
5,validation,113,113,/home/dt2119/dt2119/music_classification/datasets/audios/western_data/genres_original/classical/classical.00013.wav,1,classical,1,classical
5,validation,114,114,/home/dt2119/dt2119/music_classification/datasets/audios/western_data/genres_original/classical/classical.00014.wav,1,classical,1,classical
5,validation,115,115,/home/dt2119/dt2119/music_classification/datasets/audios/western_data/genres_original/classical/classical.00015.wav,1,classical,1,classical
5,validation,116,116,/home/dt2119/dt2119/music_classification/datasets/audios/western_data/genres_original/classical/classical.00016.wav,1,classical,1,classical
5,validation,117,117,/home/dt2119/dt2119/music_classification/datasets/audios/western_data/genres_original/classical/classical.00017.wav,1,classical,1,classical
5,validation,118,118,/home/dt2119/dt2119/music_classification/datasets/audios/western_data/genres_original/classical/classical.00018.wav,1,classical,1,classical
5,validation,119,119,/home/dt2119/dt2119/music_classification/datasets/audios/western_data/genres_original/classical/classical.00019.wav,1,classical,1,classical
5,validation,120,120,/home/dt2119/dt2119/music_classification/datasets/audios/western_data/genres_original/classical/classical.00020.wav,1,classical,1,classical
5,validation,121,121,/home/dt2119/dt2119/music_classification/datasets/audios/western_data/genres_original/classical/classical.00021.wav,1,classical,1,classical
5,validation,122,122,/home/dt2119/dt2119/music_classification/datasets/audios/western_data/genres_original/classical/classical.00022.wav,1,classical,1,classical
5,validation,123,123,/home/dt2119/dt2119/music_classification/datasets/audios/western_data/genres_original/classical/classical.00023.wav,1,classical,1,classical
5,validation,124,124,/home/dt2119/dt2119/music_classification/datasets/audios/western_data/genres_original/classical/classical.00024.wav,1,classical,1,classical
5,validation,125,125,/home/dt2119/dt2119/music_classification/datasets/audios/western_data/genres_original/classical/classical.00025.wav,1,classical,1,classical
5,validation,126,126,/home/dt2119/dt2119/music_classification/datasets/audios/western_data/genres_original/classical/classical.00026.wav,1,classical,1,classical
5,validation,127,127,/home/dt2119/dt2119/music_classification/datasets/audios/western_data/genres_original/classical/classical.00027.wav,1,classical,1,classical
5,validation,128,128,/home/dt2119/dt2119/music_classification/datasets/audios/western_data/genres_original/classical/classical.00028.wav,1,classical,1,classical
5,validation,129,129,/home/dt2119/dt2119/music_classification/datasets/audios/western_data/genres_original/classical/classical.00029.wav,1,classical,1,classical
5,validation,134,134,/home/dt2119/dt2119/music_classification/datasets/audios/western_data/genres_original/classical/classical.00034.wav,1,classical,1,classical
5,validation,135,135,/home/dt2119/dt2119/music_classification/datasets/audios/western_data/genres_original/classical/classical.00035.wav,1,classical,1,classical
5,validation,136,136,/home/dt2119/dt2119/music_classification/datasets/audios/western_data/genres_original/classical/classical.00036.wav,1,classical,1,classical
5,validation,137,137,/home/dt2119/dt2119/music_classification/datasets/audios/western_data/genres_original/classical/classical.00037.wav,1,classical,1,classical
5,validation,144,144,/home/dt2119/dt2119/music_classification/datasets/audios/western_data/genres_original/classical/classical.00044.wav,1,classical,1,classical
5,validation,148,148,/home/dt2119/dt2119/music_classification/datasets/audios/western_data/genres_original/classical/classical.00048.wav,1,classical,5,jazz
5,validation,150,150,/home/dt2119/dt2119/music_classification/datasets/audios/western_data/genres_original/classical/classical.00050.wav,1,classical,1,classical
5,validation,156,156,/home/dt2119/dt2119/music_classification/datasets/audios/western_data/genres_original/classical/classical.00056.wav,1,classical,2,country
5,validation,161,161,/home/dt2119/dt2119/music_classification/datasets/audios/western_data/genres_original/classical/classical.00061.wav,1,classical,5,jazz
5,validation,168,168,/home/dt2119/dt2119/music_classification/datasets/audios/western_data/genres_original/classical/classical.00068.wav,1,classical,1,classical
5,validation,169,169,/home/dt2119/dt2119/music_classification/datasets/audios/western_data/genres_original/classical/classical.00069.wav,1,classical,1,classical
5,validation,170,170,/home/dt2119/dt2119/music_classification/datasets/audios/western_data/genres_original/classical/classical.00070.wav,1,classical,1,classical
5,validation,171,171,/home/dt2119/dt2119/music_classification/datasets/audios/western_data/genres_original/classical/classical.00071.wav,1,classical,1,classical
5,validation,172,172,/home/dt2119/dt2119/music_classification/datasets/audios/western_data/genres_original/classical/classical.00072.wav,1,classical,1,classical
5,validation,173,173,/home/dt2119/dt2119/music_classification/datasets/audios/western_data/genres_original/classical/classical.00073.wav,1,classical,1,classical
5,validation,174,174,/home/dt2119/dt2119/music_classification/datasets/audios/western_data/genres_original/classical/classical.00074.wav,1,classical,1,classical
5,validation,175,175,/home/dt2119/dt2119/music_classification/datasets/audios/western_data/genres_original/classical/classical.00075.wav,1,classical,1,classical
5,validation,176,176,/home/dt2119/dt2119/music_classification/datasets/audios/western_data/genres_original/classical/classical.00076.wav,1,classical,1,classical
5,validation,203,203,/home/dt2119/dt2119/music_classification/datasets/audios/western_data/genres_original/country/country.00003.wav,2,country,2,country
5,validation,207,207,/home/dt2119/dt2119/music_classification/datasets/audios/western_data/genres_original/country/country.00007.wav,2,country,2,country
5,validation,210,210,/home/dt2119/dt2119/music_classification/datasets/audios/western_data/genres_original/country/country.00010.wav,2,country,2,country
5,validation,212,212,/home/dt2119/dt2119/music_classification/datasets/audios/western_data/genres_original/country/country.00012.wav,2,country,2,country
5,validation,215,215,/home/dt2119/dt2119/music_classification/datasets/audios/western_data/genres_original/country/country.00015.wav,2,country,9,rock
5,validation,220,220,/home/dt2119/dt2119/music_classification/datasets/audios/western_data/genres_original/country/country.00020.wav,2,country,2,country
5,validation,222,222,/home/dt2119/dt2119/music_classification/datasets/audios/western_data/genres_original/country/country.00022.wav,2,country,2,country
5,validation,223,223,/home/dt2119/dt2119/music_classification/datasets/audios/western_data/genres_original/country/country.00023.wav,2,country,0,blues
5,validation,227,227,/home/dt2119/dt2119/music_classification/datasets/audios/western_data/genres_original/country/country.00027.wav,2,country,2,country
5,validation,229,229,/home/dt2119/dt2119/music_classification/datasets/audios/western_data/genres_original/country/country.00029.wav,2,country,2,country
5,validation,231,231,/home/dt2119/dt2119/music_classification/datasets/audios/western_data/genres_original/country/country.00031.wav,2,country,2,country
5,validation,233,233,/home/dt2119/dt2119/music_classification/datasets/audios/western_data/genres_original/country/country.00033.wav,2,country,2,country
5,validation,239,239,/home/dt2119/dt2119/music_classification/datasets/audios/western_data/genres_original/country/country.00039.wav,2,country,3,disco
5,validation,249,249,/home/dt2119/dt2119/music_classification/datasets/audios/western_data/genres_original/country/country.00049.wav,2,country,2,country
5,validation,300,300,/home/dt2119/dt2119/music_classification/datasets/audios/western_data/genres_original/disco/disco.00000.wav,3,disco,8,reggae
5,validation,304,304,/home/dt2119/dt2119/music_classification/datasets/audios/western_data/genres_original/disco/disco.00004.wav,3,disco,3,disco
5,validation,313,313,/home/dt2119/dt2119/music_classification/datasets/audios/western_data/genres_original/disco/disco.00013.wav,3,disco,6,metal
5,validation,316,316,/home/dt2119/dt2119/music_classification/datasets/audios/western_data/genres_original/disco/disco.00016.wav,3,disco,7,pop
5,validation,317,317,/home/dt2119/dt2119/music_classification/datasets/audios/western_data/genres_original/disco/disco.00017.wav,3,disco,3,disco
5,validation,323,323,/home/dt2119/dt2119/music_classification/datasets/audios/western_data/genres_original/disco/disco.00023.wav,3,disco,7,pop
5,validation,324,324,/home/dt2119/dt2119/music_classification/datasets/audios/western_data/genres_original/disco/disco.00024.wav,3,disco,3,disco
5,validation,326,326,/home/dt2119/dt2119/music_classification/datasets/audios/western_data/genres_original/disco/disco.00026.wav,3,disco,7,pop
5,validation,327,327,/home/dt2119/dt2119/music_classification/datasets/audios/western_data/genres_original/disco/disco.00027.wav,3,disco,4,hiphop
5,validation,333,333,/home/dt2119/dt2119/music_classification/datasets/audios/western_data/genres_original/disco/disco.00033.wav,3,disco,2,country
5,validation,336,336,/home/dt2119/dt2119/music_classification/datasets/audios/western_data/genres_original/disco/disco.00036.wav,3,disco,3,disco
5,validation,344,344,/home/dt2119/dt2119/music_classification/datasets/audios/western_data/genres_original/disco/disco.00044.wav,3,disco,3,disco
5,validation,345,345,/home/dt2119/dt2119/music_classification/datasets/audios/western_data/genres_original/disco/disco.00045.wav,3,disco,3,disco
5,validation,346,346,/home/dt2119/dt2119/music_classification/datasets/audios/western_data/genres_original/disco/disco.00046.wav,3,disco,3,disco
5,validation,348,348,/home/dt2119/dt2119/music_classification/datasets/audios/western_data/genres_original/disco/disco.00048.wav,3,disco,3,disco
5,validation,352,352,/home/dt2119/dt2119/music_classification/datasets/audios/western_data/genres_original/disco/disco.00052.wav,3,disco,3,disco
5,validation,353,353,/home/dt2119/dt2119/music_classification/datasets/audios/western_data/genres_original/disco/disco.00053.wav,3,disco,3,disco
5,validation,356,356,/home/dt2119/dt2119/music_classification/datasets/audios/western_data/genres_original/disco/disco.00056.wav,3,disco,3,disco
5,validation,358,358,/home/dt2119/dt2119/music_classification/datasets/audios/western_data/genres_original/disco/disco.00058.wav,3,disco,3,disco
5,validation,359,359,/home/dt2119/dt2119/music_classification/datasets/audios/western_data/genres_original/disco/disco.00059.wav,3,disco,3,disco
5,validation,367,367,/home/dt2119/dt2119/music_classification/datasets/audios/western_data/genres_original/disco/disco.00067.wav,3,disco,9,rock
5,validation,368,368,/home/dt2119/dt2119/music_classification/datasets/audios/western_data/genres_original/disco/disco.00068.wav,3,disco,3,disco
5,validation,372,372,/home/dt2119/dt2119/music_classification/datasets/audios/western_data/genres_original/disco/disco.00072.wav,3,disco,7,pop
5,validation,375,375,/home/dt2119/dt2119/music_classification/datasets/audios/western_data/genres_original/disco/disco.00075.wav,3,disco,3,disco
5,validation,376,376,/home/dt2119/dt2119/music_classification/datasets/audios/western_data/genres_original/disco/disco.00076.wav,3,disco,3,disco
5,validation,388,388,/home/dt2119/dt2119/music_classification/datasets/audios/western_data/genres_original/disco/disco.00088.wav,3,disco,3,disco
5,validation,390,390,/home/dt2119/dt2119/music_classification/datasets/audios/western_data/genres_original/disco/disco.00090.wav,3,disco,3,disco
5,validation,391,391,/home/dt2119/dt2119/music_classification/datasets/audios/western_data/genres_original/disco/disco.00091.wav,3,disco,3,disco
5,validation,393,393,/home/dt2119/dt2119/music_classification/datasets/audios/western_data/genres_original/disco/disco.00093.wav,3,disco,3,disco
5,validation,395,395,/home/dt2119/dt2119/music_classification/datasets/audios/western_data/genres_original/disco/disco.00095.wav,3,disco,3,disco
5,validation,402,402,/home/dt2119/dt2119/music_classification/datasets/audios/western_data/genres_original/hiphop/hiphop.00002.wav,4,hiphop,4,hiphop
5,validation,403,403,/home/dt2119/dt2119/music_classification/datasets/audios/western_data/genres_original/hiphop/hiphop.00003.wav,4,hiphop,4,hiphop
5,validation,404,404,/home/dt2119/dt2119/music_classification/datasets/audios/western_data/genres_original/hiphop/hiphop.00004.wav,4,hiphop,4,hiphop
5,validation,405,405,/home/dt2119/dt2119/music_classification/datasets/audios/western_data/genres_original/hiphop/hiphop.00005.wav,4,hiphop,4,hiphop
5,validation,406,406,/home/dt2119/dt2119/music_classification/datasets/audios/western_data/genres_original/hiphop/hiphop.00006.wav,4,hiphop,4,hiphop
5,validation,408,408,/home/dt2119/dt2119/music_classification/datasets/audios/western_data/genres_original/hiphop/hiphop.00008.wav,4,hiphop,4,hiphop
5,validation,409,409,/home/dt2119/dt2119/music_classification/datasets/audios/western_data/genres_original/hiphop/hiphop.00009.wav,4,hiphop,4,hiphop
5,validation,410,410,/home/dt2119/dt2119/music_classification/datasets/audios/western_data/genres_original/hiphop/hiphop.00010.wav,4,hiphop,3,disco
5,validation,411,411,/home/dt2119/dt2119/music_classification/datasets/audios/western_data/genres_original/hiphop/hiphop.00011.wav,4,hiphop,4,hiphop
5,validation,412,412,/home/dt2119/dt2119/music_classification/datasets/audios/western_data/genres_original/hiphop/hiphop.00012.wav,4,hiphop,4,hiphop
5,validation,413,413,/home/dt2119/dt2119/music_classification/datasets/audios/western_data/genres_original/hiphop/hiphop.00013.wav,4,hiphop,1,classical
5,validation,414,414,/home/dt2119/dt2119/music_classification/datasets/audios/western_data/genres_original/hiphop/hiphop.00014.wav,4,hiphop,8,reggae
5,validation,415,415,/home/dt2119/dt2119/music_classification/datasets/audios/western_data/genres_original/hiphop/hiphop.00015.wav,4,hiphop,4,hiphop
5,validation,416,416,/home/dt2119/dt2119/music_classification/datasets/audios/western_data/genres_original/hiphop/hiphop.00016.wav,4,hiphop,8,reggae
5,validation,417,417,/home/dt2119/dt2119/music_classification/datasets/audios/western_data/genres_original/hiphop/hiphop.00017.wav,4,hiphop,4,hiphop
5,validation,418,418,/home/dt2119/dt2119/music_classification/datasets/audios/western_data/genres_original/hiphop/hiphop.00018.wav,4,hiphop,3,disco
5,validation,419,419,/home/dt2119/dt2119/music_classification/datasets/audios/western_data/genres_original/hiphop/hiphop.00019.wav,4,hiphop,9,rock
5,validation,420,420,/home/dt2119/dt2119/music_classification/datasets/audios/western_data/genres_original/hiphop/hiphop.00020.wav,4,hiphop,4,hiphop
5,validation,421,421,/home/dt2119/dt2119/music_classification/datasets/audios/western_data/genres_original/hiphop/hiphop.00021.wav,4,hiphop,4,hiphop
5,validation,422,422,/home/dt2119/dt2119/music_classification/datasets/audios/western_data/genres_original/hiphop/hiphop.00022.wav,4,hiphop,4,hiphop
5,validation,423,423,/home/dt2119/dt2119/music_classification/datasets/audios/western_data/genres_original/hiphop/hiphop.00023.wav,4,hiphop,9,rock
5,validation,424,424,/home/dt2119/dt2119/music_classification/datasets/audios/western_data/genres_original/hiphop/hiphop.00024.wav,4,hiphop,7,pop
5,validation,425,425,/home/dt2119/dt2119/music_classification/datasets/audios/western_data/genres_original/hiphop/hiphop.00025.wav,4,hiphop,9,rock
5,validation,429,429,/home/dt2119/dt2119/music_classification/datasets/audios/western_data/genres_original/hiphop/hiphop.00029.wav,4,hiphop,7,pop
5,validation,436,436,/home/dt2119/dt2119/music_classification/datasets/audios/western_data/genres_original/hiphop/hiphop.00036.wav,4,hiphop,4,hiphop
5,validation,438,438,/home/dt2119/dt2119/music_classification/datasets/audios/western_data/genres_original/hiphop/hiphop.00038.wav,4,hiphop,7,pop
5,validation,525,525,/home/dt2119/dt2119/music_classification/datasets/audios/western_data/genres_original/jazz/jazz.00025.wav,5,jazz,5,jazz
5,validation,526,526,/home/dt2119/dt2119/music_classification/datasets/audios/western_data/genres_original/jazz/jazz.00026.wav,5,jazz,5,jazz
5,validation,527,527,/home/dt2119/dt2119/music_classification/datasets/audios/western_data/genres_original/jazz/jazz.00027.wav,5,jazz,5,jazz
5,validation,528,528,/home/dt2119/dt2119/music_classification/datasets/audios/western_data/genres_original/jazz/jazz.00028.wav,5,jazz,5,jazz
5,validation,529,529,/home/dt2119/dt2119/music_classification/datasets/audios/western_data/genres_original/jazz/jazz.00029.wav,5,jazz,0,blues
5,validation,530,530,/home/dt2119/dt2119/music_classification/datasets/audios/western_data/genres_original/jazz/jazz.00030.wav,5,jazz,5,jazz
5,validation,531,531,/home/dt2119/dt2119/music_classification/datasets/audios/western_data/genres_original/jazz/jazz.00031.wav,5,jazz,5,jazz
5,validation,532,532,/home/dt2119/dt2119/music_classification/datasets/audios/western_data/genres_original/jazz/jazz.00032.wav,5,jazz,1,classical
5,validation,533,533,/home/dt2119/dt2119/music_classification/datasets/audios/western_data/genres_original/jazz/jazz.00033.wav,5,jazz,1,classical
5,validation,534,534,/home/dt2119/dt2119/music_classification/datasets/audios/western_data/genres_original/jazz/jazz.00034.wav,5,jazz,0,blues
5,validation,535,535,/home/dt2119/dt2119/music_classification/datasets/audios/western_data/genres_original/jazz/jazz.00035.wav,5,jazz,1,classical
5,validation,536,536,/home/dt2119/dt2119/music_classification/datasets/audios/western_data/genres_original/jazz/jazz.00036.wav,5,jazz,0,blues
5,validation,537,537,/home/dt2119/dt2119/music_classification/datasets/audios/western_data/genres_original/jazz/jazz.00037.wav,5,jazz,5,jazz
5,validation,538,538,/home/dt2119/dt2119/music_classification/datasets/audios/western_data/genres_original/jazz/jazz.00038.wav,5,jazz,0,blues
5,validation,539,539,/home/dt2119/dt2119/music_classification/datasets/audios/western_data/genres_original/jazz/jazz.00039.wav,5,jazz,1,classical
5,validation,540,540,/home/dt2119/dt2119/music_classification/datasets/audios/western_data/genres_original/jazz/jazz.00040.wav,5,jazz,1,classical
5,validation,541,541,/home/dt2119/dt2119/music_classification/datasets/audios/western_data/genres_original/jazz/jazz.00041.wav,5,jazz,5,jazz
5,validation,542,542,/home/dt2119/dt2119/music_classification/datasets/audios/western_data/genres_original/jazz/jazz.00042.wav,5,jazz,1,classical
5,validation,543,543,/home/dt2119/dt2119/music_classification/datasets/audios/western_data/genres_original/jazz/jazz.00043.wav,5,jazz,5,jazz
5,validation,544,544,/home/dt2119/dt2119/music_classification/datasets/audios/western_data/genres_original/jazz/jazz.00044.wav,5,jazz,5,jazz
5,validation,545,545,/home/dt2119/dt2119/music_classification/datasets/audios/western_data/genres_original/jazz/jazz.00045.wav,5,jazz,0,blues
5,validation,546,546,/home/dt2119/dt2119/music_classification/datasets/audios/western_data/genres_original/jazz/jazz.00046.wav,5,jazz,0,blues
5,validation,547,547,/home/dt2119/dt2119/music_classification/datasets/audios/western_data/genres_original/jazz/jazz.00047.wav,5,jazz,5,jazz
5,validation,550,550,/home/dt2119/dt2119/music_classification/datasets/audios/western_data/genres_original/jazz/jazz.00050.wav,5,jazz,6,metal
5,validation,551,551,/home/dt2119/dt2119/music_classification/datasets/audios/western_data/genres_original/jazz/jazz.00051.wav,5,jazz,1,classical
5,validation,553,553,/home/dt2119/dt2119/music_classification/datasets/audios/western_data/genres_original/jazz/jazz.00053.wav,5,jazz,0,blues
5,validation,554,554,/home/dt2119/dt2119/music_classification/datasets/audios/western_data/genres_original/jazz/jazz.00055.wav,5,jazz,1,classical
5,validation,555,555,/home/dt2119/dt2119/music_classification/datasets/audios/western_data/genres_original/jazz/jazz.00056.wav,5,jazz,5,jazz
5,validation,556,556,/home/dt2119/dt2119/music_classification/datasets/audios/western_data/genres_original/jazz/jazz.00057.wav,5,jazz,1,classical
5,validation,557,557,/home/dt2119/dt2119/music_classification/datasets/audios/western_data/genres_original/jazz/jazz.00058.wav,5,jazz,0,blues
5,validation,559,559,/home/dt2119/dt2119/music_classification/datasets/audios/western_data/genres_original/jazz/jazz.00060.wav,5,jazz,5,jazz
5,validation,560,560,/home/dt2119/dt2119/music_classification/datasets/audios/western_data/genres_original/jazz/jazz.00061.wav,5,jazz,9,rock
5,validation,561,561,/home/dt2119/dt2119/music_classification/datasets/audios/western_data/genres_original/jazz/jazz.00062.wav,5,jazz,5,jazz
5,validation,564,564,/home/dt2119/dt2119/music_classification/datasets/audios/western_data/genres_original/jazz/jazz.00065.wav,5,jazz,1,classical
5,validation,566,566,/home/dt2119/dt2119/music_classification/datasets/audios/western_data/genres_original/jazz/jazz.00067.wav,5,jazz,1,classical
5,validation,567,567,/home/dt2119/dt2119/music_classification/datasets/audios/western_data/genres_original/jazz/jazz.00068.wav,5,jazz,1,classical
5,validation,568,568,/home/dt2119/dt2119/music_classification/datasets/audios/western_data/genres_original/jazz/jazz.00069.wav,5,jazz,5,jazz
5,validation,569,569,/home/dt2119/dt2119/music_classification/datasets/audios/western_data/genres_original/jazz/jazz.00070.wav,5,jazz,5,jazz
5,validation,570,570,/home/dt2119/dt2119/music_classification/datasets/audios/western_data/genres_original/jazz/jazz.00071.wav,5,jazz,0,blues
5,validation,571,571,/home/dt2119/dt2119/music_classification/datasets/audios/western_data/genres_original/jazz/jazz.00072.wav,5,jazz,1,classical
5,validation,601,601,/home/dt2119/dt2119/music_classification/datasets/audios/western_data/genres_original/metal/metal.00002.wav,6,metal,6,metal
5,validation,602,602,/home/dt2119/dt2119/music_classification/datasets/audios/western_data/genres_original/metal/metal.00003.wav,6,metal,6,metal
5,validation,604,604,/home/dt2119/dt2119/music_classification/datasets/audios/western_data/genres_original/metal/metal.00005.wav,6,metal,6,metal
5,validation,625,625,/home/dt2119/dt2119/music_classification/datasets/audios/western_data/genres_original/metal/metal.00026.wav,6,metal,6,metal
5,validation,626,626,/home/dt2119/dt2119/music_classification/datasets/audios/western_data/genres_original/metal/metal.00027.wav,6,metal,6,metal
5,validation,633,633,/home/dt2119/dt2119/music_classification/datasets/audios/western_data/genres_original/metal/metal.00034.wav,6,metal,6,metal
5,validation,639,639,/home/dt2119/dt2119/music_classification/datasets/audios/western_data/genres_original/metal/metal.00040.wav,6,metal,6,metal
5,validation,640,640,/home/dt2119/dt2119/music_classification/datasets/audios/western_data/genres_original/metal/metal.00041.wav,6,metal,6,metal
5,validation,641,641,/home/dt2119/dt2119/music_classification/datasets/audios/western_data/genres_original/metal/metal.00042.wav,6,metal,6,metal
5,validation,642,642,/home/dt2119/dt2119/music_classification/datasets/audios/western_data/genres_original/metal/metal.00043.wav,6,metal,6,metal
5,validation,643,643,/home/dt2119/dt2119/music_classification/datasets/audios/western_data/genres_original/metal/metal.00044.wav,6,metal,6,metal
5,validation,644,644,/home/dt2119/dt2119/music_classification/datasets/audios/western_data/genres_original/metal/metal.00045.wav,6,metal,6,metal
5,validation,660,660,/home/dt2119/dt2119/music_classification/datasets/audios/western_data/genres_original/metal/metal.00061.wav,6,metal,6,metal
5,validation,661,661,/home/dt2119/dt2119/music_classification/datasets/audios/western_data/genres_original/metal/metal.00062.wav,6,metal,6,metal
5,validation,662,662,/home/dt2119/dt2119/music_classification/datasets/audios/western_data/genres_original/metal/metal.00063.wav,6,metal,6,metal
5,validation,663,663,/home/dt2119/dt2119/music_classification/datasets/audios/western_data/genres_original/metal/metal.00064.wav,6,metal,6,metal
5,validation,664,664,/home/dt2119/dt2119/music_classification/datasets/audios/western_data/genres_original/metal/metal.00065.wav,6,metal,6,metal
5,validation,665,665,/home/dt2119/dt2119/music_classification/datasets/audios/western_data/genres_original/metal/metal.00066.wav,6,metal,6,metal
5,validation,687,687,/home/dt2119/dt2119/music_classification/datasets/audios/western_data/genres_original/metal/metal.00088.wav,6,metal,6,metal
5,validation,688,688,/home/dt2119/dt2119/music_classification/datasets/audios/western_data/genres_original/metal/metal.00089.wav,6,metal,6,metal
5,validation,691,691,/home/dt2119/dt2119/music_classification/datasets/audios/western_data/genres_original/metal/metal.00092.wav,6,metal,9,rock
5,validation,692,692,/home/dt2119/dt2119/music_classification/datasets/audios/western_data/genres_original/metal/metal.00093.wav,6,metal,6,metal
5,validation,693,693,/home/dt2119/dt2119/music_classification/datasets/audios/western_data/genres_original/metal/metal.00094.wav,6,metal,6,metal
5,validation,699,699,/home/dt2119/dt2119/music_classification/datasets/audios/western_data/genres_original/pop/pop.00000.wav,7,pop,7,pop
5,validation,701,701,/home/dt2119/dt2119/music_classification/datasets/audios/western_data/genres_original/pop/pop.00002.wav,7,pop,7,pop
5,validation,702,702,/home/dt2119/dt2119/music_classification/datasets/audios/western_data/genres_original/pop/pop.00003.wav,7,pop,7,pop
5,validation,703,703,/home/dt2119/dt2119/music_classification/datasets/audios/western_data/genres_original/pop/pop.00004.wav,7,pop,7,pop
5,validation,704,704,/home/dt2119/dt2119/music_classification/datasets/audios/western_data/genres_original/pop/pop.00005.wav,7,pop,7,pop
5,validation,705,705,/home/dt2119/dt2119/music_classification/datasets/audios/western_data/genres_original/pop/pop.00006.wav,7,pop,9,rock
5,validation,706,706,/home/dt2119/dt2119/music_classification/datasets/audios/western_data/genres_original/pop/pop.00007.wav,7,pop,7,pop
5,validation,707,707,/home/dt2119/dt2119/music_classification/datasets/audios/western_data/genres_original/pop/pop.00008.wav,7,pop,7,pop
5,validation,708,708,/home/dt2119/dt2119/music_classification/datasets/audios/western_data/genres_original/pop/pop.00009.wav,7,pop,2,country
5,validation,773,773,/home/dt2119/dt2119/music_classification/datasets/audios/western_data/genres_original/pop/pop.00074.wav,7,pop,7,pop
5,validation,786,786,/home/dt2119/dt2119/music_classification/datasets/audios/western_data/genres_original/pop/pop.00087.wav,7,pop,7,pop
5,validation,787,787,/home/dt2119/dt2119/music_classification/datasets/audios/western_data/genres_original/pop/pop.00088.wav,7,pop,7,pop
5,validation,788,788,/home/dt2119/dt2119/music_classification/datasets/audios/western_data/genres_original/pop/pop.00089.wav,7,pop,7,pop
5,validation,789,789,/home/dt2119/dt2119/music_classification/datasets/audios/western_data/genres_original/pop/pop.00090.wav,7,pop,7,pop
5,validation,790,790,/home/dt2119/dt2119/music_classification/datasets/audios/western_data/genres_original/pop/pop.00091.wav,7,pop,7,pop
5,validation,791,791,/home/dt2119/dt2119/music_classification/datasets/audios/western_data/genres_original/pop/pop.00092.wav,7,pop,7,pop
5,validation,792,792,/home/dt2119/dt2119/music_classification/datasets/audios/western_data/genres_original/pop/pop.00093.wav,7,pop,3,disco
5,validation,793,793,/home/dt2119/dt2119/music_classification/datasets/audios/western_data/genres_original/pop/pop.00094.wav,7,pop,7,pop
5,validation,794,794,/home/dt2119/dt2119/music_classification/datasets/audios/western_data/genres_original/pop/pop.00095.wav,7,pop,7,pop
5,validation,795,795,/home/dt2119/dt2119/music_classification/datasets/audios/western_data/genres_original/pop/pop.00096.wav,7,pop,7,pop
5,validation,796,796,/home/dt2119/dt2119/music_classification/datasets/audios/western_data/genres_original/pop/pop.00097.wav,7,pop,4,hiphop
5,validation,797,797,/home/dt2119/dt2119/music_classification/datasets/audios/western_data/genres_original/pop/pop.00098.wav,7,pop,7,pop
5,validation,798,798,/home/dt2119/dt2119/music_classification/datasets/audios/western_data/genres_original/pop/pop.00099.wav,7,pop,7,pop
5,validation,799,799,/home/dt2119/dt2119/music_classification/datasets/audios/western_data/genres_original/reggae/reggae.00000.wav,8,reggae,3,disco
5,validation,800,800,/home/dt2119/dt2119/music_classification/datasets/audios/western_data/genres_original/reggae/reggae.00001.wav,8,reggae,9,rock
5,validation,801,801,/home/dt2119/dt2119/music_classification/datasets/audios/western_data/genres_original/reggae/reggae.00002.wav,8,reggae,8,reggae
5,validation,802,802,/home/dt2119/dt2119/music_classification/datasets/audios/western_data/genres_original/reggae/reggae.00003.wav,8,reggae,4,hiphop
5,validation,803,803,/home/dt2119/dt2119/music_classification/datasets/audios/western_data/genres_original/reggae/reggae.00004.wav,8,reggae,3,disco
5,validation,804,804,/home/dt2119/dt2119/music_classification/datasets/audios/western_data/genres_original/reggae/reggae.00005.wav,8,reggae,8,reggae
5,validation,805,805,/home/dt2119/dt2119/music_classification/datasets/audios/western_data/genres_original/reggae/reggae.00006.wav,8,reggae,9,rock
5,validation,806,806,/home/dt2119/dt2119/music_classification/datasets/audios/western_data/genres_original/reggae/reggae.00007.wav,8,reggae,8,reggae
5,validation,807,807,/home/dt2119/dt2119/music_classification/datasets/audios/western_data/genres_original/reggae/reggae.00008.wav,8,reggae,8,reggae
5,validation,808,808,/home/dt2119/dt2119/music_classification/datasets/audios/western_data/genres_original/reggae/reggae.00009.wav,8,reggae,8,reggae
5,validation,809,809,/home/dt2119/dt2119/music_classification/datasets/audios/western_data/genres_original/reggae/reggae.00010.wav,8,reggae,2,country
5,validation,810,810,/home/dt2119/dt2119/music_classification/datasets/audios/western_data/genres_original/reggae/reggae.00011.wav,8,reggae,3,disco
5,validation,811,811,/home/dt2119/dt2119/music_classification/datasets/audios/western_data/genres_original/reggae/reggae.00012.wav,8,reggae,3,disco
5,validation,812,812,/home/dt2119/dt2119/music_classification/datasets/audios/western_data/genres_original/reggae/reggae.00013.wav,8,reggae,3,disco
5,validation,813,813,/home/dt2119/dt2119/music_classification/datasets/audios/western_data/genres_original/reggae/reggae.00014.wav,8,reggae,4,hiphop
5,validation,814,814,/home/dt2119/dt2119/music_classification/datasets/audios/western_data/genres_original/reggae/reggae.00015.wav,8,reggae,3,disco
5,validation,815,815,/home/dt2119/dt2119/music_classification/datasets/audios/western_data/genres_original/reggae/reggae.00016.wav,8,reggae,0,blues
5,validation,816,816,/home/dt2119/dt2119/music_classification/datasets/audios/western_data/genres_original/reggae/reggae.00017.wav,8,reggae,4,hiphop
5,validation,817,817,/home/dt2119/dt2119/music_classification/datasets/audios/western_data/genres_original/reggae/reggae.00018.wav,8,reggae,8,reggae
5,validation,818,818,/home/dt2119/dt2119/music_classification/datasets/audios/western_data/genres_original/reggae/reggae.00019.wav,8,reggae,4,hiphop
5,validation,819,819,/home/dt2119/dt2119/music_classification/datasets/audios/western_data/genres_original/reggae/reggae.00020.wav,8,reggae,8,reggae
5,validation,820,820,/home/dt2119/dt2119/music_classification/datasets/audios/western_data/genres_original/reggae/reggae.00021.wav,8,reggae,9,rock
5,validation,821,821,/home/dt2119/dt2119/music_classification/datasets/audios/western_data/genres_original/reggae/reggae.00022.wav,8,reggae,4,hiphop
5,validation,822,822,/home/dt2119/dt2119/music_classification/datasets/audios/western_data/genres_original/reggae/reggae.00023.wav,8,reggae,4,hiphop
5,validation,823,823,/home/dt2119/dt2119/music_classification/datasets/audios/western_data/genres_original/reggae/reggae.00024.wav,8,reggae,8,reggae
5,validation,824,824,/home/dt2119/dt2119/music_classification/datasets/audios/western_data/genres_original/reggae/reggae.00025.wav,8,reggae,8,reggae
5,validation,825,825,/home/dt2119/dt2119/music_classification/datasets/audios/western_data/genres_original/reggae/reggae.00026.wav,8,reggae,8,reggae
5,validation,826,826,/home/dt2119/dt2119/music_classification/datasets/audios/western_data/genres_original/reggae/reggae.00027.wav,8,reggae,3,disco
5,validation,840,840,/home/dt2119/dt2119/music_classification/datasets/audios/western_data/genres_original/reggae/reggae.00041.wav,8,reggae,4,hiphop
5,validation,848,848,/home/dt2119/dt2119/music_classification/datasets/audios/western_data/genres_original/reggae/reggae.00049.wav,8,reggae,9,rock
5,validation,853,853,/home/dt2119/dt2119/music_classification/datasets/audios/western_data/genres_original/reggae/reggae.00054.wav,8,reggae,7,pop
5,validation,854,854,/home/dt2119/dt2119/music_classification/datasets/audios/western_data/genres_original/reggae/reggae.00055.wav,8,reggae,4,hiphop
5,validation,855,855,/home/dt2119/dt2119/music_classification/datasets/audios/western_data/genres_original/reggae/reggae.00056.wav,8,reggae,7,pop
5,validation,856,856,/home/dt2119/dt2119/music_classification/datasets/audios/western_data/genres_original/reggae/reggae.00057.wav,8,reggae,8,reggae
5,validation,857,857,/home/dt2119/dt2119/music_classification/datasets/audios/western_data/genres_original/reggae/reggae.00058.wav,8,reggae,3,disco
5,validation,858,858,/home/dt2119/dt2119/music_classification/datasets/audios/western_data/genres_original/reggae/reggae.00059.wav,8,reggae,7,pop
5,validation,859,859,/home/dt2119/dt2119/music_classification/datasets/audios/western_data/genres_original/reggae/reggae.00060.wav,8,reggae,9,rock
5,validation,860,860,/home/dt2119/dt2119/music_classification/datasets/audios/western_data/genres_original/reggae/reggae.00061.wav,8,reggae,7,pop
5,validation,868,868,/home/dt2119/dt2119/music_classification/datasets/audios/western_data/genres_original/reggae/reggae.00069.wav,8,reggae,8,reggae
5,validation,872,872,/home/dt2119/dt2119/music_classification/datasets/audios/western_data/genres_original/reggae/reggae.00073.wav,8,reggae,4,hiphop
5,validation,873,873,/home/dt2119/dt2119/music_classification/datasets/audios/western_data/genres_original/reggae/reggae.00074.wav,8,reggae,4,hiphop
5,validation,933,933,/home/dt2119/dt2119/music_classification/datasets/audios/western_data/genres_original/rock/rock.00034.wav,9,rock,9,rock
5,validation,963,963,/home/dt2119/dt2119/music_classification/datasets/audios/western_data/genres_original/rock/rock.00064.wav,9,rock,0,blues
5,validation,964,964,/home/dt2119/dt2119/music_classification/datasets/audios/western_data/genres_original/rock/rock.00065.wav,9,rock,9,rock
5,validation,965,965,/home/dt2119/dt2119/music_classification/datasets/audios/western_data/genres_original/rock/rock.00066.wav,9,rock,9,rock
5,validation,966,966,/home/dt2119/dt2119/music_classification/datasets/audios/western_data/genres_original/rock/rock.00067.wav,9,rock,9,rock
5,validation,967,967,/home/dt2119/dt2119/music_classification/datasets/audios/western_data/genres_original/rock/rock.00068.wav,9,rock,6,metal
5,validation,968,968,/home/dt2119/dt2119/music_classification/datasets/audios/western_data/genres_original/rock/rock.00069.wav,9,rock,2,country
5,validation,969,969,/home/dt2119/dt2119/music_classification/datasets/audios/western_data/genres_original/rock/rock.00070.wav,9,rock,2,country
5,validation,978,978,/home/dt2119/dt2119/music_classification/datasets/audios/western_data/genres_original/rock/rock.00079.wav,9,rock,9,rock
5,validation,979,979,/home/dt2119/dt2119/music_classification/datasets/audios/western_data/genres_original/rock/rock.00080.wav,9,rock,9,rock
5,validation,980,980,/home/dt2119/dt2119/music_classification/datasets/audios/western_data/genres_original/rock/rock.00081.wav,9,rock,0,blues
5,validation,981,981,/home/dt2119/dt2119/music_classification/datasets/audios/western_data/genres_original/rock/rock.00082.wav,9,rock,9,rock
5,validation,982,982,/home/dt2119/dt2119/music_classification/datasets/audios/western_data/genres_original/rock/rock.00083.wav,9,rock,9,rock
5,validation,983,983,/home/dt2119/dt2119/music_classification/datasets/audios/western_data/genres_original/rock/rock.00084.wav,9,rock,9,rock
5,validation,984,984,/home/dt2119/dt2119/music_classification/datasets/audios/western_data/genres_original/rock/rock.00085.wav,9,rock,2,country
5,validation,989,989,/home/dt2119/dt2119/music_classification/datasets/audios/western_data/genres_original/rock/rock.00090.wav,9,rock,0,blues
5,test,50,50,/home/dt2119/dt2119/music_classification/datasets/audios/western_data/genres_original/blues/blues.00050.wav,0,blues,0,blues
5,test,51,51,/home/dt2119/dt2119/music_classification/datasets/audios/western_data/genres_original/blues/blues.00051.wav,0,blues,6,metal
5,test,52,52,/home/dt2119/dt2119/music_classification/datasets/audios/western_data/genres_original/blues/blues.00052.wav,0,blues,0,blues
5,test,53,53,/home/dt2119/dt2119/music_classification/datasets/audios/western_data/genres_original/blues/blues.00053.wav,0,blues,3,disco
5,test,54,54,/home/dt2119/dt2119/music_classification/datasets/audios/western_data/genres_original/blues/blues.00054.wav,0,blues,6,metal
5,test,55,55,/home/dt2119/dt2119/music_classification/datasets/audios/western_data/genres_original/blues/blues.00055.wav,0,blues,3,disco
5,test,56,56,/home/dt2119/dt2119/music_classification/datasets/audios/western_data/genres_original/blues/blues.00056.wav,0,blues,2,country
5,test,57,57,/home/dt2119/dt2119/music_classification/datasets/audios/western_data/genres_original/blues/blues.00057.wav,0,blues,0,blues
5,test,58,58,/home/dt2119/dt2119/music_classification/datasets/audios/western_data/genres_original/blues/blues.00058.wav,0,blues,2,country
5,test,59,59,/home/dt2119/dt2119/music_classification/datasets/audios/western_data/genres_original/blues/blues.00059.wav,0,blues,0,blues
5,test,60,60,/home/dt2119/dt2119/music_classification/datasets/audios/western_data/genres_original/blues/blues.00060.wav,0,blues,9,rock
5,test,130,130,/home/dt2119/dt2119/music_classification/datasets/audios/western_data/genres_original/classical/classical.00030.wav,1,classical,1,classical
5,test,131,131,/home/dt2119/dt2119/music_classification/datasets/audios/western_data/genres_original/classical/classical.00031.wav,1,classical,1,classical
5,test,132,132,/home/dt2119/dt2119/music_classification/datasets/audios/western_data/genres_original/classical/classical.00032.wav,1,classical,0,blues
5,test,133,133,/home/dt2119/dt2119/music_classification/datasets/audios/western_data/genres_original/classical/classical.00033.wav,1,classical,1,classical
5,test,143,143,/home/dt2119/dt2119/music_classification/datasets/audios/western_data/genres_original/classical/classical.00043.wav,1,classical,1,classical
5,test,145,145,/home/dt2119/dt2119/music_classification/datasets/audios/western_data/genres_original/classical/classical.00045.wav,1,classical,1,classical
5,test,154,154,/home/dt2119/dt2119/music_classification/datasets/audios/western_data/genres_original/classical/classical.00054.wav,1,classical,5,jazz
5,test,158,158,/home/dt2119/dt2119/music_classification/datasets/audios/western_data/genres_original/classical/classical.00058.wav,1,classical,1,classical
5,test,159,159,/home/dt2119/dt2119/music_classification/datasets/audios/western_data/genres_original/classical/classical.00059.wav,1,classical,5,jazz
5,test,160,160,/home/dt2119/dt2119/music_classification/datasets/audios/western_data/genres_original/classical/classical.00060.wav,1,classical,5,jazz
5,test,182,182,/home/dt2119/dt2119/music_classification/datasets/audios/western_data/genres_original/classical/classical.00082.wav,1,classical,1,classical
5,test,183,183,/home/dt2119/dt2119/music_classification/datasets/audios/western_data/genres_original/classical/classical.00083.wav,1,classical,1,classical
5,test,184,184,/home/dt2119/dt2119/music_classification/datasets/audios/western_data/genres_original/classical/classical.00084.wav,1,classical,1,classical
5,test,185,185,/home/dt2119/dt2119/music_classification/datasets/audios/western_data/genres_original/classical/classical.00085.wav,1,classical,1,classical
5,test,186,186,/home/dt2119/dt2119/music_classification/datasets/audios/western_data/genres_original/classical/classical.00086.wav,1,classical,9,rock
5,test,187,187,/home/dt2119/dt2119/music_classification/datasets/audios/western_data/genres_original/classical/classical.00087.wav,1,classical,1,classical
5,test,188,188,/home/dt2119/dt2119/music_classification/datasets/audios/western_data/genres_original/classical/classical.00088.wav,1,classical,1,classical
5,test,189,189,/home/dt2119/dt2119/music_classification/datasets/audios/western_data/genres_original/classical/classical.00089.wav,1,classical,1,classical
5,test,190,190,/home/dt2119/dt2119/music_classification/datasets/audios/western_data/genres_original/classical/classical.00090.wav,1,classical,1,classical
5,test,191,191,/home/dt2119/dt2119/music_classification/datasets/audios/western_data/genres_original/classical/classical.00091.wav,1,classical,1,classical
5,test,192,192,/home/dt2119/dt2119/music_classification/datasets/audios/western_data/genres_original/classical/classical.00092.wav,1,classical,1,classical
5,test,193,193,/home/dt2119/dt2119/music_classification/datasets/audios/western_data/genres_original/classical/classical.00093.wav,1,classical,1,classical
5,test,194,194,/home/dt2119/dt2119/music_classification/datasets/audios/western_data/genres_original/classical/classical.00094.wav,1,classical,1,classical
5,test,195,195,/home/dt2119/dt2119/music_classification/datasets/audios/western_data/genres_original/classical/classical.00095.wav,1,classical,1,classical
5,test,196,196,/home/dt2119/dt2119/music_classification/datasets/audios/western_data/genres_original/classical/classical.00096.wav,1,classical,1,classical
5,test,197,197,/home/dt2119/dt2119/music_classification/datasets/audios/western_data/genres_original/classical/classical.00097.wav,1,classical,1,classical
5,test,198,198,/home/dt2119/dt2119/music_classification/datasets/audios/western_data/genres_original/classical/classical.00098.wav,1,classical,1,classical
5,test,199,199,/home/dt2119/dt2119/music_classification/datasets/audios/western_data/genres_original/classical/classical.00099.wav,1,classical,1,classical
5,test,201,201,/home/dt2119/dt2119/music_classification/datasets/audios/western_data/genres_original/country/country.00001.wav,2,country,2,country
5,test,237,237,/home/dt2119/dt2119/music_classification/datasets/audios/western_data/genres_original/country/country.00037.wav,2,country,2,country
5,test,243,243,/home/dt2119/dt2119/music_classification/datasets/audios/western_data/genres_original/country/country.00043.wav,2,country,2,country
5,test,294,294,/home/dt2119/dt2119/music_classification/datasets/audios/western_data/genres_original/country/country.00094.wav,2,country,2,country
5,test,295,295,/home/dt2119/dt2119/music_classification/datasets/audios/western_data/genres_original/country/country.00095.wav,2,country,2,country
5,test,296,296,/home/dt2119/dt2119/music_classification/datasets/audios/western_data/genres_original/country/country.00096.wav,2,country,2,country
5,test,297,297,/home/dt2119/dt2119/music_classification/datasets/audios/western_data/genres_original/country/country.00097.wav,2,country,2,country
5,test,298,298,/home/dt2119/dt2119/music_classification/datasets/audios/western_data/genres_original/country/country.00098.wav,2,country,2,country
5,test,299,299,/home/dt2119/dt2119/music_classification/datasets/audios/western_data/genres_original/country/country.00099.wav,2,country,2,country
5,test,303,303,/home/dt2119/dt2119/music_classification/datasets/audios/western_data/genres_original/disco/disco.00003.wav,3,disco,3,disco
5,test,315,315,/home/dt2119/dt2119/music_classification/datasets/audios/western_data/genres_original/disco/disco.00015.wav,3,disco,2,country
5,test,332,332,/home/dt2119/dt2119/music_classification/datasets/audios/western_data/genres_original/disco/disco.00032.wav,3,disco,3,disco
5,test,340,340,/home/dt2119/dt2119/music_classification/datasets/audios/western_data/genres_original/disco/disco.00040.wav,3,disco,3,disco
5,test,341,341,/home/dt2119/dt2119/music_classification/datasets/audios/western_data/genres_original/disco/disco.00041.wav,3,disco,2,country
5,test,342,342,/home/dt2119/dt2119/music_classification/datasets/audios/western_data/genres_original/disco/disco.00042.wav,3,disco,3,disco
5,test,347,347,/home/dt2119/dt2119/music_classification/datasets/audios/western_data/genres_original/disco/disco.00047.wav,3,disco,1,classical
5,test,355,355,/home/dt2119/dt2119/music_classification/datasets/audios/western_data/genres_original/disco/disco.00055.wav,3,disco,3,disco
5,test,360,360,/home/dt2119/dt2119/music_classification/datasets/audios/western_data/genres_original/disco/disco.00060.wav,3,disco,3,disco
5,test,364,364,/home/dt2119/dt2119/music_classification/datasets/audios/western_data/genres_original/disco/disco.00064.wav,3,disco,3,disco
5,test,377,377,/home/dt2119/dt2119/music_classification/datasets/audios/western_data/genres_original/disco/disco.00077.wav,3,disco,3,disco
5,test,389,389,/home/dt2119/dt2119/music_classification/datasets/audios/western_data/genres_original/disco/disco.00089.wav,3,disco,3,disco
5,test,394,394,/home/dt2119/dt2119/music_classification/datasets/audios/western_data/genres_original/disco/disco.00094.wav,3,disco,3,disco
5,test,400,400,/home/dt2119/dt2119/music_classification/datasets/audios/western_data/genres_original/hiphop/hiphop.00000.wav,4,hiphop,3,disco
5,test,427,427,/home/dt2119/dt2119/music_classification/datasets/audios/western_data/genres_original/hiphop/hiphop.00027.wav,4,hiphop,4,hiphop
5,test,428,428,/home/dt2119/dt2119/music_classification/datasets/audios/western_data/genres_original/hiphop/hiphop.00028.wav,4,hiphop,4,hiphop
5,test,431,431,/home/dt2119/dt2119/music_classification/datasets/audios/western_data/genres_original/hiphop/hiphop.00031.wav,4,hiphop,7,pop
5,test,434,434,/home/dt2119/dt2119/music_classification/datasets/audios/western_data/genres_original/hiphop/hiphop.00034.wav,4,hiphop,4,hiphop
5,test,435,435,/home/dt2119/dt2119/music_classification/datasets/audios/western_data/genres_original/hiphop/hiphop.00035.wav,4,hiphop,4,hiphop
5,test,443,443,/home/dt2119/dt2119/music_classification/datasets/audios/western_data/genres_original/hiphop/hiphop.00043.wav,4,hiphop,4,hiphop
5,test,444,444,/home/dt2119/dt2119/music_classification/datasets/audios/western_data/genres_original/hiphop/hiphop.00044.wav,4,hiphop,7,pop
5,test,455,455,/home/dt2119/dt2119/music_classification/datasets/audios/western_data/genres_original/hiphop/hiphop.00055.wav,4,hiphop,4,hiphop
5,test,456,456,/home/dt2119/dt2119/music_classification/datasets/audios/western_data/genres_original/hiphop/hiphop.00056.wav,4,hiphop,4,hiphop
5,test,457,457,/home/dt2119/dt2119/music_classification/datasets/audios/western_data/genres_original/hiphop/hiphop.00057.wav,4,hiphop,4,hiphop
5,test,458,458,/home/dt2119/dt2119/music_classification/datasets/audios/western_data/genres_original/hiphop/hiphop.00058.wav,4,hiphop,4,hiphop
5,test,459,459,/home/dt2119/dt2119/music_classification/datasets/audios/western_data/genres_original/hiphop/hiphop.00059.wav,4,hiphop,4,hiphop
5,test,460,460,/home/dt2119/dt2119/music_classification/datasets/audios/western_data/genres_original/hiphop/hiphop.00060.wav,4,hiphop,4,hiphop
5,test,461,461,/home/dt2119/dt2119/music_classification/datasets/audios/western_data/genres_original/hiphop/hiphop.00061.wav,4,hiphop,4,hiphop
5,test,502,502,/home/dt2119/dt2119/music_classification/datasets/audios/western_data/genres_original/jazz/jazz.00002.wav,5,jazz,0,blues
5,test,503,503,/home/dt2119/dt2119/music_classification/datasets/audios/western_data/genres_original/jazz/jazz.00003.wav,5,jazz,1,classical
5,test,504,504,/home/dt2119/dt2119/music_classification/datasets/audios/western_data/genres_original/jazz/jazz.00004.wav,5,jazz,5,jazz
5,test,505,505,/home/dt2119/dt2119/music_classification/datasets/audios/western_data/genres_original/jazz/jazz.00005.wav,5,jazz,5,jazz
5,test,506,506,/home/dt2119/dt2119/music_classification/datasets/audios/western_data/genres_original/jazz/jazz.00006.wav,5,jazz,5,jazz
5,test,507,507,/home/dt2119/dt2119/music_classification/datasets/audios/western_data/genres_original/jazz/jazz.00007.wav,5,jazz,5,jazz
5,test,508,508,/home/dt2119/dt2119/music_classification/datasets/audios/western_data/genres_original/jazz/jazz.00008.wav,5,jazz,5,jazz
5,test,509,509,/home/dt2119/dt2119/music_classification/datasets/audios/western_data/genres_original/jazz/jazz.00009.wav,5,jazz,5,jazz
5,test,510,510,/home/dt2119/dt2119/music_classification/datasets/audios/western_data/genres_original/jazz/jazz.00010.wav,5,jazz,2,country
5,test,511,511,/home/dt2119/dt2119/music_classification/datasets/audios/western_data/genres_original/jazz/jazz.00011.wav,5,jazz,5,jazz
5,test,512,512,/home/dt2119/dt2119/music_classification/datasets/audios/western_data/genres_original/jazz/jazz.00012.wav,5,jazz,5,jazz
5,test,513,513,/home/dt2119/dt2119/music_classification/datasets/audios/western_data/genres_original/jazz/jazz.00013.wav,5,jazz,5,jazz
5,test,514,514,/home/dt2119/dt2119/music_classification/datasets/audios/western_data/genres_original/jazz/jazz.00014.wav,5,jazz,1,classical
5,test,515,515,/home/dt2119/dt2119/music_classification/datasets/audios/western_data/genres_original/jazz/jazz.00015.wav,5,jazz,5,jazz
5,test,516,516,/home/dt2119/dt2119/music_classification/datasets/audios/western_data/genres_original/jazz/jazz.00016.wav,5,jazz,5,jazz
5,test,517,517,/home/dt2119/dt2119/music_classification/datasets/audios/western_data/genres_original/jazz/jazz.00017.wav,5,jazz,0,blues
5,test,518,518,/home/dt2119/dt2119/music_classification/datasets/audios/western_data/genres_original/jazz/jazz.00018.wav,5,jazz,1,classical
5,test,519,519,/home/dt2119/dt2119/music_classification/datasets/audios/western_data/genres_original/jazz/jazz.00019.wav,5,jazz,1,classical
5,test,520,520,/home/dt2119/dt2119/music_classification/datasets/audios/western_data/genres_original/jazz/jazz.00020.wav,5,jazz,5,jazz
5,test,521,521,/home/dt2119/dt2119/music_classification/datasets/audios/western_data/genres_original/jazz/jazz.00021.wav,5,jazz,5,jazz
5,test,522,522,/home/dt2119/dt2119/music_classification/datasets/audios/western_data/genres_original/jazz/jazz.00022.wav,5,jazz,5,jazz
5,test,523,523,/home/dt2119/dt2119/music_classification/datasets/audios/western_data/genres_original/jazz/jazz.00023.wav,5,jazz,5,jazz
5,test,524,524,/home/dt2119/dt2119/music_classification/datasets/audios/western_data/genres_original/jazz/jazz.00024.wav,5,jazz,5,jazz
5,test,586,586,/home/dt2119/dt2119/music_classification/datasets/audios/western_data/genres_original/jazz/jazz.00087.wav,5,jazz,9,rock
5,test,587,587,/home/dt2119/dt2119/music_classification/datasets/audios/western_data/genres_original/jazz/jazz.00088.wav,5,jazz,5,jazz
5,test,588,588,/home/dt2119/dt2119/music_classification/datasets/audios/western_data/genres_original/jazz/jazz.00089.wav,5,jazz,5,jazz
5,test,589,589,/home/dt2119/dt2119/music_classification/datasets/audios/western_data/genres_original/jazz/jazz.00090.wav,5,jazz,1,classical
5,test,590,590,/home/dt2119/dt2119/music_classification/datasets/audios/western_data/genres_original/jazz/jazz.00091.wav,5,jazz,1,classical
5,test,591,591,/home/dt2119/dt2119/music_classification/datasets/audios/western_data/genres_original/jazz/jazz.00092.wav,5,jazz,5,jazz
5,test,592,592,/home/dt2119/dt2119/music_classification/datasets/audios/western_data/genres_original/jazz/jazz.00093.wav,5,jazz,7,pop
5,test,608,608,/home/dt2119/dt2119/music_classification/datasets/audios/western_data/genres_original/metal/metal.00009.wav,6,metal,6,metal
5,test,620,620,/home/dt2119/dt2119/music_classification/datasets/audios/western_data/genres_original/metal/metal.00021.wav,6,metal,6,metal
5,test,623,623,/home/dt2119/dt2119/music_classification/datasets/audios/western_data/genres_original/metal/metal.00024.wav,6,metal,6,metal
5,test,666,666,/home/dt2119/dt2119/music_classification/datasets/audios/western_data/genres_original/metal/metal.00067.wav,6,metal,6,metal
5,test,667,667,/home/dt2119/dt2119/music_classification/datasets/audios/western_data/genres_original/metal/metal.00068.wav,6,metal,6,metal
5,test,669,669,/home/dt2119/dt2119/music_classification/datasets/audios/western_data/genres_original/metal/metal.00070.wav,6,metal,3,disco
5,test,673,673,/home/dt2119/dt2119/music_classification/datasets/audios/western_data/genres_original/metal/metal.00074.wav,6,metal,6,metal
5,test,676,676,/home/dt2119/dt2119/music_classification/datasets/audios/western_data/genres_original/metal/metal.00077.wav,6,metal,6,metal
5,test,680,680,/home/dt2119/dt2119/music_classification/datasets/audios/western_data/genres_original/metal/metal.00081.wav,6,metal,6,metal
5,test,681,681,/home/dt2119/dt2119/music_classification/datasets/audios/western_data/genres_original/metal/metal.00082.wav,6,metal,6,metal
5,test,685,685,/home/dt2119/dt2119/music_classification/datasets/audios/western_data/genres_original/metal/metal.00086.wav,6,metal,6,metal
5,test,694,694,/home/dt2119/dt2119/music_classification/datasets/audios/western_data/genres_original/metal/metal.00095.wav,6,metal,6,metal
5,test,695,695,/home/dt2119/dt2119/music_classification/datasets/audios/western_data/genres_original/metal/metal.00096.wav,6,metal,6,metal
5,test,696,696,/home/dt2119/dt2119/music_classification/datasets/audios/western_data/genres_original/metal/metal.00097.wav,6,metal,6,metal
5,test,697,697,/home/dt2119/dt2119/music_classification/datasets/audios/western_data/genres_original/metal/metal.00098.wav,6,metal,6,metal
5,test,698,698,/home/dt2119/dt2119/music_classification/datasets/audios/western_data/genres_original/metal/metal.00099.wav,6,metal,6,metal
5,test,700,700,/home/dt2119/dt2119/music_classification/datasets/audios/western_data/genres_original/pop/pop.00001.wav,7,pop,7,pop
5,test,740,740,/home/dt2119/dt2119/music_classification/datasets/audios/western_data/genres_original/pop/pop.00041.wav,7,pop,2,country
5,test,782,782,/home/dt2119/dt2119/music_classification/datasets/audios/western_data/genres_original/pop/pop.00083.wav,7,pop,7,pop
5,test,783,783,/home/dt2119/dt2119/music_classification/datasets/audios/western_data/genres_original/pop/pop.00084.wav,7,pop,7,pop
5,test,784,784,/home/dt2119/dt2119/music_classification/datasets/audios/western_data/genres_original/pop/pop.00085.wav,7,pop,4,hiphop
5,test,785,785,/home/dt2119/dt2119/music_classification/datasets/audios/western_data/genres_original/pop/pop.00086.wav,7,pop,7,pop
5,test,844,844,/home/dt2119/dt2119/music_classification/datasets/audios/western_data/genres_original/reggae/reggae.00045.wav,8,reggae,8,reggae
5,test,845,845,/home/dt2119/dt2119/music_classification/datasets/audios/western_data/genres_original/reggae/reggae.00046.wav,8,reggae,0,blues
5,test,846,846,/home/dt2119/dt2119/music_classification/datasets/audios/western_data/genres_original/reggae/reggae.00047.wav,8,reggae,4,hiphop
5,test,847,847,/home/dt2119/dt2119/music_classification/datasets/audios/western_data/genres_original/reggae/reggae.00048.wav,8,reggae,4,hiphop
5,test,863,863,/home/dt2119/dt2119/music_classification/datasets/audios/western_data/genres_original/reggae/reggae.00064.wav,8,reggae,8,reggae
5,test,864,864,/home/dt2119/dt2119/music_classification/datasets/audios/western_data/genres_original/reggae/reggae.00065.wav,8,reggae,4,hiphop
5,test,865,865,/home/dt2119/dt2119/music_classification/datasets/audios/western_data/genres_original/reggae/reggae.00066.wav,8,reggae,8,reggae
5,test,866,866,/home/dt2119/dt2119/music_classification/datasets/audios/western_data/genres_original/reggae/reggae.00067.wav,8,reggae,5,jazz
5,test,867,867,/home/dt2119/dt2119/music_classification/datasets/audios/western_data/genres_original/reggae/reggae.00068.wav,8,reggae,8,reggae
5,test,870,870,/home/dt2119/dt2119/music_classification/datasets/audios/western_data/genres_original/reggae/reggae.00071.wav,8,reggae,8,reggae
5,test,878,878,/home/dt2119/dt2119/music_classification/datasets/audios/western_data/genres_original/reggae/reggae.00079.wav,8,reggae,8,reggae
5,test,884,884,/home/dt2119/dt2119/music_classification/datasets/audios/western_data/genres_original/reggae/reggae.00085.wav,8,reggae,4,hiphop
5,test,885,885,/home/dt2119/dt2119/music_classification/datasets/audios/western_data/genres_original/reggae/reggae.00086.wav,8,reggae,4,hiphop
5,test,887,887,/home/dt2119/dt2119/music_classification/datasets/audios/western_data/genres_original/reggae/reggae.00088.wav,8,reggae,7,pop
5,test,892,892,/home/dt2119/dt2119/music_classification/datasets/audios/western_data/genres_original/reggae/reggae.00093.wav,8,reggae,7,pop
5,test,893,893,/home/dt2119/dt2119/music_classification/datasets/audios/western_data/genres_original/reggae/reggae.00094.wav,8,reggae,6,metal
5,test,894,894,/home/dt2119/dt2119/music_classification/datasets/audios/western_data/genres_original/reggae/reggae.00095.wav,8,reggae,4,hiphop
5,test,895,895,/home/dt2119/dt2119/music_classification/datasets/audios/western_data/genres_original/reggae/reggae.00096.wav,8,reggae,8,reggae
5,test,896,896,/home/dt2119/dt2119/music_classification/datasets/audios/western_data/genres_original/reggae/reggae.00097.wav,8,reggae,2,country
5,test,897,897,/home/dt2119/dt2119/music_classification/datasets/audios/western_data/genres_original/reggae/reggae.00098.wav,8,reggae,5,jazz
5,test,898,898,/home/dt2119/dt2119/music_classification/datasets/audios/western_data/genres_original/reggae/reggae.00099.wav,8,reggae,4,hiphop
5,test,935,935,/home/dt2119/dt2119/music_classification/datasets/audios/western_data/genres_original/rock/rock.00036.wav,9,rock,9,rock
5,test,937,937,/home/dt2119/dt2119/music_classification/datasets/audios/western_data/genres_original/rock/rock.00038.wav,9,rock,7,pop
5,test,990,990,/home/dt2119/dt2119/music_classification/datasets/audios/western_data/genres_original/rock/rock.00091.wav,9,rock,6,metal
5,test,991,991,/home/dt2119/dt2119/music_classification/datasets/audios/western_data/genres_original/rock/rock.00092.wav,9,rock,6,metal
5,test,992,992,/home/dt2119/dt2119/music_classification/datasets/audios/western_data/genres_original/rock/rock.00093.wav,9,rock,9,rock
5,test,993,993,/home/dt2119/dt2119/music_classification/datasets/audios/western_data/genres_original/rock/rock.00094.wav,9,rock,9,rock
5,test,994,994,/home/dt2119/dt2119/music_classification/datasets/audios/western_data/genres_original/rock/rock.00095.wav,9,rock,9,rock
5,test,995,995,/home/dt2119/dt2119/music_classification/datasets/audios/western_data/genres_original/rock/rock.00096.wav,9,rock,9,rock
5,test,996,996,/home/dt2119/dt2119/music_classification/datasets/audios/western_data/genres_original/rock/rock.00097.wav,9,rock,9,rock
5,test,997,997,/home/dt2119/dt2119/music_classification/datasets/audios/western_data/genres_original/rock/rock.00098.wav,9,rock,9,rock
5,test,998,998,/home/dt2119/dt2119/music_classification/datasets/audios/western_data/genres_original/rock/rock.00099.wav,9,rock,2,country
