feature_index,path,label,class_name,original_label,track_id,segment_index,region
0,/home/dt2119/dt2119/music_classification/datasets/audios/western_data/genres_original/blues/blues.00000.wav,0,blues,0,0,0,western
1,/home/dt2119/dt2119/music_classification/datasets/audios/western_data/genres_original/blues/blues.00001.wav,0,blues,0,1,0,western
2,/home/dt2119/dt2119/music_classification/datasets/audios/western_data/genres_original/blues/blues.00002.wav,0,blues,0,2,0,western
3,/home/dt2119/dt2119/music_classification/datasets/audios/western_data/genres_original/blues/blues.00003.wav,0,blues,0,3,0,western
4,/home/dt2119/dt2119/music_classification/datasets/audios/western_data/genres_original/blues/blues.00004.wav,0,blues,0,4,0,western
5,/home/dt2119/dt2119/music_classification/datasets/audios/western_data/genres_original/blues/blues.00005.wav,0,blues,0,5,0,western
6,/home/dt2119/dt2119/music_classification/datasets/audios/western_data/genres_original/blues/blues.00006.wav,0,blues,0,6,0,western
7,/home/dt2119/dt2119/music_classification/datasets/audios/western_data/genres_original/blues/blues.00007.wav,0,blues,0,7,0,western
8,/home/dt2119/dt2119/music_classification/datasets/audios/western_data/genres_original/blues/blues.00008.wav,0,blues,0,8,0,western
9,/home/dt2119/dt2119/music_classification/datasets/audios/western_data/genres_original/blues/blues.00009.wav,0,blues,0,9,0,western
10,/home/dt2119/dt2119/music_classification/datasets/audios/western_data/genres_original/blues/blues.00010.wav,0,blues,0,10,0,western
11,/home/dt2119/dt2119/music_classification/datasets/audios/western_data/genres_original/blues/blues.00011.wav,0,blues,0,11,0,western
12,/home/dt2119/dt2119/music_classification/datasets/audios/western_data/genres_original/blues/blues.00012.wav,0,blues,0,12,0,western
13,/home/dt2119/dt2119/music_classification/datasets/audios/western_data/genres_original/blues/blues.00013.wav,0,blues,0,13,0,western
14,/home/dt2119/dt2119/music_classification/datasets/audios/western_data/genres_original/blues/blues.00014.wav,0,blues,0,14,0,western
15,/home/dt2119/dt2119/music_classification/datasets/audios/western_data/genres_original/blues/blues.00015.wav,0,blues,0,15,0,western
16,/home/dt2119/dt2119/music_classification/datasets/audios/western_data/genres_original/blues/blues.00016.wav,0,blues,0,16,0,western
17,/home/dt2119/dt2119/music_classification/datasets/audios/western_data/genres_original/blues/blues.00017.wav,0,blues,0,17,0,western
18,/home/dt2119/dt2119/music_classification/datasets/audios/western_data/genres_original/blues/blues.00018.wav,0,blues,0,18,0,western
19,/home/dt2119/dt2119/music_classification/datasets/audios/western_data/genres_original/blues/blues.00019.wav,0,blues,0,19,0,western
20,/home/dt2119/dt2119/music_classification/datasets/audios/western_data/genres_original/blues/blues.00020.wav,0,blues,0,20,0,western
21,/home/dt2119/dt2119/music_classification/datasets/audios/western_data/genres_original/blues/blues.00021.wav,0,blues,0,21,0,western
22,/home/dt2119/dt2119/music_classification/datasets/audios/western_data/genres_original/blues/blues.00022.wav,0,blues,0,22,0,western
23,/home/dt2119/dt2119/music_classification/datasets/audios/western_data/genres_original/blues/blues.00023.wav,0,blues,0,23,0,western
24,/home/dt2119/dt2119/music_classification/datasets/audios/western_data/genres_original/blues/blues.00024.wav,0,blues,0,24,0,western
25,/home/dt2119/dt2119/music_classification/datasets/audios/western_data/genres_original/blues/blues.00025.wav,0,blues,0,25,0,western
26,/home/dt2119/dt2119/music_classification/datasets/audios/western_data/genres_original/blues/blues.00026.wav,0,blues,0,26,0,western
27,/home/dt2119/dt2119/music_classification/datasets/audios/western_data/genres_original/blues/blues.00027.wav,0,blues,0,27,0,western
28,/home/dt2119/dt2119/music_classification/datasets/audios/western_data/genres_original/blues/blues.00028.wav,0,blues,0,28,0,western
29,/home/dt2119/dt2119/music_classification/datasets/audios/western_data/genres_original/blues/blues.00029.wav,0,blues,0,29,0,western
30,/home/dt2119/dt2119/music_classification/datasets/audios/western_data/genres_original/blues/blues.00030.wav,0,blues,0,30,0,western
31,/home/dt2119/dt2119/music_classification/datasets/audios/western_data/genres_original/blues/blues.00031.wav,0,blues,0,31,0,western
32,/home/dt2119/dt2119/music_classification/datasets/audios/western_data/genres_original/blues/blues.00032.wav,0,blues,0,32,0,western
33,/home/dt2119/dt2119/music_classification/datasets/audios/western_data/genres_original/blues/blues.00033.wav,0,blues,0,33,0,western
34,/home/dt2119/dt2119/music_classification/datasets/audios/western_data/genres_original/blues/blues.00034.wav,0,blues,0,34,0,western
35,/home/dt2119/dt2119/music_classification/datasets/audios/western_data/genres_original/blues/blues.00035.wav,0,blues,0,35,0,western
36,/home/dt2119/dt2119/music_classification/datasets/audios/western_data/genres_original/blues/blues.00036.wav,0,blues,0,36,0,western
37,/home/dt2119/dt2119/music_classification/datasets/audios/western_data/genres_original/blues/blues.00037.wav,0,blues,0,37,0,western
38,/home/dt2119/dt2119/music_classification/datasets/audios/western_data/genres_original/blues/blues.00038.wav,0,blues,0,38,0,western
39,/home/dt2119/dt2119/music_classification/datasets/audios/western_data/genres_original/blues/blues.00039.wav,0,blues,0,39,0,western
40,/home/dt2119/dt2119/music_classification/datasets/audios/western_data/genres_original/blues/blues.00040.wav,0,blues,0,40,0,western
41,/home/dt2119/dt2119/music_classification/datasets/audios/western_data/genres_original/blues/blues.00041.wav,0,blues,0,41,0,western
42,/home/dt2119/dt2119/music_classification/datasets/audios/western_data/genres_original/blues/blues.00042.wav,0,blues,0,42,0,western
43,/home/dt2119/dt2119/music_classification/datasets/audios/western_data/genres_original/blues/blues.00043.wav,0,blues,0,43,0,western
44,/home/dt2119/dt2119/music_classification/datasets/audios/western_data/genres_original/blues/blues.00044.wav,0,blues,0,44,0,western
45,/home/dt2119/dt2119/music_classification/datasets/audios/western_data/genres_original/blues/blues.00045.wav,0,blues,0,45,0,western
46,/home/dt2119/dt2119/music_classification/datasets/audios/western_data/genres_original/blues/blues.00046.wav,0,blues,0,46,0,western
47,/home/dt2119/dt2119/music_classification/datasets/audios/western_data/genres_original/blues/blues.00047.wav,0,blues,0,47,0,western
48,/home/dt2119/dt2119/music_classification/datasets/audios/western_data/genres_original/blues/blues.00048.wav,0,blues,0,48,0,western
49,/home/dt2119/dt2119/music_classification/datasets/audios/western_data/genres_original/blues/blues.00049.wav,0,blues,0,49,0,western
50,/home/dt2119/dt2119/music_classification/datasets/audios/western_data/genres_original/blues/blues.00050.wav,0,blues,0,50,0,western
51,/home/dt2119/dt2119/music_classification/datasets/audios/western_data/genres_original/blues/blues.00051.wav,0,blues,0,51,0,western
52,/home/dt2119/dt2119/music_classification/datasets/audios/western_data/genres_original/blues/blues.00052.wav,0,blues,0,52,0,western
53,/home/dt2119/dt2119/music_classification/datasets/audios/western_data/genres_original/blues/blues.00053.wav,0,blues,0,53,0,western
54,/home/dt2119/dt2119/music_classification/datasets/audios/western_data/genres_original/blues/blues.00054.wav,0,blues,0,54,0,western
55,/home/dt2119/dt2119/music_classification/datasets/audios/western_data/genres_original/blues/blues.00055.wav,0,blues,0,55,0,western
56,/home/dt2119/dt2119/music_classification/datasets/audios/western_data/genres_original/blues/blues.00056.wav,0,blues,0,56,0,western
57,/home/dt2119/dt2119/music_classification/datasets/audios/western_data/genres_original/blues/blues.00057.wav,0,blues,0,57,0,western
58,/home/dt2119/dt2119/music_classification/datasets/audios/western_data/genres_original/blues/blues.00058.wav,0,blues,0,58,0,western
59,/home/dt2119/dt2119/music_classification/datasets/audios/western_data/genres_original/blues/blues.00059.wav,0,blues,0,59,0,western
60,/home/dt2119/dt2119/music_classification/datasets/audios/western_data/genres_original/blues/blues.00060.wav,0,blues,0,60,0,western
61,/home/dt2119/dt2119/music_classification/datasets/audios/western_data/genres_original/blues/blues.00061.wav,0,blues,0,61,0,western
62,/home/dt2119/dt2119/music_classification/datasets/audios/western_data/genres_original/blues/blues.00062.wav,0,blues,0,62,0,western
63,/home/dt2119/dt2119/music_classification/datasets/audios/western_data/genres_original/blues/blues.00063.wav,0,blues,0,63,0,western
64,/home/dt2119/dt2119/music_classification/datasets/audios/western_data/genres_original/blues/blues.00064.wav,0,blues,0,64,0,western
65,/home/dt2119/dt2119/music_classification/datasets/audios/western_data/genres_original/blues/blues.00065.wav,0,blues,0,65,0,western
66,/home/dt2119/dt2119/music_classification/datasets/audios/western_data/genres_original/blues/blues.00066.wav,0,blues,0,66,0,western
67,/home/dt2119/dt2119/music_classification/datasets/audios/western_data/genres_original/blues/blues.00067.wav,0,blues,0,67,0,western
68,/home/dt2119/dt2119/music_classification/datasets/audios/western_data/genres_original/blues/blues.00068.wav,0,blues,0,68,0,western
69,/home/dt2119/dt2119/music_classification/datasets/audios/western_data/genres_original/blues/blues.00069.wav,0,blues,0,69,0,western
70,/home/dt2119/dt2119/music_classification/datasets/audios/western_data/genres_original/blues/blues.00070.wav,0,blues,0,70,0,western
71,/home/dt2119/dt2119/music_classification/datasets/audios/western_data/genres_original/blues/blues.00071.wav,0,blues,0,71,0,western
72,/home/dt2119/dt2119/music_classification/datasets/audios/western_data/genres_original/blues/blues.00072.wav,0,blues,0,72,0,western
73,/home/dt2119/dt2119/music_classification/datasets/audios/western_data/genres_original/blues/blues.00073.wav,0,blues,0,73,0,western
74,/home/dt2119/dt2119/music_classification/datasets/audios/western_data/genres_original/blues/blues.00074.wav,0,blues,0,74,0,western
75,/home/dt2119/dt2119/music_classification/datasets/audios/western_data/genres_original/blues/blues.00075.wav,0,blues,0,75,0,western
76,/home/dt2119/dt2119/music_classification/datasets/audios/western_data/genres_original/blues/blues.00076.wav,0,blues,0,76,0,western
77,/home/dt2119/dt2119/music_classification/datasets/audios/western_data/genres_original/blues/blues.00077.wav,0,blues,0,77,0,western
78,/home/dt2119/dt2119/music_classification/datasets/audios/western_data/genres_original/blues/blues.00078.wav,0,blues,0,78,0,western
79,/home/dt2119/dt2119/music_classification/datasets/audios/western_data/genres_original/blues/blues.00079.wav,0,blues,0,79,0,western
80,/home/dt2119/dt2119/music_classification/datasets/audios/western_data/genres_original/blues/blues.00080.wav,0,blues,0,80,0,western
81,/home/dt2119/dt2119/music_classification/datasets/audios/western_data/genres_original/blues/blues.00081.wav,0,blues,0,81,0,western
82,/home/dt2119/dt2119/music_classification/datasets/audios/western_data/genres_original/blues/blues.00082.wav,0,blues,0,82,0,western
83,/home/dt2119/dt2119/music_classification/datasets/audios/western_data/genres_original/blues/blues.00083.wav,0,blues,0,83,0,western
84,/home/dt2119/dt2119/music_classification/datasets/audios/western_data/genres_original/blues/blues.00084.wav,0,blues,0,84,0,western
85,/home/dt2119/dt2119/music_classification/datasets/audios/western_data/genres_original/blues/blues.00085.wav,0,blues,0,85,0,western
86,/home/dt2119/dt2119/music_classification/datasets/audios/western_data/genres_original/blues/blues.00086.wav,0,blues,0,86,0,western
87,/home/dt2119/dt2119/music_classification/datasets/audios/western_data/genres_original/blues/blues.00087.wav,0,blues,0,87,0,western
88,/home/dt2119/dt2119/music_classification/datasets/audios/western_data/genres_original/blues/blues.00088.wav,0,blues,0,88,0,western
89,/home/dt2119/dt2119/music_classification/datasets/audios/western_data/genres_original/blues/blues.00089.wav,0,blues,0,89,0,western
90,/home/dt2119/dt2119/music_classification/datasets/audios/western_data/genres_original/blues/blues.00090.wav,0,blues,0,90,0,western
91,/home/dt2119/dt2119/music_classification/datasets/audios/western_data/genres_original/blues/blues.00091.wav,0,blues,0,91,0,western
92,/home/dt2119/dt2119/music_classification/datasets/audios/western_data/genres_original/blues/blues.00092.wav,0,blues,0,92,0,western
93,/home/dt2119/dt2119/music_classification/datasets/audios/western_data/genres_original/blues/blues.00093.wav,0,blues,0,93,0,western
94,/home/dt2119/dt2119/music_classification/datasets/audios/western_data/genres_original/blues/blues.00094.wav,0,blues,0,94,0,western
95,/home/dt2119/dt2119/music_classification/datasets/audios/western_data/genres_original/blues/blues.00095.wav,0,blues,0,95,0,western
96,/home/dt2119/dt2119/music_classification/datasets/audios/western_data/genres_original/blues/blues.00096.wav,0,blues,0,96,0,western
97,/home/dt2119/dt2119/music_classification/datasets/audios/western_data/genres_original/blues/blues.00097.wav,0,blues,0,97,0,western
98,/home/dt2119/dt2119/music_classification/datasets/audios/western_data/genres_original/blues/blues.00098.wav,0,blues,0,98,0,western
99,/home/dt2119/dt2119/music_classification/datasets/audios/western_data/genres_original/blues/blues.00099.wav,0,blues,0,99,0,western
100,/home/dt2119/dt2119/music_classification/datasets/audios/western_data/genres_original/classical/classical.00000.wav,1,classical,1,100,0,western
101,/home/dt2119/dt2119/music_classification/datasets/audios/western_data/genres_original/classical/classical.00001.wav,1,classical,1,101,0,western
102,/home/dt2119/dt2119/music_classification/datasets/audios/western_data/genres_original/classical/classical.00002.wav,1,classical,1,102,0,western
103,/home/dt2119/dt2119/music_classification/datasets/audios/western_data/genres_original/classical/classical.00003.wav,1,classical,1,103,0,western
104,/home/dt2119/dt2119/music_classification/datasets/audios/western_data/genres_original/classical/classical.00004.wav,1,classical,1,104,0,western
105,/home/dt2119/dt2119/music_classification/datasets/audios/western_data/genres_original/classical/classical.00005.wav,1,classical,1,105,0,western
106,/home/dt2119/dt2119/music_classification/datasets/audios/western_data/genres_original/classical/classical.00006.wav,1,classical,1,106,0,western
107,/home/dt2119/dt2119/music_classification/datasets/audios/western_data/genres_original/classical/classical.00007.wav,1,classical,1,107,0,western
108,/home/dt2119/dt2119/music_classification/datasets/audios/western_data/genres_original/classical/classical.00008.wav,1,classical,1,108,0,western
109,/home/dt2119/dt2119/music_classification/datasets/audios/western_data/genres_original/classical/classical.00009.wav,1,classical,1,109,0,western
110,/home/dt2119/dt2119/music_classification/datasets/audios/western_data/genres_original/classical/classical.00010.wav,1,classical,1,110,0,western
111,/home/dt2119/dt2119/music_classification/datasets/audios/western_data/genres_original/classical/classical.00011.wav,1,classical,1,111,0,western
112,/home/dt2119/dt2119/music_classification/datasets/audios/western_data/genres_original/classical/classical.00012.wav,1,classical,1,112,0,western
113,/home/dt2119/dt2119/music_classification/datasets/audios/western_data/genres_original/classical/classical.00013.wav,1,classical,1,113,0,western
114,/home/dt2119/dt2119/music_classification/datasets/audios/western_data/genres_original/classical/classical.00014.wav,1,classical,1,114,0,western
115,/home/dt2119/dt2119/music_classification/datasets/audios/western_data/genres_original/classical/classical.00015.wav,1,classical,1,115,0,western
116,/home/dt2119/dt2119/music_classification/datasets/audios/western_data/genres_original/classical/classical.00016.wav,1,classical,1,116,0,western
117,/home/dt2119/dt2119/music_classification/datasets/audios/western_data/genres_original/classical/classical.00017.wav,1,classical,1,117,0,western
118,/home/dt2119/dt2119/music_classification/datasets/audios/western_data/genres_original/classical/classical.00018.wav,1,classical,1,118,0,western
119,/home/dt2119/dt2119/music_classification/datasets/audios/western_data/genres_original/classical/classical.00019.wav,1,classical,1,119,0,western
120,/home/dt2119/dt2119/music_classification/datasets/audios/western_data/genres_original/classical/classical.00020.wav,1,classical,1,120,0,western
121,/home/dt2119/dt2119/music_classification/datasets/audios/western_data/genres_original/classical/classical.00021.wav,1,classical,1,121,0,western
122,/home/dt2119/dt2119/music_classification/datasets/audios/western_data/genres_original/classical/classical.00022.wav,1,classical,1,122,0,western
123,/home/dt2119/dt2119/music_classification/datasets/audios/western_data/genres_original/classical/classical.00023.wav,1,classical,1,123,0,western
124,/home/dt2119/dt2119/music_classification/datasets/audios/western_data/genres_original/classical/classical.00024.wav,1,classical,1,124,0,western
125,/home/dt2119/dt2119/music_classification/datasets/audios/western_data/genres_original/classical/classical.00025.wav,1,classical,1,125,0,western
126,/home/dt2119/dt2119/music_classification/datasets/audios/western_data/genres_original/classical/classical.00026.wav,1,classical,1,126,0,western
127,/home/dt2119/dt2119/music_classification/datasets/audios/western_data/genres_original/classical/classical.00027.wav,1,classical,1,127,0,western
128,/home/dt2119/dt2119/music_classification/datasets/audios/western_data/genres_original/classical/classical.00028.wav,1,classical,1,128,0,western
129,/home/dt2119/dt2119/music_classification/datasets/audios/western_data/genres_original/classical/classical.00029.wav,1,classical,1,129,0,western
130,/home/dt2119/dt2119/music_classification/datasets/audios/western_data/genres_original/classical/classical.00030.wav,1,classical,1,130,0,western
131,/home/dt2119/dt2119/music_classification/datasets/audios/western_data/genres_original/classical/classical.00031.wav,1,classical,1,131,0,western
132,/home/dt2119/dt2119/music_classification/datasets/audios/western_data/genres_original/classical/classical.00032.wav,1,classical,1,132,0,western
133,/home/dt2119/dt2119/music_classification/datasets/audios/western_data/genres_original/classical/classical.00033.wav,1,classical,1,133,0,western
134,/home/dt2119/dt2119/music_classification/datasets/audios/western_data/genres_original/classical/classical.00034.wav,1,classical,1,134,0,western
135,/home/dt2119/dt2119/music_classification/datasets/audios/western_data/genres_original/classical/classical.00035.wav,1,classical,1,135,0,western
136,/home/dt2119/dt2119/music_classification/datasets/audios/western_data/genres_original/classical/classical.00036.wav,1,classical,1,136,0,western
137,/home/dt2119/dt2119/music_classification/datasets/audios/western_data/genres_original/classical/classical.00037.wav,1,classical,1,137,0,western
138,/home/dt2119/dt2119/music_classification/datasets/audios/western_data/genres_original/classical/classical.00038.wav,1,classical,1,138,0,western
139,/home/dt2119/dt2119/music_classification/datasets/audios/western_data/genres_original/classical/classical.00039.wav,1,classical,1,139,0,western
140,/home/dt2119/dt2119/music_classification/datasets/audios/western_data/genres_original/classical/classical.00040.wav,1,classical,1,140,0,western
141,/home/dt2119/dt2119/music_classification/datasets/audios/western_data/genres_original/classical/classical.00041.wav,1,classical,1,141,0,western
142,/home/dt2119/dt2119/music_classification/datasets/audios/western_data/genres_original/classical/classical.00042.wav,1,classical,1,142,0,western
143,/home/dt2119/dt2119/music_classification/datasets/audios/western_data/genres_original/classical/classical.00043.wav,1,classical,1,143,0,western
144,/home/dt2119/dt2119/music_classification/datasets/audios/western_data/genres_original/classical/classical.00044.wav,1,classical,1,144,0,western
145,/home/dt2119/dt2119/music_classification/datasets/audios/western_data/genres_original/classical/classical.00045.wav,1,classical,1,145,0,western
146,/home/dt2119/dt2119/music_classification/datasets/audios/western_data/genres_original/classical/classical.00046.wav,1,classical,1,146,0,western
147,/home/dt2119/dt2119/music_classification/datasets/audios/western_data/genres_original/classical/classical.00047.wav,1,classical,1,147,0,western
148,/home/dt2119/dt2119/music_classification/datasets/audios/western_data/genres_original/classical/classical.00048.wav,1,classical,1,148,0,western
149,/home/dt2119/dt2119/music_classification/datasets/audios/western_data/genres_original/classical/classical.00049.wav,1,classical,1,149,0,western
150,/home/dt2119/dt2119/music_classification/datasets/audios/western_data/genres_original/classical/classical.00050.wav,1,classical,1,150,0,western
151,/home/dt2119/dt2119/music_classification/datasets/audios/western_data/genres_original/classical/classical.00051.wav,1,classical,1,151,0,western
152,/home/dt2119/dt2119/music_classification/datasets/audios/western_data/genres_original/classical/classical.00052.wav,1,classical,1,152,0,western
153,/home/dt2119/dt2119/music_classification/datasets/audios/western_data/genres_original/classical/classical.00053.wav,1,classical,1,153,0,western
154,/home/dt2119/dt2119/music_classification/datasets/audios/western_data/genres_original/classical/classical.00054.wav,1,classical,1,154,0,western
155,/home/dt2119/dt2119/music_classification/datasets/audios/western_data/genres_original/classical/classical.00055.wav,1,classical,1,155,0,western
156,/home/dt2119/dt2119/music_classification/datasets/audios/western_data/genres_original/classical/classical.00056.wav,1,classical,1,156,0,western
157,/home/dt2119/dt2119/music_classification/datasets/audios/western_data/genres_original/classical/classical.00057.wav,1,classical,1,157,0,western
158,/home/dt2119/dt2119/music_classification/datasets/audios/western_data/genres_original/classical/classical.00058.wav,1,classical,1,158,0,western
159,/home/dt2119/dt2119/music_classification/datasets/audios/western_data/genres_original/classical/classical.00059.wav,1,classical,1,159,0,western
160,/home/dt2119/dt2119/music_classification/datasets/audios/western_data/genres_original/classical/classical.00060.wav,1,classical,1,160,0,western
161,/home/dt2119/dt2119/music_classification/datasets/audios/western_data/genres_original/classical/classical.00061.wav,1,classical,1,161,0,western
162,/home/dt2119/dt2119/music_classification/datasets/audios/western_data/genres_original/classical/classical.00062.wav,1,classical,1,162,0,western
163,/home/dt2119/dt2119/music_classification/datasets/audios/western_data/genres_original/classical/classical.00063.wav,1,classical,1,163,0,western
164,/home/dt2119/dt2119/music_classification/datasets/audios/western_data/genres_original/classical/classical.00064.wav,1,classical,1,164,0,western
165,/home/dt2119/dt2119/music_classification/datasets/audios/western_data/genres_original/classical/classical.00065.wav,1,classical,1,165,0,western
166,/home/dt2119/dt2119/music_classification/datasets/audios/western_data/genres_original/classical/classical.00066.wav,1,classical,1,166,0,western
167,/home/dt2119/dt2119/music_classification/datasets/audios/western_data/genres_original/classical/classical.00067.wav,1,classical,1,167,0,western
168,/home/dt2119/dt2119/music_classification/datasets/audios/western_data/genres_original/classical/classical.00068.wav,1,classical,1,168,0,western
169,/home/dt2119/dt2119/music_classification/datasets/audios/western_data/genres_original/classical/classical.00069.wav,1,classical,1,169,0,western
170,/home/dt2119/dt2119/music_classification/datasets/audios/western_data/genres_original/classical/classical.00070.wav,1,classical,1,170,0,western
171,/home/dt2119/dt2119/music_classification/datasets/audios/western_data/genres_original/classical/classical.00071.wav,1,classical,1,171,0,western
172,/home/dt2119/dt2119/music_classification/datasets/audios/western_data/genres_original/classical/classical.00072.wav,1,classical,1,172,0,western
173,/home/dt2119/dt2119/music_classification/datasets/audios/western_data/genres_original/classical/classical.00073.wav,1,classical,1,173,0,western
174,/home/dt2119/dt2119/music_classification/datasets/audios/western_data/genres_original/classical/classical.00074.wav,1,classical,1,174,0,western
175,/home/dt2119/dt2119/music_classification/datasets/audios/western_data/genres_original/classical/classical.00075.wav,1,classical,1,175,0,western
176,/home/dt2119/dt2119/music_classification/datasets/audios/western_data/genres_original/classical/classical.00076.wav,1,classical,1,176,0,western
177,/home/dt2119/dt2119/music_classification/datasets/audios/western_data/genres_original/classical/classical.00077.wav,1,classical,1,177,0,western
178,/home/dt2119/dt2119/music_classification/datasets/audios/western_data/genres_original/classical/classical.00078.wav,1,classical,1,178,0,western
179,/home/dt2119/dt2119/music_classification/datasets/audios/western_data/genres_original/classical/classical.00079.wav,1,classical,1,179,0,western
180,/home/dt2119/dt2119/music_classification/datasets/audios/western_data/genres_original/classical/classical.00080.wav,1,classical,1,180,0,western
181,/home/dt2119/dt2119/music_classification/datasets/audios/western_data/genres_original/classical/classical.00081.wav,1,classical,1,181,0,western
182,/home/dt2119/dt2119/music_classification/datasets/audios/western_data/genres_original/classical/classical.00082.wav,1,classical,1,182,0,western
183,/home/dt2119/dt2119/music_classification/datasets/audios/western_data/genres_original/classical/classical.00083.wav,1,classical,1,183,0,western
184,/home/dt2119/dt2119/music_classification/datasets/audios/western_data/genres_original/classical/classical.00084.wav,1,classical,1,184,0,western
185,/home/dt2119/dt2119/music_classification/datasets/audios/western_data/genres_original/classical/classical.00085.wav,1,classical,1,185,0,western
186,/home/dt2119/dt2119/music_classification/datasets/audios/western_data/genres_original/classical/classical.00086.wav,1,classical,1,186,0,western
187,/home/dt2119/dt2119/music_classification/datasets/audios/western_data/genres_original/classical/classical.00087.wav,1,classical,1,187,0,western
188,/home/dt2119/dt2119/music_classification/datasets/audios/western_data/genres_original/classical/classical.00088.wav,1,classical,1,188,0,western
189,/home/dt2119/dt2119/music_classification/datasets/audios/western_data/genres_original/classical/classical.00089.wav,1,classical,1,189,0,western
190,/home/dt2119/dt2119/music_classification/datasets/audios/western_data/genres_original/classical/classical.00090.wav,1,classical,1,190,0,western
191,/home/dt2119/dt2119/music_classification/datasets/audios/western_data/genres_original/classical/classical.00091.wav,1,classical,1,191,0,western
192,/home/dt2119/dt2119/music_classification/datasets/audios/western_data/genres_original/classical/classical.00092.wav,1,classical,1,192,0,western
193,/home/dt2119/dt2119/music_classification/datasets/audios/western_data/genres_original/classical/classical.00093.wav,1,classical,1,193,0,western
194,/home/dt2119/dt2119/music_classification/datasets/audios/western_data/genres_original/classical/classical.00094.wav,1,classical,1,194,0,western
195,/home/dt2119/dt2119/music_classification/datasets/audios/western_data/genres_original/classical/classical.00095.wav,1,classical,1,195,0,western
196,/home/dt2119/dt2119/music_classification/datasets/audios/western_data/genres_original/classical/classical.00096.wav,1,classical,1,196,0,western
197,/home/dt2119/dt2119/music_classification/datasets/audios/western_data/genres_original/classical/classical.00097.wav,1,classical,1,197,0,western
198,/home/dt2119/dt2119/music_classification/datasets/audios/western_data/genres_original/classical/classical.00098.wav,1,classical,1,198,0,western
199,/home/dt2119/dt2119/music_classification/datasets/audios/western_data/genres_original/classical/classical.00099.wav,1,classical,1,199,0,western
200,/home/dt2119/dt2119/music_classification/datasets/audios/western_data/genres_original/country/country.00000.wav,2,country,2,200,0,western
201,/home/dt2119/dt2119/music_classification/datasets/audios/western_data/genres_original/country/country.00001.wav,2,country,2,201,0,western
202,/home/dt2119/dt2119/music_classification/datasets/audios/western_data/genres_original/country/country.00002.wav,2,country,2,202,0,western
203,/home/dt2119/dt2119/music_classification/datasets/audios/western_data/genres_original/country/country.00003.wav,2,country,2,203,0,western
204,/home/dt2119/dt2119/music_classification/datasets/audios/western_data/genres_original/country/country.00004.wav,2,country,2,204,0,western
205,/home/dt2119/dt2119/music_classification/datasets/audios/western_data/genres_original/country/country.00005.wav,2,country,2,205,0,western
206,/home/dt2119/dt2119/music_classification/datasets/audios/western_data/genres_original/country/country.00006.wav,2,country,2,206,0,western
207,/home/dt2119/dt2119/music_classification/datasets/audios/western_data/genres_original/country/country.00007.wav,2,country,2,207,0,western
208,/home/dt2119/dt2119/music_classification/datasets/audios/western_data/genres_original/country/country.00008.wav,2,country,2,208,0,western
209,/home/dt2119/dt2119/music_classification/datasets/audios/western_data/genres_original/country/country.00009.wav,2,country,2,209,0,western
210,/home/dt2119/dt2119/music_classification/datasets/audios/western_data/genres_original/country/country.00010.wav,2,country,2,210,0,western
211,/home/dt2119/dt2119/music_classification/datasets/audios/western_data/genres_original/country/country.00011.wav,2,country,2,211,0,western
212,/home/dt2119/dt2119/music_classification/datasets/audios/western_data/genres_original/country/country.00012.wav,2,country,2,212,0,western
213,/home/dt2119/dt2119/music_classification/datasets/audios/western_data/genres_original/country/country.00013.wav,2,country,2,213,0,western
214,/home/dt2119/dt2119/music_classification/datasets/audios/western_data/genres_original/country/country.00014.wav,2,country,2,214,0,western
215,/home/dt2119/dt2119/music_classification/datasets/audios/western_data/genres_original/country/country.00015.wav,2,country,2,215,0,western
216,/home/dt2119/dt2119/music_classification/datasets/audios/western_data/genres_original/country/country.00016.wav,2,country,2,216,0,western
217,/home/dt2119/dt2119/music_classification/datasets/audios/western_data/genres_original/country/country.00017.wav,2,country,2,217,0,western
218,/home/dt2119/dt2119/music_classification/datasets/audios/western_data/genres_original/country/country.00018.wav,2,country,2,218,0,western
219,/home/dt2119/dt2119/music_classification/datasets/audios/western_data/genres_original/country/country.00019.wav,2,country,2,219,0,western
220,/home/dt2119/dt2119/music_classification/datasets/audios/western_data/genres_original/country/country.00020.wav,2,country,2,220,0,western
221,/home/dt2119/dt2119/music_classification/datasets/audios/western_data/genres_original/country/country.00021.wav,2,country,2,221,0,western
222,/home/dt2119/dt2119/music_classification/datasets/audios/western_data/genres_original/country/country.00022.wav,2,country,2,222,0,western
223,/home/dt2119/dt2119/music_classification/datasets/audios/western_data/genres_original/country/country.00023.wav,2,country,2,223,0,western
224,/home/dt2119/dt2119/music_classification/datasets/audios/western_data/genres_original/country/country.00024.wav,2,country,2,224,0,western
225,/home/dt2119/dt2119/music_classification/datasets/audios/western_data/genres_original/country/country.00025.wav,2,country,2,225,0,western
226,/home/dt2119/dt2119/music_classification/datasets/audios/western_data/genres_original/country/country.00026.wav,2,country,2,226,0,western
227,/home/dt2119/dt2119/music_classification/datasets/audios/western_data/genres_original/country/country.00027.wav,2,country,2,227,0,western
228,/home/dt2119/dt2119/music_classification/datasets/audios/western_data/genres_original/country/country.00028.wav,2,country,2,228,0,western
229,/home/dt2119/dt2119/music_classification/datasets/audios/western_data/genres_original/country/country.00029.wav,2,country,2,229,0,western
230,/home/dt2119/dt2119/music_classification/datasets/audios/western_data/genres_original/country/country.00030.wav,2,country,2,230,0,western
231,/home/dt2119/dt2119/music_classification/datasets/audios/western_data/genres_original/country/country.00031.wav,2,country,2,231,0,western
232,/home/dt2119/dt2119/music_classification/datasets/audios/western_data/genres_original/country/country.00032.wav,2,country,2,232,0,western
233,/home/dt2119/dt2119/music_classification/datasets/audios/western_data/genres_original/country/country.00033.wav,2,country,2,233,0,western
234,/home/dt2119/dt2119/music_classification/datasets/audios/western_data/genres_original/country/country.00034.wav,2,country,2,234,0,western
235,/home/dt2119/dt2119/music_classification/datasets/audios/western_data/genres_original/country/country.00035.wav,2,country,2,235,0,western
236,/home/dt2119/dt2119/music_classification/datasets/audios/western_data/genres_original/country/country.00036.wav,2,country,2,236,0,western
237,/home/dt2119/dt2119/music_classification/datasets/audios/western_data/genres_original/country/country.00037.wav,2,country,2,237,0,western
238,/home/dt2119/dt2119/music_classification/datasets/audios/western_data/genres_original/country/country.00038.wav,2,country,2,238,0,western
239,/home/dt2119/dt2119/music_classification/datasets/audios/western_data/genres_original/country/country.00039.wav,2,country,2,239,0,western
240,/home/dt2119/dt2119/music_classification/datasets/audios/western_data/genres_original/country/country.00040.wav,2,country,2,240,0,western
241,/home/dt2119/dt2119/music_classification/datasets/audios/western_data/genres_original/country/country.00041.wav,2,country,2,241,0,western
242,/home/dt2119/dt2119/music_classification/datasets/audios/western_data/genres_original/country/country.00042.wav,2,country,2,242,0,western
243,/home/dt2119/dt2119/music_classification/datasets/audios/western_data/genres_original/country/country.00043.wav,2,country,2,243,0,western
244,/home/dt2119/dt2119/music_classification/datasets/audios/western_data/genres_original/country/country.00044.wav,2,country,2,244,0,western
245,/home/dt2119/dt2119/music_classification/datasets/audios/western_data/genres_original/country/country.00045.wav,2,country,2,245,0,western
246,/home/dt2119/dt2119/music_classification/datasets/audios/western_data/genres_original/country/country.00046.wav,2,country,2,246,0,western
247,/home/dt2119/dt2119/music_classification/datasets/audios/western_data/genres_original/country/country.00047.wav,2,country,2,247,0,western
248,/home/dt2119/dt2119/music_classification/datasets/audios/western_data/genres_original/country/country.00048.wav,2,country,2,248,0,western
249,/home/dt2119/dt2119/music_classification/datasets/audios/western_data/genres_original/country/country.00049.wav,2,country,2,249,0,western
250,/home/dt2119/dt2119/music_classification/datasets/audios/western_data/genres_original/country/country.00050.wav,2,country,2,250,0,western
251,/home/dt2119/dt2119/music_classification/datasets/audios/western_data/genres_original/country/country.00051.wav,2,country,2,251,0,western
252,/home/dt2119/dt2119/music_classification/datasets/audios/western_data/genres_original/country/country.00052.wav,2,country,2,252,0,western
253,/home/dt2119/dt2119/music_classification/datasets/audios/western_data/genres_original/country/country.00053.wav,2,country,2,253,0,western
254,/home/dt2119/dt2119/music_classification/datasets/audios/western_data/genres_original/country/country.00054.wav,2,country,2,254,0,western
255,/home/dt2119/dt2119/music_classification/datasets/audios/western_data/genres_original/country/country.00055.wav,2,country,2,255,0,western
256,/home/dt2119/dt2119/music_classification/datasets/audios/western_data/genres_original/country/country.00056.wav,2,country,2,256,0,western
257,/home/dt2119/dt2119/music_classification/datasets/audios/western_data/genres_original/country/country.00057.wav,2,country,2,257,0,western
258,/home/dt2119/dt2119/music_classification/datasets/audios/western_data/genres_original/country/country.00058.wav,2,country,2,258,0,western
259,/home/dt2119/dt2119/music_classification/datasets/audios/western_data/genres_original/country/country.00059.wav,2,country,2,259,0,western
260,/home/dt2119/dt2119/music_classification/datasets/audios/western_data/genres_original/country/country.00060.wav,2,country,2,260,0,western
261,/home/dt2119/dt2119/music_classification/datasets/audios/western_data/genres_original/country/country.00061.wav,2,country,2,261,0,western
262,/home/dt2119/dt2119/music_classification/datasets/audios/western_data/genres_original/country/country.00062.wav,2,country,2,262,0,western
263,/home/dt2119/dt2119/music_classification/datasets/audios/western_data/genres_original/country/country.00063.wav,2,country,2,263,0,western
264,/home/dt2119/dt2119/music_classification/datasets/audios/western_data/genres_original/country/country.00064.wav,2,country,2,264,0,western
265,/home/dt2119/dt2119/music_classification/datasets/audios/western_data/genres_original/country/country.00065.wav,2,country,2,265,0,western
266,/home/dt2119/dt2119/music_classification/datasets/audios/western_data/genres_original/country/country.00066.wav,2,country,2,266,0,western
267,/home/dt2119/dt2119/music_classification/datasets/audios/western_data/genres_original/country/country.00067.wav,2,country,2,267,0,western
268,/home/dt2119/dt2119/music_classification/datasets/audios/western_data/genres_original/country/country.00068.wav,2,country,2,268,0,western
269,/home/dt2119/dt2119/music_classification/datasets/audios/western_data/genres_original/country/country.00069.wav,2,country,2,269,0,western
270,/home/dt2119/dt2119/music_classification/datasets/audios/western_data/genres_original/country/country.00070.wav,2,country,2,270,0,western
271,/home/dt2119/dt2119/music_classification/datasets/audios/western_data/genres_original/country/country.00071.wav,2,country,2,271,0,western
272,/home/dt2119/dt2119/music_classification/datasets/audios/western_data/genres_original/country/country.00072.wav,2,country,2,272,0,western
273,/home/dt2119/dt2119/music_classification/datasets/audios/western_data/genres_original/country/country.00073.wav,2,country,2,273,0,western
274,/home/dt2119/dt2119/music_classification/datasets/audios/western_data/genres_original/country/country.00074.wav,2,country,2,274,0,western
275,/home/dt2119/dt2119/music_classification/datasets/audios/western_data/genres_original/country/country.00075.wav,2,country,2,275,0,western
276,/home/dt2119/dt2119/music_classification/datasets/audios/western_data/genres_original/country/country.00076.wav,2,country,2,276,0,western
277,/home/dt2119/dt2119/music_classification/datasets/audios/western_data/genres_original/country/country.00077.wav,2,country,2,277,0,western
278,/home/dt2119/dt2119/music_classification/datasets/audios/western_data/genres_original/country/country.00078.wav,2,country,2,278,0,western
279,/home/dt2119/dt2119/music_classification/datasets/audios/western_data/genres_original/country/country.00079.wav,2,country,2,279,0,western
280,/home/dt2119/dt2119/music_classification/datasets/audios/western_data/genres_original/country/country.00080.wav,2,country,2,280,0,western
281,/home/dt2119/dt2119/music_classification/datasets/audios/western_data/genres_original/country/country.00081.wav,2,country,2,281,0,western
282,/home/dt2119/dt2119/music_classification/datasets/audios/western_data/genres_original/country/country.00082.wav,2,country,2,282,0,western
283,/home/dt2119/dt2119/music_classification/datasets/audios/western_data/genres_original/country/country.00083.wav,2,country,2,283,0,western
284,/home/dt2119/dt2119/music_classification/datasets/audios/western_data/genres_original/country/country.00084.wav,2,country,2,284,0,western
285,/home/dt2119/dt2119/music_classification/datasets/audios/western_data/genres_original/country/country.00085.wav,2,country,2,285,0,western
286,/home/dt2119/dt2119/music_classification/datasets/audios/western_data/genres_original/country/country.00086.wav,2,country,2,286,0,western
287,/home/dt2119/dt2119/music_classification/datasets/audios/western_data/genres_original/country/country.00087.wav,2,country,2,287,0,western
288,/home/dt2119/dt2119/music_classification/datasets/audios/western_data/genres_original/country/country.00088.wav,2,country,2,288,0,western
289,/home/dt2119/dt2119/music_classification/datasets/audios/western_data/genres_original/country/country.00089.wav,2,country,2,289,0,western
290,/home/dt2119/dt2119/music_classification/datasets/audios/western_data/genres_original/country/country.00090.wav,2,country,2,290,0,western
291,/home/dt2119/dt2119/music_classification/datasets/audios/western_data/genres_original/country/country.00091.wav,2,country,2,291,0,western
292,/home/dt2119/dt2119/music_classification/datasets/audios/western_data/genres_original/country/country.00092.wav,2,country,2,292,0,western
293,/home/dt2119/dt2119/music_classification/datasets/audios/western_data/genres_original/country/country.00093.wav,2,country,2,293,0,western
294,/home/dt2119/dt2119/music_classification/datasets/audios/western_data/genres_original/country/country.00094.wav,2,country,2,294,0,western
295,/home/dt2119/dt2119/music_classification/datasets/audios/western_data/genres_original/country/country.00095.wav,2,country,2,295,0,western
296,/home/dt2119/dt2119/music_classification/datasets/audios/western_data/genres_original/country/country.00096.wav,2,country,2,296,0,western
297,/home/dt2119/dt2119/music_classification/datasets/audios/western_data/genres_original/country/country.00097.wav,2,country,2,297,0,western
298,/home/dt2119/dt2119/music_classification/datasets/audios/western_data/genres_original/country/country.00098.wav,2,country,2,298,0,western
299,/home/dt2119/dt2119/music_classification/datasets/audios/western_data/genres_original/country/country.00099.wav,2,country,2,299,0,western
300,/home/dt2119/dt2119/music_classification/datasets/audios/western_data/genres_original/disco/disco.00000.wav,3,disco,3,300,0,western
301,/home/dt2119/dt2119/music_classification/datasets/audios/western_data/genres_original/disco/disco.00001.wav,3,disco,3,301,0,western
302,/home/dt2119/dt2119/music_classification/datasets/audios/western_data/genres_original/disco/disco.00002.wav,3,disco,3,302,0,western
303,/home/dt2119/dt2119/music_classification/datasets/audios/western_data/genres_original/disco/disco.00003.wav,3,disco,3,303,0,western
304,/home/dt2119/dt2119/music_classification/datasets/audios/western_data/genres_original/disco/disco.00004.wav,3,disco,3,304,0,western
305,/home/dt2119/dt2119/music_classification/datasets/audios/western_data/genres_original/disco/disco.00005.wav,3,disco,3,305,0,western
306,/home/dt2119/dt2119/music_classification/datasets/audios/western_data/genres_original/disco/disco.00006.wav,3,disco,3,306,0,western
307,/home/dt2119/dt2119/music_classification/datasets/audios/western_data/genres_original/disco/disco.00007.wav,3,disco,3,307,0,western
308,/home/dt2119/dt2119/music_classification/datasets/audios/western_data/genres_original/disco/disco.00008.wav,3,disco,3,308,0,western
309,/home/dt2119/dt2119/music_classification/datasets/audios/western_data/genres_original/disco/disco.00009.wav,3,disco,3,309,0,western
310,/home/dt2119/dt2119/music_classification/datasets/audios/western_data/genres_original/disco/disco.00010.wav,3,disco,3,310,0,western
311,/home/dt2119/dt2119/music_classification/datasets/audios/western_data/genres_original/disco/disco.00011.wav,3,disco,3,311,0,western
312,/home/dt2119/dt2119/music_classification/datasets/audios/western_data/genres_original/disco/disco.00012.wav,3,disco,3,312,0,western
313,/home/dt2119/dt2119/music_classification/datasets/audios/western_data/genres_original/disco/disco.00013.wav,3,disco,3,313,0,western
314,/home/dt2119/dt2119/music_classification/datasets/audios/western_data/genres_original/disco/disco.00014.wav,3,disco,3,314,0,western
315,/home/dt2119/dt2119/music_classification/datasets/audios/western_data/genres_original/disco/disco.00015.wav,3,disco,3,315,0,western
316,/home/dt2119/dt2119/music_classification/datasets/audios/western_data/genres_original/disco/disco.00016.wav,3,disco,3,316,0,western
317,/home/dt2119/dt2119/music_classification/datasets/audios/western_data/genres_original/disco/disco.00017.wav,3,disco,3,317,0,western
318,/home/dt2119/dt2119/music_classification/datasets/audios/western_data/genres_original/disco/disco.00018.wav,3,disco,3,318,0,western
319,/home/dt2119/dt2119/music_classification/datasets/audios/western_data/genres_original/disco/disco.00019.wav,3,disco,3,319,0,western
320,/home/dt2119/dt2119/music_classification/datasets/audios/western_data/genres_original/disco/disco.00020.wav,3,disco,3,320,0,western
321,/home/dt2119/dt2119/music_classification/datasets/audios/western_data/genres_original/disco/disco.00021.wav,3,disco,3,321,0,western
322,/home/dt2119/dt2119/music_classification/datasets/audios/western_data/genres_original/disco/disco.00022.wav,3,disco,3,322,0,western
323,/home/dt2119/dt2119/music_classification/datasets/audios/western_data/genres_original/disco/disco.00023.wav,3,disco,3,323,0,western
324,/home/dt2119/dt2119/music_classification/datasets/audios/western_data/genres_original/disco/disco.00024.wav,3,disco,3,324,0,western
325,/home/dt2119/dt2119/music_classification/datasets/audios/western_data/genres_original/disco/disco.00025.wav,3,disco,3,325,0,western
326,/home/dt2119/dt2119/music_classification/datasets/audios/western_data/genres_original/disco/disco.00026.wav,3,disco,3,326,0,western
327,/home/dt2119/dt2119/music_classification/datasets/audios/western_data/genres_original/disco/disco.00027.wav,3,disco,3,327,0,western
328,/home/dt2119/dt2119/music_classification/datasets/audios/western_data/genres_original/disco/disco.00028.wav,3,disco,3,328,0,western
329,/home/dt2119/dt2119/music_classification/datasets/audios/western_data/genres_original/disco/disco.00029.wav,3,disco,3,329,0,western
330,/home/dt2119/dt2119/music_classification/datasets/audios/western_data/genres_original/disco/disco.00030.wav,3,disco,3,330,0,western
331,/home/dt2119/dt2119/music_classification/datasets/audios/western_data/genres_original/disco/disco.00031.wav,3,disco,3,331,0,western
332,/home/dt2119/dt2119/music_classification/datasets/audios/western_data/genres_original/disco/disco.00032.wav,3,disco,3,332,0,western
333,/home/dt2119/dt2119/music_classification/datasets/audios/western_data/genres_original/disco/disco.00033.wav,3,disco,3,333,0,western
334,/home/dt2119/dt2119/music_classification/datasets/audios/western_data/genres_original/disco/disco.00034.wav,3,disco,3,334,0,western
335,/home/dt2119/dt2119/music_classification/datasets/audios/western_data/genres_original/disco/disco.00035.wav,3,disco,3,335,0,western
336,/home/dt2119/dt2119/music_classification/datasets/audios/western_data/genres_original/disco/disco.00036.wav,3,disco,3,336,0,western
337,/home/dt2119/dt2119/music_classification/datasets/audios/western_data/genres_original/disco/disco.00037.wav,3,disco,3,337,0,western
338,/home/dt2119/dt2119/music_classification/datasets/audios/western_data/genres_original/disco/disco.00038.wav,3,disco,3,338,0,western
339,/home/dt2119/dt2119/music_classification/datasets/audios/western_data/genres_original/disco/disco.00039.wav,3,disco,3,339,0,western
340,/home/dt2119/dt2119/music_classification/datasets/audios/western_data/genres_original/disco/disco.00040.wav,3,disco,3,340,0,western
341,/home/dt2119/dt2119/music_classification/datasets/audios/western_data/genres_original/disco/disco.00041.wav,3,disco,3,341,0,western
342,/home/dt2119/dt2119/music_classification/datasets/audios/western_data/genres_original/disco/disco.00042.wav,3,disco,3,342,0,western
343,/home/dt2119/dt2119/music_classification/datasets/audios/western_data/genres_original/disco/disco.00043.wav,3,disco,3,343,0,western
344,/home/dt2119/dt2119/music_classification/datasets/audios/western_data/genres_original/disco/disco.00044.wav,3,disco,3,344,0,western
345,/home/dt2119/dt2119/music_classification/datasets/audios/western_data/genres_original/disco/disco.00045.wav,3,disco,3,345,0,western
346,/home/dt2119/dt2119/music_classification/datasets/audios/western_data/genres_original/disco/disco.00046.wav,3,disco,3,346,0,western
347,/home/dt2119/dt2119/music_classification/datasets/audios/western_data/genres_original/disco/disco.00047.wav,3,disco,3,347,0,western
348,/home/dt2119/dt2119/music_classification/datasets/audios/western_data/genres_original/disco/disco.00048.wav,3,disco,3,348,0,western
349,/home/dt2119/dt2119/music_classification/datasets/audios/western_data/genres_original/disco/disco.00049.wav,3,disco,3,349,0,western
350,/home/dt2119/dt2119/music_classification/datasets/audios/western_data/genres_original/disco/disco.00050.wav,3,disco,3,350,0,western
351,/home/dt2119/dt2119/music_classification/datasets/audios/western_data/genres_original/disco/disco.00051.wav,3,disco,3,351,0,western
352,/home/dt2119/dt2119/music_classification/datasets/audios/western_data/genres_original/disco/disco.00052.wav,3,disco,3,352,0,western
353,/home/dt2119/dt2119/music_classification/datasets/audios/western_data/genres_original/disco/disco.00053.wav,3,disco,3,353,0,western
354,/home/dt2119/dt2119/music_classification/datasets/audios/western_data/genres_original/disco/disco.00054.wav,3,disco,3,354,0,western
355,/home/dt2119/dt2119/music_classification/datasets/audios/western_data/genres_original/disco/disco.00055.wav,3,disco,3,355,0,western
356,/home/dt2119/dt2119/music_classification/datasets/audios/western_data/genres_original/disco/disco.00056.wav,3,disco,3,356,0,western
357,/home/dt2119/dt2119/music_classification/datasets/audios/western_data/genres_original/disco/disco.00057.wav,3,disco,3,357,0,western
358,/home/dt2119/dt2119/music_classification/datasets/audios/western_data/genres_original/disco/disco.00058.wav,3,disco,3,358,0,western
359,/home/dt2119/dt2119/music_classification/datasets/audios/western_data/genres_original/disco/disco.00059.wav,3,disco,3,359,0,western
360,/home/dt2119/dt2119/music_classification/datasets/audios/western_data/genres_original/disco/disco.00060.wav,3,disco,3,360,0,western
361,/home/dt2119/dt2119/music_classification/datasets/audios/western_data/genres_original/disco/disco.00061.wav,3,disco,3,361,0,western
362,/home/dt2119/dt2119/music_classification/datasets/audios/western_data/genres_original/disco/disco.00062.wav,3,disco,3,362,0,western
363,/home/dt2119/dt2119/music_classification/datasets/audios/western_data/genres_original/disco/disco.00063.wav,3,disco,3,363,0,western
364,/home/dt2119/dt2119/music_classification/datasets/audios/western_data/genres_original/disco/disco.00064.wav,3,disco,3,364,0,western
365,/home/dt2119/dt2119/music_classification/datasets/audios/western_data/genres_original/disco/disco.00065.wav,3,disco,3,365,0,western
366,/home/dt2119/dt2119/music_classification/datasets/audios/western_data/genres_original/disco/disco.00066.wav,3,disco,3,366,0,western
367,/home/dt2119/dt2119/music_classification/datasets/audios/western_data/genres_original/disco/disco.00067.wav,3,disco,3,367,0,western
368,/home/dt2119/dt2119/music_classification/datasets/audios/western_data/genres_original/disco/disco.00068.wav,3,disco,3,368,0,western
369,/home/dt2119/dt2119/music_classification/datasets/audios/western_data/genres_original/disco/disco.00069.wav,3,disco,3,369,0,western
370,/home/dt2119/dt2119/music_classification/datasets/audios/western_data/genres_original/disco/disco.00070.wav,3,disco,3,370,0,western
371,/home/dt2119/dt2119/music_classification/datasets/audios/western_data/genres_original/disco/disco.00071.wav,3,disco,3,371,0,western
372,/home/dt2119/dt2119/music_classification/datasets/audios/western_data/genres_original/disco/disco.00072.wav,3,disco,3,372,0,western
373,/home/dt2119/dt2119/music_classification/datasets/audios/western_data/genres_original/disco/disco.00073.wav,3,disco,3,373,0,western
374,/home/dt2119/dt2119/music_classification/datasets/audios/western_data/genres_original/disco/disco.00074.wav,3,disco,3,374,0,western
375,/home/dt2119/dt2119/music_classification/datasets/audios/western_data/genres_original/disco/disco.00075.wav,3,disco,3,375,0,western
376,/home/dt2119/dt2119/music_classification/datasets/audios/western_data/genres_original/disco/disco.00076.wav,3,disco,3,376,0,western
377,/home/dt2119/dt2119/music_classification/datasets/audios/western_data/genres_original/disco/disco.00077.wav,3,disco,3,377,0,western
378,/home/dt2119/dt2119/music_classification/datasets/audios/western_data/genres_original/disco/disco.00078.wav,3,disco,3,378,0,western
379,/home/dt2119/dt2119/music_classification/datasets/audios/western_data/genres_original/disco/disco.00079.wav,3,disco,3,379,0,western
380,/home/dt2119/dt2119/music_classification/datasets/audios/western_data/genres_original/disco/disco.00080.wav,3,disco,3,380,0,western
381,/home/dt2119/dt2119/music_classification/datasets/audios/western_data/genres_original/disco/disco.00081.wav,3,disco,3,381,0,western
382,/home/dt2119/dt2119/music_classification/datasets/audios/western_data/genres_original/disco/disco.00082.wav,3,disco,3,382,0,western
383,/home/dt2119/dt2119/music_classification/datasets/audios/western_data/genres_original/disco/disco.00083.wav,3,disco,3,383,0,western
384,/home/dt2119/dt2119/music_classification/datasets/audios/western_data/genres_original/disco/disco.00084.wav,3,disco,3,384,0,western
385,/home/dt2119/dt2119/music_classification/datasets/audios/western_data/genres_original/disco/disco.00085.wav,3,disco,3,385,0,western
386,/home/dt2119/dt2119/music_classification/datasets/audios/western_data/genres_original/disco/disco.00086.wav,3,disco,3,386,0,western
387,/home/dt2119/dt2119/music_classification/datasets/audios/western_data/genres_original/disco/disco.00087.wav,3,disco,3,387,0,western
388,/home/dt2119/dt2119/music_classification/datasets/audios/western_data/genres_original/disco/disco.00088.wav,3,disco,3,388,0,western
389,/home/dt2119/dt2119/music_classification/datasets/audios/western_data/genres_original/disco/disco.00089.wav,3,disco,3,389,0,western
390,/home/dt2119/dt2119/music_classification/datasets/audios/western_data/genres_original/disco/disco.00090.wav,3,disco,3,390,0,western
391,/home/dt2119/dt2119/music_classification/datasets/audios/western_data/genres_original/disco/disco.00091.wav,3,disco,3,391,0,western
392,/home/dt2119/dt2119/music_classification/datasets/audios/western_data/genres_original/disco/disco.00092.wav,3,disco,3,392,0,western
393,/home/dt2119/dt2119/music_classification/datasets/audios/western_data/genres_original/disco/disco.00093.wav,3,disco,3,393,0,western
394,/home/dt2119/dt2119/music_classification/datasets/audios/western_data/genres_original/disco/disco.00094.wav,3,disco,3,394,0,western
395,/home/dt2119/dt2119/music_classification/datasets/audios/western_data/genres_original/disco/disco.00095.wav,3,disco,3,395,0,western
396,/home/dt2119/dt2119/music_classification/datasets/audios/western_data/genres_original/disco/disco.00096.wav,3,disco,3,396,0,western
397,/home/dt2119/dt2119/music_classification/datasets/audios/western_data/genres_original/disco/disco.00097.wav,3,disco,3,397,0,western
398,/home/dt2119/dt2119/music_classification/datasets/audios/western_data/genres_original/disco/disco.00098.wav,3,disco,3,398,0,western
399,/home/dt2119/dt2119/music_classification/datasets/audios/western_data/genres_original/disco/disco.00099.wav,3,disco,3,399,0,western
400,/home/dt2119/dt2119/music_classification/datasets/audios/western_data/genres_original/hiphop/hiphop.00000.wav,4,hiphop,4,400,0,western
401,/home/dt2119/dt2119/music_classification/datasets/audios/western_data/genres_original/hiphop/hiphop.00001.wav,4,hiphop,4,401,0,western
402,/home/dt2119/dt2119/music_classification/datasets/audios/western_data/genres_original/hiphop/hiphop.00002.wav,4,hiphop,4,402,0,western
403,/home/dt2119/dt2119/music_classification/datasets/audios/western_data/genres_original/hiphop/hiphop.00003.wav,4,hiphop,4,403,0,western
404,/home/dt2119/dt2119/music_classification/datasets/audios/western_data/genres_original/hiphop/hiphop.00004.wav,4,hiphop,4,404,0,western
405,/home/dt2119/dt2119/music_classification/datasets/audios/western_data/genres_original/hiphop/hiphop.00005.wav,4,hiphop,4,405,0,western
406,/home/dt2119/dt2119/music_classification/datasets/audios/western_data/genres_original/hiphop/hiphop.00006.wav,4,hiphop,4,406,0,western
407,/home/dt2119/dt2119/music_classification/datasets/audios/western_data/genres_original/hiphop/hiphop.00007.wav,4,hiphop,4,407,0,western
408,/home/dt2119/dt2119/music_classification/datasets/audios/western_data/genres_original/hiphop/hiphop.00008.wav,4,hiphop,4,408,0,western
409,/home/dt2119/dt2119/music_classification/datasets/audios/western_data/genres_original/hiphop/hiphop.00009.wav,4,hiphop,4,409,0,western
410,/home/dt2119/dt2119/music_classification/datasets/audios/western_data/genres_original/hiphop/hiphop.00010.wav,4,hiphop,4,410,0,western
411,/home/dt2119/dt2119/music_classification/datasets/audios/western_data/genres_original/hiphop/hiphop.00011.wav,4,hiphop,4,411,0,western
412,/home/dt2119/dt2119/music_classification/datasets/audios/western_data/genres_original/hiphop/hiphop.00012.wav,4,hiphop,4,412,0,western
413,/home/dt2119/dt2119/music_classification/datasets/audios/western_data/genres_original/hiphop/hiphop.00013.wav,4,hiphop,4,413,0,western
414,/home/dt2119/dt2119/music_classification/datasets/audios/western_data/genres_original/hiphop/hiphop.00014.wav,4,hiphop,4,414,0,western
415,/home/dt2119/dt2119/music_classification/datasets/audios/western_data/genres_original/hiphop/hiphop.00015.wav,4,hiphop,4,415,0,western
416,/home/dt2119/dt2119/music_classification/datasets/audios/western_data/genres_original/hiphop/hiphop.00016.wav,4,hiphop,4,416,0,western
417,/home/dt2119/dt2119/music_classification/datasets/audios/western_data/genres_original/hiphop/hiphop.00017.wav,4,hiphop,4,417,0,western
418,/home/dt2119/dt2119/music_classification/datasets/audios/western_data/genres_original/hiphop/hiphop.00018.wav,4,hiphop,4,418,0,western
419,/home/dt2119/dt2119/music_classification/datasets/audios/western_data/genres_original/hiphop/hiphop.00019.wav,4,hiphop,4,419,0,western
420,/home/dt2119/dt2119/music_classification/datasets/audios/western_data/genres_original/hiphop/hiphop.00020.wav,4,hiphop,4,420,0,western
421,/home/dt2119/dt2119/music_classification/datasets/audios/western_data/genres_original/hiphop/hiphop.00021.wav,4,hiphop,4,421,0,western
422,/home/dt2119/dt2119/music_classification/datasets/audios/western_data/genres_original/hiphop/hiphop.00022.wav,4,hiphop,4,422,0,western
423,/home/dt2119/dt2119/music_classification/datasets/audios/western_data/genres_original/hiphop/hiphop.00023.wav,4,hiphop,4,423,0,western
424,/home/dt2119/dt2119/music_classification/datasets/audios/western_data/genres_original/hiphop/hiphop.00024.wav,4,hiphop,4,424,0,western
425,/home/dt2119/dt2119/music_classification/datasets/audios/western_data/genres_original/hiphop/hiphop.00025.wav,4,hiphop,4,425,0,western
426,/home/dt2119/dt2119/music_classification/datasets/audios/western_data/genres_original/hiphop/hiphop.00026.wav,4,hiphop,4,426,0,western
427,/home/dt2119/dt2119/music_classification/datasets/audios/western_data/genres_original/hiphop/hiphop.00027.wav,4,hiphop,4,427,0,western
428,/home/dt2119/dt2119/music_classification/datasets/audios/western_data/genres_original/hiphop/hiphop.00028.wav,4,hiphop,4,428,0,western
429,/home/dt2119/dt2119/music_classification/datasets/audios/western_data/genres_original/hiphop/hiphop.00029.wav,4,hiphop,4,429,0,western
430,/home/dt2119/dt2119/music_classification/datasets/audios/western_data/genres_original/hiphop/hiphop.00030.wav,4,hiphop,4,430,0,western
431,/home/dt2119/dt2119/music_classification/datasets/audios/western_data/genres_original/hiphop/hiphop.00031.wav,4,hiphop,4,431,0,western
432,/home/dt2119/dt2119/music_classification/datasets/audios/western_data/genres_original/hiphop/hiphop.00032.wav,4,hiphop,4,432,0,western
433,/home/dt2119/dt2119/music_classification/datasets/audios/western_data/genres_original/hiphop/hiphop.00033.wav,4,hiphop,4,433,0,western
434,/home/dt2119/dt2119/music_classification/datasets/audios/western_data/genres_original/hiphop/hiphop.00034.wav,4,hiphop,4,434,0,western
435,/home/dt2119/dt2119/music_classification/datasets/audios/western_data/genres_original/hiphop/hiphop.00035.wav,4,hiphop,4,435,0,western
436,/home/dt2119/dt2119/music_classification/datasets/audios/western_data/genres_original/hiphop/hiphop.00036.wav,4,hiphop,4,436,0,western
437,/home/dt2119/dt2119/music_classification/datasets/audios/western_data/genres_original/hiphop/hiphop.00037.wav,4,hiphop,4,437,0,western
438,/home/dt2119/dt2119/music_classification/datasets/audios/western_data/genres_original/hiphop/hiphop.00038.wav,4,hiphop,4,438,0,western
439,/home/dt2119/dt2119/music_classification/datasets/audios/western_data/genres_original/hiphop/hiphop.00039.wav,4,hiphop,4,439,0,western
440,/home/dt2119/dt2119/music_classification/datasets/audios/western_data/genres_original/hiphop/hiphop.00040.wav,4,hiphop,4,440,0,western
441,/home/dt2119/dt2119/music_classification/datasets/audios/western_data/genres_original/hiphop/hiphop.00041.wav,4,hiphop,4,441,0,western
442,/home/dt2119/dt2119/music_classification/datasets/audios/western_data/genres_original/hiphop/hiphop.00042.wav,4,hiphop,4,442,0,western
443,/home/dt2119/dt2119/music_classification/datasets/audios/western_data/genres_original/hiphop/hiphop.00043.wav,4,hiphop,4,443,0,western
444,/home/dt2119/dt2119/music_classification/datasets/audios/western_data/genres_original/hiphop/hiphop.00044.wav,4,hiphop,4,444,0,western
445,/home/dt2119/dt2119/music_classification/datasets/audios/western_data/genres_original/hiphop/hiphop.00045.wav,4,hiphop,4,445,0,western
446,/home/dt2119/dt2119/music_classification/datasets/audios/western_data/genres_original/hiphop/hiphop.00046.wav,4,hiphop,4,446,0,western
447,/home/dt2119/dt2119/music_classification/datasets/audios/western_data/genres_original/hiphop/hiphop.00047.wav,4,hiphop,4,447,0,western
448,/home/dt2119/dt2119/music_classification/datasets/audios/western_data/genres_original/hiphop/hiphop.00048.wav,4,hiphop,4,448,0,western
449,/home/dt2119/dt2119/music_classification/datasets/audios/western_data/genres_original/hiphop/hiphop.00049.wav,4,hiphop,4,449,0,western
450,/home/dt2119/dt2119/music_classification/datasets/audios/western_data/genres_original/hiphop/hiphop.00050.wav,4,hiphop,4,450,0,western
451,/home/dt2119/dt2119/music_classification/datasets/audios/western_data/genres_original/hiphop/hiphop.00051.wav,4,hiphop,4,451,0,western
452,/home/dt2119/dt2119/music_classification/datasets/audios/western_data/genres_original/hiphop/hiphop.00052.wav,4,hiphop,4,452,0,western
453,/home/dt2119/dt2119/music_classification/datasets/audios/western_data/genres_original/hiphop/hiphop.00053.wav,4,hiphop,4,453,0,western
454,/home/dt2119/dt2119/music_classification/datasets/audios/western_data/genres_original/hiphop/hiphop.00054.wav,4,hiphop,4,454,0,western
455,/home/dt2119/dt2119/music_classification/datasets/audios/western_data/genres_original/hiphop/hiphop.00055.wav,4,hiphop,4,455,0,western
456,/home/dt2119/dt2119/music_classification/datasets/audios/western_data/genres_original/hiphop/hiphop.00056.wav,4,hiphop,4,456,0,western
457,/home/dt2119/dt2119/music_classification/datasets/audios/western_data/genres_original/hiphop/hiphop.00057.wav,4,hiphop,4,457,0,western
458,/home/dt2119/dt2119/music_classification/datasets/audios/western_data/genres_original/hiphop/hiphop.00058.wav,4,hiphop,4,458,0,western
459,/home/dt2119/dt2119/music_classification/datasets/audios/western_data/genres_original/hiphop/hiphop.00059.wav,4,hiphop,4,459,0,western
460,/home/dt2119/dt2119/music_classification/datasets/audios/western_data/genres_original/hiphop/hiphop.00060.wav,4,hiphop,4,460,0,western
461,/home/dt2119/dt2119/music_classification/datasets/audios/western_data/genres_original/hiphop/hiphop.00061.wav,4,hiphop,4,461,0,western
462,/home/dt2119/dt2119/music_classification/datasets/audios/western_data/genres_original/hiphop/hiphop.00062.wav,4,hiphop,4,462,0,western
463,/home/dt2119/dt2119/music_classification/datasets/audios/western_data/genres_original/hiphop/hiphop.00063.wav,4,hiphop,4,463,0,western
464,/home/dt2119/dt2119/music_classification/datasets/audios/western_data/genres_original/hiphop/hiphop.00064.wav,4,hiphop,4,464,0,western
465,/home/dt2119/dt2119/music_classification/datasets/audios/western_data/genres_original/hiphop/hiphop.00065.wav,4,hiphop,4,465,0,western
466,/home/dt2119/dt2119/music_classification/datasets/audios/western_data/genres_original/hiphop/hiphop.00066.wav,4,hiphop,4,466,0,western
467,/home/dt2119/dt2119/music_classification/datasets/audios/western_data/genres_original/hiphop/hiphop.00067.wav,4,hiphop,4,467,0,western
468,/home/dt2119/dt2119/music_classification/datasets/audios/western_data/genres_original/hiphop/hiphop.00068.wav,4,hiphop,4,468,0,western
469,/home/dt2119/dt2119/music_classification/datasets/audios/western_data/genres_original/hiphop/hiphop.00069.wav,4,hiphop,4,469,0,western
470,/home/dt2119/dt2119/music_classification/datasets/audios/western_data/genres_original/hiphop/hiphop.00070.wav,4,hiphop,4,470,0,western
471,/home/dt2119/dt2119/music_classification/datasets/audios/western_data/genres_original/hiphop/hiphop.00071.wav,4,hiphop,4,471,0,western
472,/home/dt2119/dt2119/music_classification/datasets/audios/western_data/genres_original/hiphop/hiphop.00072.wav,4,hiphop,4,472,0,western
473,/home/dt2119/dt2119/music_classification/datasets/audios/western_data/genres_original/hiphop/hiphop.00073.wav,4,hiphop,4,473,0,western
474,/home/dt2119/dt2119/music_classification/datasets/audios/western_data/genres_original/hiphop/hiphop.00074.wav,4,hiphop,4,474,0,western
475,/home/dt2119/dt2119/music_classification/datasets/audios/western_data/genres_original/hiphop/hiphop.00075.wav,4,hiphop,4,475,0,western
476,/home/dt2119/dt2119/music_classification/datasets/audios/western_data/genres_original/hiphop/hiphop.00076.wav,4,hiphop,4,476,0,western
477,/home/dt2119/dt2119/music_classification/datasets/audios/western_data/genres_original/hiphop/hiphop.00077.wav,4,hiphop,4,477,0,western
478,/home/dt2119/dt2119/music_classification/datasets/audios/western_data/genres_original/hiphop/hiphop.00078.wav,4,hiphop,4,478,0,western
479,/home/dt2119/dt2119/music_classification/datasets/audios/western_data/genres_original/hiphop/hiphop.00079.wav,4,hiphop,4,479,0,western
480,/home/dt2119/dt2119/music_classification/datasets/audios/western_data/genres_original/hiphop/hiphop.00080.wav,4,hiphop,4,480,0,western
481,/home/dt2119/dt2119/music_classification/datasets/audios/western_data/genres_original/hiphop/hiphop.00081.wav,4,hiphop,4,481,0,western
482,/home/dt2119/dt2119/music_classification/datasets/audios/western_data/genres_original/hiphop/hiphop.00082.wav,4,hiphop,4,482,0,western
483,/home/dt2119/dt2119/music_classification/datasets/audios/western_data/genres_original/hiphop/hiphop.00083.wav,4,hiphop,4,483,0,western
484,/home/dt2119/dt2119/music_classification/datasets/audios/western_data/genres_original/hiphop/hiphop.00084.wav,4,hiphop,4,484,0,western
485,/home/dt2119/dt2119/music_classification/datasets/audios/western_data/genres_original/hiphop/hiphop.00085.wav,4,hiphop,4,485,0,western
486,/home/dt2119/dt2119/music_classification/datasets/audios/western_data/genres_original/hiphop/hiphop.00086.wav,4,hiphop,4,486,0,western
487,/home/dt2119/dt2119/music_classification/datasets/audios/western_data/genres_original/hiphop/hiphop.00087.wav,4,hiphop,4,487,0,western
488,/home/dt2119/dt2119/music_classification/datasets/audios/western_data/genres_original/hiphop/hiphop.00088.wav,4,hiphop,4,488,0,western
489,/home/dt2119/dt2119/music_classification/datasets/audios/western_data/genres_original/hiphop/hiphop.00089.wav,4,hiphop,4,489,0,western
490,/home/dt2119/dt2119/music_classification/datasets/audios/western_data/genres_original/hiphop/hiphop.00090.wav,4,hiphop,4,490,0,western
491,/home/dt2119/dt2119/music_classification/datasets/audios/western_data/genres_original/hiphop/hiphop.00091.wav,4,hiphop,4,491,0,western
492,/home/dt2119/dt2119/music_classification/datasets/audios/western_data/genres_original/hiphop/hiphop.00092.wav,4,hiphop,4,492,0,western
493,/home/dt2119/dt2119/music_classification/datasets/audios/western_data/genres_original/hiphop/hiphop.00093.wav,4,hiphop,4,493,0,western
494,/home/dt2119/dt2119/music_classification/datasets/audios/western_data/genres_original/hiphop/hiphop.00094.wav,4,hiphop,4,494,0,western
495,/home/dt2119/dt2119/music_classification/datasets/audios/western_data/genres_original/hiphop/hiphop.00095.wav,4,hiphop,4,495,0,western
496,/home/dt2119/dt2119/music_classification/datasets/audios/western_data/genres_original/hiphop/hiphop.00096.wav,4,hiphop,4,496,0,western
497,/home/dt2119/dt2119/music_classification/datasets/audios/western_data/genres_original/hiphop/hiphop.00097.wav,4,hiphop,4,497,0,western
498,/home/dt2119/dt2119/music_classification/datasets/audios/western_data/genres_original/hiphop/hiphop.00098.wav,4,hiphop,4,498,0,western
499,/home/dt2119/dt2119/music_classification/datasets/audios/western_data/genres_original/hiphop/hiphop.00099.wav,4,hiphop,4,499,0,western
500,/home/dt2119/dt2119/music_classification/datasets/audios/western_data/genres_original/jazz/jazz.00000.wav,5,jazz,5,500,0,western
501,/home/dt2119/dt2119/music_classification/datasets/audios/western_data/genres_original/jazz/jazz.00001.wav,5,jazz,5,501,0,western
502,/home/dt2119/dt2119/music_classification/datasets/audios/western_data/genres_original/jazz/jazz.00002.wav,5,jazz,5,502,0,western
503,/home/dt2119/dt2119/music_classification/datasets/audios/western_data/genres_original/jazz/jazz.00003.wav,5,jazz,5,503,0,western
504,/home/dt2119/dt2119/music_classification/datasets/audios/western_data/genres_original/jazz/jazz.00004.wav,5,jazz,5,504,0,western
505,/home/dt2119/dt2119/music_classification/datasets/audios/western_data/genres_original/jazz/jazz.00005.wav,5,jazz,5,505,0,western
506,/home/dt2119/dt2119/music_classification/datasets/audios/western_data/genres_original/jazz/jazz.00006.wav,5,jazz,5,506,0,western
507,/home/dt2119/dt2119/music_classification/datasets/audios/western_data/genres_original/jazz/jazz.00007.wav,5,jazz,5,507,0,western
508,/home/dt2119/dt2119/music_classification/datasets/audios/western_data/genres_original/jazz/jazz.00008.wav,5,jazz,5,508,0,western
509,/home/dt2119/dt2119/music_classification/datasets/audios/western_data/genres_original/jazz/jazz.00009.wav,5,jazz,5,509,0,western
510,/home/dt2119/dt2119/music_classification/datasets/audios/western_data/genres_original/jazz/jazz.00010.wav,5,jazz,5,510,0,western
511,/home/dt2119/dt2119/music_classification/datasets/audios/western_data/genres_original/jazz/jazz.00011.wav,5,jazz,5,511,0,western
512,/home/dt2119/dt2119/music_classification/datasets/audios/western_data/genres_original/jazz/jazz.00012.wav,5,jazz,5,512,0,western
513,/home/dt2119/dt2119/music_classification/datasets/audios/western_data/genres_original/jazz/jazz.00013.wav,5,jazz,5,513,0,western
514,/home/dt2119/dt2119/music_classification/datasets/audios/western_data/genres_original/jazz/jazz.00014.wav,5,jazz,5,514,0,western
515,/home/dt2119/dt2119/music_classification/datasets/audios/western_data/genres_original/jazz/jazz.00015.wav,5,jazz,5,515,0,western
516,/home/dt2119/dt2119/music_classification/datasets/audios/western_data/genres_original/jazz/jazz.00016.wav,5,jazz,5,516,0,western
517,/home/dt2119/dt2119/music_classification/datasets/audios/western_data/genres_original/jazz/jazz.00017.wav,5,jazz,5,517,0,western
518,/home/dt2119/dt2119/music_classification/datasets/audios/western_data/genres_original/jazz/jazz.00018.wav,5,jazz,5,518,0,western
519,/home/dt2119/dt2119/music_classification/datasets/audios/western_data/genres_original/jazz/jazz.00019.wav,5,jazz,5,519,0,western
520,/home/dt2119/dt2119/music_classification/datasets/audios/western_data/genres_original/jazz/jazz.00020.wav,5,jazz,5,520,0,western
521,/home/dt2119/dt2119/music_classification/datasets/audios/western_data/genres_original/jazz/jazz.00021.wav,5,jazz,5,521,0,western
522,/home/dt2119/dt2119/music_classification/datasets/audios/western_data/genres_original/jazz/jazz.00022.wav,5,jazz,5,522,0,western
523,/home/dt2119/dt2119/music_classification/datasets/audios/western_data/genres_original/jazz/jazz.00023.wav,5,jazz,5,523,0,western
524,/home/dt2119/dt2119/music_classification/datasets/audios/western_data/genres_original/jazz/jazz.00024.wav,5,jazz,5,524,0,western
525,/home/dt2119/dt2119/music_classification/datasets/audios/western_data/genres_original/jazz/jazz.00025.wav,5,jazz,5,525,0,western
526,/home/dt2119/dt2119/music_classification/datasets/audios/western_data/genres_original/jazz/jazz.00026.wav,5,jazz,5,526,0,western
527,/home/dt2119/dt2119/music_classification/datasets/audios/western_data/genres_original/jazz/jazz.00027.wav,5,jazz,5,527,0,western
528,/home/dt2119/dt2119/music_classification/datasets/audios/western_data/genres_original/jazz/jazz.00028.wav,5,jazz,5,528,0,western
529,/home/dt2119/dt2119/music_classification/datasets/audios/western_data/genres_original/jazz/jazz.00029.wav,5,jazz,5,529,0,western
530,/home/dt2119/dt2119/music_classification/datasets/audios/western_data/genres_original/jazz/jazz.00030.wav,5,jazz,5,530,0,western
531,/home/dt2119/dt2119/music_classification/datasets/audios/western_data/genres_original/jazz/jazz.00031.wav,5,jazz,5,531,0,western
532,/home/dt2119/dt2119/music_classification/datasets/audios/western_data/genres_original/jazz/jazz.00032.wav,5,jazz,5,532,0,western
533,/home/dt2119/dt2119/music_classification/datasets/audios/western_data/genres_original/jazz/jazz.00033.wav,5,jazz,5,533,0,western
534,/home/dt2119/dt2119/music_classification/datasets/audios/western_data/genres_original/jazz/jazz.00034.wav,5,jazz,5,534,0,western
535,/home/dt2119/dt2119/music_classification/datasets/audios/western_data/genres_original/jazz/jazz.00035.wav,5,jazz,5,535,0,western
536,/home/dt2119/dt2119/music_classification/datasets/audios/western_data/genres_original/jazz/jazz.00036.wav,5,jazz,5,536,0,western
537,/home/dt2119/dt2119/music_classification/datasets/audios/western_data/genres_original/jazz/jazz.00037.wav,5,jazz,5,537,0,western
538,/home/dt2119/dt2119/music_classification/datasets/audios/western_data/genres_original/jazz/jazz.00038.wav,5,jazz,5,538,0,western
539,/home/dt2119/dt2119/music_classification/datasets/audios/western_data/genres_original/jazz/jazz.00039.wav,5,jazz,5,539,0,western
540,/home/dt2119/dt2119/music_classification/datasets/audios/western_data/genres_original/jazz/jazz.00040.wav,5,jazz,5,540,0,western
541,/home/dt2119/dt2119/music_classification/datasets/audios/western_data/genres_original/jazz/jazz.00041.wav,5,jazz,5,541,0,western
542,/home/dt2119/dt2119/music_classification/datasets/audios/western_data/genres_original/jazz/jazz.00042.wav,5,jazz,5,542,0,western
543,/home/dt2119/dt2119/music_classification/datasets/audios/western_data/genres_original/jazz/jazz.00043.wav,5,jazz,5,543,0,western
544,/home/dt2119/dt2119/music_classification/datasets/audios/western_data/genres_original/jazz/jazz.00044.wav,5,jazz,5,544,0,western
545,/home/dt2119/dt2119/music_classification/datasets/audios/western_data/genres_original/jazz/jazz.00045.wav,5,jazz,5,545,0,western
546,/home/dt2119/dt2119/music_classification/datasets/audios/western_data/genres_original/jazz/jazz.00046.wav,5,jazz,5,546,0,western
547,/home/dt2119/dt2119/music_classification/datasets/audios/western_data/genres_original/jazz/jazz.00047.wav,5,jazz,5,547,0,western
548,/home/dt2119/dt2119/music_classification/datasets/audios/western_data/genres_original/jazz/jazz.00048.wav,5,jazz,5,548,0,western
549,/home/dt2119/dt2119/music_classification/datasets/audios/western_data/genres_original/jazz/jazz.00049.wav,5,jazz,5,549,0,western
550,/home/dt2119/dt2119/music_classification/datasets/audios/western_data/genres_original/jazz/jazz.00050.wav,5,jazz,5,550,0,western
551,/home/dt2119/dt2119/music_classification/datasets/audios/western_data/genres_original/jazz/jazz.00051.wav,5,jazz,5,551,0,western
552,/home/dt2119/dt2119/music_classification/datasets/audios/western_data/genres_original/jazz/jazz.00052.wav,5,jazz,5,552,0,western
553,/home/dt2119/dt2119/music_classification/datasets/audios/western_data/genres_original/jazz/jazz.00053.wav,5,jazz,5,553,0,western
554,/home/dt2119/dt2119/music_classification/datasets/audios/western_data/genres_original/jazz/jazz.00055.wav,5,jazz,5,554,0,western
555,/home/dt2119/dt2119/music_classification/datasets/audios/western_data/genres_original/jazz/jazz.00056.wav,5,jazz,5,555,0,western
556,/home/dt2119/dt2119/music_classification/datasets/audios/western_data/genres_original/jazz/jazz.00057.wav,5,jazz,5,556,0,western
557,/home/dt2119/dt2119/music_classification/datasets/audios/western_data/genres_original/jazz/jazz.00058.wav,5,jazz,5,557,0,western
558,/home/dt2119/dt2119/music_classification/datasets/audios/western_data/genres_original/jazz/jazz.00059.wav,5,jazz,5,558,0,western
559,/home/dt2119/dt2119/music_classification/datasets/audios/western_data/genres_original/jazz/jazz.00060.wav,5,jazz,5,559,0,western
560,/home/dt2119/dt2119/music_classification/datasets/audios/western_data/genres_original/jazz/jazz.00061.wav,5,jazz,5,560,0,western
561,/home/dt2119/dt2119/music_classification/datasets/audios/western_data/genres_original/jazz/jazz.00062.wav,5,jazz,5,561,0,western
562,/home/dt2119/dt2119/music_classification/datasets/audios/western_data/genres_original/jazz/jazz.00063.wav,5,jazz,5,562,0,western
563,/home/dt2119/dt2119/music_classification/datasets/audios/western_data/genres_original/jazz/jazz.00064.wav,5,jazz,5,563,0,western
564,/home/dt2119/dt2119/music_classification/datasets/audios/western_data/genres_original/jazz/jazz.00065.wav,5,jazz,5,564,0,western
565,/home/dt2119/dt2119/music_classification/datasets/audios/western_data/genres_original/jazz/jazz.00066.wav,5,jazz,5,565,0,western
566,/home/dt2119/dt2119/music_classification/datasets/audios/western_data/genres_original/jazz/jazz.00067.wav,5,jazz,5,566,0,western
567,/home/dt2119/dt2119/music_classification/datasets/audios/western_data/genres_original/jazz/jazz.00068.wav,5,jazz,5,567,0,western
568,/home/dt2119/dt2119/music_classification/datasets/audios/western_data/genres_original/jazz/jazz.00069.wav,5,jazz,5,568,0,western
569,/home/dt2119/dt2119/music_classification/datasets/audios/western_data/genres_original/jazz/jazz.00070.wav,5,jazz,5,569,0,western
570,/home/dt2119/dt2119/music_classification/datasets/audios/western_data/genres_original/jazz/jazz.00071.wav,5,jazz,5,570,0,western
571,/home/dt2119/dt2119/music_classification/datasets/audios/western_data/genres_original/jazz/jazz.00072.wav,5,jazz,5,571,0,western
572,/home/dt2119/dt2119/music_classification/datasets/audios/western_data/genres_original/jazz/jazz.00073.wav,5,jazz,5,572,0,western
573,/home/dt2119/dt2119/music_classification/datasets/audios/western_data/genres_original/jazz/jazz.00074.wav,5,jazz,5,573,0,western
574,/home/dt2119/dt2119/music_classification/datasets/audios/western_data/genres_original/jazz/jazz.00075.wav,5,jazz,5,574,0,western
575,/home/dt2119/dt2119/music_classification/datasets/audios/western_data/genres_original/jazz/jazz.00076.wav,5,jazz,5,575,0,western
576,/home/dt2119/dt2119/music_classification/datasets/audios/western_data/genres_original/jazz/jazz.00077.wav,5,jazz,5,576,0,western
577,/home/dt2119/dt2119/music_classification/datasets/audios/western_data/genres_original/jazz/jazz.00078.wav,5,jazz,5,577,0,western
578,/home/dt2119/dt2119/music_classification/datasets/audios/western_data/genres_original/jazz/jazz.00079.wav,5,jazz,5,578,0,western
579,/home/dt2119/dt2119/music_classification/datasets/audios/western_data/genres_original/jazz/jazz.00080.wav,5,jazz,5,579,0,western
580,/home/dt2119/dt2119/music_classification/datasets/audios/western_data/genres_original/jazz/jazz.00081.wav,5,jazz,5,580,0,western
581,/home/dt2119/dt2119/music_classification/datasets/audios/western_data/genres_original/jazz/jazz.00082.wav,5,jazz,5,581,0,western
582,/home/dt2119/dt2119/music_classification/datasets/audios/western_data/genres_original/jazz/jazz.00083.wav,5,jazz,5,582,0,western
583,/home/dt2119/dt2119/music_classification/datasets/audios/western_data/genres_original/jazz/jazz.00084.wav,5,jazz,5,583,0,western
584,/home/dt2119/dt2119/music_classification/datasets/audios/western_data/genres_original/jazz/jazz.00085.wav,5,jazz,5,584,0,western
585,/home/dt2119/dt2119/music_classification/datasets/audios/western_data/genres_original/jazz/jazz.00086.wav,5,jazz,5,585,0,western
586,/home/dt2119/dt2119/music_classification/datasets/audios/western_data/genres_original/jazz/jazz.00087.wav,5,jazz,5,586,0,western
587,/home/dt2119/dt2119/music_classification/datasets/audios/western_data/genres_original/jazz/jazz.00088.wav,5,jazz,5,587,0,western
588,/home/dt2119/dt2119/music_classification/datasets/audios/western_data/genres_original/jazz/jazz.00089.wav,5,jazz,5,588,0,western
589,/home/dt2119/dt2119/music_classification/datasets/audios/western_data/genres_original/jazz/jazz.00090.wav,5,jazz,5,589,0,western
590,/home/dt2119/dt2119/music_classification/datasets/audios/western_data/genres_original/jazz/jazz.00091.wav,5,jazz,5,590,0,western
591,/home/dt2119/dt2119/music_classification/datasets/audios/western_data/genres_original/jazz/jazz.00092.wav,5,jazz,5,591,0,western
592,/home/dt2119/dt2119/music_classification/datasets/audios/western_data/genres_original/jazz/jazz.00093.wav,5,jazz,5,592,0,western
593,/home/dt2119/dt2119/music_classification/datasets/audios/western_data/genres_original/jazz/jazz.00094.wav,5,jazz,5,593,0,western
594,/home/dt2119/dt2119/music_classification/datasets/audios/western_data/genres_original/jazz/jazz.00095.wav,5,jazz,5,594,0,western
595,/home/dt2119/dt2119/music_classification/datasets/audios/western_data/genres_original/jazz/jazz.00096.wav,5,jazz,5,595,0,western
596,/home/dt2119/dt2119/music_classification/datasets/audios/western_data/genres_original/jazz/jazz.00097.wav,5,jazz,5,596,0,western
597,/home/dt2119/dt2119/music_classification/datasets/audios/western_data/genres_original/jazz/jazz.00098.wav,5,jazz,5,597,0,western
598,/home/dt2119/dt2119/music_classification/datasets/audios/western_data/genres_original/jazz/jazz.00099.wav,5,jazz,5,598,0,western
599,/home/dt2119/dt2119/music_classification/datasets/audios/western_data/genres_original/metal/metal.00000.wav,6,metal,6,599,0,western
600,/home/dt2119/dt2119/music_classification/datasets/audios/western_data/genres_original/metal/metal.00001.wav,6,metal,6,600,0,western
601,/home/dt2119/dt2119/music_classification/datasets/audios/western_data/genres_original/metal/metal.00002.wav,6,metal,6,601,0,western
602,/home/dt2119/dt2119/music_classification/datasets/audios/western_data/genres_original/metal/metal.00003.wav,6,metal,6,602,0,western
603,/home/dt2119/dt2119/music_classification/datasets/audios/western_data/genres_original/metal/metal.00004.wav,6,metal,6,603,0,western
604,/home/dt2119/dt2119/music_classification/datasets/audios/western_data/genres_original/metal/metal.00005.wav,6,metal,6,604,0,western
605,/home/dt2119/dt2119/music_classification/datasets/audios/western_data/genres_original/metal/metal.00006.wav,6,metal,6,605,0,western
606,/home/dt2119/dt2119/music_classification/datasets/audios/western_data/genres_original/metal/metal.00007.wav,6,metal,6,606,0,western
607,/home/dt2119/dt2119/music_classification/datasets/audios/western_data/genres_original/metal/metal.00008.wav,6,metal,6,607,0,western
608,/home/dt2119/dt2119/music_classification/datasets/audios/western_data/genres_original/metal/metal.00009.wav,6,metal,6,608,0,western
609,/home/dt2119/dt2119/music_classification/datasets/audios/western_data/genres_original/metal/metal.00010.wav,6,metal,6,609,0,western
610,/home/dt2119/dt2119/music_classification/datasets/audios/western_data/genres_original/metal/metal.00011.wav,6,metal,6,610,0,western
611,/home/dt2119/dt2119/music_classification/datasets/audios/western_data/genres_original/metal/metal.00012.wav,6,metal,6,611,0,western
612,/home/dt2119/dt2119/music_classification/datasets/audios/western_data/genres_original/metal/metal.00013.wav,6,metal,6,612,0,western
613,/home/dt2119/dt2119/music_classification/datasets/audios/western_data/genres_original/metal/metal.00014.wav,6,metal,6,613,0,western
614,/home/dt2119/dt2119/music_classification/datasets/audios/western_data/genres_original/metal/metal.00015.wav,6,metal,6,614,0,western
615,/home/dt2119/dt2119/music_classification/datasets/audios/western_data/genres_original/metal/metal.00016.wav,6,metal,6,615,0,western
616,/home/dt2119/dt2119/music_classification/datasets/audios/western_data/genres_original/metal/metal.00017.wav,6,metal,6,616,0,western
617,/home/dt2119/dt2119/music_classification/datasets/audios/western_data/genres_original/metal/metal.00018.wav,6,metal,6,617,0,western
618,/home/dt2119/dt2119/music_classification/datasets/audios/western_data/genres_original/metal/metal.00019.wav,6,metal,6,618,0,western
619,/home/dt2119/dt2119/music_classification/datasets/audios/western_data/genres_original/metal/metal.00020.wav,6,metal,6,619,0,western
620,/home/dt2119/dt2119/music_classification/datasets/audios/western_data/genres_original/metal/metal.00021.wav,6,metal,6,620,0,western
621,/home/dt2119/dt2119/music_classification/datasets/audios/western_data/genres_original/metal/metal.00022.wav,6,metal,6,621,0,western
622,/home/dt2119/dt2119/music_classification/datasets/audios/western_data/genres_original/metal/metal.00023.wav,6,metal,6,622,0,western
623,/home/dt2119/dt2119/music_classification/datasets/audios/western_data/genres_original/metal/metal.00024.wav,6,metal,6,623,0,western
624,/home/dt2119/dt2119/music_classification/datasets/audios/western_data/genres_original/metal/metal.00025.wav,6,metal,6,624,0,western
625,/home/dt2119/dt2119/music_classification/datasets/audios/western_data/genres_original/metal/metal.00026.wav,6,metal,6,625,0,western
626,/home/dt2119/dt2119/music_classification/datasets/audios/western_data/genres_original/metal/metal.00027.wav,6,metal,6,626,0,western
627,/home/dt2119/dt2119/music_classification/datasets/audios/western_data/genres_original/metal/metal.00028.wav,6,metal,6,627,0,western
628,/home/dt2119/dt2119/music_classification/datasets/audios/western_data/genres_original/metal/metal.00029.wav,6,metal,6,628,0,western
629,/home/dt2119/dt2119/music_classification/datasets/audios/western_data/genres_original/metal/metal.00030.wav,6,metal,6,629,0,western
630,/home/dt2119/dt2119/music_classification/datasets/audios/western_data/genres_original/metal/metal.00031.wav,6,metal,6,630,0,western
631,/home/dt2119/dt2119/music_classification/datasets/audios/western_data/genres_original/metal/metal.00032.wav,6,metal,6,631,0,western
632,/home/dt2119/dt2119/music_classification/datasets/audios/western_data/genres_original/metal/metal.00033.wav,6,metal,6,632,0,western
633,/home/dt2119/dt2119/music_classification/datasets/audios/western_data/genres_original/metal/metal.00034.wav,6,metal,6,633,0,western
634,/home/dt2119/dt2119/music_classification/datasets/audios/western_data/genres_original/metal/metal.00035.wav,6,metal,6,634,0,western
635,/home/dt2119/dt2119/music_classification/datasets/audios/western_data/genres_original/metal/metal.00036.wav,6,metal,6,635,0,western
636,/home/dt2119/dt2119/music_classification/datasets/audios/western_data/genres_original/metal/metal.00037.wav,6,metal,6,636,0,western
637,/home/dt2119/dt2119/music_classification/datasets/audios/western_data/genres_original/metal/metal.00038.wav,6,metal,6,637,0,western
638,/home/dt2119/dt2119/music_classification/datasets/audios/western_data/genres_original/metal/metal.00039.wav,6,metal,6,638,0,western
639,/home/dt2119/dt2119/music_classification/datasets/audios/western_data/genres_original/metal/metal.00040.wav,6,metal,6,639,0,western
640,/home/dt2119/dt2119/music_classification/datasets/audios/western_data/genres_original/metal/metal.00041.wav,6,metal,6,640,0,western
641,/home/dt2119/dt2119/music_classification/datasets/audios/western_data/genres_original/metal/metal.00042.wav,6,metal,6,641,0,western
642,/home/dt2119/dt2119/music_classification/datasets/audios/western_data/genres_original/metal/metal.00043.wav,6,metal,6,642,0,western
643,/home/dt2119/dt2119/music_classification/datasets/audios/western_data/genres_original/metal/metal.00044.wav,6,metal,6,643,0,western
644,/home/dt2119/dt2119/music_classification/datasets/audios/western_data/genres_original/metal/metal.00045.wav,6,metal,6,644,0,western
645,/home/dt2119/dt2119/music_classification/datasets/audios/western_data/genres_original/metal/metal.00046.wav,6,metal,6,645,0,western
646,/home/dt2119/dt2119/music_classification/datasets/audios/western_data/genres_original/metal/metal.00047.wav,6,metal,6,646,0,western
647,/home/dt2119/dt2119/music_classification/datasets/audios/western_data/genres_original/metal/metal.00048.wav,6,metal,6,647,0,western
648,/home/dt2119/dt2119/music_classification/datasets/audios/western_data/genres_original/metal/metal.00049.wav,6,metal,6,648,0,western
649,/home/dt2119/dt2119/music_classification/datasets/audios/western_data/genres_original/metal/metal.00050.wav,6,metal,6,649,0,western
650,/home/dt2119/dt2119/music_classification/datasets/audios/western_data/genres_original/metal/metal.00051.wav,6,metal,6,650,0,western
651,/home/dt2119/dt2119/music_classification/datasets/audios/western_data/genres_original/metal/metal.00052.wav,6,metal,6,651,0,western
652,/home/dt2119/dt2119/music_classification/datasets/audios/western_data/genres_original/metal/metal.00053.wav,6,metal,6,652,0,western
653,/home/dt2119/dt2119/music_classification/datasets/audios/western_data/genres_original/metal/metal.00054.wav,6,metal,6,653,0,western
654,/home/dt2119/dt2119/music_classification/datasets/audios/western_data/genres_original/metal/metal.00055.wav,6,metal,6,654,0,western
655,/home/dt2119/dt2119/music_classification/datasets/audios/western_data/genres_original/metal/metal.00056.wav,6,metal,6,655,0,western
656,/home/dt2119/dt2119/music_classification/datasets/audios/western_data/genres_original/metal/metal.00057.wav,6,metal,6,656,0,western
657,/home/dt2119/dt2119/music_classification/datasets/audios/western_data/genres_original/metal/metal.00058.wav,6,metal,6,657,0,western
658,/home/dt2119/dt2119/music_classification/datasets/audios/western_data/genres_original/metal/metal.00059.wav,6,metal,6,658,0,western
659,/home/dt2119/dt2119/music_classification/datasets/audios/western_data/genres_original/metal/metal.00060.wav,6,metal,6,659,0,western
660,/home/dt2119/dt2119/music_classification/datasets/audios/western_data/genres_original/metal/metal.00061.wav,6,metal,6,660,0,western
661,/home/dt2119/dt2119/music_classification/datasets/audios/western_data/genres_original/metal/metal.00062.wav,6,metal,6,661,0,western
662,/home/dt2119/dt2119/music_classification/datasets/audios/western_data/genres_original/metal/metal.00063.wav,6,metal,6,662,0,western
663,/home/dt2119/dt2119/music_classification/datasets/audios/western_data/genres_original/metal/metal.00064.wav,6,metal,6,663,0,western
664,/home/dt2119/dt2119/music_classification/datasets/audios/western_data/genres_original/metal/metal.00065.wav,6,metal,6,664,0,western
665,/home/dt2119/dt2119/music_classification/datasets/audios/western_data/genres_original/metal/metal.00066.wav,6,metal,6,665,0,western
666,/home/dt2119/dt2119/music_classification/datasets/audios/western_data/genres_original/metal/metal.00067.wav,6,metal,6,666,0,western
667,/home/dt2119/dt2119/music_classification/datasets/audios/western_data/genres_original/metal/metal.00068.wav,6,metal,6,667,0,western
668,/home/dt2119/dt2119/music_classification/datasets/audios/western_data/genres_original/metal/metal.00069.wav,6,metal,6,668,0,western
669,/home/dt2119/dt2119/music_classification/datasets/audios/western_data/genres_original/metal/metal.00070.wav,6,metal,6,669,0,western
670,/home/dt2119/dt2119/music_classification/datasets/audios/western_data/genres_original/metal/metal.00071.wav,6,metal,6,670,0,western
671,/home/dt2119/dt2119/music_classification/datasets/audios/western_data/genres_original/metal/metal.00072.wav,6,metal,6,671,0,western
672,/home/dt2119/dt2119/music_classification/datasets/audios/western_data/genres_original/metal/metal.00073.wav,6,metal,6,672,0,western
673,/home/dt2119/dt2119/music_classification/datasets/audios/western_data/genres_original/metal/metal.00074.wav,6,metal,6,673,0,western
674,/home/dt2119/dt2119/music_classification/datasets/audios/western_data/genres_original/metal/metal.00075.wav,6,metal,6,674,0,western
675,/home/dt2119/dt2119/music_classification/datasets/audios/western_data/genres_original/metal/metal.00076.wav,6,metal,6,675,0,western
676,/home/dt2119/dt2119/music_classification/datasets/audios/western_data/genres_original/metal/metal.00077.wav,6,metal,6,676,0,western
677,/home/dt2119/dt2119/music_classification/datasets/audios/western_data/genres_original/metal/metal.00078.wav,6,metal,6,677,0,western
678,/home/dt2119/dt2119/music_classification/datasets/audios/western_data/genres_original/metal/metal.00079.wav,6,metal,6,678,0,western
679,/home/dt2119/dt2119/music_classification/datasets/audios/western_data/genres_original/metal/metal.00080.wav,6,metal,6,679,0,western
680,/home/dt2119/dt2119/music_classification/datasets/audios/western_data/genres_original/metal/metal.00081.wav,6,metal,6,680,0,western
681,/home/dt2119/dt2119/music_classification/datasets/audios/western_data/genres_original/metal/metal.00082.wav,6,metal,6,681,0,western
682,/home/dt2119/dt2119/music_classification/datasets/audios/western_data/genres_original/metal/metal.00083.wav,6,metal,6,682,0,western
683,/home/dt2119/dt2119/music_classification/datasets/audios/western_data/genres_original/metal/metal.00084.wav,6,metal,6,683,0,western
684,/home/dt2119/dt2119/music_classification/datasets/audios/western_data/genres_original/metal/metal.00085.wav,6,metal,6,684,0,western
685,/home/dt2119/dt2119/music_classification/datasets/audios/western_data/genres_original/metal/metal.00086.wav,6,metal,6,685,0,western
686,/home/dt2119/dt2119/music_classification/datasets/audios/western_data/genres_original/metal/metal.00087.wav,6,metal,6,686,0,western
687,/home/dt2119/dt2119/music_classification/datasets/audios/western_data/genres_original/metal/metal.00088.wav,6,metal,6,687,0,western
688,/home/dt2119/dt2119/music_classification/datasets/audios/western_data/genres_original/metal/metal.00089.wav,6,metal,6,688,0,western
689,/home/dt2119/dt2119/music_classification/datasets/audios/western_data/genres_original/metal/metal.00090.wav,6,metal,6,689,0,western
690,/home/dt2119/dt2119/music_classification/datasets/audios/western_data/genres_original/metal/metal.00091.wav,6,metal,6,690,0,western
691,/home/dt2119/dt2119/music_classification/datasets/audios/western_data/genres_original/metal/metal.00092.wav,6,metal,6,691,0,western
692,/home/dt2119/dt2119/music_classification/datasets/audios/western_data/genres_original/metal/metal.00093.wav,6,metal,6,692,0,western
693,/home/dt2119/dt2119/music_classification/datasets/audios/western_data/genres_original/metal/metal.00094.wav,6,metal,6,693,0,western
694,/home/dt2119/dt2119/music_classification/datasets/audios/western_data/genres_original/metal/metal.00095.wav,6,metal,6,694,0,western
695,/home/dt2119/dt2119/music_classification/datasets/audios/western_data/genres_original/metal/metal.00096.wav,6,metal,6,695,0,western
696,/home/dt2119/dt2119/music_classification/datasets/audios/western_data/genres_original/metal/metal.00097.wav,6,metal,6,696,0,western
697,/home/dt2119/dt2119/music_classification/datasets/audios/western_data/genres_original/metal/metal.00098.wav,6,metal,6,697,0,western
698,/home/dt2119/dt2119/music_classification/datasets/audios/western_data/genres_original/metal/metal.00099.wav,6,metal,6,698,0,western
699,/home/dt2119/dt2119/music_classification/datasets/audios/western_data/genres_original/pop/pop.00000.wav,7,pop,7,699,0,western
700,/home/dt2119/dt2119/music_classification/datasets/audios/western_data/genres_original/pop/pop.00001.wav,7,pop,7,700,0,western
701,/home/dt2119/dt2119/music_classification/datasets/audios/western_data/genres_original/pop/pop.00002.wav,7,pop,7,701,0,western
702,/home/dt2119/dt2119/music_classification/datasets/audios/western_data/genres_original/pop/pop.00003.wav,7,pop,7,702,0,western
703,/home/dt2119/dt2119/music_classification/datasets/audios/western_data/genres_original/pop/pop.00004.wav,7,pop,7,703,0,western
704,/home/dt2119/dt2119/music_classification/datasets/audios/western_data/genres_original/pop/pop.00005.wav,7,pop,7,704,0,western
705,/home/dt2119/dt2119/music_classification/datasets/audios/western_data/genres_original/pop/pop.00006.wav,7,pop,7,705,0,western
706,/home/dt2119/dt2119/music_classification/datasets/audios/western_data/genres_original/pop/pop.00007.wav,7,pop,7,706,0,western
707,/home/dt2119/dt2119/music_classification/datasets/audios/western_data/genres_original/pop/pop.00008.wav,7,pop,7,707,0,western
708,/home/dt2119/dt2119/music_classification/datasets/audios/western_data/genres_original/pop/pop.00009.wav,7,pop,7,708,0,western
709,/home/dt2119/dt2119/music_classification/datasets/audios/western_data/genres_original/pop/pop.00010.wav,7,pop,7,709,0,western
710,/home/dt2119/dt2119/music_classification/datasets/audios/western_data/genres_original/pop/pop.00011.wav,7,pop,7,710,0,western
711,/home/dt2119/dt2119/music_classification/datasets/audios/western_data/genres_original/pop/pop.00012.wav,7,pop,7,711,0,western
712,/home/dt2119/dt2119/music_classification/datasets/audios/western_data/genres_original/pop/pop.00013.wav,7,pop,7,712,0,western
713,/home/dt2119/dt2119/music_classification/datasets/audios/western_data/genres_original/pop/pop.00014.wav,7,pop,7,713,0,western
714,/home/dt2119/dt2119/music_classification/datasets/audios/western_data/genres_original/pop/pop.00015.wav,7,pop,7,714,0,western
715,/home/dt2119/dt2119/music_classification/datasets/audios/western_data/genres_original/pop/pop.00016.wav,7,pop,7,715,0,western
716,/home/dt2119/dt2119/music_classification/datasets/audios/western_data/genres_original/pop/pop.00017.wav,7,pop,7,716,0,western
717,/home/dt2119/dt2119/music_classification/datasets/audios/western_data/genres_original/pop/pop.00018.wav,7,pop,7,717,0,western
718,/home/dt2119/dt2119/music_classification/datasets/audios/western_data/genres_original/pop/pop.00019.wav,7,pop,7,718,0,western
719,/home/dt2119/dt2119/music_classification/datasets/audios/western_data/genres_original/pop/pop.00020.wav,7,pop,7,719,0,western
720,/home/dt2119/dt2119/music_classification/datasets/audios/western_data/genres_original/pop/pop.00021.wav,7,pop,7,720,0,western
721,/home/dt2119/dt2119/music_classification/datasets/audios/western_data/genres_original/pop/pop.00022.wav,7,pop,7,721,0,western
722,/home/dt2119/dt2119/music_classification/datasets/audios/western_data/genres_original/pop/pop.00023.wav,7,pop,7,722,0,western
723,/home/dt2119/dt2119/music_classification/datasets/audios/western_data/genres_original/pop/pop.00024.wav,7,pop,7,723,0,western
724,/home/dt2119/dt2119/music_classification/datasets/audios/western_data/genres_original/pop/pop.00025.wav,7,pop,7,724,0,western
725,/home/dt2119/dt2119/music_classification/datasets/audios/western_data/genres_original/pop/pop.00026.wav,7,pop,7,725,0,western
726,/home/dt2119/dt2119/music_classification/datasets/audios/western_data/genres_original/pop/pop.00027.wav,7,pop,7,726,0,western
727,/home/dt2119/dt2119/music_classification/datasets/audios/western_data/genres_original/pop/pop.00028.wav,7,pop,7,727,0,western
728,/home/dt2119/dt2119/music_classification/datasets/audios/western_data/genres_original/pop/pop.00029.wav,7,pop,7,728,0,western
729,/home/dt2119/dt2119/music_classification/datasets/audios/western_data/genres_original/pop/pop.00030.wav,7,pop,7,729,0,western
730,/home/dt2119/dt2119/music_classification/datasets/audios/western_data/genres_original/pop/pop.00031.wav,7,pop,7,730,0,western
731,/home/dt2119/dt2119/music_classification/datasets/audios/western_data/genres_original/pop/pop.00032.wav,7,pop,7,731,0,western
732,/home/dt2119/dt2119/music_classification/datasets/audios/western_data/genres_original/pop/pop.00033.wav,7,pop,7,732,0,western
733,/home/dt2119/dt2119/music_classification/datasets/audios/western_data/genres_original/pop/pop.00034.wav,7,pop,7,733,0,western
734,/home/dt2119/dt2119/music_classification/datasets/audios/western_data/genres_original/pop/pop.00035.wav,7,pop,7,734,0,western
735,/home/dt2119/dt2119/music_classification/datasets/audios/western_data/genres_original/pop/pop.00036.wav,7,pop,7,735,0,western
736,/home/dt2119/dt2119/music_classification/datasets/audios/western_data/genres_original/pop/pop.00037.wav,7,pop,7,736,0,western
737,/home/dt2119/dt2119/music_classification/datasets/audios/western_data/genres_original/pop/pop.00038.wav,7,pop,7,737,0,western
738,/home/dt2119/dt2119/music_classification/datasets/audios/western_data/genres_original/pop/pop.00039.wav,7,pop,7,738,0,western
739,/home/dt2119/dt2119/music_classification/datasets/audios/western_data/genres_original/pop/pop.00040.wav,7,pop,7,739,0,western
740,/home/dt2119/dt2119/music_classification/datasets/audios/western_data/genres_original/pop/pop.00041.wav,7,pop,7,740,0,western
741,/home/dt2119/dt2119/music_classification/datasets/audios/western_data/genres_original/pop/pop.00042.wav,7,pop,7,741,0,western
742,/home/dt2119/dt2119/music_classification/datasets/audios/western_data/genres_original/pop/pop.00043.wav,7,pop,7,742,0,western
743,/home/dt2119/dt2119/music_classification/datasets/audios/western_data/genres_original/pop/pop.00044.wav,7,pop,7,743,0,western
744,/home/dt2119/dt2119/music_classification/datasets/audios/western_data/genres_original/pop/pop.00045.wav,7,pop,7,744,0,western
745,/home/dt2119/dt2119/music_classification/datasets/audios/western_data/genres_original/pop/pop.00046.wav,7,pop,7,745,0,western
746,/home/dt2119/dt2119/music_classification/datasets/audios/western_data/genres_original/pop/pop.00047.wav,7,pop,7,746,0,western
747,/home/dt2119/dt2119/music_classification/datasets/audios/western_data/genres_original/pop/pop.00048.wav,7,pop,7,747,0,western
748,/home/dt2119/dt2119/music_classification/datasets/audios/western_data/genres_original/pop/pop.00049.wav,7,pop,7,748,0,western
749,/home/dt2119/dt2119/music_classification/datasets/audios/western_data/genres_original/pop/pop.00050.wav,7,pop,7,749,0,western
750,/home/dt2119/dt2119/music_classification/datasets/audios/western_data/genres_original/pop/pop.00051.wav,7,pop,7,750,0,western
751,/home/dt2119/dt2119/music_classification/datasets/audios/western_data/genres_original/pop/pop.00052.wav,7,pop,7,751,0,western
752,/home/dt2119/dt2119/music_classification/datasets/audios/western_data/genres_original/pop/pop.00053.wav,7,pop,7,752,0,western
753,/home/dt2119/dt2119/music_classification/datasets/audios/western_data/genres_original/pop/pop.00054.wav,7,pop,7,753,0,western
754,/home/dt2119/dt2119/music_classification/datasets/audios/western_data/genres_original/pop/pop.00055.wav,7,pop,7,754,0,western
755,/home/dt2119/dt2119/music_classification/datasets/audios/western_data/genres_original/pop/pop.00056.wav,7,pop,7,755,0,western
756,/home/dt2119/dt2119/music_classification/datasets/audios/western_data/genres_original/pop/pop.00057.wav,7,pop,7,756,0,western
757,/home/dt2119/dt2119/music_classification/datasets/audios/western_data/genres_original/pop/pop.00058.wav,7,pop,7,757,0,western
758,/home/dt2119/dt2119/music_classification/datasets/audios/western_data/genres_original/pop/pop.00059.wav,7,pop,7,758,0,western
759,/home/dt2119/dt2119/music_classification/datasets/audios/western_data/genres_original/pop/pop.00060.wav,7,pop,7,759,0,western
760,/home/dt2119/dt2119/music_classification/datasets/audios/western_data/genres_original/pop/pop.00061.wav,7,pop,7,760,0,western
761,/home/dt2119/dt2119/music_classification/datasets/audios/western_data/genres_original/pop/pop.00062.wav,7,pop,7,761,0,western
762,/home/dt2119/dt2119/music_classification/datasets/audios/western_data/genres_original/pop/pop.00063.wav,7,pop,7,762,0,western
763,/home/dt2119/dt2119/music_classification/datasets/audios/western_data/genres_original/pop/pop.00064.wav,7,pop,7,763,0,western
764,/home/dt2119/dt2119/music_classification/datasets/audios/western_data/genres_original/pop/pop.00065.wav,7,pop,7,764,0,western
765,/home/dt2119/dt2119/music_classification/datasets/audios/western_data/genres_original/pop/pop.00066.wav,7,pop,7,765,0,western
766,/home/dt2119/dt2119/music_classification/datasets/audios/western_data/genres_original/pop/pop.00067.wav,7,pop,7,766,0,western
767,/home/dt2119/dt2119/music_classification/datasets/audios/western_data/genres_original/pop/pop.00068.wav,7,pop,7,767,0,western
768,/home/dt2119/dt2119/music_classification/datasets/audios/western_data/genres_original/pop/pop.00069.wav,7,pop,7,768,0,western
769,/home/dt2119/dt2119/music_classification/datasets/audios/western_data/genres_original/pop/pop.00070.wav,7,pop,7,769,0,western
770,/home/dt2119/dt2119/music_classification/datasets/audios/western_data/genres_original/pop/pop.00071.wav,7,pop,7,770,0,western
771,/home/dt2119/dt2119/music_classification/datasets/audios/western_data/genres_original/pop/pop.00072.wav,7,pop,7,771,0,western
772,/home/dt2119/dt2119/music_classification/datasets/audios/western_data/genres_original/pop/pop.00073.wav,7,pop,7,772,0,western
773,/home/dt2119/dt2119/music_classification/datasets/audios/western_data/genres_original/pop/pop.00074.wav,7,pop,7,773,0,western
774,/home/dt2119/dt2119/music_classification/datasets/audios/western_data/genres_original/pop/pop.00075.wav,7,pop,7,774,0,western
775,/home/dt2119/dt2119/music_classification/datasets/audios/western_data/genres_original/pop/pop.00076.wav,7,pop,7,775,0,western
776,/home/dt2119/dt2119/music_classification/datasets/audios/western_data/genres_original/pop/pop.00077.wav,7,pop,7,776,0,western
777,/home/dt2119/dt2119/music_classification/datasets/audios/western_data/genres_original/pop/pop.00078.wav,7,pop,7,777,0,western
778,/home/dt2119/dt2119/music_classification/datasets/audios/western_data/genres_original/pop/pop.00079.wav,7,pop,7,778,0,western
779,/home/dt2119/dt2119/music_classification/datasets/audios/western_data/genres_original/pop/pop.00080.wav,7,pop,7,779,0,western
780,/home/dt2119/dt2119/music_classification/datasets/audios/western_data/genres_original/pop/pop.00081.wav,7,pop,7,780,0,western
781,/home/dt2119/dt2119/music_classification/datasets/audios/western_data/genres_original/pop/pop.00082.wav,7,pop,7,781,0,western
782,/home/dt2119/dt2119/music_classification/datasets/audios/western_data/genres_original/pop/pop.00083.wav,7,pop,7,782,0,western
783,/home/dt2119/dt2119/music_classification/datasets/audios/western_data/genres_original/pop/pop.00084.wav,7,pop,7,783,0,western
784,/home/dt2119/dt2119/music_classification/datasets/audios/western_data/genres_original/pop/pop.00085.wav,7,pop,7,784,0,western
785,/home/dt2119/dt2119/music_classification/datasets/audios/western_data/genres_original/pop/pop.00086.wav,7,pop,7,785,0,western
786,/home/dt2119/dt2119/music_classification/datasets/audios/western_data/genres_original/pop/pop.00087.wav,7,pop,7,786,0,western
787,/home/dt2119/dt2119/music_classification/datasets/audios/western_data/genres_original/pop/pop.00088.wav,7,pop,7,787,0,western
788,/home/dt2119/dt2119/music_classification/datasets/audios/western_data/genres_original/pop/pop.00089.wav,7,pop,7,788,0,western
789,/home/dt2119/dt2119/music_classification/datasets/audios/western_data/genres_original/pop/pop.00090.wav,7,pop,7,789,0,western
790,/home/dt2119/dt2119/music_classification/datasets/audios/western_data/genres_original/pop/pop.00091.wav,7,pop,7,790,0,western
791,/home/dt2119/dt2119/music_classification/datasets/audios/western_data/genres_original/pop/pop.00092.wav,7,pop,7,791,0,western
792,/home/dt2119/dt2119/music_classification/datasets/audios/western_data/genres_original/pop/pop.00093.wav,7,pop,7,792,0,western
793,/home/dt2119/dt2119/music_classification/datasets/audios/western_data/genres_original/pop/pop.00094.wav,7,pop,7,793,0,western
794,/home/dt2119/dt2119/music_classification/datasets/audios/western_data/genres_original/pop/pop.00095.wav,7,pop,7,794,0,western
795,/home/dt2119/dt2119/music_classification/datasets/audios/western_data/genres_original/pop/pop.00096.wav,7,pop,7,795,0,western
796,/home/dt2119/dt2119/music_classification/datasets/audios/western_data/genres_original/pop/pop.00097.wav,7,pop,7,796,0,western
797,/home/dt2119/dt2119/music_classification/datasets/audios/western_data/genres_original/pop/pop.00098.wav,7,pop,7,797,0,western
798,/home/dt2119/dt2119/music_classification/datasets/audios/western_data/genres_original/pop/pop.00099.wav,7,pop,7,798,0,western
799,/home/dt2119/dt2119/music_classification/datasets/audios/western_data/genres_original/reggae/reggae.00000.wav,8,reggae,8,799,0,western
800,/home/dt2119/dt2119/music_classification/datasets/audios/western_data/genres_original/reggae/reggae.00001.wav,8,reggae,8,800,0,western
801,/home/dt2119/dt2119/music_classification/datasets/audios/western_data/genres_original/reggae/reggae.00002.wav,8,reggae,8,801,0,western
802,/home/dt2119/dt2119/music_classification/datasets/audios/western_data/genres_original/reggae/reggae.00003.wav,8,reggae,8,802,0,western
803,/home/dt2119/dt2119/music_classification/datasets/audios/western_data/genres_original/reggae/reggae.00004.wav,8,reggae,8,803,0,western
804,/home/dt2119/dt2119/music_classification/datasets/audios/western_data/genres_original/reggae/reggae.00005.wav,8,reggae,8,804,0,western
805,/home/dt2119/dt2119/music_classification/datasets/audios/western_data/genres_original/reggae/reggae.00006.wav,8,reggae,8,805,0,western
806,/home/dt2119/dt2119/music_classification/datasets/audios/western_data/genres_original/reggae/reggae.00007.wav,8,reggae,8,806,0,western
807,/home/dt2119/dt2119/music_classification/datasets/audios/western_data/genres_original/reggae/reggae.00008.wav,8,reggae,8,807,0,western
808,/home/dt2119/dt2119/music_classification/datasets/audios/western_data/genres_original/reggae/reggae.00009.wav,8,reggae,8,808,0,western
809,/home/dt2119/dt2119/music_classification/datasets/audios/western_data/genres_original/reggae/reggae.00010.wav,8,reggae,8,809,0,western
810,/home/dt2119/dt2119/music_classification/datasets/audios/western_data/genres_original/reggae/reggae.00011.wav,8,reggae,8,810,0,western
811,/home/dt2119/dt2119/music_classification/datasets/audios/western_data/genres_original/reggae/reggae.00012.wav,8,reggae,8,811,0,western
812,/home/dt2119/dt2119/music_classification/datasets/audios/western_data/genres_original/reggae/reggae.00013.wav,8,reggae,8,812,0,western
813,/home/dt2119/dt2119/music_classification/datasets/audios/western_data/genres_original/reggae/reggae.00014.wav,8,reggae,8,813,0,western
814,/home/dt2119/dt2119/music_classification/datasets/audios/western_data/genres_original/reggae/reggae.00015.wav,8,reggae,8,814,0,western
815,/home/dt2119/dt2119/music_classification/datasets/audios/western_data/genres_original/reggae/reggae.00016.wav,8,reggae,8,815,0,western
816,/home/dt2119/dt2119/music_classification/datasets/audios/western_data/genres_original/reggae/reggae.00017.wav,8,reggae,8,816,0,western
817,/home/dt2119/dt2119/music_classification/datasets/audios/western_data/genres_original/reggae/reggae.00018.wav,8,reggae,8,817,0,western
818,/home/dt2119/dt2119/music_classification/datasets/audios/western_data/genres_original/reggae/reggae.00019.wav,8,reggae,8,818,0,western
819,/home/dt2119/dt2119/music_classification/datasets/audios/western_data/genres_original/reggae/reggae.00020.wav,8,reggae,8,819,0,western
820,/home/dt2119/dt2119/music_classification/datasets/audios/western_data/genres_original/reggae/reggae.00021.wav,8,reggae,8,820,0,western
821,/home/dt2119/dt2119/music_classification/datasets/audios/western_data/genres_original/reggae/reggae.00022.wav,8,reggae,8,821,0,western
822,/home/dt2119/dt2119/music_classification/datasets/audios/western_data/genres_original/reggae/reggae.00023.wav,8,reggae,8,822,0,western
823,/home/dt2119/dt2119/music_classification/datasets/audios/western_data/genres_original/reggae/reggae.00024.wav,8,reggae,8,823,0,western
824,/home/dt2119/dt2119/music_classification/datasets/audios/western_data/genres_original/reggae/reggae.00025.wav,8,reggae,8,824,0,western
825,/home/dt2119/dt2119/music_classification/datasets/audios/western_data/genres_original/reggae/reggae.00026.wav,8,reggae,8,825,0,western
826,/home/dt2119/dt2119/music_classification/datasets/audios/western_data/genres_original/reggae/reggae.00027.wav,8,reggae,8,826,0,western
827,/home/dt2119/dt2119/music_classification/datasets/audios/western_data/genres_original/reggae/reggae.00028.wav,8,reggae,8,827,0,western
828,/home/dt2119/dt2119/music_classification/datasets/audios/western_data/genres_original/reggae/reggae.00029.wav,8,reggae,8,828,0,western
829,/home/dt2119/dt2119/music_classification/datasets/audios/western_data/genres_original/reggae/reggae.00030.wav,8,reggae,8,829,0,western
830,/home/dt2119/dt2119/music_classification/datasets/audios/western_data/genres_original/reggae/reggae.00031.wav,8,reggae,8,830,0,western
831,/home/dt2119/dt2119/music_classification/datasets/audios/western_data/genres_original/reggae/reggae.00032.wav,8,reggae,8,831,0,western
832,/home/dt2119/dt2119/music_classification/datasets/audios/western_data/genres_original/reggae/reggae.00033.wav,8,reggae,8,832,0,western
833,/home/dt2119/dt2119/music_classification/datasets/audios/western_data/genres_original/reggae/reggae.00034.wav,8,reggae,8,833,0,western
834,/home/dt2119/dt2119/music_classification/datasets/audios/western_data/genres_original/reggae/reggae.00035.wav,8,reggae,8,834,0,western
835,/home/dt2119/dt2119/music_classification/datasets/audios/western_data/genres_original/reggae/reggae.00036.wav,8,reggae,8,835,0,western
836,/home/dt2119/dt2119/music_classification/datasets/audios/western_data/genres_original/reggae/reggae.00037.wav,8,reggae,8,836,0,western
837,/home/dt2119/dt2119/music_classification/datasets/audios/western_data/genres_original/reggae/reggae.00038.wav,8,reggae,8,837,0,western
838,/home/dt2119/dt2119/music_classification/datasets/audios/western_data/genres_original/reggae/reggae.00039.wav,8,reggae,8,838,0,western
839,/home/dt2119/dt2119/music_classification/datasets/audios/western_data/genres_original/reggae/reggae.00040.wav,8,reggae,8,839,0,western
840,/home/dt2119/dt2119/music_classification/datasets/audios/western_data/genres_original/reggae/reggae.00041.wav,8,reggae,8,840,0,western
841,/home/dt2119/dt2119/music_classification/datasets/audios/western_data/genres_original/reggae/reggae.00042.wav,8,reggae,8,841,0,western
842,/home/dt2119/dt2119/music_classification/datasets/audios/western_data/genres_original/reggae/reggae.00043.wav,8,reggae,8,842,0,western
843,/home/dt2119/dt2119/music_classification/datasets/audios/western_data/genres_original/reggae/reggae.00044.wav,8,reggae,8,843,0,western
844,/home/dt2119/dt2119/music_classification/datasets/audios/western_data/genres_original/reggae/reggae.00045.wav,8,reggae,8,844,0,western
845,/home/dt2119/dt2119/music_classification/datasets/audios/western_data/genres_original/reggae/reggae.00046.wav,8,reggae,8,845,0,western
846,/home/dt2119/dt2119/music_classification/datasets/audios/western_data/genres_original/reggae/reggae.00047.wav,8,reggae,8,846,0,western
847,/home/dt2119/dt2119/music_classification/datasets/audios/western_data/genres_original/reggae/reggae.00048.wav,8,reggae,8,847,0,western
848,/home/dt2119/dt2119/music_classification/datasets/audios/western_data/genres_original/reggae/reggae.00049.wav,8,reggae,8,848,0,western
849,/home/dt2119/dt2119/music_classification/datasets/audios/western_data/genres_original/reggae/reggae.00050.wav,8,reggae,8,849,0,western
850,/home/dt2119/dt2119/music_classification/datasets/audios/western_data/genres_original/reggae/reggae.00051.wav,8,reggae,8,850,0,western
851,/home/dt2119/dt2119/music_classification/datasets/audios/western_data/genres_original/reggae/reggae.00052.wav,8,reggae,8,851,0,western
852,/home/dt2119/dt2119/music_classification/datasets/audios/western_data/genres_original/reggae/reggae.00053.wav,8,reggae,8,852,0,western
853,/home/dt2119/dt2119/music_classification/datasets/audios/western_data/genres_original/reggae/reggae.00054.wav,8,reggae,8,853,0,western
854,/home/dt2119/dt2119/music_classification/datasets/audios/western_data/genres_original/reggae/reggae.00055.wav,8,reggae,8,854,0,western
855,/home/dt2119/dt2119/music_classification/datasets/audios/western_data/genres_original/reggae/reggae.00056.wav,8,reggae,8,855,0,western
856,/home/dt2119/dt2119/music_classification/datasets/audios/western_data/genres_original/reggae/reggae.00057.wav,8,reggae,8,856,0,western
857,/home/dt2119/dt2119/music_classification/datasets/audios/western_data/genres_original/reggae/reggae.00058.wav,8,reggae,8,857,0,western
858,/home/dt2119/dt2119/music_classification/datasets/audios/western_data/genres_original/reggae/reggae.00059.wav,8,reggae,8,858,0,western
859,/home/dt2119/dt2119/music_classification/datasets/audios/western_data/genres_original/reggae/reggae.00060.wav,8,reggae,8,859,0,western
860,/home/dt2119/dt2119/music_classification/datasets/audios/western_data/genres_original/reggae/reggae.00061.wav,8,reggae,8,860,0,western
861,/home/dt2119/dt2119/music_classification/datasets/audios/western_data/genres_original/reggae/reggae.00062.wav,8,reggae,8,861,0,western
862,/home/dt2119/dt2119/music_classification/datasets/audios/western_data/genres_original/reggae/reggae.00063.wav,8,reggae,8,862,0,western
863,/home/dt2119/dt2119/music_classification/datasets/audios/western_data/genres_original/reggae/reggae.00064.wav,8,reggae,8,863,0,western
864,/home/dt2119/dt2119/music_classification/datasets/audios/western_data/genres_original/reggae/reggae.00065.wav,8,reggae,8,864,0,western
865,/home/dt2119/dt2119/music_classification/datasets/audios/western_data/genres_original/reggae/reggae.00066.wav,8,reggae,8,865,0,western
866,/home/dt2119/dt2119/music_classification/datasets/audios/western_data/genres_original/reggae/reggae.00067.wav,8,reggae,8,866,0,western
867,/home/dt2119/dt2119/music_classification/datasets/audios/western_data/genres_original/reggae/reggae.00068.wav,8,reggae,8,867,0,western
868,/home/dt2119/dt2119/music_classification/datasets/audios/western_data/genres_original/reggae/reggae.00069.wav,8,reggae,8,868,0,western
869,/home/dt2119/dt2119/music_classification/datasets/audios/western_data/genres_original/reggae/reggae.00070.wav,8,reggae,8,869,0,western
870,/home/dt2119/dt2119/music_classification/datasets/audios/western_data/genres_original/reggae/reggae.00071.wav,8,reggae,8,870,0,western
871,/home/dt2119/dt2119/music_classification/datasets/audios/western_data/genres_original/reggae/reggae.00072.wav,8,reggae,8,871,0,western
872,/home/dt2119/dt2119/music_classification/datasets/audios/western_data/genres_original/reggae/reggae.00073.wav,8,reggae,8,872,0,western
873,/home/dt2119/dt2119/music_classification/datasets/audios/western_data/genres_original/reggae/reggae.00074.wav,8,reggae,8,873,0,western
874,/home/dt2119/dt2119/music_classification/datasets/audios/western_data/genres_original/reggae/reggae.00075.wav,8,reggae,8,874,0,western
875,/home/dt2119/dt2119/music_classification/datasets/audios/western_data/genres_original/reggae/reggae.00076.wav,8,reggae,8,875,0,western
876,/home/dt2119/dt2119/music_classification/datasets/audios/western_data/genres_original/reggae/reggae.00077.wav,8,reggae,8,876,0,western
877,/home/dt2119/dt2119/music_classification/datasets/audios/western_data/genres_original/reggae/reggae.00078.wav,8,reggae,8,877,0,western
878,/home/dt2119/dt2119/music_classification/datasets/audios/western_data/genres_original/reggae/reggae.00079.wav,8,reggae,8,878,0,western
879,/home/dt2119/dt2119/music_classification/datasets/audios/western_data/genres_original/reggae/reggae.00080.wav,8,reggae,8,879,0,western
880,/home/dt2119/dt2119/music_classification/datasets/audios/western_data/genres_original/reggae/reggae.00081.wav,8,reggae,8,880,0,western
881,/home/dt2119/dt2119/music_classification/datasets/audios/western_data/genres_original/reggae/reggae.00082.wav,8,reggae,8,881,0,western
882,/home/dt2119/dt2119/music_classification/datasets/audios/western_data/genres_original/reggae/reggae.00083.wav,8,reggae,8,882,0,western
883,/home/dt2119/dt2119/music_classification/datasets/audios/western_data/genres_original/reggae/reggae.00084.wav,8,reggae,8,883,0,western
884,/home/dt2119/dt2119/music_classification/datasets/audios/western_data/genres_original/reggae/reggae.00085.wav,8,reggae,8,884,0,western
885,/home/dt2119/dt2119/music_classification/datasets/audios/western_data/genres_original/reggae/reggae.00086.wav,8,reggae,8,885,0,western
886,/home/dt2119/dt2119/music_classification/datasets/audios/western_data/genres_original/reggae/reggae.00087.wav,8,reggae,8,886,0,western
887,/home/dt2119/dt2119/music_classification/datasets/audios/western_data/genres_original/reggae/reggae.00088.wav,8,reggae,8,887,0,western
888,/home/dt2119/dt2119/music_classification/datasets/audios/western_data/genres_original/reggae/reggae.00089.wav,8,reggae,8,888,0,western
889,/home/dt2119/dt2119/music_classification/datasets/audios/western_data/genres_original/reggae/reggae.00090.wav,8,reggae,8,889,0,western
890,/home/dt2119/dt2119/music_classification/datasets/audios/western_data/genres_original/reggae/reggae.00091.wav,8,reggae,8,890,0,western
891,/home/dt2119/dt2119/music_classification/datasets/audios/western_data/genres_original/reggae/reggae.00092.wav,8,reggae,8,891,0,western
892,/home/dt2119/dt2119/music_classification/datasets/audios/western_data/genres_original/reggae/reggae.00093.wav,8,reggae,8,892,0,western
893,/home/dt2119/dt2119/music_classification/datasets/audios/western_data/genres_original/reggae/reggae.00094.wav,8,reggae,8,893,0,western
894,/home/dt2119/dt2119/music_classification/datasets/audios/western_data/genres_original/reggae/reggae.00095.wav,8,reggae,8,894,0,western
895,/home/dt2119/dt2119/music_classification/datasets/audios/western_data/genres_original/reggae/reggae.00096.wav,8,reggae,8,895,0,western
896,/home/dt2119/dt2119/music_classification/datasets/audios/western_data/genres_original/reggae/reggae.00097.wav,8,reggae,8,896,0,western
897,/home/dt2119/dt2119/music_classification/datasets/audios/western_data/genres_original/reggae/reggae.00098.wav,8,reggae,8,897,0,western
898,/home/dt2119/dt2119/music_classification/datasets/audios/western_data/genres_original/reggae/reggae.00099.wav,8,reggae,8,898,0,western
899,/home/dt2119/dt2119/music_classification/datasets/audios/western_data/genres_original/rock/rock.00000.wav,9,rock,9,899,0,western
900,/home/dt2119/dt2119/music_classification/datasets/audios/western_data/genres_original/rock/rock.00001.wav,9,rock,9,900,0,western
901,/home/dt2119/dt2119/music_classification/datasets/audios/western_data/genres_original/rock/rock.00002.wav,9,rock,9,901,0,western
902,/home/dt2119/dt2119/music_classification/datasets/audios/western_data/genres_original/rock/rock.00003.wav,9,rock,9,902,0,western
903,/home/dt2119/dt2119/music_classification/datasets/audios/western_data/genres_original/rock/rock.00004.wav,9,rock,9,903,0,western
904,/home/dt2119/dt2119/music_classification/datasets/audios/western_data/genres_original/rock/rock.00005.wav,9,rock,9,904,0,western
905,/home/dt2119/dt2119/music_classification/datasets/audios/western_data/genres_original/rock/rock.00006.wav,9,rock,9,905,0,western
906,/home/dt2119/dt2119/music_classification/datasets/audios/western_data/genres_original/rock/rock.00007.wav,9,rock,9,906,0,western
907,/home/dt2119/dt2119/music_classification/datasets/audios/western_data/genres_original/rock/rock.00008.wav,9,rock,9,907,0,western
908,/home/dt2119/dt2119/music_classification/datasets/audios/western_data/genres_original/rock/rock.00009.wav,9,rock,9,908,0,western
909,/home/dt2119/dt2119/music_classification/datasets/audios/western_data/genres_original/rock/rock.00010.wav,9,rock,9,909,0,western
910,/home/dt2119/dt2119/music_classification/datasets/audios/western_data/genres_original/rock/rock.00011.wav,9,rock,9,910,0,western
911,/home/dt2119/dt2119/music_classification/datasets/audios/western_data/genres_original/rock/rock.00012.wav,9,rock,9,911,0,western
912,/home/dt2119/dt2119/music_classification/datasets/audios/western_data/genres_original/rock/rock.00013.wav,9,rock,9,912,0,western
913,/home/dt2119/dt2119/music_classification/datasets/audios/western_data/genres_original/rock/rock.00014.wav,9,rock,9,913,0,western
914,/home/dt2119/dt2119/music_classification/datasets/audios/western_data/genres_original/rock/rock.00015.wav,9,rock,9,914,0,western
915,/home/dt2119/dt2119/music_classification/datasets/audios/western_data/genres_original/rock/rock.00016.wav,9,rock,9,915,0,western
916,/home/dt2119/dt2119/music_classification/datasets/audios/western_data/genres_original/rock/rock.00017.wav,9,rock,9,916,0,western
917,/home/dt2119/dt2119/music_classification/datasets/audios/western_data/genres_original/rock/rock.00018.wav,9,rock,9,917,0,western
918,/home/dt2119/dt2119/music_classification/datasets/audios/western_data/genres_original/rock/rock.00019.wav,9,rock,9,918,0,western
919,/home/dt2119/dt2119/music_classification/datasets/audios/western_data/genres_original/rock/rock.00020.wav,9,rock,9,919,0,western
920,/home/dt2119/dt2119/music_classification/datasets/audios/western_data/genres_original/rock/rock.00021.wav,9,rock,9,920,0,western
921,/home/dt2119/dt2119/music_classification/datasets/audios/western_data/genres_original/rock/rock.00022.wav,9,rock,9,921,0,western
922,/home/dt2119/dt2119/music_classification/datasets/audios/western_data/genres_original/rock/rock.00023.wav,9,rock,9,922,0,western
923,/home/dt2119/dt2119/music_classification/datasets/audios/western_data/genres_original/rock/rock.00024.wav,9,rock,9,923,0,western
924,/home/dt2119/dt2119/music_classification/datasets/audios/western_data/genres_original/rock/rock.00025.wav,9,rock,9,924,0,western
925,/home/dt2119/dt2119/music_classification/datasets/audios/western_data/genres_original/rock/rock.00026.wav,9,rock,9,925,0,western
926,/home/dt2119/dt2119/music_classification/datasets/audios/western_data/genres_original/rock/rock.00027.wav,9,rock,9,926,0,western
927,/home/dt2119/dt2119/music_classification/datasets/audios/western_data/genres_original/rock/rock.00028.wav,9,rock,9,927,0,western
928,/home/dt2119/dt2119/music_classification/datasets/audios/western_data/genres_original/rock/rock.00029.wav,9,rock,9,928,0,western
929,/home/dt2119/dt2119/music_classification/datasets/audios/western_data/genres_original/rock/rock.00030.wav,9,rock,9,929,0,western
930,/home/dt2119/dt2119/music_classification/datasets/audios/western_data/genres_original/rock/rock.00031.wav,9,rock,9,930,0,western
931,/home/dt2119/dt2119/music_classification/datasets/audios/western_data/genres_original/rock/rock.00032.wav,9,rock,9,931,0,western
932,/home/dt2119/dt2119/music_classification/datasets/audios/western_data/genres_original/rock/rock.00033.wav,9,rock,9,932,0,western
933,/home/dt2119/dt2119/music_classification/datasets/audios/western_data/genres_original/rock/rock.00034.wav,9,rock,9,933,0,western
934,/home/dt2119/dt2119/music_classification/datasets/audios/western_data/genres_original/rock/rock.00035.wav,9,rock,9,934,0,western
935,/home/dt2119/dt2119/music_classification/datasets/audios/western_data/genres_original/rock/rock.00036.wav,9,rock,9,935,0,western
936,/home/dt2119/dt2119/music_classification/datasets/audios/western_data/genres_original/rock/rock.00037.wav,9,rock,9,936,0,western
937,/home/dt2119/dt2119/music_classification/datasets/audios/western_data/genres_original/rock/rock.00038.wav,9,rock,9,937,0,western
938,/home/dt2119/dt2119/music_classification/datasets/audios/western_data/genres_original/rock/rock.00039.wav,9,rock,9,938,0,western
939,/home/dt2119/dt2119/music_classification/datasets/audios/western_data/genres_original/rock/rock.00040.wav,9,rock,9,939,0,western
940,/home/dt2119/dt2119/music_classification/datasets/audios/western_data/genres_original/rock/rock.00041.wav,9,rock,9,940,0,western
941,/home/dt2119/dt2119/music_classification/datasets/audios/western_data/genres_original/rock/rock.00042.wav,9,rock,9,941,0,western
942,/home/dt2119/dt2119/music_classification/datasets/audios/western_data/genres_original/rock/rock.00043.wav,9,rock,9,942,0,western
943,/home/dt2119/dt2119/music_classification/datasets/audios/western_data/genres_original/rock/rock.00044.wav,9,rock,9,943,0,western
944,/home/dt2119/dt2119/music_classification/datasets/audios/western_data/genres_original/rock/rock.00045.wav,9,rock,9,944,0,western
945,/home/dt2119/dt2119/music_classification/datasets/audios/western_data/genres_original/rock/rock.00046.wav,9,rock,9,945,0,western
946,/home/dt2119/dt2119/music_classification/datasets/audios/western_data/genres_original/rock/rock.00047.wav,9,rock,9,946,0,western
947,/home/dt2119/dt2119/music_classification/datasets/audios/western_data/genres_original/rock/rock.00048.wav,9,rock,9,947,0,western
948,/home/dt2119/dt2119/music_classification/datasets/audios/western_data/genres_original/rock/rock.00049.wav,9,rock,9,948,0,western
949,/home/dt2119/dt2119/music_classification/datasets/audios/western_data/genres_original/rock/rock.00050.wav,9,rock,9,949,0,western
950,/home/dt2119/dt2119/music_classification/datasets/audios/western_data/genres_original/rock/rock.00051.wav,9,rock,9,950,0,western
951,/home/dt2119/dt2119/music_classification/datasets/audios/western_data/genres_original/rock/rock.00052.wav,9,rock,9,951,0,western
952,/home/dt2119/dt2119/music_classification/datasets/audios/western_data/genres_original/rock/rock.00053.wav,9,rock,9,952,0,western
953,/home/dt2119/dt2119/music_classification/datasets/audios/western_data/genres_original/rock/rock.00054.wav,9,rock,9,953,0,western
954,/home/dt2119/dt2119/music_classification/datasets/audios/western_data/genres_original/rock/rock.00055.wav,9,rock,9,954,0,western
955,/home/dt2119/dt2119/music_classification/datasets/audios/western_data/genres_original/rock/rock.00056.wav,9,rock,9,955,0,western
956,/home/dt2119/dt2119/music_classification/datasets/audios/western_data/genres_original/rock/rock.00057.wav,9,rock,9,956,0,western
957,/home/dt2119/dt2119/music_classification/datasets/audios/western_data/genres_original/rock/rock.00058.wav,9,rock,9,957,0,western
958,/home/dt2119/dt2119/music_classification/datasets/audios/western_data/genres_original/rock/rock.00059.wav,9,rock,9,958,0,western
959,/home/dt2119/dt2119/music_classification/datasets/audios/western_data/genres_original/rock/rock.00060.wav,9,rock,9,959,0,western
960,/home/dt2119/dt2119/music_classification/datasets/audios/western_data/genres_original/rock/rock.00061.wav,9,rock,9,960,0,western
961,/home/dt2119/dt2119/music_classification/datasets/audios/western_data/genres_original/rock/rock.00062.wav,9,rock,9,961,0,western
962,/home/dt2119/dt2119/music_classification/datasets/audios/western_data/genres_original/rock/rock.00063.wav,9,rock,9,962,0,western
963,/home/dt2119/dt2119/music_classification/datasets/audios/western_data/genres_original/rock/rock.00064.wav,9,rock,9,963,0,western
964,/home/dt2119/dt2119/music_classification/datasets/audios/western_data/genres_original/rock/rock.00065.wav,9,rock,9,964,0,western
965,/home/dt2119/dt2119/music_classification/datasets/audios/western_data/genres_original/rock/rock.00066.wav,9,rock,9,965,0,western
966,/home/dt2119/dt2119/music_classification/datasets/audios/western_data/genres_original/rock/rock.00067.wav,9,rock,9,966,0,western
967,/home/dt2119/dt2119/music_classification/datasets/audios/western_data/genres_original/rock/rock.00068.wav,9,rock,9,967,0,western
968,/home/dt2119/dt2119/music_classification/datasets/audios/western_data/genres_original/rock/rock.00069.wav,9,rock,9,968,0,western
969,/home/dt2119/dt2119/music_classification/datasets/audios/western_data/genres_original/rock/rock.00070.wav,9,rock,9,969,0,western
970,/home/dt2119/dt2119/music_classification/datasets/audios/western_data/genres_original/rock/rock.00071.wav,9,rock,9,970,0,western
971,/home/dt2119/dt2119/music_classification/datasets/audios/western_data/genres_original/rock/rock.00072.wav,9,rock,9,971,0,western
972,/home/dt2119/dt2119/music_classification/datasets/audios/western_data/genres_original/rock/rock.00073.wav,9,rock,9,972,0,western
973,/home/dt2119/dt2119/music_classification/datasets/audios/western_data/genres_original/rock/rock.00074.wav,9,rock,9,973,0,western
974,/home/dt2119/dt2119/music_classification/datasets/audios/western_data/genres_original/rock/rock.00075.wav,9,rock,9,974,0,western
975,/home/dt2119/dt2119/music_classification/datasets/audios/western_data/genres_original/rock/rock.00076.wav,9,rock,9,975,0,western
976,/home/dt2119/dt2119/music_classification/datasets/audios/western_data/genres_original/rock/rock.00077.wav,9,rock,9,976,0,western
977,/home/dt2119/dt2119/music_classification/datasets/audios/western_data/genres_original/rock/rock.00078.wav,9,rock,9,977,0,western
978,/home/dt2119/dt2119/music_classification/datasets/audios/western_data/genres_original/rock/rock.00079.wav,9,rock,9,978,0,western
979,/home/dt2119/dt2119/music_classification/datasets/audios/western_data/genres_original/rock/rock.00080.wav,9,rock,9,979,0,western
980,/home/dt2119/dt2119/music_classification/datasets/audios/western_data/genres_original/rock/rock.00081.wav,9,rock,9,980,0,western
981,/home/dt2119/dt2119/music_classification/datasets/audios/western_data/genres_original/rock/rock.00082.wav,9,rock,9,981,0,western
982,/home/dt2119/dt2119/music_classification/datasets/audios/western_data/genres_original/rock/rock.00083.wav,9,rock,9,982,0,western
983,/home/dt2119/dt2119/music_classification/datasets/audios/western_data/genres_original/rock/rock.00084.wav,9,rock,9,983,0,western
984,/home/dt2119/dt2119/music_classification/datasets/audios/western_data/genres_original/rock/rock.00085.wav,9,rock,9,984,0,western
985,/home/dt2119/dt2119/music_classification/datasets/audios/western_data/genres_original/rock/rock.00086.wav,9,rock,9,985,0,western
986,/home/dt2119/dt2119/music_classification/datasets/audios/western_data/genres_original/rock/rock.00087.wav,9,rock,9,986,0,western
987,/home/dt2119/dt2119/music_classification/datasets/audios/western_data/genres_original/rock/rock.00088.wav,9,rock,9,987,0,western
988,/home/dt2119/dt2119/music_classification/datasets/audios/western_data/genres_original/rock/rock.00089.wav,9,rock,9,988,0,western
989,/home/dt2119/dt2119/music_classification/datasets/audios/western_data/genres_original/rock/rock.00090.wav,9,rock,9,989,0,western
990,/home/dt2119/dt2119/music_classification/datasets/audios/western_data/genres_original/rock/rock.00091.wav,9,rock,9,990,0,western
991,/home/dt2119/dt2119/music_classification/datasets/audios/western_data/genres_original/rock/rock.00092.wav,9,rock,9,991,0,western
992,/home/dt2119/dt2119/music_classification/datasets/audios/western_data/genres_original/rock/rock.00093.wav,9,rock,9,992,0,western
993,/home/dt2119/dt2119/music_classification/datasets/audios/western_data/genres_original/rock/rock.00094.wav,9,rock,9,993,0,western
994,/home/dt2119/dt2119/music_classification/datasets/audios/western_data/genres_original/rock/rock.00095.wav,9,rock,9,994,0,western
995,/home/dt2119/dt2119/music_classification/datasets/audios/western_data/genres_original/rock/rock.00096.wav,9,rock,9,995,0,western
996,/home/dt2119/dt2119/music_classification/datasets/audios/western_data/genres_original/rock/rock.00097.wav,9,rock,9,996,0,western
997,/home/dt2119/dt2119/music_classification/datasets/audios/western_data/genres_original/rock/rock.00098.wav,9,rock,9,997,0,western
998,/home/dt2119/dt2119/music_classification/datasets/audios/western_data/genres_original/rock/rock.00099.wav,9,rock,9,998,0,western
999,datasets/audios/eastern_sliced/carnatic/carnatic_000_000.wav,10,carnatic,0,999,0,eastern
1000,datasets/audios/eastern_sliced/carnatic/carnatic_000_001.wav,10,carnatic,0,1000,0,eastern
1001,datasets/audios/eastern_sliced/carnatic/carnatic_000_002.wav,10,carnatic,0,1001,0,eastern
1002,datasets/audios/eastern_sliced/carnatic/carnatic_000_003.wav,10,carnatic,0,1002,0,eastern
1003,datasets/audios/eastern_sliced/carnatic/carnatic_000_004.wav,10,carnatic,0,1003,0,eastern
1004,datasets/audios/eastern_sliced/carnatic/carnatic_001_000.wav,10,carnatic,0,1004,0,eastern
1005,datasets/audios/eastern_sliced/carnatic/carnatic_001_001.wav,10,carnatic,0,1005,0,eastern
1006,datasets/audios/eastern_sliced/carnatic/carnatic_001_002.wav,10,carnatic,0,1006,0,eastern
1007,datasets/audios/eastern_sliced/carnatic/carnatic_001_003.wav,10,carnatic,0,1007,0,eastern
1008,datasets/audios/eastern_sliced/carnatic/carnatic_001_004.wav,10,carnatic,0,1008,0,eastern
1009,datasets/audios/eastern_sliced/carnatic/carnatic_002_000.wav,10,carnatic,0,1009,0,eastern
1010,datasets/audios/eastern_sliced/carnatic/carnatic_002_001.wav,10,carnatic,0,1010,0,eastern
1011,datasets/audios/eastern_sliced/carnatic/carnatic_002_002.wav,10,carnatic,0,1011,0,eastern
1012,datasets/audios/eastern_sliced/carnatic/carnatic_002_003.wav,10,carnatic,0,1012,0,eastern
1013,datasets/audios/eastern_sliced/carnatic/carnatic_002_004.wav,10,carnatic,0,1013,0,eastern
1014,datasets/audios/eastern_sliced/carnatic/carnatic_003_000.wav,10,carnatic,0,1014,0,eastern
1015,datasets/audios/eastern_sliced/carnatic/carnatic_003_001.wav,10,carnatic,0,1015,0,eastern
1016,datasets/audios/eastern_sliced/carnatic/carnatic_003_002.wav,10,carnatic,0,1016,0,eastern
1017,datasets/audios/eastern_sliced/carnatic/carnatic_003_003.wav,10,carnatic,0,1017,0,eastern
1018,datasets/audios/eastern_sliced/carnatic/carnatic_003_004.wav,10,carnatic,0,1018,0,eastern
1019,datasets/audios/eastern_sliced/carnatic/carnatic_004_000.wav,10,carnatic,0,1019,0,eastern
1020,datasets/audios/eastern_sliced/carnatic/carnatic_004_001.wav,10,carnatic,0,1020,0,eastern
1021,datasets/audios/eastern_sliced/carnatic/carnatic_004_002.wav,10,carnatic,0,1021,0,eastern
1022,datasets/audios/eastern_sliced/carnatic/carnatic_004_003.wav,10,carnatic,0,1022,0,eastern
1023,datasets/audios/eastern_sliced/carnatic/carnatic_004_004.wav,10,carnatic,0,1023,0,eastern
1024,datasets/audios/eastern_sliced/carnatic/carnatic_005_000.wav,10,carnatic,0,1024,0,eastern
1025,datasets/audios/eastern_sliced/carnatic/carnatic_005_001.wav,10,carnatic,0,1025,0,eastern
1026,datasets/audios/eastern_sliced/carnatic/carnatic_005_002.wav,10,carnatic,0,1026,0,eastern
1027,datasets/audios/eastern_sliced/carnatic/carnatic_005_003.wav,10,carnatic,0,1027,0,eastern
1028,datasets/audios/eastern_sliced/carnatic/carnatic_005_004.wav,10,carnatic,0,1028,0,eastern
1029,datasets/audios/eastern_sliced/carnatic/carnatic_006_000.wav,10,carnatic,0,1029,0,eastern
1030,datasets/audios/eastern_sliced/carnatic/carnatic_006_001.wav,10,carnatic,0,1030,0,eastern
1031,datasets/audios/eastern_sliced/carnatic/carnatic_006_002.wav,10,carnatic,0,1031,0,eastern
1032,datasets/audios/eastern_sliced/carnatic/carnatic_006_003.wav,10,carnatic,0,1032,0,eastern
1033,datasets/audios/eastern_sliced/carnatic/carnatic_006_004.wav,10,carnatic,0,1033,0,eastern
1034,datasets/audios/eastern_sliced/carnatic/carnatic_007_000.wav,10,carnatic,0,1034,0,eastern
1035,datasets/audios/eastern_sliced/carnatic/carnatic_007_001.wav,10,carnatic,0,1035,0,eastern
1036,datasets/audios/eastern_sliced/carnatic/carnatic_007_002.wav,10,carnatic,0,1036,0,eastern
1037,datasets/audios/eastern_sliced/carnatic/carnatic_007_003.wav,10,carnatic,0,1037,0,eastern
1038,datasets/audios/eastern_sliced/carnatic/carnatic_007_004.wav,10,carnatic,0,1038,0,eastern
1039,datasets/audios/eastern_sliced/carnatic/carnatic_008_000.wav,10,carnatic,0,1039,0,eastern
1040,datasets/audios/eastern_sliced/carnatic/carnatic_008_001.wav,10,carnatic,0,1040,0,eastern
1041,datasets/audios/eastern_sliced/carnatic/carnatic_009_000.wav,10,carnatic,0,1041,0,eastern
1042,datasets/audios/eastern_sliced/carnatic/carnatic_009_001.wav,10,carnatic,0,1042,0,eastern
1043,datasets/audios/eastern_sliced/carnatic/carnatic_009_002.wav,10,carnatic,0,1043,0,eastern
1044,datasets/audios/eastern_sliced/carnatic/carnatic_009_003.wav,10,carnatic,0,1044,0,eastern
1045,datasets/audios/eastern_sliced/carnatic/carnatic_009_004.wav,10,carnatic,0,1045,0,eastern
1046,datasets/audios/eastern_sliced/carnatic/carnatic_010_000.wav,10,carnatic,0,1046,0,eastern
1047,datasets/audios/eastern_sliced/carnatic/carnatic_010_001.wav,10,carnatic,0,1047,0,eastern
1048,datasets/audios/eastern_sliced/carnatic/carnatic_010_002.wav,10,carnatic,0,1048,0,eastern
1049,datasets/audios/eastern_sliced/carnatic/carnatic_010_003.wav,10,carnatic,0,1049,0,eastern
1050,datasets/audios/eastern_sliced/carnatic/carnatic_010_004.wav,10,carnatic,0,1050,0,eastern
1051,datasets/audios/eastern_sliced/carnatic/carnatic_011_000.wav,10,carnatic,0,1051,0,eastern
1052,datasets/audios/eastern_sliced/carnatic/carnatic_011_001.wav,10,carnatic,0,1052,0,eastern
1053,datasets/audios/eastern_sliced/carnatic/carnatic_011_002.wav,10,carnatic,0,1053,0,eastern
1054,datasets/audios/eastern_sliced/carnatic/carnatic_011_003.wav,10,carnatic,0,1054,0,eastern
1055,datasets/audios/eastern_sliced/carnatic/carnatic_011_004.wav,10,carnatic,0,1055,0,eastern
1056,datasets/audios/eastern_sliced/carnatic/carnatic_012_000.wav,10,carnatic,0,1056,0,eastern
1057,datasets/audios/eastern_sliced/carnatic/carnatic_012_001.wav,10,carnatic,0,1057,0,eastern
1058,datasets/audios/eastern_sliced/carnatic/carnatic_012_002.wav,10,carnatic,0,1058,0,eastern
1059,datasets/audios/eastern_sliced/carnatic/carnatic_012_003.wav,10,carnatic,0,1059,0,eastern
1060,datasets/audios/eastern_sliced/carnatic/carnatic_012_004.wav,10,carnatic,0,1060,0,eastern
1061,datasets/audios/eastern_sliced/carnatic/carnatic_013_000.wav,10,carnatic,0,1061,0,eastern
1062,datasets/audios/eastern_sliced/carnatic/carnatic_013_001.wav,10,carnatic,0,1062,0,eastern
1063,datasets/audios/eastern_sliced/carnatic/carnatic_013_002.wav,10,carnatic,0,1063,0,eastern
1064,datasets/audios/eastern_sliced/carnatic/carnatic_013_003.wav,10,carnatic,0,1064,0,eastern
1065,datasets/audios/eastern_sliced/carnatic/carnatic_013_004.wav,10,carnatic,0,1065,0,eastern
1066,datasets/audios/eastern_sliced/carnatic/carnatic_014_000.wav,10,carnatic,0,1066,0,eastern
1067,datasets/audios/eastern_sliced/carnatic/carnatic_014_001.wav,10,carnatic,0,1067,0,eastern
1068,datasets/audios/eastern_sliced/carnatic/carnatic_014_002.wav,10,carnatic,0,1068,0,eastern
1069,datasets/audios/eastern_sliced/carnatic/carnatic_014_003.wav,10,carnatic,0,1069,0,eastern
1070,datasets/audios/eastern_sliced/carnatic/carnatic_014_004.wav,10,carnatic,0,1070,0,eastern
1071,datasets/audios/eastern_sliced/carnatic/carnatic_015_000.wav,10,carnatic,0,1071,0,eastern
1072,datasets/audios/eastern_sliced/carnatic/carnatic_015_001.wav,10,carnatic,0,1072,0,eastern
1073,datasets/audios/eastern_sliced/carnatic/carnatic_015_002.wav,10,carnatic,0,1073,0,eastern
1074,datasets/audios/eastern_sliced/carnatic/carnatic_015_003.wav,10,carnatic,0,1074,0,eastern
1075,datasets/audios/eastern_sliced/carnatic/carnatic_015_004.wav,10,carnatic,0,1075,0,eastern
1076,datasets/audios/eastern_sliced/carnatic/carnatic_016_000.wav,10,carnatic,0,1076,0,eastern
1077,datasets/audios/eastern_sliced/carnatic/carnatic_016_001.wav,10,carnatic,0,1077,0,eastern
1078,datasets/audios/eastern_sliced/carnatic/carnatic_016_002.wav,10,carnatic,0,1078,0,eastern
1079,datasets/audios/eastern_sliced/carnatic/carnatic_016_003.wav,10,carnatic,0,1079,0,eastern
1080,datasets/audios/eastern_sliced/carnatic/carnatic_016_004.wav,10,carnatic,0,1080,0,eastern
1081,datasets/audios/eastern_sliced/carnatic/carnatic_017_000.wav,10,carnatic,0,1081,0,eastern
1082,datasets/audios/eastern_sliced/carnatic/carnatic_017_001.wav,10,carnatic,0,1082,0,eastern
1083,datasets/audios/eastern_sliced/carnatic/carnatic_017_002.wav,10,carnatic,0,1083,0,eastern
1084,datasets/audios/eastern_sliced/carnatic/carnatic_018_000.wav,10,carnatic,0,1084,0,eastern
1085,datasets/audios/eastern_sliced/carnatic/carnatic_018_001.wav,10,carnatic,0,1085,0,eastern
1086,datasets/audios/eastern_sliced/carnatic/carnatic_018_002.wav,10,carnatic,0,1086,0,eastern
1087,datasets/audios/eastern_sliced/carnatic/carnatic_018_003.wav,10,carnatic,0,1087,0,eastern
1088,datasets/audios/eastern_sliced/carnatic/carnatic_018_004.wav,10,carnatic,0,1088,0,eastern
1089,datasets/audios/eastern_sliced/carnatic/carnatic_019_000.wav,10,carnatic,0,1089,0,eastern
1090,datasets/audios/eastern_sliced/carnatic/carnatic_019_001.wav,10,carnatic,0,1090,0,eastern
1091,datasets/audios/eastern_sliced/carnatic/carnatic_019_002.wav,10,carnatic,0,1091,0,eastern
1092,datasets/audios/eastern_sliced/carnatic/carnatic_019_003.wav,10,carnatic,0,1092,0,eastern
1093,datasets/audios/eastern_sliced/carnatic/carnatic_020_000.wav,10,carnatic,0,1093,0,eastern
1094,datasets/audios/eastern_sliced/carnatic/carnatic_021_000.wav,10,carnatic,0,1094,0,eastern
1095,datasets/audios/eastern_sliced/carnatic/carnatic_021_001.wav,10,carnatic,0,1095,0,eastern
1096,datasets/audios/eastern_sliced/carnatic/carnatic_021_002.wav,10,carnatic,0,1096,0,eastern
1097,datasets/audios/eastern_sliced/carnatic/carnatic_021_003.wav,10,carnatic,0,1097,0,eastern
1098,datasets/audios/eastern_sliced/carnatic/carnatic_021_004.wav,10,carnatic,0,1098,0,eastern
1099,datasets/audios/eastern_sliced/carnatic/carnatic_022_000.wav,10,carnatic,0,1099,0,eastern
1100,datasets/audios/eastern_sliced/carnatic/carnatic_022_001.wav,10,carnatic,0,1100,0,eastern
1101,datasets/audios/eastern_sliced/carnatic/carnatic_022_002.wav,10,carnatic,0,1101,0,eastern
1102,datasets/audios/eastern_sliced/carnatic/carnatic_022_003.wav,10,carnatic,0,1102,0,eastern
1103,datasets/audios/eastern_sliced/carnatic/carnatic_022_004.wav,10,carnatic,0,1103,0,eastern
1104,datasets/audios/eastern_sliced/carnatic/carnatic_023_000.wav,10,carnatic,0,1104,0,eastern
1105,datasets/audios/eastern_sliced/carnatic/carnatic_023_001.wav,10,carnatic,0,1105,0,eastern
1106,datasets/audios/eastern_sliced/carnatic/carnatic_023_002.wav,10,carnatic,0,1106,0,eastern
1107,datasets/audios/eastern_sliced/carnatic/carnatic_023_003.wav,10,carnatic,0,1107,0,eastern
1108,datasets/audios/eastern_sliced/carnatic/carnatic_023_004.wav,10,carnatic,0,1108,0,eastern
1109,datasets/audios/eastern_sliced/carnatic/carnatic_024_000.wav,10,carnatic,0,1109,0,eastern
1110,datasets/audios/eastern_sliced/carnatic/carnatic_024_001.wav,10,carnatic,0,1110,0,eastern
1111,datasets/audios/eastern_sliced/carnatic/carnatic_024_002.wav,10,carnatic,0,1111,0,eastern
1112,datasets/audios/eastern_sliced/carnatic/carnatic_024_003.wav,10,carnatic,0,1112,0,eastern
1113,datasets/audios/eastern_sliced/carnatic/carnatic_024_004.wav,10,carnatic,0,1113,0,eastern
1114,datasets/audios/eastern_sliced/carnatic/carnatic_025_000.wav,10,carnatic,0,1114,0,eastern
1115,datasets/audios/eastern_sliced/carnatic/carnatic_025_001.wav,10,carnatic,0,1115,0,eastern
1116,datasets/audios/eastern_sliced/carnatic/carnatic_025_002.wav,10,carnatic,0,1116,0,eastern
1117,datasets/audios/eastern_sliced/carnatic/carnatic_025_003.wav,10,carnatic,0,1117,0,eastern
1118,datasets/audios/eastern_sliced/carnatic/carnatic_025_004.wav,10,carnatic,0,1118,0,eastern
1119,datasets/audios/eastern_sliced/carnatic/carnatic_026_000.wav,10,carnatic,0,1119,0,eastern
1120,datasets/audios/eastern_sliced/carnatic/carnatic_026_001.wav,10,carnatic,0,1120,0,eastern
1121,datasets/audios/eastern_sliced/carnatic/carnatic_026_002.wav,10,carnatic,0,1121,0,eastern
1122,datasets/audios/eastern_sliced/carnatic/carnatic_026_003.wav,10,carnatic,0,1122,0,eastern
1123,datasets/audios/eastern_sliced/carnatic/carnatic_026_004.wav,10,carnatic,0,1123,0,eastern
1124,datasets/audios/eastern_sliced/carnatic/carnatic_027_000.wav,10,carnatic,0,1124,0,eastern
1125,datasets/audios/eastern_sliced/carnatic/carnatic_027_001.wav,10,carnatic,0,1125,0,eastern
1126,datasets/audios/eastern_sliced/carnatic/carnatic_027_002.wav,10,carnatic,0,1126,0,eastern
1127,datasets/audios/eastern_sliced/carnatic/carnatic_027_003.wav,10,carnatic,0,1127,0,eastern
1128,datasets/audios/eastern_sliced/carnatic/carnatic_028_000.wav,10,carnatic,0,1128,0,eastern
1129,datasets/audios/eastern_sliced/carnatic/carnatic_028_001.wav,10,carnatic,0,1129,0,eastern
1130,datasets/audios/eastern_sliced/carnatic/carnatic_028_002.wav,10,carnatic,0,1130,0,eastern
1131,datasets/audios/eastern_sliced/carnatic/carnatic_028_003.wav,10,carnatic,0,1131,0,eastern
1132,datasets/audios/eastern_sliced/carnatic/carnatic_028_004.wav,10,carnatic,0,1132,0,eastern
1133,datasets/audios/eastern_sliced/carnatic/carnatic_029_000.wav,10,carnatic,0,1133,0,eastern
1134,datasets/audios/eastern_sliced/carnatic/carnatic_029_001.wav,10,carnatic,0,1134,0,eastern
1135,datasets/audios/eastern_sliced/carnatic/carnatic_029_002.wav,10,carnatic,0,1135,0,eastern
1136,datasets/audios/eastern_sliced/carnatic/carnatic_029_003.wav,10,carnatic,0,1136,0,eastern
1137,datasets/audios/eastern_sliced/carnatic/carnatic_029_004.wav,10,carnatic,0,1137,0,eastern
1138,datasets/audios/eastern_sliced/carnatic/carnatic_030_000.wav,10,carnatic,0,1138,0,eastern
1139,datasets/audios/eastern_sliced/carnatic/carnatic_030_001.wav,10,carnatic,0,1139,0,eastern
1140,datasets/audios/eastern_sliced/carnatic/carnatic_031_000.wav,10,carnatic,0,1140,0,eastern
1141,datasets/audios/eastern_sliced/carnatic/carnatic_031_001.wav,10,carnatic,0,1141,0,eastern
1142,datasets/audios/eastern_sliced/carnatic/carnatic_031_002.wav,10,carnatic,0,1142,0,eastern
1143,datasets/audios/eastern_sliced/carnatic/carnatic_031_003.wav,10,carnatic,0,1143,0,eastern
1144,datasets/audios/eastern_sliced/carnatic/carnatic_031_004.wav,10,carnatic,0,1144,0,eastern
1145,datasets/audios/eastern_sliced/carnatic/carnatic_032_000.wav,10,carnatic,0,1145,0,eastern
1146,datasets/audios/eastern_sliced/carnatic/carnatic_033_000.wav,10,carnatic,0,1146,0,eastern
1147,datasets/audios/eastern_sliced/carnatic/carnatic_033_001.wav,10,carnatic,0,1147,0,eastern
1148,datasets/audios/eastern_sliced/carnatic/carnatic_033_002.wav,10,carnatic,0,1148,0,eastern
1149,datasets/audios/eastern_sliced/carnatic/carnatic_033_003.wav,10,carnatic,0,1149,0,eastern
1150,datasets/audios/eastern_sliced/carnatic/carnatic_033_004.wav,10,carnatic,0,1150,0,eastern
1151,datasets/audios/eastern_sliced/carnatic/carnatic_034_000.wav,10,carnatic,0,1151,0,eastern
1152,datasets/audios/eastern_sliced/carnatic/carnatic_034_001.wav,10,carnatic,0,1152,0,eastern
1153,datasets/audios/eastern_sliced/carnatic/carnatic_034_002.wav,10,carnatic,0,1153,0,eastern
1154,datasets/audios/eastern_sliced/carnatic/carnatic_034_003.wav,10,carnatic,0,1154,0,eastern
1155,datasets/audios/eastern_sliced/carnatic/carnatic_034_004.wav,10,carnatic,0,1155,0,eastern
1156,datasets/audios/eastern_sliced/carnatic/carnatic_035_000.wav,10,carnatic,0,1156,0,eastern
1157,datasets/audios/eastern_sliced/carnatic/carnatic_035_001.wav,10,carnatic,0,1157,0,eastern
1158,datasets/audios/eastern_sliced/carnatic/carnatic_036_000.wav,10,carnatic,0,1158,0,eastern
1159,datasets/audios/eastern_sliced/carnatic/carnatic_036_001.wav,10,carnatic,0,1159,0,eastern
1160,datasets/audios/eastern_sliced/carnatic/carnatic_036_002.wav,10,carnatic,0,1160,0,eastern
1161,datasets/audios/eastern_sliced/carnatic/carnatic_036_003.wav,10,carnatic,0,1161,0,eastern
1162,datasets/audios/eastern_sliced/carnatic/carnatic_036_004.wav,10,carnatic,0,1162,0,eastern
1163,datasets/audios/eastern_sliced/carnatic/carnatic_037_000.wav,10,carnatic,0,1163,0,eastern
1164,datasets/audios/eastern_sliced/carnatic/carnatic_037_001.wav,10,carnatic,0,1164,0,eastern
1165,datasets/audios/eastern_sliced/carnatic/carnatic_037_002.wav,10,carnatic,0,1165,0,eastern
1166,datasets/audios/eastern_sliced/carnatic/carnatic_038_000.wav,10,carnatic,0,1166,0,eastern
1167,datasets/audios/eastern_sliced/carnatic/carnatic_039_000.wav,10,carnatic,0,1167,0,eastern
1168,datasets/audios/eastern_sliced/carnatic/carnatic_039_001.wav,10,carnatic,0,1168,0,eastern
1169,datasets/audios/eastern_sliced/carnatic/carnatic_039_002.wav,10,carnatic,0,1169,0,eastern
1170,datasets/audios/eastern_sliced/carnatic/carnatic_039_003.wav,10,carnatic,0,1170,0,eastern
1171,datasets/audios/eastern_sliced/carnatic/carnatic_039_004.wav,10,carnatic,0,1171,0,eastern
1172,datasets/audios/eastern_sliced/carnatic/carnatic_040_000.wav,10,carnatic,0,1172,0,eastern
1173,datasets/audios/eastern_sliced/carnatic/carnatic_040_001.wav,10,carnatic,0,1173,0,eastern
1174,datasets/audios/eastern_sliced/carnatic/carnatic_040_002.wav,10,carnatic,0,1174,0,eastern
1175,datasets/audios/eastern_sliced/carnatic/carnatic_040_003.wav,10,carnatic,0,1175,0,eastern
1176,datasets/audios/eastern_sliced/carnatic/carnatic_040_004.wav,10,carnatic,0,1176,0,eastern
1177,datasets/audios/eastern_sliced/carnatic/carnatic_041_000.wav,10,carnatic,0,1177,0,eastern
1178,datasets/audios/eastern_sliced/carnatic/carnatic_041_001.wav,10,carnatic,0,1178,0,eastern
1179,datasets/audios/eastern_sliced/carnatic/carnatic_041_002.wav,10,carnatic,0,1179,0,eastern
1180,datasets/audios/eastern_sliced/carnatic/carnatic_041_003.wav,10,carnatic,0,1180,0,eastern
1181,datasets/audios/eastern_sliced/carnatic/carnatic_041_004.wav,10,carnatic,0,1181,0,eastern
1182,datasets/audios/eastern_sliced/carnatic/carnatic_042_000.wav,10,carnatic,0,1182,0,eastern
1183,datasets/audios/eastern_sliced/carnatic/carnatic_042_001.wav,10,carnatic,0,1183,0,eastern
1184,datasets/audios/eastern_sliced/carnatic/carnatic_042_002.wav,10,carnatic,0,1184,0,eastern
1185,datasets/audios/eastern_sliced/carnatic/carnatic_042_003.wav,10,carnatic,0,1185,0,eastern
1186,datasets/audios/eastern_sliced/carnatic/carnatic_042_004.wav,10,carnatic,0,1186,0,eastern
1187,datasets/audios/eastern_sliced/carnatic/carnatic_043_000.wav,10,carnatic,0,1187,0,eastern
1188,datasets/audios/eastern_sliced/carnatic/carnatic_043_001.wav,10,carnatic,0,1188,0,eastern
1189,datasets/audios/eastern_sliced/carnatic/carnatic_043_002.wav,10,carnatic,0,1189,0,eastern
1190,datasets/audios/eastern_sliced/carnatic/carnatic_043_003.wav,10,carnatic,0,1190,0,eastern
1191,datasets/audios/eastern_sliced/carnatic/carnatic_043_004.wav,10,carnatic,0,1191,0,eastern
1192,datasets/audios/eastern_sliced/carnatic/carnatic_044_000.wav,10,carnatic,0,1192,0,eastern
1193,datasets/audios/eastern_sliced/carnatic/carnatic_044_001.wav,10,carnatic,0,1193,0,eastern
1194,datasets/audios/eastern_sliced/carnatic/carnatic_044_002.wav,10,carnatic,0,1194,0,eastern
1195,datasets/audios/eastern_sliced/carnatic/carnatic_044_003.wav,10,carnatic,0,1195,0,eastern
1196,datasets/audios/eastern_sliced/carnatic/carnatic_044_004.wav,10,carnatic,0,1196,0,eastern
1197,datasets/audios/eastern_sliced/carnatic/carnatic_045_000.wav,10,carnatic,0,1197,0,eastern
1198,datasets/audios/eastern_sliced/carnatic/carnatic_045_001.wav,10,carnatic,0,1198,0,eastern
1199,datasets/audios/eastern_sliced/carnatic/carnatic_045_002.wav,10,carnatic,0,1199,0,eastern
1200,datasets/audios/eastern_sliced/carnatic/carnatic_045_003.wav,10,carnatic,0,1200,0,eastern
1201,datasets/audios/eastern_sliced/carnatic/carnatic_045_004.wav,10,carnatic,0,1201,0,eastern
1202,datasets/audios/eastern_sliced/carnatic/carnatic_046_000.wav,10,carnatic,0,1202,0,eastern
1203,datasets/audios/eastern_sliced/carnatic/carnatic_046_001.wav,10,carnatic,0,1203,0,eastern
1204,datasets/audios/eastern_sliced/carnatic/carnatic_046_002.wav,10,carnatic,0,1204,0,eastern
1205,datasets/audios/eastern_sliced/carnatic/carnatic_046_003.wav,10,carnatic,0,1205,0,eastern
1206,datasets/audios/eastern_sliced/carnatic/carnatic_046_004.wav,10,carnatic,0,1206,0,eastern
1207,datasets/audios/eastern_sliced/carnatic/carnatic_047_000.wav,10,carnatic,0,1207,0,eastern
1208,datasets/audios/eastern_sliced/carnatic/carnatic_047_001.wav,10,carnatic,0,1208,0,eastern
1209,datasets/audios/eastern_sliced/carnatic/carnatic_047_002.wav,10,carnatic,0,1209,0,eastern
1210,datasets/audios/eastern_sliced/carnatic/carnatic_047_003.wav,10,carnatic,0,1210,0,eastern
1211,datasets/audios/eastern_sliced/carnatic/carnatic_047_004.wav,10,carnatic,0,1211,0,eastern
1212,datasets/audios/eastern_sliced/carnatic/carnatic_048_000.wav,10,carnatic,0,1212,0,eastern
1213,datasets/audios/eastern_sliced/carnatic/carnatic_048_001.wav,10,carnatic,0,1213,0,eastern
1214,datasets/audios/eastern_sliced/carnatic/carnatic_048_002.wav,10,carnatic,0,1214,0,eastern
1215,datasets/audios/eastern_sliced/carnatic/carnatic_048_003.wav,10,carnatic,0,1215,0,eastern
1216,datasets/audios/eastern_sliced/carnatic/carnatic_048_004.wav,10,carnatic,0,1216,0,eastern
1217,datasets/audios/eastern_sliced/carnatic/carnatic_049_000.wav,10,carnatic,0,1217,0,eastern
1218,datasets/audios/eastern_sliced/carnatic/carnatic_049_001.wav,10,carnatic,0,1218,0,eastern
1219,datasets/audios/eastern_sliced/carnatic/carnatic_049_002.wav,10,carnatic,0,1219,0,eastern
1220,datasets/audios/eastern_sliced/carnatic/carnatic_049_003.wav,10,carnatic,0,1220,0,eastern
1221,datasets/audios/eastern_sliced/carnatic/carnatic_049_004.wav,10,carnatic,0,1221,0,eastern
1222,datasets/audios/eastern_sliced/carnatic/carnatic_050_000.wav,10,carnatic,0,1222,0,eastern
1223,datasets/audios/eastern_sliced/carnatic/carnatic_050_001.wav,10,carnatic,0,1223,0,eastern
1224,datasets/audios/eastern_sliced/carnatic/carnatic_050_002.wav,10,carnatic,0,1224,0,eastern
1225,datasets/audios/eastern_sliced/carnatic/carnatic_050_003.wav,10,carnatic,0,1225,0,eastern
1226,datasets/audios/eastern_sliced/carnatic/carnatic_050_004.wav,10,carnatic,0,1226,0,eastern
1227,datasets/audios/eastern_sliced/carnatic/carnatic_051_000.wav,10,carnatic,0,1227,0,eastern
1228,datasets/audios/eastern_sliced/carnatic/carnatic_051_001.wav,10,carnatic,0,1228,0,eastern
1229,datasets/audios/eastern_sliced/carnatic/carnatic_051_002.wav,10,carnatic,0,1229,0,eastern
1230,datasets/audios/eastern_sliced/carnatic/carnatic_051_003.wav,10,carnatic,0,1230,0,eastern
1231,datasets/audios/eastern_sliced/carnatic/carnatic_051_004.wav,10,carnatic,0,1231,0,eastern
1232,datasets/audios/eastern_sliced/carnatic/carnatic_052_000.wav,10,carnatic,0,1232,0,eastern
1233,datasets/audios/eastern_sliced/carnatic/carnatic_052_001.wav,10,carnatic,0,1233,0,eastern
1234,datasets/audios/eastern_sliced/carnatic/carnatic_052_002.wav,10,carnatic,0,1234,0,eastern
1235,datasets/audios/eastern_sliced/carnatic/carnatic_052_003.wav,10,carnatic,0,1235,0,eastern
1236,datasets/audios/eastern_sliced/carnatic/carnatic_052_004.wav,10,carnatic,0,1236,0,eastern
1237,datasets/audios/eastern_sliced/carnatic/carnatic_053_000.wav,10,carnatic,0,1237,0,eastern
1238,datasets/audios/eastern_sliced/carnatic/carnatic_053_001.wav,10,carnatic,0,1238,0,eastern
1239,datasets/audios/eastern_sliced/carnatic/carnatic_053_002.wav,10,carnatic,0,1239,0,eastern
1240,datasets/audios/eastern_sliced/carnatic/carnatic_053_003.wav,10,carnatic,0,1240,0,eastern
1241,datasets/audios/eastern_sliced/carnatic/carnatic_053_004.wav,10,carnatic,0,1241,0,eastern
1242,datasets/audios/eastern_sliced/carnatic/carnatic_054_000.wav,10,carnatic,0,1242,0,eastern
1243,datasets/audios/eastern_sliced/carnatic/carnatic_054_001.wav,10,carnatic,0,1243,0,eastern
1244,datasets/audios/eastern_sliced/carnatic/carnatic_054_002.wav,10,carnatic,0,1244,0,eastern
1245,datasets/audios/eastern_sliced/carnatic/carnatic_054_003.wav,10,carnatic,0,1245,0,eastern
1246,datasets/audios/eastern_sliced/carnatic/carnatic_054_004.wav,10,carnatic,0,1246,0,eastern
1247,datasets/audios/eastern_sliced/carnatic/carnatic_055_000.wav,10,carnatic,0,1247,0,eastern
1248,datasets/audios/eastern_sliced/carnatic/carnatic_055_001.wav,10,carnatic,0,1248,0,eastern
1249,datasets/audios/eastern_sliced/carnatic/carnatic_055_002.wav,10,carnatic,0,1249,0,eastern
1250,datasets/audios/eastern_sliced/carnatic/carnatic_055_003.wav,10,carnatic,0,1250,0,eastern
1251,datasets/audios/eastern_sliced/carnatic/carnatic_055_004.wav,10,carnatic,0,1251,0,eastern
1252,datasets/audios/eastern_sliced/carnatic/carnatic_056_000.wav,10,carnatic,0,1252,0,eastern
1253,datasets/audios/eastern_sliced/carnatic/carnatic_056_001.wav,10,carnatic,0,1253,0,eastern
1254,datasets/audios/eastern_sliced/carnatic/carnatic_056_002.wav,10,carnatic,0,1254,0,eastern
1255,datasets/audios/eastern_sliced/carnatic/carnatic_056_003.wav,10,carnatic,0,1255,0,eastern
1256,datasets/audios/eastern_sliced/carnatic/carnatic_056_004.wav,10,carnatic,0,1256,0,eastern
1257,datasets/audios/eastern_sliced/carnatic/carnatic_057_000.wav,10,carnatic,0,1257,0,eastern
1258,datasets/audios/eastern_sliced/carnatic/carnatic_057_001.wav,10,carnatic,0,1258,0,eastern
1259,datasets/audios/eastern_sliced/carnatic/carnatic_057_002.wav,10,carnatic,0,1259,0,eastern
1260,datasets/audios/eastern_sliced/carnatic/carnatic_057_003.wav,10,carnatic,0,1260,0,eastern
1261,datasets/audios/eastern_sliced/carnatic/carnatic_058_000.wav,10,carnatic,0,1261,0,eastern
1262,datasets/audios/eastern_sliced/carnatic/carnatic_058_001.wav,10,carnatic,0,1262,0,eastern
1263,datasets/audios/eastern_sliced/carnatic/carnatic_058_002.wav,10,carnatic,0,1263,0,eastern
1264,datasets/audios/eastern_sliced/carnatic/carnatic_058_003.wav,10,carnatic,0,1264,0,eastern
1265,datasets/audios/eastern_sliced/carnatic/carnatic_058_004.wav,10,carnatic,0,1265,0,eastern
1266,datasets/audios/eastern_sliced/carnatic/carnatic_059_000.wav,10,carnatic,0,1266,0,eastern
1267,datasets/audios/eastern_sliced/carnatic/carnatic_059_001.wav,10,carnatic,0,1267,0,eastern
1268,datasets/audios/eastern_sliced/carnatic/carnatic_059_002.wav,10,carnatic,0,1268,0,eastern
1269,datasets/audios/eastern_sliced/carnatic/carnatic_059_003.wav,10,carnatic,0,1269,0,eastern
1270,datasets/audios/eastern_sliced/carnatic/carnatic_059_004.wav,10,carnatic,0,1270,0,eastern
1271,datasets/audios/eastern_sliced/carnatic/carnatic_060_000.wav,10,carnatic,0,1271,0,eastern
1272,datasets/audios/eastern_sliced/carnatic/carnatic_060_001.wav,10,carnatic,0,1272,0,eastern
1273,datasets/audios/eastern_sliced/carnatic/carnatic_060_002.wav,10,carnatic,0,1273,0,eastern
1274,datasets/audios/eastern_sliced/carnatic/carnatic_060_003.wav,10,carnatic,0,1274,0,eastern
1275,datasets/audios/eastern_sliced/carnatic/carnatic_060_004.wav,10,carnatic,0,1275,0,eastern
1276,datasets/audios/eastern_sliced/carnatic/carnatic_061_000.wav,10,carnatic,0,1276,0,eastern
1277,datasets/audios/eastern_sliced/carnatic/carnatic_061_001.wav,10,carnatic,0,1277,0,eastern
1278,datasets/audios/eastern_sliced/carnatic/carnatic_061_002.wav,10,carnatic,0,1278,0,eastern
1279,datasets/audios/eastern_sliced/carnatic/carnatic_061_003.wav,10,carnatic,0,1279,0,eastern
1280,datasets/audios/eastern_sliced/carnatic/carnatic_061_004.wav,10,carnatic,0,1280,0,eastern
1281,datasets/audios/eastern_sliced/carnatic/carnatic_062_000.wav,10,carnatic,0,1281,0,eastern
1282,datasets/audios/eastern_sliced/carnatic/carnatic_062_001.wav,10,carnatic,0,1282,0,eastern
1283,datasets/audios/eastern_sliced/carnatic/carnatic_062_002.wav,10,carnatic,0,1283,0,eastern
1284,datasets/audios/eastern_sliced/carnatic/carnatic_063_000.wav,10,carnatic,0,1284,0,eastern
1285,datasets/audios/eastern_sliced/carnatic/carnatic_063_001.wav,10,carnatic,0,1285,0,eastern
1286,datasets/audios/eastern_sliced/carnatic/carnatic_063_002.wav,10,carnatic,0,1286,0,eastern
1287,datasets/audios/eastern_sliced/carnatic/carnatic_063_003.wav,10,carnatic,0,1287,0,eastern
1288,datasets/audios/eastern_sliced/carnatic/carnatic_063_004.wav,10,carnatic,0,1288,0,eastern
1289,datasets/audios/eastern_sliced/carnatic/carnatic_064_000.wav,10,carnatic,0,1289,0,eastern
1290,datasets/audios/eastern_sliced/carnatic/carnatic_064_001.wav,10,carnatic,0,1290,0,eastern
1291,datasets/audios/eastern_sliced/carnatic/carnatic_064_002.wav,10,carnatic,0,1291,0,eastern
1292,datasets/audios/eastern_sliced/carnatic/carnatic_064_003.wav,10,carnatic,0,1292,0,eastern
1293,datasets/audios/eastern_sliced/carnatic/carnatic_064_004.wav,10,carnatic,0,1293,0,eastern
1294,datasets/audios/eastern_sliced/carnatic/carnatic_065_000.wav,10,carnatic,0,1294,0,eastern
1295,datasets/audios/eastern_sliced/carnatic/carnatic_065_001.wav,10,carnatic,0,1295,0,eastern
1296,datasets/audios/eastern_sliced/carnatic/carnatic_065_002.wav,10,carnatic,0,1296,0,eastern
1297,datasets/audios/eastern_sliced/carnatic/carnatic_065_003.wav,10,carnatic,0,1297,0,eastern
1298,datasets/audios/eastern_sliced/carnatic/carnatic_065_004.wav,10,carnatic,0,1298,0,eastern
1299,datasets/audios/eastern_sliced/carnatic/carnatic_066_000.wav,10,carnatic,0,1299,0,eastern
1300,datasets/audios/eastern_sliced/carnatic/carnatic_066_001.wav,10,carnatic,0,1300,0,eastern
1301,datasets/audios/eastern_sliced/carnatic/carnatic_066_002.wav,10,carnatic,0,1301,0,eastern
1302,datasets/audios/eastern_sliced/carnatic/carnatic_066_003.wav,10,carnatic,0,1302,0,eastern
1303,datasets/audios/eastern_sliced/carnatic/carnatic_066_004.wav,10,carnatic,0,1303,0,eastern
1304,datasets/audios/eastern_sliced/carnatic/carnatic_067_000.wav,10,carnatic,0,1304,0,eastern
1305,datasets/audios/eastern_sliced/carnatic/carnatic_067_001.wav,10,carnatic,0,1305,0,eastern
1306,datasets/audios/eastern_sliced/carnatic/carnatic_067_002.wav,10,carnatic,0,1306,0,eastern
1307,datasets/audios/eastern_sliced/carnatic/carnatic_067_003.wav,10,carnatic,0,1307,0,eastern
1308,datasets/audios/eastern_sliced/carnatic/carnatic_067_004.wav,10,carnatic,0,1308,0,eastern
1309,datasets/audios/eastern_sliced/carnatic/carnatic_068_000.wav,10,carnatic,0,1309,0,eastern
1310,datasets/audios/eastern_sliced/carnatic/carnatic_068_001.wav,10,carnatic,0,1310,0,eastern
1311,datasets/audios/eastern_sliced/carnatic/carnatic_068_002.wav,10,carnatic,0,1311,0,eastern
1312,datasets/audios/eastern_sliced/carnatic/carnatic_068_003.wav,10,carnatic,0,1312,0,eastern
1313,datasets/audios/eastern_sliced/carnatic/carnatic_068_004.wav,10,carnatic,0,1313,0,eastern
1314,datasets/audios/eastern_sliced/carnatic/carnatic_069_000.wav,10,carnatic,0,1314,0,eastern
1315,datasets/audios/eastern_sliced/carnatic/carnatic_069_001.wav,10,carnatic,0,1315,0,eastern
1316,datasets/audios/eastern_sliced/carnatic/carnatic_069_002.wav,10,carnatic,0,1316,0,eastern
1317,datasets/audios/eastern_sliced/carnatic/carnatic_069_003.wav,10,carnatic,0,1317,0,eastern
1318,datasets/audios/eastern_sliced/carnatic/carnatic_069_004.wav,10,carnatic,0,1318,0,eastern
1319,datasets/audios/eastern_sliced/carnatic/carnatic_070_000.wav,10,carnatic,0,1319,0,eastern
1320,datasets/audios/eastern_sliced/carnatic/carnatic_070_001.wav,10,carnatic,0,1320,0,eastern
1321,datasets/audios/eastern_sliced/carnatic/carnatic_070_002.wav,10,carnatic,0,1321,0,eastern
1322,datasets/audios/eastern_sliced/carnatic/carnatic_070_003.wav,10,carnatic,0,1322,0,eastern
1323,datasets/audios/eastern_sliced/carnatic/carnatic_071_000.wav,10,carnatic,0,1323,0,eastern
1324,datasets/audios/eastern_sliced/carnatic/carnatic_071_001.wav,10,carnatic,0,1324,0,eastern
1325,datasets/audios/eastern_sliced/carnatic/carnatic_072_000.wav,10,carnatic,0,1325,0,eastern
1326,datasets/audios/eastern_sliced/carnatic/carnatic_072_001.wav,10,carnatic,0,1326,0,eastern
1327,datasets/audios/eastern_sliced/carnatic/carnatic_072_002.wav,10,carnatic,0,1327,0,eastern
1328,datasets/audios/eastern_sliced/carnatic/carnatic_072_003.wav,10,carnatic,0,1328,0,eastern
1329,datasets/audios/eastern_sliced/carnatic/carnatic_072_004.wav,10,carnatic,0,1329,0,eastern
1330,datasets/audios/eastern_sliced/carnatic/carnatic_073_000.wav,10,carnatic,0,1330,0,eastern
1331,datasets/audios/eastern_sliced/carnatic/carnatic_073_001.wav,10,carnatic,0,1331,0,eastern
1332,datasets/audios/eastern_sliced/carnatic/carnatic_073_002.wav,10,carnatic,0,1332,0,eastern
1333,datasets/audios/eastern_sliced/carnatic/carnatic_073_003.wav,10,carnatic,0,1333,0,eastern
1334,datasets/audios/eastern_sliced/carnatic/carnatic_073_004.wav,10,carnatic,0,1334,0,eastern
1335,datasets/audios/eastern_sliced/carnatic/carnatic_074_000.wav,10,carnatic,0,1335,0,eastern
1336,datasets/audios/eastern_sliced/carnatic/carnatic_074_001.wav,10,carnatic,0,1336,0,eastern
1337,datasets/audios/eastern_sliced/carnatic/carnatic_074_002.wav,10,carnatic,0,1337,0,eastern
1338,datasets/audios/eastern_sliced/carnatic/carnatic_074_003.wav,10,carnatic,0,1338,0,eastern
1339,datasets/audios/eastern_sliced/carnatic/carnatic_074_004.wav,10,carnatic,0,1339,0,eastern
1340,datasets/audios/eastern_sliced/carnatic/carnatic_075_000.wav,10,carnatic,0,1340,0,eastern
1341,datasets/audios/eastern_sliced/carnatic/carnatic_075_001.wav,10,carnatic,0,1341,0,eastern
1342,datasets/audios/eastern_sliced/carnatic/carnatic_075_002.wav,10,carnatic,0,1342,0,eastern
1343,datasets/audios/eastern_sliced/carnatic/carnatic_075_003.wav,10,carnatic,0,1343,0,eastern
1344,datasets/audios/eastern_sliced/carnatic/carnatic_075_004.wav,10,carnatic,0,1344,0,eastern
1345,datasets/audios/eastern_sliced/carnatic/carnatic_076_000.wav,10,carnatic,0,1345,0,eastern
1346,datasets/audios/eastern_sliced/carnatic/carnatic_076_001.wav,10,carnatic,0,1346,0,eastern
1347,datasets/audios/eastern_sliced/carnatic/carnatic_076_002.wav,10,carnatic,0,1347,0,eastern
1348,datasets/audios/eastern_sliced/carnatic/carnatic_076_003.wav,10,carnatic,0,1348,0,eastern
1349,datasets/audios/eastern_sliced/carnatic/carnatic_076_004.wav,10,carnatic,0,1349,0,eastern
1350,datasets/audios/eastern_sliced/carnatic/carnatic_077_000.wav,10,carnatic,0,1350,0,eastern
1351,datasets/audios/eastern_sliced/carnatic/carnatic_077_001.wav,10,carnatic,0,1351,0,eastern
1352,datasets/audios/eastern_sliced/carnatic/carnatic_077_002.wav,10,carnatic,0,1352,0,eastern
1353,datasets/audios/eastern_sliced/carnatic/carnatic_077_003.wav,10,carnatic,0,1353,0,eastern
1354,datasets/audios/eastern_sliced/carnatic/carnatic_078_000.wav,10,carnatic,0,1354,0,eastern
1355,datasets/audios/eastern_sliced/carnatic/carnatic_078_001.wav,10,carnatic,0,1355,0,eastern
1356,datasets/audios/eastern_sliced/carnatic/carnatic_078_002.wav,10,carnatic,0,1356,0,eastern
1357,datasets/audios/eastern_sliced/carnatic/carnatic_078_003.wav,10,carnatic,0,1357,0,eastern
1358,datasets/audios/eastern_sliced/carnatic/carnatic_078_004.wav,10,carnatic,0,1358,0,eastern
1359,datasets/audios/eastern_sliced/carnatic/carnatic_079_000.wav,10,carnatic,0,1359,0,eastern
1360,datasets/audios/eastern_sliced/carnatic/carnatic_079_001.wav,10,carnatic,0,1360,0,eastern
1361,datasets/audios/eastern_sliced/carnatic/carnatic_079_002.wav,10,carnatic,0,1361,0,eastern
1362,datasets/audios/eastern_sliced/carnatic/carnatic_079_003.wav,10,carnatic,0,1362,0,eastern
1363,datasets/audios/eastern_sliced/carnatic/carnatic_079_004.wav,10,carnatic,0,1363,0,eastern
1364,datasets/audios/eastern_sliced/carnatic/carnatic_080_000.wav,10,carnatic,0,1364,0,eastern
1365,datasets/audios/eastern_sliced/carnatic/carnatic_080_001.wav,10,carnatic,0,1365,0,eastern
1366,datasets/audios/eastern_sliced/carnatic/carnatic_081_000.wav,10,carnatic,0,1366,0,eastern
1367,datasets/audios/eastern_sliced/carnatic/carnatic_081_001.wav,10,carnatic,0,1367,0,eastern
1368,datasets/audios/eastern_sliced/carnatic/carnatic_081_002.wav,10,carnatic,0,1368,0,eastern
1369,datasets/audios/eastern_sliced/carnatic/carnatic_081_003.wav,10,carnatic,0,1369,0,eastern
1370,datasets/audios/eastern_sliced/carnatic/carnatic_081_004.wav,10,carnatic,0,1370,0,eastern
1371,datasets/audios/eastern_sliced/carnatic/carnatic_082_000.wav,10,carnatic,0,1371,0,eastern
1372,datasets/audios/eastern_sliced/carnatic/carnatic_082_001.wav,10,carnatic,0,1372,0,eastern
1373,datasets/audios/eastern_sliced/carnatic/carnatic_082_002.wav,10,carnatic,0,1373,0,eastern
1374,datasets/audios/eastern_sliced/carnatic/carnatic_082_003.wav,10,carnatic,0,1374,0,eastern
1375,datasets/audios/eastern_sliced/carnatic/carnatic_082_004.wav,10,carnatic,0,1375,0,eastern
1376,datasets/audios/eastern_sliced/carnatic/carnatic_083_000.wav,10,carnatic,0,1376,0,eastern
1377,datasets/audios/eastern_sliced/carnatic/carnatic_083_001.wav,10,carnatic,0,1377,0,eastern
1378,datasets/audios/eastern_sliced/carnatic/carnatic_083_002.wav,10,carnatic,0,1378,0,eastern
1379,datasets/audios/eastern_sliced/carnatic/carnatic_083_003.wav,10,carnatic,0,1379,0,eastern
1380,datasets/audios/eastern_sliced/carnatic/carnatic_083_004.wav,10,carnatic,0,1380,0,eastern
1381,datasets/audios/eastern_sliced/carnatic/carnatic_084_000.wav,10,carnatic,0,1381,0,eastern
1382,datasets/audios/eastern_sliced/carnatic/carnatic_084_001.wav,10,carnatic,0,1382,0,eastern
1383,datasets/audios/eastern_sliced/carnatic/carnatic_084_002.wav,10,carnatic,0,1383,0,eastern
1384,datasets/audios/eastern_sliced/carnatic/carnatic_084_003.wav,10,carnatic,0,1384,0,eastern
1385,datasets/audios/eastern_sliced/carnatic/carnatic_084_004.wav,10,carnatic,0,1385,0,eastern
1386,datasets/audios/eastern_sliced/carnatic/carnatic_085_000.wav,10,carnatic,0,1386,0,eastern
1387,datasets/audios/eastern_sliced/carnatic/carnatic_085_001.wav,10,carnatic,0,1387,0,eastern
1388,datasets/audios/eastern_sliced/carnatic/carnatic_085_002.wav,10,carnatic,0,1388,0,eastern
1389,datasets/audios/eastern_sliced/carnatic/carnatic_085_003.wav,10,carnatic,0,1389,0,eastern
1390,datasets/audios/eastern_sliced/carnatic/carnatic_085_004.wav,10,carnatic,0,1390,0,eastern
1391,datasets/audios/eastern_sliced/carnatic/carnatic_086_000.wav,10,carnatic,0,1391,0,eastern
1392,datasets/audios/eastern_sliced/carnatic/carnatic_086_001.wav,10,carnatic,0,1392,0,eastern
1393,datasets/audios/eastern_sliced/carnatic/carnatic_086_002.wav,10,carnatic,0,1393,0,eastern
1394,datasets/audios/eastern_sliced/carnatic/carnatic_086_003.wav,10,carnatic,0,1394,0,eastern
1395,datasets/audios/eastern_sliced/carnatic/carnatic_086_004.wav,10,carnatic,0,1395,0,eastern
1396,datasets/audios/eastern_sliced/carnatic/carnatic_087_000.wav,10,carnatic,0,1396,0,eastern
1397,datasets/audios/eastern_sliced/carnatic/carnatic_087_001.wav,10,carnatic,0,1397,0,eastern
1398,datasets/audios/eastern_sliced/carnatic/carnatic_087_002.wav,10,carnatic,0,1398,0,eastern
1399,datasets/audios/eastern_sliced/carnatic/carnatic_087_003.wav,10,carnatic,0,1399,0,eastern
1400,datasets/audios/eastern_sliced/carnatic/carnatic_087_004.wav,10,carnatic,0,1400,0,eastern
1401,datasets/audios/eastern_sliced/carnatic/carnatic_088_000.wav,10,carnatic,0,1401,0,eastern
1402,datasets/audios/eastern_sliced/carnatic/carnatic_088_001.wav,10,carnatic,0,1402,0,eastern
1403,datasets/audios/eastern_sliced/carnatic/carnatic_088_002.wav,10,carnatic,0,1403,0,eastern
1404,datasets/audios/eastern_sliced/carnatic/carnatic_088_003.wav,10,carnatic,0,1404,0,eastern
1405,datasets/audios/eastern_sliced/carnatic/carnatic_088_004.wav,10,carnatic,0,1405,0,eastern
1406,datasets/audios/eastern_sliced/carnatic/carnatic_089_000.wav,10,carnatic,0,1406,0,eastern
1407,datasets/audios/eastern_sliced/carnatic/carnatic_089_001.wav,10,carnatic,0,1407,0,eastern
1408,datasets/audios/eastern_sliced/carnatic/carnatic_089_002.wav,10,carnatic,0,1408,0,eastern
1409,datasets/audios/eastern_sliced/carnatic/carnatic_089_003.wav,10,carnatic,0,1409,0,eastern
1410,datasets/audios/eastern_sliced/carnatic/carnatic_089_004.wav,10,carnatic,0,1410,0,eastern
1411,datasets/audios/eastern_sliced/carnatic/carnatic_090_000.wav,10,carnatic,0,1411,0,eastern
1412,datasets/audios/eastern_sliced/carnatic/carnatic_090_001.wav,10,carnatic,0,1412,0,eastern
1413,datasets/audios/eastern_sliced/carnatic/carnatic_091_000.wav,10,carnatic,0,1413,0,eastern
1414,datasets/audios/eastern_sliced/carnatic/carnatic_091_001.wav,10,carnatic,0,1414,0,eastern
1415,datasets/audios/eastern_sliced/carnatic/carnatic_091_002.wav,10,carnatic,0,1415,0,eastern
1416,datasets/audios/eastern_sliced/carnatic/carnatic_091_003.wav,10,carnatic,0,1416,0,eastern
1417,datasets/audios/eastern_sliced/carnatic/carnatic_092_000.wav,10,carnatic,0,1417,0,eastern
1418,datasets/audios/eastern_sliced/carnatic/carnatic_092_001.wav,10,carnatic,0,1418,0,eastern
1419,datasets/audios/eastern_sliced/carnatic/carnatic_092_002.wav,10,carnatic,0,1419,0,eastern
1420,datasets/audios/eastern_sliced/carnatic/carnatic_092_003.wav,10,carnatic,0,1420,0,eastern
1421,datasets/audios/eastern_sliced/carnatic/carnatic_092_004.wav,10,carnatic,0,1421,0,eastern
1422,datasets/audios/eastern_sliced/carnatic/carnatic_093_000.wav,10,carnatic,0,1422,0,eastern
1423,datasets/audios/eastern_sliced/carnatic/carnatic_093_001.wav,10,carnatic,0,1423,0,eastern
1424,datasets/audios/eastern_sliced/carnatic/carnatic_093_002.wav,10,carnatic,0,1424,0,eastern
1425,datasets/audios/eastern_sliced/carnatic/carnatic_093_003.wav,10,carnatic,0,1425,0,eastern
1426,datasets/audios/eastern_sliced/carnatic/carnatic_093_004.wav,10,carnatic,0,1426,0,eastern
1427,datasets/audios/eastern_sliced/carnatic/carnatic_094_000.wav,10,carnatic,0,1427,0,eastern
1428,datasets/audios/eastern_sliced/carnatic/carnatic_094_001.wav,10,carnatic,0,1428,0,eastern
1429,datasets/audios/eastern_sliced/carnatic/carnatic_094_002.wav,10,carnatic,0,1429,0,eastern
1430,datasets/audios/eastern_sliced/carnatic/carnatic_094_003.wav,10,carnatic,0,1430,0,eastern
1431,datasets/audios/eastern_sliced/carnatic/carnatic_094_004.wav,10,carnatic,0,1431,0,eastern
1432,datasets/audios/eastern_sliced/carnatic/carnatic_095_000.wav,10,carnatic,0,1432,0,eastern
1433,datasets/audios/eastern_sliced/carnatic/carnatic_095_001.wav,10,carnatic,0,1433,0,eastern
1434,datasets/audios/eastern_sliced/carnatic/carnatic_095_002.wav,10,carnatic,0,1434,0,eastern
1435,datasets/audios/eastern_sliced/carnatic/carnatic_095_003.wav,10,carnatic,0,1435,0,eastern
1436,datasets/audios/eastern_sliced/carnatic/carnatic_095_004.wav,10,carnatic,0,1436,0,eastern
1437,datasets/audios/eastern_sliced/carnatic/carnatic_096_000.wav,10,carnatic,0,1437,0,eastern
1438,datasets/audios/eastern_sliced/carnatic/carnatic_096_001.wav,10,carnatic,0,1438,0,eastern
1439,datasets/audios/eastern_sliced/carnatic/carnatic_096_002.wav,10,carnatic,0,1439,0,eastern
1440,datasets/audios/eastern_sliced/carnatic/carnatic_096_003.wav,10,carnatic,0,1440,0,eastern
1441,datasets/audios/eastern_sliced/carnatic/carnatic_096_004.wav,10,carnatic,0,1441,0,eastern
1442,datasets/audios/eastern_sliced/carnatic/carnatic_097_000.wav,10,carnatic,0,1442,0,eastern
1443,datasets/audios/eastern_sliced/carnatic/carnatic_097_001.wav,10,carnatic,0,1443,0,eastern
1444,datasets/audios/eastern_sliced/carnatic/carnatic_097_002.wav,10,carnatic,0,1444,0,eastern
1445,datasets/audios/eastern_sliced/carnatic/carnatic_097_003.wav,10,carnatic,0,1445,0,eastern
1446,datasets/audios/eastern_sliced/carnatic/carnatic_097_004.wav,10,carnatic,0,1446,0,eastern
1447,datasets/audios/eastern_sliced/carnatic/carnatic_098_000.wav,10,carnatic,0,1447,0,eastern
1448,datasets/audios/eastern_sliced/carnatic/carnatic_098_001.wav,10,carnatic,0,1448,0,eastern
1449,datasets/audios/eastern_sliced/carnatic/carnatic_098_002.wav,10,carnatic,0,1449,0,eastern
1450,datasets/audios/eastern_sliced/carnatic/carnatic_098_003.wav,10,carnatic,0,1450,0,eastern
1451,datasets/audios/eastern_sliced/carnatic/carnatic_098_004.wav,10,carnatic,0,1451,0,eastern
1452,datasets/audios/eastern_sliced/carnatic/carnatic_099_000.wav,10,carnatic,0,1452,0,eastern
1453,datasets/audios/eastern_sliced/carnatic/carnatic_099_001.wav,10,carnatic,0,1453,0,eastern
1454,datasets/audios/eastern_sliced/carnatic/carnatic_099_002.wav,10,carnatic,0,1454,0,eastern
1455,datasets/audios/eastern_sliced/carnatic/carnatic_099_003.wav,10,carnatic,0,1455,0,eastern
1456,datasets/audios/eastern_sliced/carnatic/carnatic_099_004.wav,10,carnatic,0,1456,0,eastern
1457,datasets/audios/eastern_sliced/cpop/cpop_000_000.wav,11,cpop,1,1457,0,eastern
1458,datasets/audios/eastern_sliced/cpop/cpop_001_000.wav,11,cpop,1,1458,0,eastern
1459,datasets/audios/eastern_sliced/cpop/cpop_002_000.wav,11,cpop,1,1459,0,eastern
1460,datasets/audios/eastern_sliced/cpop/cpop_003_000.wav,11,cpop,1,1460,0,eastern
1461,datasets/audios/eastern_sliced/cpop/cpop_004_000.wav,11,cpop,1,1461,0,eastern
1462,datasets/audios/eastern_sliced/cpop/cpop_005_000.wav,11,cpop,1,1462,0,eastern
1463,datasets/audios/eastern_sliced/cpop/cpop_006_000.wav,11,cpop,1,1463,0,eastern
1464,datasets/audios/eastern_sliced/cpop/cpop_007_000.wav,11,cpop,1,1464,0,eastern
1465,datasets/audios/eastern_sliced/cpop/cpop_008_000.wav,11,cpop,1,1465,0,eastern
1466,datasets/audios/eastern_sliced/cpop/cpop_009_000.wav,11,cpop,1,1466,0,eastern
1467,datasets/audios/eastern_sliced/cpop/cpop_010_000.wav,11,cpop,1,1467,0,eastern
1468,datasets/audios/eastern_sliced/cpop/cpop_011_000.wav,11,cpop,1,1468,0,eastern
1469,datasets/audios/eastern_sliced/cpop/cpop_012_000.wav,11,cpop,1,1469,0,eastern
1470,datasets/audios/eastern_sliced/cpop/cpop_013_000.wav,11,cpop,1,1470,0,eastern
1471,datasets/audios/eastern_sliced/cpop/cpop_014_000.wav,11,cpop,1,1471,0,eastern
1472,datasets/audios/eastern_sliced/cpop/cpop_015_000.wav,11,cpop,1,1472,0,eastern
1473,datasets/audios/eastern_sliced/cpop/cpop_016_000.wav,11,cpop,1,1473,0,eastern
1474,datasets/audios/eastern_sliced/cpop/cpop_017_000.wav,11,cpop,1,1474,0,eastern
1475,datasets/audios/eastern_sliced/cpop/cpop_018_000.wav,11,cpop,1,1475,0,eastern
1476,datasets/audios/eastern_sliced/cpop/cpop_019_000.wav,11,cpop,1,1476,0,eastern
1477,datasets/audios/eastern_sliced/cpop/cpop_020_000.wav,11,cpop,1,1477,0,eastern
1478,datasets/audios/eastern_sliced/cpop/cpop_021_000.wav,11,cpop,1,1478,0,eastern
1479,datasets/audios/eastern_sliced/cpop/cpop_022_000.wav,11,cpop,1,1479,0,eastern
1480,datasets/audios/eastern_sliced/cpop/cpop_023_000.wav,11,cpop,1,1480,0,eastern
1481,datasets/audios/eastern_sliced/cpop/cpop_024_000.wav,11,cpop,1,1481,0,eastern
1482,datasets/audios/eastern_sliced/cpop/cpop_025_000.wav,11,cpop,1,1482,0,eastern
1483,datasets/audios/eastern_sliced/cpop/cpop_026_000.wav,11,cpop,1,1483,0,eastern
1484,datasets/audios/eastern_sliced/cpop/cpop_027_000.wav,11,cpop,1,1484,0,eastern
1485,datasets/audios/eastern_sliced/cpop/cpop_028_000.wav,11,cpop,1,1485,0,eastern
1486,datasets/audios/eastern_sliced/cpop/cpop_029_000.wav,11,cpop,1,1486,0,eastern
1487,datasets/audios/eastern_sliced/cpop/cpop_030_000.wav,11,cpop,1,1487,0,eastern
1488,datasets/audios/eastern_sliced/cpop/cpop_031_000.wav,11,cpop,1,1488,0,eastern
1489,datasets/audios/eastern_sliced/cpop/cpop_032_000.wav,11,cpop,1,1489,0,eastern
1490,datasets/audios/eastern_sliced/cpop/cpop_033_000.wav,11,cpop,1,1490,0,eastern
1491,datasets/audios/eastern_sliced/cpop/cpop_034_000.wav,11,cpop,1,1491,0,eastern
1492,datasets/audios/eastern_sliced/cpop/cpop_035_000.wav,11,cpop,1,1492,0,eastern
1493,datasets/audios/eastern_sliced/cpop/cpop_036_000.wav,11,cpop,1,1493,0,eastern
1494,datasets/audios/eastern_sliced/cpop/cpop_037_000.wav,11,cpop,1,1494,0,eastern
1495,datasets/audios/eastern_sliced/cpop/cpop_038_000.wav,11,cpop,1,1495,0,eastern
1496,datasets/audios/eastern_sliced/cpop/cpop_039_000.wav,11,cpop,1,1496,0,eastern
1497,datasets/audios/eastern_sliced/cpop/cpop_040_000.wav,11,cpop,1,1497,0,eastern
1498,datasets/audios/eastern_sliced/cpop/cpop_041_000.wav,11,cpop,1,1498,0,eastern
1499,datasets/audios/eastern_sliced/cpop/cpop_042_000.wav,11,cpop,1,1499,0,eastern
1500,datasets/audios/eastern_sliced/cpop/cpop_043_000.wav,11,cpop,1,1500,0,eastern
1501,datasets/audios/eastern_sliced/cpop/cpop_044_000.wav,11,cpop,1,1501,0,eastern
1502,datasets/audios/eastern_sliced/cpop/cpop_045_000.wav,11,cpop,1,1502,0,eastern
1503,datasets/audios/eastern_sliced/cpop/cpop_046_000.wav,11,cpop,1,1503,0,eastern
1504,datasets/audios/eastern_sliced/cpop/cpop_047_000.wav,11,cpop,1,1504,0,eastern
1505,datasets/audios/eastern_sliced/cpop/cpop_048_000.wav,11,cpop,1,1505,0,eastern
1506,datasets/audios/eastern_sliced/cpop/cpop_049_000.wav,11,cpop,1,1506,0,eastern
1507,datasets/audios/eastern_sliced/cpop/cpop_050_000.wav,11,cpop,1,1507,0,eastern
1508,datasets/audios/eastern_sliced/cpop/cpop_051_000.wav,11,cpop,1,1508,0,eastern
1509,datasets/audios/eastern_sliced/cpop/cpop_052_000.wav,11,cpop,1,1509,0,eastern
1510,datasets/audios/eastern_sliced/cpop/cpop_053_000.wav,11,cpop,1,1510,0,eastern
1511,datasets/audios/eastern_sliced/cpop/cpop_054_000.wav,11,cpop,1,1511,0,eastern
1512,datasets/audios/eastern_sliced/cpop/cpop_055_000.wav,11,cpop,1,1512,0,eastern
1513,datasets/audios/eastern_sliced/cpop/cpop_056_000.wav,11,cpop,1,1513,0,eastern
1514,datasets/audios/eastern_sliced/cpop/cpop_057_000.wav,11,cpop,1,1514,0,eastern
1515,datasets/audios/eastern_sliced/cpop/cpop_058_000.wav,11,cpop,1,1515,0,eastern
1516,datasets/audios/eastern_sliced/cpop/cpop_059_000.wav,11,cpop,1,1516,0,eastern
1517,datasets/audios/eastern_sliced/cpop/cpop_060_000.wav,11,cpop,1,1517,0,eastern
1518,datasets/audios/eastern_sliced/cpop/cpop_061_000.wav,11,cpop,1,1518,0,eastern
1519,datasets/audios/eastern_sliced/cpop/cpop_062_000.wav,11,cpop,1,1519,0,eastern
1520,datasets/audios/eastern_sliced/cpop/cpop_063_000.wav,11,cpop,1,1520,0,eastern
1521,datasets/audios/eastern_sliced/cpop/cpop_064_000.wav,11,cpop,1,1521,0,eastern
1522,datasets/audios/eastern_sliced/cpop/cpop_065_000.wav,11,cpop,1,1522,0,eastern
1523,datasets/audios/eastern_sliced/cpop/cpop_066_000.wav,11,cpop,1,1523,0,eastern
1524,datasets/audios/eastern_sliced/cpop/cpop_067_000.wav,11,cpop,1,1524,0,eastern
1525,datasets/audios/eastern_sliced/cpop/cpop_068_000.wav,11,cpop,1,1525,0,eastern
1526,datasets/audios/eastern_sliced/cpop/cpop_069_000.wav,11,cpop,1,1526,0,eastern
1527,datasets/audios/eastern_sliced/cpop/cpop_070_000.wav,11,cpop,1,1527,0,eastern
1528,datasets/audios/eastern_sliced/cpop/cpop_071_000.wav,11,cpop,1,1528,0,eastern
1529,datasets/audios/eastern_sliced/cpop/cpop_072_000.wav,11,cpop,1,1529,0,eastern
1530,datasets/audios/eastern_sliced/cpop/cpop_073_000.wav,11,cpop,1,1530,0,eastern
1531,datasets/audios/eastern_sliced/cpop/cpop_074_000.wav,11,cpop,1,1531,0,eastern
1532,datasets/audios/eastern_sliced/cpop/cpop_075_000.wav,11,cpop,1,1532,0,eastern
1533,datasets/audios/eastern_sliced/cpop/cpop_076_000.wav,11,cpop,1,1533,0,eastern
1534,datasets/audios/eastern_sliced/cpop/cpop_077_000.wav,11,cpop,1,1534,0,eastern
1535,datasets/audios/eastern_sliced/cpop/cpop_078_000.wav,11,cpop,1,1535,0,eastern
1536,datasets/audios/eastern_sliced/cpop/cpop_079_000.wav,11,cpop,1,1536,0,eastern
1537,datasets/audios/eastern_sliced/cpop/cpop_080_000.wav,11,cpop,1,1537,0,eastern
1538,datasets/audios/eastern_sliced/cpop/cpop_081_000.wav,11,cpop,1,1538,0,eastern
1539,datasets/audios/eastern_sliced/cpop/cpop_082_000.wav,11,cpop,1,1539,0,eastern
1540,datasets/audios/eastern_sliced/cpop/cpop_083_000.wav,11,cpop,1,1540,0,eastern
1541,datasets/audios/eastern_sliced/cpop/cpop_084_000.wav,11,cpop,1,1541,0,eastern
1542,datasets/audios/eastern_sliced/cpop/cpop_085_000.wav,11,cpop,1,1542,0,eastern
1543,datasets/audios/eastern_sliced/cpop/cpop_086_000.wav,11,cpop,1,1543,0,eastern
1544,datasets/audios/eastern_sliced/cpop/cpop_087_000.wav,11,cpop,1,1544,0,eastern
1545,datasets/audios/eastern_sliced/cpop/cpop_088_000.wav,11,cpop,1,1545,0,eastern
1546,datasets/audios/eastern_sliced/cpop/cpop_089_000.wav,11,cpop,1,1546,0,eastern
1547,datasets/audios/eastern_sliced/cpop/cpop_090_000.wav,11,cpop,1,1547,0,eastern
1548,datasets/audios/eastern_sliced/cpop/cpop_091_000.wav,11,cpop,1,1548,0,eastern
1549,datasets/audios/eastern_sliced/cpop/cpop_092_000.wav,11,cpop,1,1549,0,eastern
1550,datasets/audios/eastern_sliced/cpop/cpop_093_000.wav,11,cpop,1,1550,0,eastern
1551,datasets/audios/eastern_sliced/cpop/cpop_094_000.wav,11,cpop,1,1551,0,eastern
1552,datasets/audios/eastern_sliced/cpop/cpop_095_000.wav,11,cpop,1,1552,0,eastern
1553,datasets/audios/eastern_sliced/cpop/cpop_096_000.wav,11,cpop,1,1553,0,eastern
1554,datasets/audios/eastern_sliced/cpop/cpop_097_000.wav,11,cpop,1,1554,0,eastern
1555,datasets/audios/eastern_sliced/cpop/cpop_098_000.wav,11,cpop,1,1555,0,eastern
1556,datasets/audios/eastern_sliced/cpop/cpop_099_000.wav,11,cpop,1,1556,0,eastern
1557,datasets/audios/eastern_sliced/enka/enka_000_000.wav,12,enka,2,1557,0,eastern
1558,datasets/audios/eastern_sliced/enka/enka_000_001.wav,12,enka,2,1558,0,eastern
1559,datasets/audios/eastern_sliced/enka/enka_000_002.wav,12,enka,2,1559,0,eastern
1560,datasets/audios/eastern_sliced/enka/enka_001_000.wav,12,enka,2,1560,0,eastern
1561,datasets/audios/eastern_sliced/enka/enka_001_001.wav,12,enka,2,1561,0,eastern
1562,datasets/audios/eastern_sliced/enka/enka_001_002.wav,12,enka,2,1562,0,eastern
1563,datasets/audios/eastern_sliced/enka/enka_002_000.wav,12,enka,2,1563,0,eastern
1564,datasets/audios/eastern_sliced/enka/enka_002_001.wav,12,enka,2,1564,0,eastern
1565,datasets/audios/eastern_sliced/enka/enka_002_002.wav,12,enka,2,1565,0,eastern
1566,datasets/audios/eastern_sliced/enka/enka_003_000.wav,12,enka,2,1566,0,eastern
1567,datasets/audios/eastern_sliced/enka/enka_003_001.wav,12,enka,2,1567,0,eastern
1568,datasets/audios/eastern_sliced/enka/enka_003_002.wav,12,enka,2,1568,0,eastern
1569,datasets/audios/eastern_sliced/enka/enka_004_000.wav,12,enka,2,1569,0,eastern
1570,datasets/audios/eastern_sliced/enka/enka_004_001.wav,12,enka,2,1570,0,eastern
1571,datasets/audios/eastern_sliced/enka/enka_004_002.wav,12,enka,2,1571,0,eastern
1572,datasets/audios/eastern_sliced/enka/enka_005_000.wav,12,enka,2,1572,0,eastern
1573,datasets/audios/eastern_sliced/enka/enka_005_001.wav,12,enka,2,1573,0,eastern
1574,datasets/audios/eastern_sliced/enka/enka_005_002.wav,12,enka,2,1574,0,eastern
1575,datasets/audios/eastern_sliced/enka/enka_006_000.wav,12,enka,2,1575,0,eastern
1576,datasets/audios/eastern_sliced/enka/enka_006_001.wav,12,enka,2,1576,0,eastern
1577,datasets/audios/eastern_sliced/enka/enka_006_002.wav,12,enka,2,1577,0,eastern
1578,datasets/audios/eastern_sliced/enka/enka_007_000.wav,12,enka,2,1578,0,eastern
1579,datasets/audios/eastern_sliced/enka/enka_007_001.wav,12,enka,2,1579,0,eastern
1580,datasets/audios/eastern_sliced/enka/enka_007_002.wav,12,enka,2,1580,0,eastern
1581,datasets/audios/eastern_sliced/enka/enka_008_000.wav,12,enka,2,1581,0,eastern
1582,datasets/audios/eastern_sliced/enka/enka_008_001.wav,12,enka,2,1582,0,eastern
1583,datasets/audios/eastern_sliced/enka/enka_008_002.wav,12,enka,2,1583,0,eastern
1584,datasets/audios/eastern_sliced/enka/enka_009_000.wav,12,enka,2,1584,0,eastern
1585,datasets/audios/eastern_sliced/enka/enka_009_001.wav,12,enka,2,1585,0,eastern
1586,datasets/audios/eastern_sliced/enka/enka_009_002.wav,12,enka,2,1586,0,eastern
1587,datasets/audios/eastern_sliced/enka/enka_010_000.wav,12,enka,2,1587,0,eastern
1588,datasets/audios/eastern_sliced/enka/enka_010_001.wav,12,enka,2,1588,0,eastern
1589,datasets/audios/eastern_sliced/enka/enka_010_002.wav,12,enka,2,1589,0,eastern
1590,datasets/audios/eastern_sliced/enka/enka_011_000.wav,12,enka,2,1590,0,eastern
1591,datasets/audios/eastern_sliced/enka/enka_011_001.wav,12,enka,2,1591,0,eastern
1592,datasets/audios/eastern_sliced/enka/enka_011_002.wav,12,enka,2,1592,0,eastern
1593,datasets/audios/eastern_sliced/enka/enka_012_000.wav,12,enka,2,1593,0,eastern
1594,datasets/audios/eastern_sliced/enka/enka_012_001.wav,12,enka,2,1594,0,eastern
1595,datasets/audios/eastern_sliced/enka/enka_012_002.wav,12,enka,2,1595,0,eastern
1596,datasets/audios/eastern_sliced/enka/enka_013_000.wav,12,enka,2,1596,0,eastern
1597,datasets/audios/eastern_sliced/enka/enka_013_001.wav,12,enka,2,1597,0,eastern
1598,datasets/audios/eastern_sliced/enka/enka_013_002.wav,12,enka,2,1598,0,eastern
1599,datasets/audios/eastern_sliced/enka/enka_014_000.wav,12,enka,2,1599,0,eastern
1600,datasets/audios/eastern_sliced/enka/enka_014_001.wav,12,enka,2,1600,0,eastern
1601,datasets/audios/eastern_sliced/enka/enka_014_002.wav,12,enka,2,1601,0,eastern
1602,datasets/audios/eastern_sliced/enka/enka_015_000.wav,12,enka,2,1602,0,eastern
1603,datasets/audios/eastern_sliced/enka/enka_015_001.wav,12,enka,2,1603,0,eastern
1604,datasets/audios/eastern_sliced/enka/enka_015_002.wav,12,enka,2,1604,0,eastern
1605,datasets/audios/eastern_sliced/enka/enka_016_000.wav,12,enka,2,1605,0,eastern
1606,datasets/audios/eastern_sliced/enka/enka_016_001.wav,12,enka,2,1606,0,eastern
1607,datasets/audios/eastern_sliced/enka/enka_016_002.wav,12,enka,2,1607,0,eastern
1608,datasets/audios/eastern_sliced/enka/enka_017_000.wav,12,enka,2,1608,0,eastern
1609,datasets/audios/eastern_sliced/enka/enka_017_001.wav,12,enka,2,1609,0,eastern
1610,datasets/audios/eastern_sliced/enka/enka_017_002.wav,12,enka,2,1610,0,eastern
1611,datasets/audios/eastern_sliced/enka/enka_018_000.wav,12,enka,2,1611,0,eastern
1612,datasets/audios/eastern_sliced/enka/enka_018_001.wav,12,enka,2,1612,0,eastern
1613,datasets/audios/eastern_sliced/enka/enka_018_002.wav,12,enka,2,1613,0,eastern
1614,datasets/audios/eastern_sliced/enka/enka_019_000.wav,12,enka,2,1614,0,eastern
1615,datasets/audios/eastern_sliced/enka/enka_019_001.wav,12,enka,2,1615,0,eastern
1616,datasets/audios/eastern_sliced/enka/enka_019_002.wav,12,enka,2,1616,0,eastern
1617,datasets/audios/eastern_sliced/enka/enka_020_000.wav,12,enka,2,1617,0,eastern
1618,datasets/audios/eastern_sliced/enka/enka_020_001.wav,12,enka,2,1618,0,eastern
1619,datasets/audios/eastern_sliced/enka/enka_020_002.wav,12,enka,2,1619,0,eastern
1620,datasets/audios/eastern_sliced/enka/enka_021_000.wav,12,enka,2,1620,0,eastern
1621,datasets/audios/eastern_sliced/enka/enka_021_001.wav,12,enka,2,1621,0,eastern
1622,datasets/audios/eastern_sliced/enka/enka_021_002.wav,12,enka,2,1622,0,eastern
1623,datasets/audios/eastern_sliced/enka/enka_022_000.wav,12,enka,2,1623,0,eastern
1624,datasets/audios/eastern_sliced/enka/enka_022_001.wav,12,enka,2,1624,0,eastern
1625,datasets/audios/eastern_sliced/enka/enka_022_002.wav,12,enka,2,1625,0,eastern
1626,datasets/audios/eastern_sliced/enka/enka_023_000.wav,12,enka,2,1626,0,eastern
1627,datasets/audios/eastern_sliced/enka/enka_023_001.wav,12,enka,2,1627,0,eastern
1628,datasets/audios/eastern_sliced/enka/enka_023_002.wav,12,enka,2,1628,0,eastern
1629,datasets/audios/eastern_sliced/enka/enka_024_000.wav,12,enka,2,1629,0,eastern
1630,datasets/audios/eastern_sliced/enka/enka_024_001.wav,12,enka,2,1630,0,eastern
1631,datasets/audios/eastern_sliced/enka/enka_024_002.wav,12,enka,2,1631,0,eastern
1632,datasets/audios/eastern_sliced/enka/enka_025_000.wav,12,enka,2,1632,0,eastern
1633,datasets/audios/eastern_sliced/enka/enka_025_001.wav,12,enka,2,1633,0,eastern
1634,datasets/audios/eastern_sliced/enka/enka_025_002.wav,12,enka,2,1634,0,eastern
1635,datasets/audios/eastern_sliced/enka/enka_026_000.wav,12,enka,2,1635,0,eastern
1636,datasets/audios/eastern_sliced/enka/enka_026_001.wav,12,enka,2,1636,0,eastern
1637,datasets/audios/eastern_sliced/enka/enka_026_002.wav,12,enka,2,1637,0,eastern
1638,datasets/audios/eastern_sliced/enka/enka_027_000.wav,12,enka,2,1638,0,eastern
1639,datasets/audios/eastern_sliced/enka/enka_027_001.wav,12,enka,2,1639,0,eastern
1640,datasets/audios/eastern_sliced/enka/enka_027_002.wav,12,enka,2,1640,0,eastern
1641,datasets/audios/eastern_sliced/enka/enka_028_000.wav,12,enka,2,1641,0,eastern
1642,datasets/audios/eastern_sliced/enka/enka_028_001.wav,12,enka,2,1642,0,eastern
1643,datasets/audios/eastern_sliced/enka/enka_028_002.wav,12,enka,2,1643,0,eastern
1644,datasets/audios/eastern_sliced/enka/enka_029_000.wav,12,enka,2,1644,0,eastern
1645,datasets/audios/eastern_sliced/enka/enka_029_001.wav,12,enka,2,1645,0,eastern
1646,datasets/audios/eastern_sliced/enka/enka_029_002.wav,12,enka,2,1646,0,eastern
1647,datasets/audios/eastern_sliced/enka/enka_030_000.wav,12,enka,2,1647,0,eastern
1648,datasets/audios/eastern_sliced/enka/enka_030_001.wav,12,enka,2,1648,0,eastern
1649,datasets/audios/eastern_sliced/enka/enka_030_002.wav,12,enka,2,1649,0,eastern
1650,datasets/audios/eastern_sliced/enka/enka_031_000.wav,12,enka,2,1650,0,eastern
1651,datasets/audios/eastern_sliced/enka/enka_031_001.wav,12,enka,2,1651,0,eastern
1652,datasets/audios/eastern_sliced/enka/enka_031_002.wav,12,enka,2,1652,0,eastern
1653,datasets/audios/eastern_sliced/enka/enka_032_000.wav,12,enka,2,1653,0,eastern
1654,datasets/audios/eastern_sliced/enka/enka_032_001.wav,12,enka,2,1654,0,eastern
1655,datasets/audios/eastern_sliced/enka/enka_032_002.wav,12,enka,2,1655,0,eastern
1656,datasets/audios/eastern_sliced/enka/enka_033_000.wav,12,enka,2,1656,0,eastern
1657,datasets/audios/eastern_sliced/enka/enka_033_001.wav,12,enka,2,1657,0,eastern
1658,datasets/audios/eastern_sliced/enka/enka_033_002.wav,12,enka,2,1658,0,eastern
1659,datasets/audios/eastern_sliced/enka/enka_034_000.wav,12,enka,2,1659,0,eastern
1660,datasets/audios/eastern_sliced/enka/enka_034_001.wav,12,enka,2,1660,0,eastern
1661,datasets/audios/eastern_sliced/enka/enka_034_002.wav,12,enka,2,1661,0,eastern
1662,datasets/audios/eastern_sliced/enka/enka_035_000.wav,12,enka,2,1662,0,eastern
1663,datasets/audios/eastern_sliced/enka/enka_035_001.wav,12,enka,2,1663,0,eastern
1664,datasets/audios/eastern_sliced/enka/enka_035_002.wav,12,enka,2,1664,0,eastern
1665,datasets/audios/eastern_sliced/enka/enka_036_000.wav,12,enka,2,1665,0,eastern
1666,datasets/audios/eastern_sliced/enka/enka_036_001.wav,12,enka,2,1666,0,eastern
1667,datasets/audios/eastern_sliced/enka/enka_036_002.wav,12,enka,2,1667,0,eastern
1668,datasets/audios/eastern_sliced/enka/enka_037_000.wav,12,enka,2,1668,0,eastern
1669,datasets/audios/eastern_sliced/enka/enka_037_001.wav,12,enka,2,1669,0,eastern
1670,datasets/audios/eastern_sliced/enka/enka_037_002.wav,12,enka,2,1670,0,eastern
1671,datasets/audios/eastern_sliced/enka/enka_038_000.wav,12,enka,2,1671,0,eastern
1672,datasets/audios/eastern_sliced/enka/enka_038_001.wav,12,enka,2,1672,0,eastern
1673,datasets/audios/eastern_sliced/enka/enka_038_002.wav,12,enka,2,1673,0,eastern
1674,datasets/audios/eastern_sliced/guqinguzheng/guqinguzheng_000_000.wav,13,guqinguzheng,3,1674,0,eastern
1675,datasets/audios/eastern_sliced/guqinguzheng/guqinguzheng_000_001.wav,13,guqinguzheng,3,1675,0,eastern
1676,datasets/audios/eastern_sliced/guqinguzheng/guqinguzheng_000_002.wav,13,guqinguzheng,3,1676,0,eastern
1677,datasets/audios/eastern_sliced/guqinguzheng/guqinguzheng_000_003.wav,13,guqinguzheng,3,1677,0,eastern
1678,datasets/audios/eastern_sliced/guqinguzheng/guqinguzheng_000_004.wav,13,guqinguzheng,3,1678,0,eastern
1679,datasets/audios/eastern_sliced/guqinguzheng/guqinguzheng_001_000.wav,13,guqinguzheng,3,1679,0,eastern
1680,datasets/audios/eastern_sliced/guqinguzheng/guqinguzheng_001_001.wav,13,guqinguzheng,3,1680,0,eastern
1681,datasets/audios/eastern_sliced/guqinguzheng/guqinguzheng_001_002.wav,13,guqinguzheng,3,1681,0,eastern
1682,datasets/audios/eastern_sliced/guqinguzheng/guqinguzheng_001_003.wav,13,guqinguzheng,3,1682,0,eastern
1683,datasets/audios/eastern_sliced/guqinguzheng/guqinguzheng_001_004.wav,13,guqinguzheng,3,1683,0,eastern
1684,datasets/audios/eastern_sliced/guqinguzheng/guqinguzheng_002_000.wav,13,guqinguzheng,3,1684,0,eastern
1685,datasets/audios/eastern_sliced/guqinguzheng/guqinguzheng_002_001.wav,13,guqinguzheng,3,1685,0,eastern
1686,datasets/audios/eastern_sliced/guqinguzheng/guqinguzheng_002_002.wav,13,guqinguzheng,3,1686,0,eastern
1687,datasets/audios/eastern_sliced/guqinguzheng/guqinguzheng_002_003.wav,13,guqinguzheng,3,1687,0,eastern
1688,datasets/audios/eastern_sliced/guqinguzheng/guqinguzheng_002_004.wav,13,guqinguzheng,3,1688,0,eastern
1689,datasets/audios/eastern_sliced/guqinguzheng/guqinguzheng_003_000.wav,13,guqinguzheng,3,1689,0,eastern
1690,datasets/audios/eastern_sliced/guqinguzheng/guqinguzheng_003_001.wav,13,guqinguzheng,3,1690,0,eastern
1691,datasets/audios/eastern_sliced/guqinguzheng/guqinguzheng_003_002.wav,13,guqinguzheng,3,1691,0,eastern
1692,datasets/audios/eastern_sliced/guqinguzheng/guqinguzheng_003_003.wav,13,guqinguzheng,3,1692,0,eastern
1693,datasets/audios/eastern_sliced/guqinguzheng/guqinguzheng_003_004.wav,13,guqinguzheng,3,1693,0,eastern
1694,datasets/audios/eastern_sliced/guqinguzheng/guqinguzheng_004_000.wav,13,guqinguzheng,3,1694,0,eastern
1695,datasets/audios/eastern_sliced/guqinguzheng/guqinguzheng_004_001.wav,13,guqinguzheng,3,1695,0,eastern
1696,datasets/audios/eastern_sliced/guqinguzheng/guqinguzheng_005_000.wav,13,guqinguzheng,3,1696,0,eastern
1697,datasets/audios/eastern_sliced/guqinguzheng/guqinguzheng_005_001.wav,13,guqinguzheng,3,1697,0,eastern
1698,datasets/audios/eastern_sliced/guqinguzheng/guqinguzheng_005_002.wav,13,guqinguzheng,3,1698,0,eastern
1699,datasets/audios/eastern_sliced/guqinguzheng/guqinguzheng_005_003.wav,13,guqinguzheng,3,1699,0,eastern
1700,datasets/audios/eastern_sliced/guqinguzheng/guqinguzheng_005_004.wav,13,guqinguzheng,3,1700,0,eastern
1701,datasets/audios/eastern_sliced/guqinguzheng/guqinguzheng_006_000.wav,13,guqinguzheng,3,1701,0,eastern
1702,datasets/audios/eastern_sliced/guqinguzheng/guqinguzheng_006_001.wav,13,guqinguzheng,3,1702,0,eastern
1703,datasets/audios/eastern_sliced/guqinguzheng/guqinguzheng_006_002.wav,13,guqinguzheng,3,1703,0,eastern
1704,datasets/audios/eastern_sliced/guqinguzheng/guqinguzheng_006_003.wav,13,guqinguzheng,3,1704,0,eastern
1705,datasets/audios/eastern_sliced/guqinguzheng/guqinguzheng_007_000.wav,13,guqinguzheng,3,1705,0,eastern
1706,datasets/audios/eastern_sliced/guqinguzheng/guqinguzheng_007_001.wav,13,guqinguzheng,3,1706,0,eastern
1707,datasets/audios/eastern_sliced/guqinguzheng/guqinguzheng_007_002.wav,13,guqinguzheng,3,1707,0,eastern
1708,datasets/audios/eastern_sliced/guqinguzheng/guqinguzheng_008_000.wav,13,guqinguzheng,3,1708,0,eastern
1709,datasets/audios/eastern_sliced/guqinguzheng/guqinguzheng_008_001.wav,13,guqinguzheng,3,1709,0,eastern
1710,datasets/audios/eastern_sliced/guqinguzheng/guqinguzheng_008_002.wav,13,guqinguzheng,3,1710,0,eastern
1711,datasets/audios/eastern_sliced/guqinguzheng/guqinguzheng_008_003.wav,13,guqinguzheng,3,1711,0,eastern
1712,datasets/audios/eastern_sliced/guqinguzheng/guqinguzheng_009_000.wav,13,guqinguzheng,3,1712,0,eastern
1713,datasets/audios/eastern_sliced/guqinguzheng/guqinguzheng_009_001.wav,13,guqinguzheng,3,1713,0,eastern
1714,datasets/audios/eastern_sliced/guqinguzheng/guqinguzheng_009_002.wav,13,guqinguzheng,3,1714,0,eastern
1715,datasets/audios/eastern_sliced/guqinguzheng/guqinguzheng_009_003.wav,13,guqinguzheng,3,1715,0,eastern
1716,datasets/audios/eastern_sliced/guqinguzheng/guqinguzheng_009_004.wav,13,guqinguzheng,3,1716,0,eastern
1717,datasets/audios/eastern_sliced/guqinguzheng/guqinguzheng_010_000.wav,13,guqinguzheng,3,1717,0,eastern
1718,datasets/audios/eastern_sliced/guqinguzheng/guqinguzheng_010_001.wav,13,guqinguzheng,3,1718,0,eastern
1719,datasets/audios/eastern_sliced/guqinguzheng/guqinguzheng_010_002.wav,13,guqinguzheng,3,1719,0,eastern
1720,datasets/audios/eastern_sliced/guqinguzheng/guqinguzheng_010_003.wav,13,guqinguzheng,3,1720,0,eastern
1721,datasets/audios/eastern_sliced/guqinguzheng/guqinguzheng_010_004.wav,13,guqinguzheng,3,1721,0,eastern
1722,datasets/audios/eastern_sliced/guqinguzheng/guqinguzheng_011_000.wav,13,guqinguzheng,3,1722,0,eastern
1723,datasets/audios/eastern_sliced/guqinguzheng/guqinguzheng_011_001.wav,13,guqinguzheng,3,1723,0,eastern
1724,datasets/audios/eastern_sliced/guqinguzheng/guqinguzheng_011_002.wav,13,guqinguzheng,3,1724,0,eastern
1725,datasets/audios/eastern_sliced/guqinguzheng/guqinguzheng_011_003.wav,13,guqinguzheng,3,1725,0,eastern
1726,datasets/audios/eastern_sliced/guqinguzheng/guqinguzheng_011_004.wav,13,guqinguzheng,3,1726,0,eastern
1727,datasets/audios/eastern_sliced/guqinguzheng/guqinguzheng_012_000.wav,13,guqinguzheng,3,1727,0,eastern
1728,datasets/audios/eastern_sliced/guqinguzheng/guqinguzheng_012_001.wav,13,guqinguzheng,3,1728,0,eastern
1729,datasets/audios/eastern_sliced/guqinguzheng/guqinguzheng_012_002.wav,13,guqinguzheng,3,1729,0,eastern
1730,datasets/audios/eastern_sliced/guqinguzheng/guqinguzheng_013_000.wav,13,guqinguzheng,3,1730,0,eastern
1731,datasets/audios/eastern_sliced/guqinguzheng/guqinguzheng_013_001.wav,13,guqinguzheng,3,1731,0,eastern
1732,datasets/audios/eastern_sliced/guqinguzheng/guqinguzheng_013_002.wav,13,guqinguzheng,3,1732,0,eastern
1733,datasets/audios/eastern_sliced/guqinguzheng/guqinguzheng_013_003.wav,13,guqinguzheng,3,1733,0,eastern
1734,datasets/audios/eastern_sliced/guqinguzheng/guqinguzheng_013_004.wav,13,guqinguzheng,3,1734,0,eastern
1735,datasets/audios/eastern_sliced/guqinguzheng/guqinguzheng_014_000.wav,13,guqinguzheng,3,1735,0,eastern
1736,datasets/audios/eastern_sliced/guqinguzheng/guqinguzheng_014_001.wav,13,guqinguzheng,3,1736,0,eastern
1737,datasets/audios/eastern_sliced/guqinguzheng/guqinguzheng_014_002.wav,13,guqinguzheng,3,1737,0,eastern
1738,datasets/audios/eastern_sliced/guqinguzheng/guqinguzheng_014_003.wav,13,guqinguzheng,3,1738,0,eastern
1739,datasets/audios/eastern_sliced/guqinguzheng/guqinguzheng_015_000.wav,13,guqinguzheng,3,1739,0,eastern
1740,datasets/audios/eastern_sliced/guqinguzheng/guqinguzheng_015_001.wav,13,guqinguzheng,3,1740,0,eastern
1741,datasets/audios/eastern_sliced/guqinguzheng/guqinguzheng_015_002.wav,13,guqinguzheng,3,1741,0,eastern
1742,datasets/audios/eastern_sliced/guqinguzheng/guqinguzheng_015_003.wav,13,guqinguzheng,3,1742,0,eastern
1743,datasets/audios/eastern_sliced/guqinguzheng/guqinguzheng_016_000.wav,13,guqinguzheng,3,1743,0,eastern
1744,datasets/audios/eastern_sliced/guqinguzheng/guqinguzheng_016_001.wav,13,guqinguzheng,3,1744,0,eastern
1745,datasets/audios/eastern_sliced/guqinguzheng/guqinguzheng_016_002.wav,13,guqinguzheng,3,1745,0,eastern
1746,datasets/audios/eastern_sliced/guqinguzheng/guqinguzheng_016_003.wav,13,guqinguzheng,3,1746,0,eastern
1747,datasets/audios/eastern_sliced/guqinguzheng/guqinguzheng_016_004.wav,13,guqinguzheng,3,1747,0,eastern
1748,datasets/audios/eastern_sliced/guqinguzheng/guqinguzheng_017_000.wav,13,guqinguzheng,3,1748,0,eastern
1749,datasets/audios/eastern_sliced/guqinguzheng/guqinguzheng_017_001.wav,13,guqinguzheng,3,1749,0,eastern
1750,datasets/audios/eastern_sliced/guqinguzheng/guqinguzheng_017_002.wav,13,guqinguzheng,3,1750,0,eastern
1751,datasets/audios/eastern_sliced/guqinguzheng/guqinguzheng_017_003.wav,13,guqinguzheng,3,1751,0,eastern
1752,datasets/audios/eastern_sliced/guqinguzheng/guqinguzheng_018_000.wav,13,guqinguzheng,3,1752,0,eastern
1753,datasets/audios/eastern_sliced/guqinguzheng/guqinguzheng_018_001.wav,13,guqinguzheng,3,1753,0,eastern
1754,datasets/audios/eastern_sliced/guqinguzheng/guqinguzheng_018_002.wav,13,guqinguzheng,3,1754,0,eastern
1755,datasets/audios/eastern_sliced/guqinguzheng/guqinguzheng_018_003.wav,13,guqinguzheng,3,1755,0,eastern
1756,datasets/audios/eastern_sliced/guqinguzheng/guqinguzheng_018_004.wav,13,guqinguzheng,3,1756,0,eastern
1757,datasets/audios/eastern_sliced/guqinguzheng/guqinguzheng_019_000.wav,13,guqinguzheng,3,1757,0,eastern
1758,datasets/audios/eastern_sliced/guqinguzheng/guqinguzheng_019_001.wav,13,guqinguzheng,3,1758,0,eastern
1759,datasets/audios/eastern_sliced/guqinguzheng/guqinguzheng_019_002.wav,13,guqinguzheng,3,1759,0,eastern
1760,datasets/audios/eastern_sliced/guqinguzheng/guqinguzheng_019_003.wav,13,guqinguzheng,3,1760,0,eastern
1761,datasets/audios/eastern_sliced/guqinguzheng/guqinguzheng_019_004.wav,13,guqinguzheng,3,1761,0,eastern
1762,datasets/audios/eastern_sliced/guqinguzheng/guqinguzheng_020_000.wav,13,guqinguzheng,3,1762,0,eastern
1763,datasets/audios/eastern_sliced/guqinguzheng/guqinguzheng_020_001.wav,13,guqinguzheng,3,1763,0,eastern
1764,datasets/audios/eastern_sliced/guqinguzheng/guqinguzheng_020_002.wav,13,guqinguzheng,3,1764,0,eastern
1765,datasets/audios/eastern_sliced/guqinguzheng/guqinguzheng_020_003.wav,13,guqinguzheng,3,1765,0,eastern
1766,datasets/audios/eastern_sliced/guqinguzheng/guqinguzheng_020_004.wav,13,guqinguzheng,3,1766,0,eastern
1767,datasets/audios/eastern_sliced/guqinguzheng/guqinguzheng_021_000.wav,13,guqinguzheng,3,1767,0,eastern
1768,datasets/audios/eastern_sliced/guqinguzheng/guqinguzheng_021_001.wav,13,guqinguzheng,3,1768,0,eastern
1769,datasets/audios/eastern_sliced/guqinguzheng/guqinguzheng_021_002.wav,13,guqinguzheng,3,1769,0,eastern
1770,datasets/audios/eastern_sliced/guqinguzheng/guqinguzheng_021_003.wav,13,guqinguzheng,3,1770,0,eastern
1771,datasets/audios/eastern_sliced/guqinguzheng/guqinguzheng_022_000.wav,13,guqinguzheng,3,1771,0,eastern
1772,datasets/audios/eastern_sliced/guqinguzheng/guqinguzheng_022_001.wav,13,guqinguzheng,3,1772,0,eastern
1773,datasets/audios/eastern_sliced/guqinguzheng/guqinguzheng_022_002.wav,13,guqinguzheng,3,1773,0,eastern
1774,datasets/audios/eastern_sliced/guqinguzheng/guqinguzheng_022_003.wav,13,guqinguzheng,3,1774,0,eastern
1775,datasets/audios/eastern_sliced/guqinguzheng/guqinguzheng_023_000.wav,13,guqinguzheng,3,1775,0,eastern
1776,datasets/audios/eastern_sliced/guqinguzheng/guqinguzheng_023_001.wav,13,guqinguzheng,3,1776,0,eastern
1777,datasets/audios/eastern_sliced/guqinguzheng/guqinguzheng_024_000.wav,13,guqinguzheng,3,1777,0,eastern
1778,datasets/audios/eastern_sliced/guqinguzheng/guqinguzheng_024_001.wav,13,guqinguzheng,3,1778,0,eastern
1779,datasets/audios/eastern_sliced/guqinguzheng/guqinguzheng_024_002.wav,13,guqinguzheng,3,1779,0,eastern
1780,datasets/audios/eastern_sliced/guqinguzheng/guqinguzheng_024_003.wav,13,guqinguzheng,3,1780,0,eastern
1781,datasets/audios/eastern_sliced/guqinguzheng/guqinguzheng_024_004.wav,13,guqinguzheng,3,1781,0,eastern
1782,datasets/audios/eastern_sliced/guqinguzheng/guqinguzheng_025_000.wav,13,guqinguzheng,3,1782,0,eastern
1783,datasets/audios/eastern_sliced/guqinguzheng/guqinguzheng_025_001.wav,13,guqinguzheng,3,1783,0,eastern
1784,datasets/audios/eastern_sliced/guqinguzheng/guqinguzheng_025_002.wav,13,guqinguzheng,3,1784,0,eastern
1785,datasets/audios/eastern_sliced/guqinguzheng/guqinguzheng_025_003.wav,13,guqinguzheng,3,1785,0,eastern
1786,datasets/audios/eastern_sliced/guqinguzheng/guqinguzheng_025_004.wav,13,guqinguzheng,3,1786,0,eastern
1787,datasets/audios/eastern_sliced/guqinguzheng/guqinguzheng_026_000.wav,13,guqinguzheng,3,1787,0,eastern
1788,datasets/audios/eastern_sliced/guqinguzheng/guqinguzheng_026_001.wav,13,guqinguzheng,3,1788,0,eastern
1789,datasets/audios/eastern_sliced/guqinguzheng/guqinguzheng_026_002.wav,13,guqinguzheng,3,1789,0,eastern
1790,datasets/audios/eastern_sliced/guqinguzheng/guqinguzheng_026_003.wav,13,guqinguzheng,3,1790,0,eastern
1791,datasets/audios/eastern_sliced/guqinguzheng/guqinguzheng_026_004.wav,13,guqinguzheng,3,1791,0,eastern
1792,datasets/audios/eastern_sliced/guqinguzheng/guqinguzheng_027_000.wav,13,guqinguzheng,3,1792,0,eastern
1793,datasets/audios/eastern_sliced/guqinguzheng/guqinguzheng_027_001.wav,13,guqinguzheng,3,1793,0,eastern
1794,datasets/audios/eastern_sliced/guqinguzheng/guqinguzheng_027_002.wav,13,guqinguzheng,3,1794,0,eastern
1795,datasets/audios/eastern_sliced/guqinguzheng/guqinguzheng_027_003.wav,13,guqinguzheng,3,1795,0,eastern
1796,datasets/audios/eastern_sliced/guqinguzheng/guqinguzheng_027_004.wav,13,guqinguzheng,3,1796,0,eastern
1797,datasets/audios/eastern_sliced/guqinguzheng/guqinguzheng_028_000.wav,13,guqinguzheng,3,1797,0,eastern
1798,datasets/audios/eastern_sliced/guqinguzheng/guqinguzheng_028_001.wav,13,guqinguzheng,3,1798,0,eastern
1799,datasets/audios/eastern_sliced/guqinguzheng/guqinguzheng_029_000.wav,13,guqinguzheng,3,1799,0,eastern
1800,datasets/audios/eastern_sliced/guqinguzheng/guqinguzheng_029_001.wav,13,guqinguzheng,3,1800,0,eastern
1801,datasets/audios/eastern_sliced/guqinguzheng/guqinguzheng_029_002.wav,13,guqinguzheng,3,1801,0,eastern
1802,datasets/audios/eastern_sliced/guqinguzheng/guqinguzheng_029_003.wav,13,guqinguzheng,3,1802,0,eastern
1803,datasets/audios/eastern_sliced/guqinguzheng/guqinguzheng_030_000.wav,13,guqinguzheng,3,1803,0,eastern
1804,datasets/audios/eastern_sliced/guqinguzheng/guqinguzheng_030_001.wav,13,guqinguzheng,3,1804,0,eastern
1805,datasets/audios/eastern_sliced/guqinguzheng/guqinguzheng_030_002.wav,13,guqinguzheng,3,1805,0,eastern
1806,datasets/audios/eastern_sliced/guqinguzheng/guqinguzheng_030_003.wav,13,guqinguzheng,3,1806,0,eastern
1807,datasets/audios/eastern_sliced/guqinguzheng/guqinguzheng_030_004.wav,13,guqinguzheng,3,1807,0,eastern
1808,datasets/audios/eastern_sliced/guqinguzheng/guqinguzheng_031_000.wav,13,guqinguzheng,3,1808,0,eastern
1809,datasets/audios/eastern_sliced/guqinguzheng/guqinguzheng_031_001.wav,13,guqinguzheng,3,1809,0,eastern
1810,datasets/audios/eastern_sliced/guqinguzheng/guqinguzheng_031_002.wav,13,guqinguzheng,3,1810,0,eastern
1811,datasets/audios/eastern_sliced/guqinguzheng/guqinguzheng_031_003.wav,13,guqinguzheng,3,1811,0,eastern
1812,datasets/audios/eastern_sliced/guqinguzheng/guqinguzheng_031_004.wav,13,guqinguzheng,3,1812,0,eastern
1813,datasets/audios/eastern_sliced/guqinguzheng/guqinguzheng_032_000.wav,13,guqinguzheng,3,1813,0,eastern
1814,datasets/audios/eastern_sliced/guqinguzheng/guqinguzheng_032_001.wav,13,guqinguzheng,3,1814,0,eastern
1815,datasets/audios/eastern_sliced/guqinguzheng/guqinguzheng_033_000.wav,13,guqinguzheng,3,1815,0,eastern
1816,datasets/audios/eastern_sliced/guqinguzheng/guqinguzheng_033_001.wav,13,guqinguzheng,3,1816,0,eastern
1817,datasets/audios/eastern_sliced/guqinguzheng/guqinguzheng_033_002.wav,13,guqinguzheng,3,1817,0,eastern
1818,datasets/audios/eastern_sliced/guqinguzheng/guqinguzheng_033_003.wav,13,guqinguzheng,3,1818,0,eastern
1819,datasets/audios/eastern_sliced/guqinguzheng/guqinguzheng_033_004.wav,13,guqinguzheng,3,1819,0,eastern
1820,datasets/audios/eastern_sliced/guqinguzheng/guqinguzheng_034_000.wav,13,guqinguzheng,3,1820,0,eastern
1821,datasets/audios/eastern_sliced/guqinguzheng/guqinguzheng_034_001.wav,13,guqinguzheng,3,1821,0,eastern
1822,datasets/audios/eastern_sliced/guqinguzheng/guqinguzheng_034_002.wav,13,guqinguzheng,3,1822,0,eastern
1823,datasets/audios/eastern_sliced/guqinguzheng/guqinguzheng_034_003.wav,13,guqinguzheng,3,1823,0,eastern
1824,datasets/audios/eastern_sliced/guqinguzheng/guqinguzheng_034_004.wav,13,guqinguzheng,3,1824,0,eastern
1825,datasets/audios/eastern_sliced/guqinguzheng/guqinguzheng_035_000.wav,13,guqinguzheng,3,1825,0,eastern
1826,datasets/audios/eastern_sliced/guqinguzheng/guqinguzheng_035_001.wav,13,guqinguzheng,3,1826,0,eastern
1827,datasets/audios/eastern_sliced/guqinguzheng/guqinguzheng_035_002.wav,13,guqinguzheng,3,1827,0,eastern
1828,datasets/audios/eastern_sliced/guqinguzheng/guqinguzheng_035_003.wav,13,guqinguzheng,3,1828,0,eastern
1829,datasets/audios/eastern_sliced/guqinguzheng/guqinguzheng_035_004.wav,13,guqinguzheng,3,1829,0,eastern
1830,datasets/audios/eastern_sliced/guqinguzheng/guqinguzheng_036_000.wav,13,guqinguzheng,3,1830,0,eastern
1831,datasets/audios/eastern_sliced/guqinguzheng/guqinguzheng_036_001.wav,13,guqinguzheng,3,1831,0,eastern
1832,datasets/audios/eastern_sliced/guqinguzheng/guqinguzheng_036_002.wav,13,guqinguzheng,3,1832,0,eastern
1833,datasets/audios/eastern_sliced/guqinguzheng/guqinguzheng_036_003.wav,13,guqinguzheng,3,1833,0,eastern
1834,datasets/audios/eastern_sliced/guqinguzheng/guqinguzheng_037_000.wav,13,guqinguzheng,3,1834,0,eastern
1835,datasets/audios/eastern_sliced/guqinguzheng/guqinguzheng_037_001.wav,13,guqinguzheng,3,1835,0,eastern
1836,datasets/audios/eastern_sliced/guqinguzheng/guqinguzheng_037_002.wav,13,guqinguzheng,3,1836,0,eastern
1837,datasets/audios/eastern_sliced/guqinguzheng/guqinguzheng_037_003.wav,13,guqinguzheng,3,1837,0,eastern
1838,datasets/audios/eastern_sliced/guqinguzheng/guqinguzheng_037_004.wav,13,guqinguzheng,3,1838,0,eastern
1839,datasets/audios/eastern_sliced/guqinguzheng/guqinguzheng_038_000.wav,13,guqinguzheng,3,1839,0,eastern
1840,datasets/audios/eastern_sliced/guqinguzheng/guqinguzheng_038_001.wav,13,guqinguzheng,3,1840,0,eastern
1841,datasets/audios/eastern_sliced/guqinguzheng/guqinguzheng_038_002.wav,13,guqinguzheng,3,1841,0,eastern
1842,datasets/audios/eastern_sliced/guqinguzheng/guqinguzheng_038_003.wav,13,guqinguzheng,3,1842,0,eastern
1843,datasets/audios/eastern_sliced/guqinguzheng/guqinguzheng_038_004.wav,13,guqinguzheng,3,1843,0,eastern
1844,datasets/audios/eastern_sliced/guqinguzheng/guqinguzheng_039_000.wav,13,guqinguzheng,3,1844,0,eastern
1845,datasets/audios/eastern_sliced/guqinguzheng/guqinguzheng_039_001.wav,13,guqinguzheng,3,1845,0,eastern
1846,datasets/audios/eastern_sliced/guqinguzheng/guqinguzheng_039_002.wav,13,guqinguzheng,3,1846,0,eastern
1847,datasets/audios/eastern_sliced/guqinguzheng/guqinguzheng_039_003.wav,13,guqinguzheng,3,1847,0,eastern
1848,datasets/audios/eastern_sliced/guqinguzheng/guqinguzheng_039_004.wav,13,guqinguzheng,3,1848,0,eastern
1849,datasets/audios/eastern_sliced/guqinguzheng/guqinguzheng_040_000.wav,13,guqinguzheng,3,1849,0,eastern
1850,datasets/audios/eastern_sliced/guqinguzheng/guqinguzheng_040_001.wav,13,guqinguzheng,3,1850,0,eastern
1851,datasets/audios/eastern_sliced/guqinguzheng/guqinguzheng_040_002.wav,13,guqinguzheng,3,1851,0,eastern
1852,datasets/audios/eastern_sliced/guqinguzheng/guqinguzheng_040_003.wav,13,guqinguzheng,3,1852,0,eastern
1853,datasets/audios/eastern_sliced/guqinguzheng/guqinguzheng_040_004.wav,13,guqinguzheng,3,1853,0,eastern
1854,datasets/audios/eastern_sliced/guqinguzheng/guqinguzheng_041_000.wav,13,guqinguzheng,3,1854,0,eastern
1855,datasets/audios/eastern_sliced/guqinguzheng/guqinguzheng_041_001.wav,13,guqinguzheng,3,1855,0,eastern
1856,datasets/audios/eastern_sliced/guqinguzheng/guqinguzheng_041_002.wav,13,guqinguzheng,3,1856,0,eastern
1857,datasets/audios/eastern_sliced/guqinguzheng/guqinguzheng_041_003.wav,13,guqinguzheng,3,1857,0,eastern
1858,datasets/audios/eastern_sliced/guqinguzheng/guqinguzheng_042_000.wav,13,guqinguzheng,3,1858,0,eastern
1859,datasets/audios/eastern_sliced/guqinguzheng/guqinguzheng_042_001.wav,13,guqinguzheng,3,1859,0,eastern
1860,datasets/audios/eastern_sliced/guqinguzheng/guqinguzheng_042_002.wav,13,guqinguzheng,3,1860,0,eastern
1861,datasets/audios/eastern_sliced/guqinguzheng/guqinguzheng_042_003.wav,13,guqinguzheng,3,1861,0,eastern
1862,datasets/audios/eastern_sliced/guqinguzheng/guqinguzheng_042_004.wav,13,guqinguzheng,3,1862,0,eastern
1863,datasets/audios/eastern_sliced/guqinguzheng/guqinguzheng_043_000.wav,13,guqinguzheng,3,1863,0,eastern
1864,datasets/audios/eastern_sliced/guqinguzheng/guqinguzheng_043_001.wav,13,guqinguzheng,3,1864,0,eastern
1865,datasets/audios/eastern_sliced/guqinguzheng/guqinguzheng_043_002.wav,13,guqinguzheng,3,1865,0,eastern
1866,datasets/audios/eastern_sliced/guqinguzheng/guqinguzheng_043_003.wav,13,guqinguzheng,3,1866,0,eastern
1867,datasets/audios/eastern_sliced/guqinguzheng/guqinguzheng_044_000.wav,13,guqinguzheng,3,1867,0,eastern
1868,datasets/audios/eastern_sliced/guqinguzheng/guqinguzheng_044_001.wav,13,guqinguzheng,3,1868,0,eastern
1869,datasets/audios/eastern_sliced/guqinguzheng/guqinguzheng_044_002.wav,13,guqinguzheng,3,1869,0,eastern
1870,datasets/audios/eastern_sliced/guqinguzheng/guqinguzheng_044_003.wav,13,guqinguzheng,3,1870,0,eastern
1871,datasets/audios/eastern_sliced/guqinguzheng/guqinguzheng_045_000.wav,13,guqinguzheng,3,1871,0,eastern
1872,datasets/audios/eastern_sliced/guqinguzheng/guqinguzheng_045_001.wav,13,guqinguzheng,3,1872,0,eastern
1873,datasets/audios/eastern_sliced/guqinguzheng/guqinguzheng_045_002.wav,13,guqinguzheng,3,1873,0,eastern
1874,datasets/audios/eastern_sliced/guqinguzheng/guqinguzheng_045_003.wav,13,guqinguzheng,3,1874,0,eastern
1875,datasets/audios/eastern_sliced/guqinguzheng/guqinguzheng_045_004.wav,13,guqinguzheng,3,1875,0,eastern
1876,datasets/audios/eastern_sliced/guqinguzheng/guqinguzheng_046_000.wav,13,guqinguzheng,3,1876,0,eastern
1877,datasets/audios/eastern_sliced/guqinguzheng/guqinguzheng_046_001.wav,13,guqinguzheng,3,1877,0,eastern
1878,datasets/audios/eastern_sliced/guqinguzheng/guqinguzheng_046_002.wav,13,guqinguzheng,3,1878,0,eastern
1879,datasets/audios/eastern_sliced/guqinguzheng/guqinguzheng_046_003.wav,13,guqinguzheng,3,1879,0,eastern
1880,datasets/audios/eastern_sliced/guqinguzheng/guqinguzheng_046_004.wav,13,guqinguzheng,3,1880,0,eastern
1881,datasets/audios/eastern_sliced/guqinguzheng/guqinguzheng_047_000.wav,13,guqinguzheng,3,1881,0,eastern
1882,datasets/audios/eastern_sliced/guqinguzheng/guqinguzheng_047_001.wav,13,guqinguzheng,3,1882,0,eastern
1883,datasets/audios/eastern_sliced/guqinguzheng/guqinguzheng_048_000.wav,13,guqinguzheng,3,1883,0,eastern
1884,datasets/audios/eastern_sliced/guqinguzheng/guqinguzheng_048_001.wav,13,guqinguzheng,3,1884,0,eastern
1885,datasets/audios/eastern_sliced/guqinguzheng/guqinguzheng_048_002.wav,13,guqinguzheng,3,1885,0,eastern
1886,datasets/audios/eastern_sliced/guqinguzheng/guqinguzheng_048_003.wav,13,guqinguzheng,3,1886,0,eastern
1887,datasets/audios/eastern_sliced/guqinguzheng/guqinguzheng_049_000.wav,13,guqinguzheng,3,1887,0,eastern
1888,datasets/audios/eastern_sliced/guqinguzheng/guqinguzheng_049_001.wav,13,guqinguzheng,3,1888,0,eastern
1889,datasets/audios/eastern_sliced/guqinguzheng/guqinguzheng_049_002.wav,13,guqinguzheng,3,1889,0,eastern
1890,datasets/audios/eastern_sliced/guqinguzheng/guqinguzheng_049_003.wav,13,guqinguzheng,3,1890,0,eastern
1891,datasets/audios/eastern_sliced/guqinguzheng/guqinguzheng_050_000.wav,13,guqinguzheng,3,1891,0,eastern
1892,datasets/audios/eastern_sliced/guqinguzheng/guqinguzheng_050_001.wav,13,guqinguzheng,3,1892,0,eastern
1893,datasets/audios/eastern_sliced/guqinguzheng/guqinguzheng_050_002.wav,13,guqinguzheng,3,1893,0,eastern
1894,datasets/audios/eastern_sliced/guqinguzheng/guqinguzheng_050_003.wav,13,guqinguzheng,3,1894,0,eastern
1895,datasets/audios/eastern_sliced/guqinguzheng/guqinguzheng_051_000.wav,13,guqinguzheng,3,1895,0,eastern
1896,datasets/audios/eastern_sliced/guqinguzheng/guqinguzheng_051_001.wav,13,guqinguzheng,3,1896,0,eastern
1897,datasets/audios/eastern_sliced/guqinguzheng/guqinguzheng_051_002.wav,13,guqinguzheng,3,1897,0,eastern
1898,datasets/audios/eastern_sliced/guqinguzheng/guqinguzheng_052_000.wav,13,guqinguzheng,3,1898,0,eastern
1899,datasets/audios/eastern_sliced/guqinguzheng/guqinguzheng_052_001.wav,13,guqinguzheng,3,1899,0,eastern
1900,datasets/audios/eastern_sliced/guqinguzheng/guqinguzheng_052_002.wav,13,guqinguzheng,3,1900,0,eastern
1901,datasets/audios/eastern_sliced/guqinguzheng/guqinguzheng_052_003.wav,13,guqinguzheng,3,1901,0,eastern
1902,datasets/audios/eastern_sliced/guqinguzheng/guqinguzheng_052_004.wav,13,guqinguzheng,3,1902,0,eastern
1903,datasets/audios/eastern_sliced/guqinguzheng/guqinguzheng_053_000.wav,13,guqinguzheng,3,1903,0,eastern
1904,datasets/audios/eastern_sliced/guqinguzheng/guqinguzheng_053_001.wav,13,guqinguzheng,3,1904,0,eastern
1905,datasets/audios/eastern_sliced/guqinguzheng/guqinguzheng_053_002.wav,13,guqinguzheng,3,1905,0,eastern
1906,datasets/audios/eastern_sliced/guqinguzheng/guqinguzheng_053_003.wav,13,guqinguzheng,3,1906,0,eastern
1907,datasets/audios/eastern_sliced/guqinguzheng/guqinguzheng_053_004.wav,13,guqinguzheng,3,1907,0,eastern
1908,datasets/audios/eastern_sliced/guqinguzheng/guqinguzheng_054_000.wav,13,guqinguzheng,3,1908,0,eastern
1909,datasets/audios/eastern_sliced/guqinguzheng/guqinguzheng_054_001.wav,13,guqinguzheng,3,1909,0,eastern
1910,datasets/audios/eastern_sliced/guqinguzheng/guqinguzheng_054_002.wav,13,guqinguzheng,3,1910,0,eastern
1911,datasets/audios/eastern_sliced/guqinguzheng/guqinguzheng_054_003.wav,13,guqinguzheng,3,1911,0,eastern
1912,datasets/audios/eastern_sliced/guqinguzheng/guqinguzheng_054_004.wav,13,guqinguzheng,3,1912,0,eastern
1913,datasets/audios/eastern_sliced/guqinguzheng/guqinguzheng_055_000.wav,13,guqinguzheng,3,1913,0,eastern
1914,datasets/audios/eastern_sliced/guqinguzheng/guqinguzheng_055_001.wav,13,guqinguzheng,3,1914,0,eastern
1915,datasets/audios/eastern_sliced/guqinguzheng/guqinguzheng_055_002.wav,13,guqinguzheng,3,1915,0,eastern
1916,datasets/audios/eastern_sliced/guqinguzheng/guqinguzheng_055_003.wav,13,guqinguzheng,3,1916,0,eastern
1917,datasets/audios/eastern_sliced/guqinguzheng/guqinguzheng_055_004.wav,13,guqinguzheng,3,1917,0,eastern
1918,datasets/audios/eastern_sliced/guqinguzheng/guqinguzheng_056_000.wav,13,guqinguzheng,3,1918,0,eastern
1919,datasets/audios/eastern_sliced/guqinguzheng/guqinguzheng_056_001.wav,13,guqinguzheng,3,1919,0,eastern
1920,datasets/audios/eastern_sliced/guqinguzheng/guqinguzheng_056_002.wav,13,guqinguzheng,3,1920,0,eastern
1921,datasets/audios/eastern_sliced/guqinguzheng/guqinguzheng_057_000.wav,13,guqinguzheng,3,1921,0,eastern
1922,datasets/audios/eastern_sliced/guqinguzheng/guqinguzheng_057_001.wav,13,guqinguzheng,3,1922,0,eastern
1923,datasets/audios/eastern_sliced/guqinguzheng/guqinguzheng_057_002.wav,13,guqinguzheng,3,1923,0,eastern
1924,datasets/audios/eastern_sliced/guqinguzheng/guqinguzheng_057_003.wav,13,guqinguzheng,3,1924,0,eastern
1925,datasets/audios/eastern_sliced/guqinguzheng/guqinguzheng_057_004.wav,13,guqinguzheng,3,1925,0,eastern
1926,datasets/audios/eastern_sliced/guqinguzheng/guqinguzheng_058_000.wav,13,guqinguzheng,3,1926,0,eastern
1927,datasets/audios/eastern_sliced/guqinguzheng/guqinguzheng_058_001.wav,13,guqinguzheng,3,1927,0,eastern
1928,datasets/audios/eastern_sliced/guqinguzheng/guqinguzheng_058_002.wav,13,guqinguzheng,3,1928,0,eastern
1929,datasets/audios/eastern_sliced/guqinguzheng/guqinguzheng_058_003.wav,13,guqinguzheng,3,1929,0,eastern
1930,datasets/audios/eastern_sliced/guqinguzheng/guqinguzheng_059_000.wav,13,guqinguzheng,3,1930,0,eastern
1931,datasets/audios/eastern_sliced/guqinguzheng/guqinguzheng_059_001.wav,13,guqinguzheng,3,1931,0,eastern
1932,datasets/audios/eastern_sliced/guqinguzheng/guqinguzheng_059_002.wav,13,guqinguzheng,3,1932,0,eastern
1933,datasets/audios/eastern_sliced/guqinguzheng/guqinguzheng_060_000.wav,13,guqinguzheng,3,1933,0,eastern
1934,datasets/audios/eastern_sliced/guqinguzheng/guqinguzheng_060_001.wav,13,guqinguzheng,3,1934,0,eastern
1935,datasets/audios/eastern_sliced/guqinguzheng/guqinguzheng_060_002.wav,13,guqinguzheng,3,1935,0,eastern
1936,datasets/audios/eastern_sliced/guqinguzheng/guqinguzheng_060_003.wav,13,guqinguzheng,3,1936,0,eastern
1937,datasets/audios/eastern_sliced/guqinguzheng/guqinguzheng_060_004.wav,13,guqinguzheng,3,1937,0,eastern
1938,datasets/audios/eastern_sliced/guqinguzheng/guqinguzheng_061_000.wav,13,guqinguzheng,3,1938,0,eastern
1939,datasets/audios/eastern_sliced/guqinguzheng/guqinguzheng_061_001.wav,13,guqinguzheng,3,1939,0,eastern
1940,datasets/audios/eastern_sliced/guqinguzheng/guqinguzheng_061_002.wav,13,guqinguzheng,3,1940,0,eastern
1941,datasets/audios/eastern_sliced/guqinguzheng/guqinguzheng_062_000.wav,13,guqinguzheng,3,1941,0,eastern
1942,datasets/audios/eastern_sliced/guqinguzheng/guqinguzheng_062_001.wav,13,guqinguzheng,3,1942,0,eastern
1943,datasets/audios/eastern_sliced/guqinguzheng/guqinguzheng_062_002.wav,13,guqinguzheng,3,1943,0,eastern
1944,datasets/audios/eastern_sliced/guqinguzheng/guqinguzheng_062_003.wav,13,guqinguzheng,3,1944,0,eastern
1945,datasets/audios/eastern_sliced/guqinguzheng/guqinguzheng_062_004.wav,13,guqinguzheng,3,1945,0,eastern
1946,datasets/audios/eastern_sliced/guqinguzheng/guqinguzheng_063_000.wav,13,guqinguzheng,3,1946,0,eastern
1947,datasets/audios/eastern_sliced/guqinguzheng/guqinguzheng_063_001.wav,13,guqinguzheng,3,1947,0,eastern
1948,datasets/audios/eastern_sliced/guqinguzheng/guqinguzheng_063_002.wav,13,guqinguzheng,3,1948,0,eastern
1949,datasets/audios/eastern_sliced/guqinguzheng/guqinguzheng_063_003.wav,13,guqinguzheng,3,1949,0,eastern
1950,datasets/audios/eastern_sliced/guqinguzheng/guqinguzheng_064_000.wav,13,guqinguzheng,3,1950,0,eastern
1951,datasets/audios/eastern_sliced/guqinguzheng/guqinguzheng_064_001.wav,13,guqinguzheng,3,1951,0,eastern
1952,datasets/audios/eastern_sliced/guqinguzheng/guqinguzheng_064_002.wav,13,guqinguzheng,3,1952,0,eastern
1953,datasets/audios/eastern_sliced/guqinguzheng/guqinguzheng_064_003.wav,13,guqinguzheng,3,1953,0,eastern
1954,datasets/audios/eastern_sliced/guqinguzheng/guqinguzheng_064_004.wav,13,guqinguzheng,3,1954,0,eastern
1955,datasets/audios/eastern_sliced/guqinguzheng/guqinguzheng_065_000.wav,13,guqinguzheng,3,1955,0,eastern
1956,datasets/audios/eastern_sliced/guqinguzheng/guqinguzheng_065_001.wav,13,guqinguzheng,3,1956,0,eastern
1957,datasets/audios/eastern_sliced/guqinguzheng/guqinguzheng_065_002.wav,13,guqinguzheng,3,1957,0,eastern
1958,datasets/audios/eastern_sliced/guqinguzheng/guqinguzheng_065_003.wav,13,guqinguzheng,3,1958,0,eastern
1959,datasets/audios/eastern_sliced/guqinguzheng/guqinguzheng_066_000.wav,13,guqinguzheng,3,1959,0,eastern
1960,datasets/audios/eastern_sliced/guqinguzheng/guqinguzheng_066_001.wav,13,guqinguzheng,3,1960,0,eastern
1961,datasets/audios/eastern_sliced/guqinguzheng/guqinguzheng_066_002.wav,13,guqinguzheng,3,1961,0,eastern
1962,datasets/audios/eastern_sliced/guqinguzheng/guqinguzheng_066_003.wav,13,guqinguzheng,3,1962,0,eastern
1963,datasets/audios/eastern_sliced/guqinguzheng/guqinguzheng_066_004.wav,13,guqinguzheng,3,1963,0,eastern
1964,datasets/audios/eastern_sliced/guqinguzheng/guqinguzheng_067_000.wav,13,guqinguzheng,3,1964,0,eastern
1965,datasets/audios/eastern_sliced/guqinguzheng/guqinguzheng_067_001.wav,13,guqinguzheng,3,1965,0,eastern
1966,datasets/audios/eastern_sliced/guqinguzheng/guqinguzheng_067_002.wav,13,guqinguzheng,3,1966,0,eastern
1967,datasets/audios/eastern_sliced/guqinguzheng/guqinguzheng_067_003.wav,13,guqinguzheng,3,1967,0,eastern
1968,datasets/audios/eastern_sliced/guqinguzheng/guqinguzheng_067_004.wav,13,guqinguzheng,3,1968,0,eastern
1969,datasets/audios/eastern_sliced/guqinguzheng/guqinguzheng_068_000.wav,13,guqinguzheng,3,1969,0,eastern
1970,datasets/audios/eastern_sliced/guqinguzheng/guqinguzheng_068_001.wav,13,guqinguzheng,3,1970,0,eastern
1971,datasets/audios/eastern_sliced/guqinguzheng/guqinguzheng_068_002.wav,13,guqinguzheng,3,1971,0,eastern
1972,datasets/audios/eastern_sliced/guqinguzheng/guqinguzheng_068_003.wav,13,guqinguzheng,3,1972,0,eastern
1973,datasets/audios/eastern_sliced/guqinguzheng/guqinguzheng_068_004.wav,13,guqinguzheng,3,1973,0,eastern
1974,datasets/audios/eastern_sliced/guqinguzheng/guqinguzheng_069_000.wav,13,guqinguzheng,3,1974,0,eastern
1975,datasets/audios/eastern_sliced/guqinguzheng/guqinguzheng_069_001.wav,13,guqinguzheng,3,1975,0,eastern
1976,datasets/audios/eastern_sliced/guqinguzheng/guqinguzheng_069_002.wav,13,guqinguzheng,3,1976,0,eastern
1977,datasets/audios/eastern_sliced/guqinguzheng/guqinguzheng_069_003.wav,13,guqinguzheng,3,1977,0,eastern
1978,datasets/audios/eastern_sliced/guqinguzheng/guqinguzheng_069_004.wav,13,guqinguzheng,3,1978,0,eastern
1979,datasets/audios/eastern_sliced/guqinguzheng/guqinguzheng_070_000.wav,13,guqinguzheng,3,1979,0,eastern
1980,datasets/audios/eastern_sliced/guqinguzheng/guqinguzheng_070_001.wav,13,guqinguzheng,3,1980,0,eastern
1981,datasets/audios/eastern_sliced/guqinguzheng/guqinguzheng_070_002.wav,13,guqinguzheng,3,1981,0,eastern
1982,datasets/audios/eastern_sliced/guqinguzheng/guqinguzheng_071_000.wav,13,guqinguzheng,3,1982,0,eastern
1983,datasets/audios/eastern_sliced/guqinguzheng/guqinguzheng_071_001.wav,13,guqinguzheng,3,1983,0,eastern
1984,datasets/audios/eastern_sliced/guqinguzheng/guqinguzheng_072_000.wav,13,guqinguzheng,3,1984,0,eastern
1985,datasets/audios/eastern_sliced/guqinguzheng/guqinguzheng_072_001.wav,13,guqinguzheng,3,1985,0,eastern
1986,datasets/audios/eastern_sliced/guqinguzheng/guqinguzheng_072_002.wav,13,guqinguzheng,3,1986,0,eastern
1987,datasets/audios/eastern_sliced/guqinguzheng/guqinguzheng_073_000.wav,13,guqinguzheng,3,1987,0,eastern
1988,datasets/audios/eastern_sliced/guqinguzheng/guqinguzheng_073_001.wav,13,guqinguzheng,3,1988,0,eastern
1989,datasets/audios/eastern_sliced/guqinguzheng/guqinguzheng_073_002.wav,13,guqinguzheng,3,1989,0,eastern
1990,datasets/audios/eastern_sliced/guqinguzheng/guqinguzheng_073_003.wav,13,guqinguzheng,3,1990,0,eastern
1991,datasets/audios/eastern_sliced/guqinguzheng/guqinguzheng_073_004.wav,13,guqinguzheng,3,1991,0,eastern
1992,datasets/audios/eastern_sliced/guqinguzheng/guqinguzheng_074_000.wav,13,guqinguzheng,3,1992,0,eastern
1993,datasets/audios/eastern_sliced/guqinguzheng/guqinguzheng_074_001.wav,13,guqinguzheng,3,1993,0,eastern
1994,datasets/audios/eastern_sliced/guqinguzheng/guqinguzheng_075_000.wav,13,guqinguzheng,3,1994,0,eastern
1995,datasets/audios/eastern_sliced/guqinguzheng/guqinguzheng_075_001.wav,13,guqinguzheng,3,1995,0,eastern
1996,datasets/audios/eastern_sliced/guqinguzheng/guqinguzheng_075_002.wav,13,guqinguzheng,3,1996,0,eastern
1997,datasets/audios/eastern_sliced/guqinguzheng/guqinguzheng_075_003.wav,13,guqinguzheng,3,1997,0,eastern
1998,datasets/audios/eastern_sliced/guqinguzheng/guqinguzheng_075_004.wav,13,guqinguzheng,3,1998,0,eastern
1999,datasets/audios/eastern_sliced/guqinguzheng/guqinguzheng_076_000.wav,13,guqinguzheng,3,1999,0,eastern
2000,datasets/audios/eastern_sliced/guqinguzheng/guqinguzheng_076_001.wav,13,guqinguzheng,3,2000,0,eastern
2001,datasets/audios/eastern_sliced/guqinguzheng/guqinguzheng_076_002.wav,13,guqinguzheng,3,2001,0,eastern
2002,datasets/audios/eastern_sliced/guqinguzheng/guqinguzheng_076_003.wav,13,guqinguzheng,3,2002,0,eastern
2003,datasets/audios/eastern_sliced/guqinguzheng/guqinguzheng_076_004.wav,13,guqinguzheng,3,2003,0,eastern
2004,datasets/audios/eastern_sliced/guqinguzheng/guqinguzheng_077_000.wav,13,guqinguzheng,3,2004,0,eastern
2005,datasets/audios/eastern_sliced/guqinguzheng/guqinguzheng_077_001.wav,13,guqinguzheng,3,2005,0,eastern
2006,datasets/audios/eastern_sliced/guqinguzheng/guqinguzheng_077_002.wav,13,guqinguzheng,3,2006,0,eastern
2007,datasets/audios/eastern_sliced/guqinguzheng/guqinguzheng_078_000.wav,13,guqinguzheng,3,2007,0,eastern
2008,datasets/audios/eastern_sliced/guqinguzheng/guqinguzheng_078_001.wav,13,guqinguzheng,3,2008,0,eastern
2009,datasets/audios/eastern_sliced/guqinguzheng/guqinguzheng_078_002.wav,13,guqinguzheng,3,2009,0,eastern
2010,datasets/audios/eastern_sliced/guqinguzheng/guqinguzheng_078_003.wav,13,guqinguzheng,3,2010,0,eastern
2011,datasets/audios/eastern_sliced/guqinguzheng/guqinguzheng_078_004.wav,13,guqinguzheng,3,2011,0,eastern
2012,datasets/audios/eastern_sliced/guqinguzheng/guqinguzheng_079_000.wav,13,guqinguzheng,3,2012,0,eastern
2013,datasets/audios/eastern_sliced/guqinguzheng/guqinguzheng_079_001.wav,13,guqinguzheng,3,2013,0,eastern
2014,datasets/audios/eastern_sliced/guqinguzheng/guqinguzheng_079_002.wav,13,guqinguzheng,3,2014,0,eastern
2015,datasets/audios/eastern_sliced/guqinguzheng/guqinguzheng_079_003.wav,13,guqinguzheng,3,2015,0,eastern
2016,datasets/audios/eastern_sliced/guqinguzheng/guqinguzheng_079_004.wav,13,guqinguzheng,3,2016,0,eastern
2017,datasets/audios/eastern_sliced/guqinguzheng/guqinguzheng_080_000.wav,13,guqinguzheng,3,2017,0,eastern
2018,datasets/audios/eastern_sliced/guqinguzheng/guqinguzheng_080_001.wav,13,guqinguzheng,3,2018,0,eastern
2019,datasets/audios/eastern_sliced/guqinguzheng/guqinguzheng_080_002.wav,13,guqinguzheng,3,2019,0,eastern
2020,datasets/audios/eastern_sliced/guqinguzheng/guqinguzheng_080_003.wav,13,guqinguzheng,3,2020,0,eastern
2021,datasets/audios/eastern_sliced/guqinguzheng/guqinguzheng_080_004.wav,13,guqinguzheng,3,2021,0,eastern
2022,datasets/audios/eastern_sliced/guqinguzheng/guqinguzheng_081_000.wav,13,guqinguzheng,3,2022,0,eastern
2023,datasets/audios/eastern_sliced/guqinguzheng/guqinguzheng_081_001.wav,13,guqinguzheng,3,2023,0,eastern
2024,datasets/audios/eastern_sliced/guqinguzheng/guqinguzheng_081_002.wav,13,guqinguzheng,3,2024,0,eastern
2025,datasets/audios/eastern_sliced/guqinguzheng/guqinguzheng_081_003.wav,13,guqinguzheng,3,2025,0,eastern
2026,datasets/audios/eastern_sliced/guqinguzheng/guqinguzheng_081_004.wav,13,guqinguzheng,3,2026,0,eastern
2027,datasets/audios/eastern_sliced/guqinguzheng/guqinguzheng_082_000.wav,13,guqinguzheng,3,2027,0,eastern
2028,datasets/audios/eastern_sliced/guqinguzheng/guqinguzheng_082_001.wav,13,guqinguzheng,3,2028,0,eastern
2029,datasets/audios/eastern_sliced/guqinguzheng/guqinguzheng_082_002.wav,13,guqinguzheng,3,2029,0,eastern
2030,datasets/audios/eastern_sliced/guqinguzheng/guqinguzheng_083_000.wav,13,guqinguzheng,3,2030,0,eastern
2031,datasets/audios/eastern_sliced/guqinguzheng/guqinguzheng_083_001.wav,13,guqinguzheng,3,2031,0,eastern
2032,datasets/audios/eastern_sliced/guqinguzheng/guqinguzheng_083_002.wav,13,guqinguzheng,3,2032,0,eastern
2033,datasets/audios/eastern_sliced/guqinguzheng/guqinguzheng_083_003.wav,13,guqinguzheng,3,2033,0,eastern
2034,datasets/audios/eastern_sliced/guqinguzheng/guqinguzheng_083_004.wav,13,guqinguzheng,3,2034,0,eastern
2035,datasets/audios/eastern_sliced/guqinguzheng/guqinguzheng_084_000.wav,13,guqinguzheng,3,2035,0,eastern
2036,datasets/audios/eastern_sliced/guqinguzheng/guqinguzheng_084_001.wav,13,guqinguzheng,3,2036,0,eastern
2037,datasets/audios/eastern_sliced/guqinguzheng/guqinguzheng_084_002.wav,13,guqinguzheng,3,2037,0,eastern
2038,datasets/audios/eastern_sliced/guqinguzheng/guqinguzheng_084_003.wav,13,guqinguzheng,3,2038,0,eastern
2039,datasets/audios/eastern_sliced/guqinguzheng/guqinguzheng_084_004.wav,13,guqinguzheng,3,2039,0,eastern
2040,datasets/audios/eastern_sliced/guqinguzheng/guqinguzheng_085_000.wav,13,guqinguzheng,3,2040,0,eastern
2041,datasets/audios/eastern_sliced/guqinguzheng/guqinguzheng_085_001.wav,13,guqinguzheng,3,2041,0,eastern
2042,datasets/audios/eastern_sliced/guqinguzheng/guqinguzheng_085_002.wav,13,guqinguzheng,3,2042,0,eastern
2043,datasets/audios/eastern_sliced/guqinguzheng/guqinguzheng_085_003.wav,13,guqinguzheng,3,2043,0,eastern
2044,datasets/audios/eastern_sliced/guqinguzheng/guqinguzheng_086_000.wav,13,guqinguzheng,3,2044,0,eastern
2045,datasets/audios/eastern_sliced/guqinguzheng/guqinguzheng_086_001.wav,13,guqinguzheng,3,2045,0,eastern
2046,datasets/audios/eastern_sliced/guqinguzheng/guqinguzheng_086_002.wav,13,guqinguzheng,3,2046,0,eastern
2047,datasets/audios/eastern_sliced/guqinguzheng/guqinguzheng_087_000.wav,13,guqinguzheng,3,2047,0,eastern
2048,datasets/audios/eastern_sliced/guqinguzheng/guqinguzheng_087_001.wav,13,guqinguzheng,3,2048,0,eastern
2049,datasets/audios/eastern_sliced/guqinguzheng/guqinguzheng_087_002.wav,13,guqinguzheng,3,2049,0,eastern
2050,datasets/audios/eastern_sliced/guqinguzheng/guqinguzheng_087_003.wav,13,guqinguzheng,3,2050,0,eastern
2051,datasets/audios/eastern_sliced/guqinguzheng/guqinguzheng_087_004.wav,13,guqinguzheng,3,2051,0,eastern
2052,datasets/audios/eastern_sliced/guqinguzheng/guqinguzheng_088_000.wav,13,guqinguzheng,3,2052,0,eastern
2053,datasets/audios/eastern_sliced/guqinguzheng/guqinguzheng_088_001.wav,13,guqinguzheng,3,2053,0,eastern
2054,datasets/audios/eastern_sliced/guqinguzheng/guqinguzheng_088_002.wav,13,guqinguzheng,3,2054,0,eastern
2055,datasets/audios/eastern_sliced/guqinguzheng/guqinguzheng_088_003.wav,13,guqinguzheng,3,2055,0,eastern
2056,datasets/audios/eastern_sliced/guqinguzheng/guqinguzheng_088_004.wav,13,guqinguzheng,3,2056,0,eastern
2057,datasets/audios/eastern_sliced/guqinguzheng/guqinguzheng_089_000.wav,13,guqinguzheng,3,2057,0,eastern
2058,datasets/audios/eastern_sliced/guqinguzheng/guqinguzheng_089_001.wav,13,guqinguzheng,3,2058,0,eastern
2059,datasets/audios/eastern_sliced/guqinguzheng/guqinguzheng_089_002.wav,13,guqinguzheng,3,2059,0,eastern
2060,datasets/audios/eastern_sliced/guqinguzheng/guqinguzheng_089_003.wav,13,guqinguzheng,3,2060,0,eastern
2061,datasets/audios/eastern_sliced/guqinguzheng/guqinguzheng_089_004.wav,13,guqinguzheng,3,2061,0,eastern
2062,datasets/audios/eastern_sliced/guqinguzheng/guqinguzheng_090_000.wav,13,guqinguzheng,3,2062,0,eastern
2063,datasets/audios/eastern_sliced/guqinguzheng/guqinguzheng_090_001.wav,13,guqinguzheng,3,2063,0,eastern
2064,datasets/audios/eastern_sliced/guqinguzheng/guqinguzheng_090_002.wav,13,guqinguzheng,3,2064,0,eastern
2065,datasets/audios/eastern_sliced/guqinguzheng/guqinguzheng_090_003.wav,13,guqinguzheng,3,2065,0,eastern
2066,datasets/audios/eastern_sliced/guqinguzheng/guqinguzheng_090_004.wav,13,guqinguzheng,3,2066,0,eastern
2067,datasets/audios/eastern_sliced/guqinguzheng/guqinguzheng_091_000.wav,13,guqinguzheng,3,2067,0,eastern
2068,datasets/audios/eastern_sliced/guqinguzheng/guqinguzheng_091_001.wav,13,guqinguzheng,3,2068,0,eastern
2069,datasets/audios/eastern_sliced/guqinguzheng/guqinguzheng_091_002.wav,13,guqinguzheng,3,2069,0,eastern
2070,datasets/audios/eastern_sliced/guqinguzheng/guqinguzheng_091_003.wav,13,guqinguzheng,3,2070,0,eastern
2071,datasets/audios/eastern_sliced/guqinguzheng/guqinguzheng_091_004.wav,13,guqinguzheng,3,2071,0,eastern
2072,datasets/audios/eastern_sliced/guqinguzheng/guqinguzheng_092_000.wav,13,guqinguzheng,3,2072,0,eastern
2073,datasets/audios/eastern_sliced/guqinguzheng/guqinguzheng_092_001.wav,13,guqinguzheng,3,2073,0,eastern
2074,datasets/audios/eastern_sliced/guqinguzheng/guqinguzheng_092_002.wav,13,guqinguzheng,3,2074,0,eastern
2075,datasets/audios/eastern_sliced/guqinguzheng/guqinguzheng_092_003.wav,13,guqinguzheng,3,2075,0,eastern
2076,datasets/audios/eastern_sliced/guqinguzheng/guqinguzheng_092_004.wav,13,guqinguzheng,3,2076,0,eastern
2077,datasets/audios/eastern_sliced/guqinguzheng/guqinguzheng_093_000.wav,13,guqinguzheng,3,2077,0,eastern
2078,datasets/audios/eastern_sliced/guqinguzheng/guqinguzheng_093_001.wav,13,guqinguzheng,3,2078,0,eastern
2079,datasets/audios/eastern_sliced/guqinguzheng/guqinguzheng_093_002.wav,13,guqinguzheng,3,2079,0,eastern
2080,datasets/audios/eastern_sliced/guqinguzheng/guqinguzheng_093_003.wav,13,guqinguzheng,3,2080,0,eastern
2081,datasets/audios/eastern_sliced/guqinguzheng/guqinguzheng_094_000.wav,13,guqinguzheng,3,2081,0,eastern
2082,datasets/audios/eastern_sliced/guqinguzheng/guqinguzheng_094_001.wav,13,guqinguzheng,3,2082,0,eastern
2083,datasets/audios/eastern_sliced/guqinguzheng/guqinguzheng_094_002.wav,13,guqinguzheng,3,2083,0,eastern
2084,datasets/audios/eastern_sliced/guqinguzheng/guqinguzheng_094_003.wav,13,guqinguzheng,3,2084,0,eastern
2085,datasets/audios/eastern_sliced/guqinguzheng/guqinguzheng_094_004.wav,13,guqinguzheng,3,2085,0,eastern
2086,datasets/audios/eastern_sliced/guqinguzheng/guqinguzheng_095_000.wav,13,guqinguzheng,3,2086,0,eastern
2087,datasets/audios/eastern_sliced/guqinguzheng/guqinguzheng_095_001.wav,13,guqinguzheng,3,2087,0,eastern
2088,datasets/audios/eastern_sliced/guqinguzheng/guqinguzheng_095_002.wav,13,guqinguzheng,3,2088,0,eastern
2089,datasets/audios/eastern_sliced/guqinguzheng/guqinguzheng_095_003.wav,13,guqinguzheng,3,2089,0,eastern
2090,datasets/audios/eastern_sliced/guqinguzheng/guqinguzheng_095_004.wav,13,guqinguzheng,3,2090,0,eastern
2091,datasets/audios/eastern_sliced/guqinguzheng/guqinguzheng_096_000.wav,13,guqinguzheng,3,2091,0,eastern
2092,datasets/audios/eastern_sliced/guqinguzheng/guqinguzheng_096_001.wav,13,guqinguzheng,3,2092,0,eastern
2093,datasets/audios/eastern_sliced/guqinguzheng/guqinguzheng_096_002.wav,13,guqinguzheng,3,2093,0,eastern
2094,datasets/audios/eastern_sliced/guqinguzheng/guqinguzheng_097_000.wav,13,guqinguzheng,3,2094,0,eastern
2095,datasets/audios/eastern_sliced/guqinguzheng/guqinguzheng_097_001.wav,13,guqinguzheng,3,2095,0,eastern
2096,datasets/audios/eastern_sliced/guqinguzheng/guqinguzheng_097_002.wav,13,guqinguzheng,3,2096,0,eastern
2097,datasets/audios/eastern_sliced/guqinguzheng/guqinguzheng_097_003.wav,13,guqinguzheng,3,2097,0,eastern
2098,datasets/audios/eastern_sliced/guqinguzheng/guqinguzheng_098_000.wav,13,guqinguzheng,3,2098,0,eastern
2099,datasets/audios/eastern_sliced/guqinguzheng/guqinguzheng_098_001.wav,13,guqinguzheng,3,2099,0,eastern
2100,datasets/audios/eastern_sliced/guqinguzheng/guqinguzheng_098_002.wav,13,guqinguzheng,3,2100,0,eastern
2101,datasets/audios/eastern_sliced/guqinguzheng/guqinguzheng_098_003.wav,13,guqinguzheng,3,2101,0,eastern
2102,datasets/audios/eastern_sliced/guqinguzheng/guqinguzheng_098_004.wav,13,guqinguzheng,3,2102,0,eastern
2103,datasets/audios/eastern_sliced/guqinguzheng/guqinguzheng_099_000.wav,13,guqinguzheng,3,2103,0,eastern
2104,datasets/audios/eastern_sliced/guqinguzheng/guqinguzheng_099_001.wav,13,guqinguzheng,3,2104,0,eastern
2105,datasets/audios/eastern_sliced/guqinguzheng/guqinguzheng_099_002.wav,13,guqinguzheng,3,2105,0,eastern
2106,datasets/audios/eastern_sliced/guqinguzheng/guqinguzheng_099_003.wav,13,guqinguzheng,3,2106,0,eastern
2107,datasets/audios/eastern_sliced/guqinguzheng/guqinguzheng_099_004.wav,13,guqinguzheng,3,2107,0,eastern
2108,datasets/audios/eastern_sliced/jingju/jingju_000_000.wav,14,jingju,4,2108,0,eastern
2109,datasets/audios/eastern_sliced/jingju/jingju_000_001.wav,14,jingju,4,2109,0,eastern
2110,datasets/audios/eastern_sliced/jingju/jingju_000_002.wav,14,jingju,4,2110,0,eastern
2111,datasets/audios/eastern_sliced/jingju/jingju_000_003.wav,14,jingju,4,2111,0,eastern
2112,datasets/audios/eastern_sliced/jingju/jingju_000_004.wav,14,jingju,4,2112,0,eastern
2113,datasets/audios/eastern_sliced/jingju/jingju_001_000.wav,14,jingju,4,2113,0,eastern
2114,datasets/audios/eastern_sliced/jingju/jingju_001_001.wav,14,jingju,4,2114,0,eastern
2115,datasets/audios/eastern_sliced/jingju/jingju_001_002.wav,14,jingju,4,2115,0,eastern
2116,datasets/audios/eastern_sliced/jingju/jingju_002_000.wav,14,jingju,4,2116,0,eastern
2117,datasets/audios/eastern_sliced/jingju/jingju_002_001.wav,14,jingju,4,2117,0,eastern
2118,datasets/audios/eastern_sliced/jingju/jingju_002_002.wav,14,jingju,4,2118,0,eastern
2119,datasets/audios/eastern_sliced/jingju/jingju_002_003.wav,14,jingju,4,2119,0,eastern
2120,datasets/audios/eastern_sliced/jingju/jingju_002_004.wav,14,jingju,4,2120,0,eastern
2121,datasets/audios/eastern_sliced/jingju/jingju_003_000.wav,14,jingju,4,2121,0,eastern
2122,datasets/audios/eastern_sliced/jingju/jingju_003_001.wav,14,jingju,4,2122,0,eastern
2123,datasets/audios/eastern_sliced/jingju/jingju_003_002.wav,14,jingju,4,2123,0,eastern
2124,datasets/audios/eastern_sliced/jingju/jingju_004_000.wav,14,jingju,4,2124,0,eastern
2125,datasets/audios/eastern_sliced/jingju/jingju_004_001.wav,14,jingju,4,2125,0,eastern
2126,datasets/audios/eastern_sliced/jingju/jingju_005_000.wav,14,jingju,4,2126,0,eastern
2127,datasets/audios/eastern_sliced/jingju/jingju_005_001.wav,14,jingju,4,2127,0,eastern
2128,datasets/audios/eastern_sliced/jingju/jingju_006_000.wav,14,jingju,4,2128,0,eastern
2129,datasets/audios/eastern_sliced/jingju/jingju_006_001.wav,14,jingju,4,2129,0,eastern
2130,datasets/audios/eastern_sliced/jingju/jingju_007_000.wav,14,jingju,4,2130,0,eastern
2131,datasets/audios/eastern_sliced/jingju/jingju_007_001.wav,14,jingju,4,2131,0,eastern
2132,datasets/audios/eastern_sliced/jingju/jingju_007_002.wav,14,jingju,4,2132,0,eastern
2133,datasets/audios/eastern_sliced/jingju/jingju_007_003.wav,14,jingju,4,2133,0,eastern
2134,datasets/audios/eastern_sliced/jingju/jingju_008_000.wav,14,jingju,4,2134,0,eastern
2135,datasets/audios/eastern_sliced/jingju/jingju_008_001.wav,14,jingju,4,2135,0,eastern
2136,datasets/audios/eastern_sliced/jingju/jingju_009_000.wav,14,jingju,4,2136,0,eastern
2137,datasets/audios/eastern_sliced/jingju/jingju_009_001.wav,14,jingju,4,2137,0,eastern
2138,datasets/audios/eastern_sliced/jingju/jingju_009_002.wav,14,jingju,4,2138,0,eastern
2139,datasets/audios/eastern_sliced/jingju/jingju_009_003.wav,14,jingju,4,2139,0,eastern
2140,datasets/audios/eastern_sliced/jingju/jingju_009_004.wav,14,jingju,4,2140,0,eastern
2141,datasets/audios/eastern_sliced/jingju/jingju_010_000.wav,14,jingju,4,2141,0,eastern
2142,datasets/audios/eastern_sliced/jingju/jingju_010_001.wav,14,jingju,4,2142,0,eastern
2143,datasets/audios/eastern_sliced/jingju/jingju_010_002.wav,14,jingju,4,2143,0,eastern
2144,datasets/audios/eastern_sliced/jingju/jingju_010_003.wav,14,jingju,4,2144,0,eastern
2145,datasets/audios/eastern_sliced/jingju/jingju_010_004.wav,14,jingju,4,2145,0,eastern
2146,datasets/audios/eastern_sliced/jingju/jingju_011_000.wav,14,jingju,4,2146,0,eastern
2147,datasets/audios/eastern_sliced/jingju/jingju_011_001.wav,14,jingju,4,2147,0,eastern
2148,datasets/audios/eastern_sliced/jingju/jingju_011_002.wav,14,jingju,4,2148,0,eastern
2149,datasets/audios/eastern_sliced/jingju/jingju_011_003.wav,14,jingju,4,2149,0,eastern
2150,datasets/audios/eastern_sliced/jingju/jingju_012_000.wav,14,jingju,4,2150,0,eastern
2151,datasets/audios/eastern_sliced/jingju/jingju_013_000.wav,14,jingju,4,2151,0,eastern
2152,datasets/audios/eastern_sliced/jingju/jingju_013_001.wav,14,jingju,4,2152,0,eastern
2153,datasets/audios/eastern_sliced/jingju/jingju_013_002.wav,14,jingju,4,2153,0,eastern
2154,datasets/audios/eastern_sliced/jingju/jingju_013_003.wav,14,jingju,4,2154,0,eastern
2155,datasets/audios/eastern_sliced/jingju/jingju_013_004.wav,14,jingju,4,2155,0,eastern
2156,datasets/audios/eastern_sliced/jingju/jingju_014_000.wav,14,jingju,4,2156,0,eastern
2157,datasets/audios/eastern_sliced/jingju/jingju_014_001.wav,14,jingju,4,2157,0,eastern
2158,datasets/audios/eastern_sliced/jingju/jingju_014_002.wav,14,jingju,4,2158,0,eastern
2159,datasets/audios/eastern_sliced/jingju/jingju_014_003.wav,14,jingju,4,2159,0,eastern
2160,datasets/audios/eastern_sliced/jingju/jingju_015_000.wav,14,jingju,4,2160,0,eastern
2161,datasets/audios/eastern_sliced/jingju/jingju_015_001.wav,14,jingju,4,2161,0,eastern
2162,datasets/audios/eastern_sliced/jingju/jingju_016_000.wav,14,jingju,4,2162,0,eastern
2163,datasets/audios/eastern_sliced/jingju/jingju_016_001.wav,14,jingju,4,2163,0,eastern
2164,datasets/audios/eastern_sliced/jingju/jingju_016_002.wav,14,jingju,4,2164,0,eastern
2165,datasets/audios/eastern_sliced/jingju/jingju_016_003.wav,14,jingju,4,2165,0,eastern
2166,datasets/audios/eastern_sliced/jingju/jingju_016_004.wav,14,jingju,4,2166,0,eastern
2167,datasets/audios/eastern_sliced/jingju/jingju_017_000.wav,14,jingju,4,2167,0,eastern
2168,datasets/audios/eastern_sliced/jingju/jingju_017_001.wav,14,jingju,4,2168,0,eastern
2169,datasets/audios/eastern_sliced/jingju/jingju_017_002.wav,14,jingju,4,2169,0,eastern
2170,datasets/audios/eastern_sliced/jingju/jingju_018_000.wav,14,jingju,4,2170,0,eastern
2171,datasets/audios/eastern_sliced/jingju/jingju_018_001.wav,14,jingju,4,2171,0,eastern
2172,datasets/audios/eastern_sliced/jingju/jingju_018_002.wav,14,jingju,4,2172,0,eastern
2173,datasets/audios/eastern_sliced/jingju/jingju_018_003.wav,14,jingju,4,2173,0,eastern
2174,datasets/audios/eastern_sliced/jingju/jingju_018_004.wav,14,jingju,4,2174,0,eastern
2175,datasets/audios/eastern_sliced/jingju/jingju_019_000.wav,14,jingju,4,2175,0,eastern
2176,datasets/audios/eastern_sliced/jingju/jingju_019_001.wav,14,jingju,4,2176,0,eastern
2177,datasets/audios/eastern_sliced/jingju/jingju_019_002.wav,14,jingju,4,2177,0,eastern
2178,datasets/audios/eastern_sliced/jingju/jingju_020_000.wav,14,jingju,4,2178,0,eastern
2179,datasets/audios/eastern_sliced/jingju/jingju_020_001.wav,14,jingju,4,2179,0,eastern
2180,datasets/audios/eastern_sliced/jingju/jingju_020_002.wav,14,jingju,4,2180,0,eastern
2181,datasets/audios/eastern_sliced/jingju/jingju_020_003.wav,14,jingju,4,2181,0,eastern
2182,datasets/audios/eastern_sliced/jingju/jingju_020_004.wav,14,jingju,4,2182,0,eastern
2183,datasets/audios/eastern_sliced/jingju/jingju_021_000.wav,14,jingju,4,2183,0,eastern
2184,datasets/audios/eastern_sliced/jingju/jingju_021_001.wav,14,jingju,4,2184,0,eastern
2185,datasets/audios/eastern_sliced/jingju/jingju_022_000.wav,14,jingju,4,2185,0,eastern
2186,datasets/audios/eastern_sliced/jingju/jingju_022_001.wav,14,jingju,4,2186,0,eastern
2187,datasets/audios/eastern_sliced/jingju/jingju_023_000.wav,14,jingju,4,2187,0,eastern
2188,datasets/audios/eastern_sliced/jingju/jingju_023_001.wav,14,jingju,4,2188,0,eastern
2189,datasets/audios/eastern_sliced/jingju/jingju_023_002.wav,14,jingju,4,2189,0,eastern
2190,datasets/audios/eastern_sliced/jingju/jingju_023_003.wav,14,jingju,4,2190,0,eastern
2191,datasets/audios/eastern_sliced/jingju/jingju_023_004.wav,14,jingju,4,2191,0,eastern
2192,datasets/audios/eastern_sliced/jingju/jingju_024_000.wav,14,jingju,4,2192,0,eastern
2193,datasets/audios/eastern_sliced/jingju/jingju_024_001.wav,14,jingju,4,2193,0,eastern
2194,datasets/audios/eastern_sliced/jingju/jingju_024_002.wav,14,jingju,4,2194,0,eastern
2195,datasets/audios/eastern_sliced/jingju/jingju_024_003.wav,14,jingju,4,2195,0,eastern
2196,datasets/audios/eastern_sliced/jingju/jingju_025_000.wav,14,jingju,4,2196,0,eastern
2197,datasets/audios/eastern_sliced/jingju/jingju_025_001.wav,14,jingju,4,2197,0,eastern
2198,datasets/audios/eastern_sliced/jingju/jingju_025_002.wav,14,jingju,4,2198,0,eastern
2199,datasets/audios/eastern_sliced/jingju/jingju_025_003.wav,14,jingju,4,2199,0,eastern
2200,datasets/audios/eastern_sliced/jingju/jingju_025_004.wav,14,jingju,4,2200,0,eastern
2201,datasets/audios/eastern_sliced/jingju/jingju_026_000.wav,14,jingju,4,2201,0,eastern
2202,datasets/audios/eastern_sliced/jingju/jingju_026_001.wav,14,jingju,4,2202,0,eastern
2203,datasets/audios/eastern_sliced/jingju/jingju_026_002.wav,14,jingju,4,2203,0,eastern
2204,datasets/audios/eastern_sliced/jingju/jingju_026_003.wav,14,jingju,4,2204,0,eastern
2205,datasets/audios/eastern_sliced/jingju/jingju_026_004.wav,14,jingju,4,2205,0,eastern
2206,datasets/audios/eastern_sliced/jingju/jingju_027_000.wav,14,jingju,4,2206,0,eastern
2207,datasets/audios/eastern_sliced/jingju/jingju_027_001.wav,14,jingju,4,2207,0,eastern
2208,datasets/audios/eastern_sliced/jingju/jingju_027_002.wav,14,jingju,4,2208,0,eastern
2209,datasets/audios/eastern_sliced/jingju/jingju_027_003.wav,14,jingju,4,2209,0,eastern
2210,datasets/audios/eastern_sliced/jingju/jingju_027_004.wav,14,jingju,4,2210,0,eastern
2211,datasets/audios/eastern_sliced/jingju/jingju_028_000.wav,14,jingju,4,2211,0,eastern
2212,datasets/audios/eastern_sliced/jingju/jingju_028_001.wav,14,jingju,4,2212,0,eastern
2213,datasets/audios/eastern_sliced/jingju/jingju_028_002.wav,14,jingju,4,2213,0,eastern
2214,datasets/audios/eastern_sliced/jingju/jingju_028_003.wav,14,jingju,4,2214,0,eastern
2215,datasets/audios/eastern_sliced/jingju/jingju_028_004.wav,14,jingju,4,2215,0,eastern
2216,datasets/audios/eastern_sliced/jingju/jingju_029_000.wav,14,jingju,4,2216,0,eastern
2217,datasets/audios/eastern_sliced/jingju/jingju_029_001.wav,14,jingju,4,2217,0,eastern
2218,datasets/audios/eastern_sliced/jingju/jingju_029_002.wav,14,jingju,4,2218,0,eastern
2219,datasets/audios/eastern_sliced/jingju/jingju_029_003.wav,14,jingju,4,2219,0,eastern
2220,datasets/audios/eastern_sliced/jingju/jingju_029_004.wav,14,jingju,4,2220,0,eastern
2221,datasets/audios/eastern_sliced/jingju/jingju_030_000.wav,14,jingju,4,2221,0,eastern
2222,datasets/audios/eastern_sliced/jingju/jingju_030_001.wav,14,jingju,4,2222,0,eastern
2223,datasets/audios/eastern_sliced/jingju/jingju_030_002.wav,14,jingju,4,2223,0,eastern
2224,datasets/audios/eastern_sliced/jingju/jingju_030_003.wav,14,jingju,4,2224,0,eastern
2225,datasets/audios/eastern_sliced/jingju/jingju_030_004.wav,14,jingju,4,2225,0,eastern
2226,datasets/audios/eastern_sliced/jingju/jingju_031_000.wav,14,jingju,4,2226,0,eastern
2227,datasets/audios/eastern_sliced/jingju/jingju_031_001.wav,14,jingju,4,2227,0,eastern
2228,datasets/audios/eastern_sliced/jingju/jingju_031_002.wav,14,jingju,4,2228,0,eastern
2229,datasets/audios/eastern_sliced/jingju/jingju_031_003.wav,14,jingju,4,2229,0,eastern
2230,datasets/audios/eastern_sliced/jingju/jingju_032_000.wav,14,jingju,4,2230,0,eastern
2231,datasets/audios/eastern_sliced/jingju/jingju_032_001.wav,14,jingju,4,2231,0,eastern
2232,datasets/audios/eastern_sliced/jingju/jingju_032_002.wav,14,jingju,4,2232,0,eastern
2233,datasets/audios/eastern_sliced/jingju/jingju_032_003.wav,14,jingju,4,2233,0,eastern
2234,datasets/audios/eastern_sliced/jingju/jingju_032_004.wav,14,jingju,4,2234,0,eastern
2235,datasets/audios/eastern_sliced/jingju/jingju_033_000.wav,14,jingju,4,2235,0,eastern
2236,datasets/audios/eastern_sliced/jingju/jingju_033_001.wav,14,jingju,4,2236,0,eastern
2237,datasets/audios/eastern_sliced/jingju/jingju_033_002.wav,14,jingju,4,2237,0,eastern
2238,datasets/audios/eastern_sliced/jingju/jingju_034_000.wav,14,jingju,4,2238,0,eastern
2239,datasets/audios/eastern_sliced/jingju/jingju_034_001.wav,14,jingju,4,2239,0,eastern
2240,datasets/audios/eastern_sliced/jingju/jingju_034_002.wav,14,jingju,4,2240,0,eastern
2241,datasets/audios/eastern_sliced/jingju/jingju_035_000.wav,14,jingju,4,2241,0,eastern
2242,datasets/audios/eastern_sliced/jingju/jingju_035_001.wav,14,jingju,4,2242,0,eastern
2243,datasets/audios/eastern_sliced/jingju/jingju_035_002.wav,14,jingju,4,2243,0,eastern
2244,datasets/audios/eastern_sliced/jingju/jingju_036_000.wav,14,jingju,4,2244,0,eastern
2245,datasets/audios/eastern_sliced/jingju/jingju_036_001.wav,14,jingju,4,2245,0,eastern
2246,datasets/audios/eastern_sliced/jingju/jingju_036_002.wav,14,jingju,4,2246,0,eastern
2247,datasets/audios/eastern_sliced/jingju/jingju_037_000.wav,14,jingju,4,2247,0,eastern
2248,datasets/audios/eastern_sliced/jingju/jingju_037_001.wav,14,jingju,4,2248,0,eastern
2249,datasets/audios/eastern_sliced/jingju/jingju_037_002.wav,14,jingju,4,2249,0,eastern
2250,datasets/audios/eastern_sliced/jingju/jingju_037_003.wav,14,jingju,4,2250,0,eastern
2251,datasets/audios/eastern_sliced/jingju/jingju_037_004.wav,14,jingju,4,2251,0,eastern
2252,datasets/audios/eastern_sliced/jingju/jingju_038_000.wav,14,jingju,4,2252,0,eastern
2253,datasets/audios/eastern_sliced/jingju/jingju_038_001.wav,14,jingju,4,2253,0,eastern
2254,datasets/audios/eastern_sliced/jingju/jingju_038_002.wav,14,jingju,4,2254,0,eastern
2255,datasets/audios/eastern_sliced/jingju/jingju_038_003.wav,14,jingju,4,2255,0,eastern
2256,datasets/audios/eastern_sliced/jingju/jingju_038_004.wav,14,jingju,4,2256,0,eastern
2257,datasets/audios/eastern_sliced/jingju/jingju_039_000.wav,14,jingju,4,2257,0,eastern
2258,datasets/audios/eastern_sliced/jingju/jingju_039_001.wav,14,jingju,4,2258,0,eastern
2259,datasets/audios/eastern_sliced/jingju/jingju_039_002.wav,14,jingju,4,2259,0,eastern
2260,datasets/audios/eastern_sliced/jingju/jingju_040_000.wav,14,jingju,4,2260,0,eastern
2261,datasets/audios/eastern_sliced/jingju/jingju_040_001.wav,14,jingju,4,2261,0,eastern
2262,datasets/audios/eastern_sliced/jingju/jingju_040_002.wav,14,jingju,4,2262,0,eastern
2263,datasets/audios/eastern_sliced/jingju/jingju_040_003.wav,14,jingju,4,2263,0,eastern
2264,datasets/audios/eastern_sliced/jingju/jingju_040_004.wav,14,jingju,4,2264,0,eastern
2265,datasets/audios/eastern_sliced/jingju/jingju_041_000.wav,14,jingju,4,2265,0,eastern
2266,datasets/audios/eastern_sliced/jingju/jingju_041_001.wav,14,jingju,4,2266,0,eastern
2267,datasets/audios/eastern_sliced/jingju/jingju_041_002.wav,14,jingju,4,2267,0,eastern
2268,datasets/audios/eastern_sliced/jingju/jingju_041_003.wav,14,jingju,4,2268,0,eastern
2269,datasets/audios/eastern_sliced/jingju/jingju_042_000.wav,14,jingju,4,2269,0,eastern
2270,datasets/audios/eastern_sliced/jingju/jingju_042_001.wav,14,jingju,4,2270,0,eastern
2271,datasets/audios/eastern_sliced/jingju/jingju_042_002.wav,14,jingju,4,2271,0,eastern
2272,datasets/audios/eastern_sliced/jingju/jingju_042_003.wav,14,jingju,4,2272,0,eastern
2273,datasets/audios/eastern_sliced/jingju/jingju_042_004.wav,14,jingju,4,2273,0,eastern
2274,datasets/audios/eastern_sliced/jingju/jingju_043_000.wav,14,jingju,4,2274,0,eastern
2275,datasets/audios/eastern_sliced/jingju/jingju_043_001.wav,14,jingju,4,2275,0,eastern
2276,datasets/audios/eastern_sliced/jingju/jingju_043_002.wav,14,jingju,4,2276,0,eastern
2277,datasets/audios/eastern_sliced/jingju/jingju_043_003.wav,14,jingju,4,2277,0,eastern
2278,datasets/audios/eastern_sliced/jingju/jingju_044_000.wav,14,jingju,4,2278,0,eastern
2279,datasets/audios/eastern_sliced/jingju/jingju_044_001.wav,14,jingju,4,2279,0,eastern
2280,datasets/audios/eastern_sliced/jingju/jingju_045_000.wav,14,jingju,4,2280,0,eastern
2281,datasets/audios/eastern_sliced/jingju/jingju_045_001.wav,14,jingju,4,2281,0,eastern
2282,datasets/audios/eastern_sliced/jingju/jingju_045_002.wav,14,jingju,4,2282,0,eastern
2283,datasets/audios/eastern_sliced/jingju/jingju_046_000.wav,14,jingju,4,2283,0,eastern
2284,datasets/audios/eastern_sliced/jingju/jingju_046_001.wav,14,jingju,4,2284,0,eastern
2285,datasets/audios/eastern_sliced/jingju/jingju_046_002.wav,14,jingju,4,2285,0,eastern
2286,datasets/audios/eastern_sliced/jingju/jingju_046_003.wav,14,jingju,4,2286,0,eastern
2287,datasets/audios/eastern_sliced/jingju/jingju_046_004.wav,14,jingju,4,2287,0,eastern
2288,datasets/audios/eastern_sliced/jingju/jingju_047_000.wav,14,jingju,4,2288,0,eastern
2289,datasets/audios/eastern_sliced/jingju/jingju_048_000.wav,14,jingju,4,2289,0,eastern
2290,datasets/audios/eastern_sliced/jingju/jingju_048_001.wav,14,jingju,4,2290,0,eastern
2291,datasets/audios/eastern_sliced/jingju/jingju_048_002.wav,14,jingju,4,2291,0,eastern
2292,datasets/audios/eastern_sliced/jingju/jingju_049_000.wav,14,jingju,4,2292,0,eastern
2293,datasets/audios/eastern_sliced/jingju/jingju_049_001.wav,14,jingju,4,2293,0,eastern
2294,datasets/audios/eastern_sliced/jingju/jingju_050_000.wav,14,jingju,4,2294,0,eastern
2295,datasets/audios/eastern_sliced/jingju/jingju_050_001.wav,14,jingju,4,2295,0,eastern
2296,datasets/audios/eastern_sliced/jingju/jingju_050_002.wav,14,jingju,4,2296,0,eastern
2297,datasets/audios/eastern_sliced/jingju/jingju_050_003.wav,14,jingju,4,2297,0,eastern
2298,datasets/audios/eastern_sliced/jingju/jingju_050_004.wav,14,jingju,4,2298,0,eastern
2299,datasets/audios/eastern_sliced/jingju/jingju_051_000.wav,14,jingju,4,2299,0,eastern
2300,datasets/audios/eastern_sliced/jingju/jingju_051_001.wav,14,jingju,4,2300,0,eastern
2301,datasets/audios/eastern_sliced/jingju/jingju_051_002.wav,14,jingju,4,2301,0,eastern
2302,datasets/audios/eastern_sliced/jingju/jingju_052_000.wav,14,jingju,4,2302,0,eastern
2303,datasets/audios/eastern_sliced/jingju/jingju_052_001.wav,14,jingju,4,2303,0,eastern
2304,datasets/audios/eastern_sliced/jingju/jingju_052_002.wav,14,jingju,4,2304,0,eastern
2305,datasets/audios/eastern_sliced/jingju/jingju_052_003.wav,14,jingju,4,2305,0,eastern
2306,datasets/audios/eastern_sliced/jingju/jingju_052_004.wav,14,jingju,4,2306,0,eastern
2307,datasets/audios/eastern_sliced/jingju/jingju_053_000.wav,14,jingju,4,2307,0,eastern
2308,datasets/audios/eastern_sliced/jingju/jingju_053_001.wav,14,jingju,4,2308,0,eastern
2309,datasets/audios/eastern_sliced/jingju/jingju_053_002.wav,14,jingju,4,2309,0,eastern
2310,datasets/audios/eastern_sliced/jingju/jingju_054_000.wav,14,jingju,4,2310,0,eastern
2311,datasets/audios/eastern_sliced/jingju/jingju_054_001.wav,14,jingju,4,2311,0,eastern
2312,datasets/audios/eastern_sliced/jingju/jingju_055_000.wav,14,jingju,4,2312,0,eastern
2313,datasets/audios/eastern_sliced/jingju/jingju_055_001.wav,14,jingju,4,2313,0,eastern
2314,datasets/audios/eastern_sliced/jingju/jingju_055_002.wav,14,jingju,4,2314,0,eastern
2315,datasets/audios/eastern_sliced/jingju/jingju_055_003.wav,14,jingju,4,2315,0,eastern
2316,datasets/audios/eastern_sliced/jingju/jingju_055_004.wav,14,jingju,4,2316,0,eastern
2317,datasets/audios/eastern_sliced/jingju/jingju_056_000.wav,14,jingju,4,2317,0,eastern
2318,datasets/audios/eastern_sliced/jingju/jingju_056_001.wav,14,jingju,4,2318,0,eastern
2319,datasets/audios/eastern_sliced/jingju/jingju_056_002.wav,14,jingju,4,2319,0,eastern
2320,datasets/audios/eastern_sliced/jingju/jingju_056_003.wav,14,jingju,4,2320,0,eastern
2321,datasets/audios/eastern_sliced/jingju/jingju_057_000.wav,14,jingju,4,2321,0,eastern
2322,datasets/audios/eastern_sliced/jingju/jingju_057_001.wav,14,jingju,4,2322,0,eastern
2323,datasets/audios/eastern_sliced/jingju/jingju_057_002.wav,14,jingju,4,2323,0,eastern
2324,datasets/audios/eastern_sliced/jingju/jingju_058_000.wav,14,jingju,4,2324,0,eastern
2325,datasets/audios/eastern_sliced/jingju/jingju_058_001.wav,14,jingju,4,2325,0,eastern
2326,datasets/audios/eastern_sliced/jingju/jingju_058_002.wav,14,jingju,4,2326,0,eastern
2327,datasets/audios/eastern_sliced/jingju/jingju_058_003.wav,14,jingju,4,2327,0,eastern
2328,datasets/audios/eastern_sliced/jingju/jingju_059_000.wav,14,jingju,4,2328,0,eastern
2329,datasets/audios/eastern_sliced/jingju/jingju_059_001.wav,14,jingju,4,2329,0,eastern
2330,datasets/audios/eastern_sliced/jingju/jingju_060_000.wav,14,jingju,4,2330,0,eastern
2331,datasets/audios/eastern_sliced/jingju/jingju_060_001.wav,14,jingju,4,2331,0,eastern
2332,datasets/audios/eastern_sliced/jingju/jingju_060_002.wav,14,jingju,4,2332,0,eastern
2333,datasets/audios/eastern_sliced/jingju/jingju_060_003.wav,14,jingju,4,2333,0,eastern
2334,datasets/audios/eastern_sliced/jingju/jingju_060_004.wav,14,jingju,4,2334,0,eastern
2335,datasets/audios/eastern_sliced/jingju/jingju_061_000.wav,14,jingju,4,2335,0,eastern
2336,datasets/audios/eastern_sliced/jingju/jingju_061_001.wav,14,jingju,4,2336,0,eastern
2337,datasets/audios/eastern_sliced/jingju/jingju_061_002.wav,14,jingju,4,2337,0,eastern
2338,datasets/audios/eastern_sliced/jingju/jingju_062_000.wav,14,jingju,4,2338,0,eastern
2339,datasets/audios/eastern_sliced/jingju/jingju_062_001.wav,14,jingju,4,2339,0,eastern
2340,datasets/audios/eastern_sliced/jingju/jingju_062_002.wav,14,jingju,4,2340,0,eastern
2341,datasets/audios/eastern_sliced/jingju/jingju_062_003.wav,14,jingju,4,2341,0,eastern
2342,datasets/audios/eastern_sliced/jingju/jingju_063_000.wav,14,jingju,4,2342,0,eastern
2343,datasets/audios/eastern_sliced/jingju/jingju_063_001.wav,14,jingju,4,2343,0,eastern
2344,datasets/audios/eastern_sliced/jingju/jingju_063_002.wav,14,jingju,4,2344,0,eastern
2345,datasets/audios/eastern_sliced/jingju/jingju_063_003.wav,14,jingju,4,2345,0,eastern
2346,datasets/audios/eastern_sliced/jingju/jingju_063_004.wav,14,jingju,4,2346,0,eastern
2347,datasets/audios/eastern_sliced/jingju/jingju_064_000.wav,14,jingju,4,2347,0,eastern
2348,datasets/audios/eastern_sliced/jingju/jingju_064_001.wav,14,jingju,4,2348,0,eastern
2349,datasets/audios/eastern_sliced/jingju/jingju_065_000.wav,14,jingju,4,2349,0,eastern
2350,datasets/audios/eastern_sliced/jingju/jingju_065_001.wav,14,jingju,4,2350,0,eastern
2351,datasets/audios/eastern_sliced/jingju/jingju_065_002.wav,14,jingju,4,2351,0,eastern
2352,datasets/audios/eastern_sliced/jingju/jingju_066_000.wav,14,jingju,4,2352,0,eastern
2353,datasets/audios/eastern_sliced/jingju/jingju_066_001.wav,14,jingju,4,2353,0,eastern
2354,datasets/audios/eastern_sliced/jingju/jingju_066_002.wav,14,jingju,4,2354,0,eastern
2355,datasets/audios/eastern_sliced/jingju/jingju_066_003.wav,14,jingju,4,2355,0,eastern
2356,datasets/audios/eastern_sliced/jingju/jingju_066_004.wav,14,jingju,4,2356,0,eastern
2357,datasets/audios/eastern_sliced/jingju/jingju_067_000.wav,14,jingju,4,2357,0,eastern
2358,datasets/audios/eastern_sliced/jingju/jingju_067_001.wav,14,jingju,4,2358,0,eastern
2359,datasets/audios/eastern_sliced/jingju/jingju_067_002.wav,14,jingju,4,2359,0,eastern
2360,datasets/audios/eastern_sliced/jingju/jingju_067_003.wav,14,jingju,4,2360,0,eastern
2361,datasets/audios/eastern_sliced/jingju/jingju_067_004.wav,14,jingju,4,2361,0,eastern
2362,datasets/audios/eastern_sliced/jingju/jingju_068_000.wav,14,jingju,4,2362,0,eastern
2363,datasets/audios/eastern_sliced/jingju/jingju_068_001.wav,14,jingju,4,2363,0,eastern
2364,datasets/audios/eastern_sliced/jingju/jingju_068_002.wav,14,jingju,4,2364,0,eastern
2365,datasets/audios/eastern_sliced/jingju/jingju_068_003.wav,14,jingju,4,2365,0,eastern
2366,datasets/audios/eastern_sliced/jingju/jingju_068_004.wav,14,jingju,4,2366,0,eastern
2367,datasets/audios/eastern_sliced/jingju/jingju_069_000.wav,14,jingju,4,2367,0,eastern
2368,datasets/audios/eastern_sliced/jingju/jingju_069_001.wav,14,jingju,4,2368,0,eastern
2369,datasets/audios/eastern_sliced/jingju/jingju_069_002.wav,14,jingju,4,2369,0,eastern
2370,datasets/audios/eastern_sliced/jingju/jingju_069_003.wav,14,jingju,4,2370,0,eastern
2371,datasets/audios/eastern_sliced/jingju/jingju_069_004.wav,14,jingju,4,2371,0,eastern
2372,datasets/audios/eastern_sliced/jingju/jingju_070_000.wav,14,jingju,4,2372,0,eastern
2373,datasets/audios/eastern_sliced/jingju/jingju_070_001.wav,14,jingju,4,2373,0,eastern
2374,datasets/audios/eastern_sliced/jingju/jingju_070_002.wav,14,jingju,4,2374,0,eastern
2375,datasets/audios/eastern_sliced/jingju/jingju_070_003.wav,14,jingju,4,2375,0,eastern
2376,datasets/audios/eastern_sliced/jingju/jingju_070_004.wav,14,jingju,4,2376,0,eastern
2377,datasets/audios/eastern_sliced/jingju/jingju_071_000.wav,14,jingju,4,2377,0,eastern
2378,datasets/audios/eastern_sliced/jingju/jingju_071_001.wav,14,jingju,4,2378,0,eastern
2379,datasets/audios/eastern_sliced/jingju/jingju_071_002.wav,14,jingju,4,2379,0,eastern
2380,datasets/audios/eastern_sliced/jingju/jingju_071_003.wav,14,jingju,4,2380,0,eastern
2381,datasets/audios/eastern_sliced/jingju/jingju_071_004.wav,14,jingju,4,2381,0,eastern
2382,datasets/audios/eastern_sliced/jingju/jingju_072_000.wav,14,jingju,4,2382,0,eastern
2383,datasets/audios/eastern_sliced/jingju/jingju_072_001.wav,14,jingju,4,2383,0,eastern
2384,datasets/audios/eastern_sliced/jingju/jingju_072_002.wav,14,jingju,4,2384,0,eastern
2385,datasets/audios/eastern_sliced/jingju/jingju_072_003.wav,14,jingju,4,2385,0,eastern
2386,datasets/audios/eastern_sliced/jingju/jingju_072_004.wav,14,jingju,4,2386,0,eastern
2387,datasets/audios/eastern_sliced/jingju/jingju_073_000.wav,14,jingju,4,2387,0,eastern
2388,datasets/audios/eastern_sliced/jingju/jingju_073_001.wav,14,jingju,4,2388,0,eastern
2389,datasets/audios/eastern_sliced/jingju/jingju_073_002.wav,14,jingju,4,2389,0,eastern
2390,datasets/audios/eastern_sliced/jingju/jingju_073_003.wav,14,jingju,4,2390,0,eastern
2391,datasets/audios/eastern_sliced/jingju/jingju_074_000.wav,14,jingju,4,2391,0,eastern
2392,datasets/audios/eastern_sliced/jingju/jingju_074_001.wav,14,jingju,4,2392,0,eastern
2393,datasets/audios/eastern_sliced/jingju/jingju_074_002.wav,14,jingju,4,2393,0,eastern
2394,datasets/audios/eastern_sliced/jingju/jingju_074_003.wav,14,jingju,4,2394,0,eastern
2395,datasets/audios/eastern_sliced/jingju/jingju_074_004.wav,14,jingju,4,2395,0,eastern
2396,datasets/audios/eastern_sliced/jingju/jingju_075_000.wav,14,jingju,4,2396,0,eastern
2397,datasets/audios/eastern_sliced/jingju/jingju_075_001.wav,14,jingju,4,2397,0,eastern
2398,datasets/audios/eastern_sliced/jingju/jingju_075_002.wav,14,jingju,4,2398,0,eastern
2399,datasets/audios/eastern_sliced/jingju/jingju_075_003.wav,14,jingju,4,2399,0,eastern
2400,datasets/audios/eastern_sliced/jingju/jingju_075_004.wav,14,jingju,4,2400,0,eastern
2401,datasets/audios/eastern_sliced/jingju/jingju_076_000.wav,14,jingju,4,2401,0,eastern
2402,datasets/audios/eastern_sliced/jingju/jingju_076_001.wav,14,jingju,4,2402,0,eastern
2403,datasets/audios/eastern_sliced/jingju/jingju_076_002.wav,14,jingju,4,2403,0,eastern
2404,datasets/audios/eastern_sliced/jingju/jingju_076_003.wav,14,jingju,4,2404,0,eastern
2405,datasets/audios/eastern_sliced/jingju/jingju_076_004.wav,14,jingju,4,2405,0,eastern
2406,datasets/audios/eastern_sliced/jingju/jingju_077_000.wav,14,jingju,4,2406,0,eastern
2407,datasets/audios/eastern_sliced/jingju/jingju_077_001.wav,14,jingju,4,2407,0,eastern
2408,datasets/audios/eastern_sliced/jingju/jingju_077_002.wav,14,jingju,4,2408,0,eastern
2409,datasets/audios/eastern_sliced/jingju/jingju_077_003.wav,14,jingju,4,2409,0,eastern
2410,datasets/audios/eastern_sliced/jingju/jingju_077_004.wav,14,jingju,4,2410,0,eastern
2411,datasets/audios/eastern_sliced/jingju/jingju_078_000.wav,14,jingju,4,2411,0,eastern
2412,datasets/audios/eastern_sliced/jingju/jingju_078_001.wav,14,jingju,4,2412,0,eastern
2413,datasets/audios/eastern_sliced/jingju/jingju_078_002.wav,14,jingju,4,2413,0,eastern
2414,datasets/audios/eastern_sliced/jingju/jingju_078_003.wav,14,jingju,4,2414,0,eastern
2415,datasets/audios/eastern_sliced/jingju/jingju_078_004.wav,14,jingju,4,2415,0,eastern
2416,datasets/audios/eastern_sliced/jingju/jingju_079_000.wav,14,jingju,4,2416,0,eastern
2417,datasets/audios/eastern_sliced/jingju/jingju_079_001.wav,14,jingju,4,2417,0,eastern
2418,datasets/audios/eastern_sliced/jingju/jingju_079_002.wav,14,jingju,4,2418,0,eastern
2419,datasets/audios/eastern_sliced/jingju/jingju_079_003.wav,14,jingju,4,2419,0,eastern
2420,datasets/audios/eastern_sliced/jingju/jingju_079_004.wav,14,jingju,4,2420,0,eastern
2421,datasets/audios/eastern_sliced/jingju/jingju_080_000.wav,14,jingju,4,2421,0,eastern
2422,datasets/audios/eastern_sliced/jingju/jingju_080_001.wav,14,jingju,4,2422,0,eastern
2423,datasets/audios/eastern_sliced/jingju/jingju_081_000.wav,14,jingju,4,2423,0,eastern
2424,datasets/audios/eastern_sliced/jingju/jingju_081_001.wav,14,jingju,4,2424,0,eastern
2425,datasets/audios/eastern_sliced/jingju/jingju_081_002.wav,14,jingju,4,2425,0,eastern
2426,datasets/audios/eastern_sliced/jingju/jingju_082_000.wav,14,jingju,4,2426,0,eastern
2427,datasets/audios/eastern_sliced/jingju/jingju_082_001.wav,14,jingju,4,2427,0,eastern
2428,datasets/audios/eastern_sliced/jingju/jingju_083_000.wav,14,jingju,4,2428,0,eastern
2429,datasets/audios/eastern_sliced/jingju/jingju_083_001.wav,14,jingju,4,2429,0,eastern
2430,datasets/audios/eastern_sliced/jingju/jingju_083_002.wav,14,jingju,4,2430,0,eastern
2431,datasets/audios/eastern_sliced/jingju/jingju_083_003.wav,14,jingju,4,2431,0,eastern
2432,datasets/audios/eastern_sliced/jingju/jingju_083_004.wav,14,jingju,4,2432,0,eastern
2433,datasets/audios/eastern_sliced/jingju/jingju_084_000.wav,14,jingju,4,2433,0,eastern
2434,datasets/audios/eastern_sliced/jingju/jingju_084_001.wav,14,jingju,4,2434,0,eastern
2435,datasets/audios/eastern_sliced/jingju/jingju_084_002.wav,14,jingju,4,2435,0,eastern
2436,datasets/audios/eastern_sliced/jingju/jingju_084_003.wav,14,jingju,4,2436,0,eastern
2437,datasets/audios/eastern_sliced/jingju/jingju_084_004.wav,14,jingju,4,2437,0,eastern
2438,datasets/audios/eastern_sliced/jingju/jingju_085_000.wav,14,jingju,4,2438,0,eastern
2439,datasets/audios/eastern_sliced/jingju/jingju_085_001.wav,14,jingju,4,2439,0,eastern
2440,datasets/audios/eastern_sliced/jingju/jingju_085_002.wav,14,jingju,4,2440,0,eastern
2441,datasets/audios/eastern_sliced/jingju/jingju_085_003.wav,14,jingju,4,2441,0,eastern
2442,datasets/audios/eastern_sliced/jingju/jingju_086_000.wav,14,jingju,4,2442,0,eastern
2443,datasets/audios/eastern_sliced/jingju/jingju_086_001.wav,14,jingju,4,2443,0,eastern
2444,datasets/audios/eastern_sliced/jingju/jingju_086_002.wav,14,jingju,4,2444,0,eastern
2445,datasets/audios/eastern_sliced/jingju/jingju_086_003.wav,14,jingju,4,2445,0,eastern
2446,datasets/audios/eastern_sliced/jingju/jingju_086_004.wav,14,jingju,4,2446,0,eastern
2447,datasets/audios/eastern_sliced/jingju/jingju_087_000.wav,14,jingju,4,2447,0,eastern
2448,datasets/audios/eastern_sliced/jingju/jingju_087_001.wav,14,jingju,4,2448,0,eastern
2449,datasets/audios/eastern_sliced/jingju/jingju_087_002.wav,14,jingju,4,2449,0,eastern
2450,datasets/audios/eastern_sliced/jingju/jingju_087_003.wav,14,jingju,4,2450,0,eastern
2451,datasets/audios/eastern_sliced/jingju/jingju_087_004.wav,14,jingju,4,2451,0,eastern
2452,datasets/audios/eastern_sliced/jingju/jingju_088_000.wav,14,jingju,4,2452,0,eastern
2453,datasets/audios/eastern_sliced/jingju/jingju_088_001.wav,14,jingju,4,2453,0,eastern
2454,datasets/audios/eastern_sliced/jingju/jingju_088_002.wav,14,jingju,4,2454,0,eastern
2455,datasets/audios/eastern_sliced/jingju/jingju_088_003.wav,14,jingju,4,2455,0,eastern
2456,datasets/audios/eastern_sliced/jingju/jingju_089_000.wav,14,jingju,4,2456,0,eastern
2457,datasets/audios/eastern_sliced/jingju/jingju_089_001.wav,14,jingju,4,2457,0,eastern
2458,datasets/audios/eastern_sliced/jingju/jingju_089_002.wav,14,jingju,4,2458,0,eastern
2459,datasets/audios/eastern_sliced/jingju/jingju_090_000.wav,14,jingju,4,2459,0,eastern
2460,datasets/audios/eastern_sliced/jingju/jingju_090_001.wav,14,jingju,4,2460,0,eastern
2461,datasets/audios/eastern_sliced/jingju/jingju_090_002.wav,14,jingju,4,2461,0,eastern
2462,datasets/audios/eastern_sliced/jingju/jingju_090_003.wav,14,jingju,4,2462,0,eastern
2463,datasets/audios/eastern_sliced/jingju/jingju_090_004.wav,14,jingju,4,2463,0,eastern
2464,datasets/audios/eastern_sliced/jingju/jingju_091_000.wav,14,jingju,4,2464,0,eastern
2465,datasets/audios/eastern_sliced/jingju/jingju_091_001.wav,14,jingju,4,2465,0,eastern
2466,datasets/audios/eastern_sliced/jingju/jingju_091_002.wav,14,jingju,4,2466,0,eastern
2467,datasets/audios/eastern_sliced/jingju/jingju_091_003.wav,14,jingju,4,2467,0,eastern
2468,datasets/audios/eastern_sliced/jingju/jingju_091_004.wav,14,jingju,4,2468,0,eastern
2469,datasets/audios/eastern_sliced/jingju/jingju_092_000.wav,14,jingju,4,2469,0,eastern
2470,datasets/audios/eastern_sliced/jingju/jingju_092_001.wav,14,jingju,4,2470,0,eastern
2471,datasets/audios/eastern_sliced/jingju/jingju_092_002.wav,14,jingju,4,2471,0,eastern
2472,datasets/audios/eastern_sliced/jingju/jingju_093_000.wav,14,jingju,4,2472,0,eastern
2473,datasets/audios/eastern_sliced/jingju/jingju_093_001.wav,14,jingju,4,2473,0,eastern
2474,datasets/audios/eastern_sliced/jingju/jingju_093_002.wav,14,jingju,4,2474,0,eastern
2475,datasets/audios/eastern_sliced/jingju/jingju_093_003.wav,14,jingju,4,2475,0,eastern
2476,datasets/audios/eastern_sliced/jingju/jingju_094_000.wav,14,jingju,4,2476,0,eastern
2477,datasets/audios/eastern_sliced/jingju/jingju_094_001.wav,14,jingju,4,2477,0,eastern
2478,datasets/audios/eastern_sliced/jingju/jingju_095_000.wav,14,jingju,4,2478,0,eastern
2479,datasets/audios/eastern_sliced/jingju/jingju_095_001.wav,14,jingju,4,2479,0,eastern
2480,datasets/audios/eastern_sliced/jingju/jingju_095_002.wav,14,jingju,4,2480,0,eastern
2481,datasets/audios/eastern_sliced/jingju/jingju_095_003.wav,14,jingju,4,2481,0,eastern
2482,datasets/audios/eastern_sliced/jingju/jingju_095_004.wav,14,jingju,4,2482,0,eastern
2483,datasets/audios/eastern_sliced/jingju/jingju_096_000.wav,14,jingju,4,2483,0,eastern
2484,datasets/audios/eastern_sliced/jingju/jingju_096_001.wav,14,jingju,4,2484,0,eastern
2485,datasets/audios/eastern_sliced/jingju/jingju_096_002.wav,14,jingju,4,2485,0,eastern
2486,datasets/audios/eastern_sliced/jingju/jingju_097_000.wav,14,jingju,4,2486,0,eastern
2487,datasets/audios/eastern_sliced/jingju/jingju_097_001.wav,14,jingju,4,2487,0,eastern
2488,datasets/audios/eastern_sliced/jingju/jingju_098_000.wav,14,jingju,4,2488,0,eastern
2489,datasets/audios/eastern_sliced/jingju/jingju_098_001.wav,14,jingju,4,2489,0,eastern
2490,datasets/audios/eastern_sliced/jingju/jingju_098_002.wav,14,jingju,4,2490,0,eastern
2491,datasets/audios/eastern_sliced/jingju/jingju_098_003.wav,14,jingju,4,2491,0,eastern
2492,datasets/audios/eastern_sliced/jingju/jingju_098_004.wav,14,jingju,4,2492,0,eastern
2493,datasets/audios/eastern_sliced/jingju/jingju_099_000.wav,14,jingju,4,2493,0,eastern
2494,datasets/audios/eastern_sliced/jingju/jingju_099_001.wav,14,jingju,4,2494,0,eastern
2495,datasets/audios/eastern_sliced/jingju/jingju_099_002.wav,14,jingju,4,2495,0,eastern
2496,datasets/audios/eastern_sliced/jingju/jingju_099_003.wav,14,jingju,4,2496,0,eastern
2497,datasets/audios/eastern_sliced/jingju/jingju_099_004.wav,14,jingju,4,2497,0,eastern
2498,datasets/audios/eastern_sliced/jpop/jpop_000_000.wav,15,jpop,5,2498,0,eastern
2499,datasets/audios/eastern_sliced/jpop/jpop_000_001.wav,15,jpop,5,2499,0,eastern
2500,datasets/audios/eastern_sliced/jpop/jpop_000_002.wav,15,jpop,5,2500,0,eastern
2501,datasets/audios/eastern_sliced/jpop/jpop_001_000.wav,15,jpop,5,2501,0,eastern
2502,datasets/audios/eastern_sliced/jpop/jpop_001_001.wav,15,jpop,5,2502,0,eastern
2503,datasets/audios/eastern_sliced/jpop/jpop_001_002.wav,15,jpop,5,2503,0,eastern
2504,datasets/audios/eastern_sliced/jpop/jpop_002_000.wav,15,jpop,5,2504,0,eastern
2505,datasets/audios/eastern_sliced/jpop/jpop_002_001.wav,15,jpop,5,2505,0,eastern
2506,datasets/audios/eastern_sliced/jpop/jpop_002_002.wav,15,jpop,5,2506,0,eastern
2507,datasets/audios/eastern_sliced/jpop/jpop_003_000.wav,15,jpop,5,2507,0,eastern
2508,datasets/audios/eastern_sliced/jpop/jpop_003_001.wav,15,jpop,5,2508,0,eastern
2509,datasets/audios/eastern_sliced/jpop/jpop_003_002.wav,15,jpop,5,2509,0,eastern
2510,datasets/audios/eastern_sliced/jpop/jpop_004_000.wav,15,jpop,5,2510,0,eastern
2511,datasets/audios/eastern_sliced/jpop/jpop_004_001.wav,15,jpop,5,2511,0,eastern
2512,datasets/audios/eastern_sliced/jpop/jpop_004_002.wav,15,jpop,5,2512,0,eastern
2513,datasets/audios/eastern_sliced/jpop/jpop_005_000.wav,15,jpop,5,2513,0,eastern
2514,datasets/audios/eastern_sliced/jpop/jpop_005_001.wav,15,jpop,5,2514,0,eastern
2515,datasets/audios/eastern_sliced/jpop/jpop_005_002.wav,15,jpop,5,2515,0,eastern
2516,datasets/audios/eastern_sliced/jpop/jpop_006_000.wav,15,jpop,5,2516,0,eastern
2517,datasets/audios/eastern_sliced/jpop/jpop_006_001.wav,15,jpop,5,2517,0,eastern
2518,datasets/audios/eastern_sliced/jpop/jpop_006_002.wav,15,jpop,5,2518,0,eastern
2519,datasets/audios/eastern_sliced/jpop/jpop_007_000.wav,15,jpop,5,2519,0,eastern
2520,datasets/audios/eastern_sliced/jpop/jpop_007_001.wav,15,jpop,5,2520,0,eastern
2521,datasets/audios/eastern_sliced/jpop/jpop_007_002.wav,15,jpop,5,2521,0,eastern
2522,datasets/audios/eastern_sliced/jpop/jpop_008_000.wav,15,jpop,5,2522,0,eastern
2523,datasets/audios/eastern_sliced/jpop/jpop_008_001.wav,15,jpop,5,2523,0,eastern
2524,datasets/audios/eastern_sliced/jpop/jpop_008_002.wav,15,jpop,5,2524,0,eastern
2525,datasets/audios/eastern_sliced/jpop/jpop_009_000.wav,15,jpop,5,2525,0,eastern
2526,datasets/audios/eastern_sliced/jpop/jpop_009_001.wav,15,jpop,5,2526,0,eastern
2527,datasets/audios/eastern_sliced/jpop/jpop_009_002.wav,15,jpop,5,2527,0,eastern
2528,datasets/audios/eastern_sliced/jpop/jpop_010_000.wav,15,jpop,5,2528,0,eastern
2529,datasets/audios/eastern_sliced/jpop/jpop_010_001.wav,15,jpop,5,2529,0,eastern
2530,datasets/audios/eastern_sliced/jpop/jpop_010_002.wav,15,jpop,5,2530,0,eastern
2531,datasets/audios/eastern_sliced/jpop/jpop_011_000.wav,15,jpop,5,2531,0,eastern
2532,datasets/audios/eastern_sliced/jpop/jpop_011_001.wav,15,jpop,5,2532,0,eastern
2533,datasets/audios/eastern_sliced/jpop/jpop_011_002.wav,15,jpop,5,2533,0,eastern
2534,datasets/audios/eastern_sliced/jpop/jpop_012_000.wav,15,jpop,5,2534,0,eastern
2535,datasets/audios/eastern_sliced/jpop/jpop_012_001.wav,15,jpop,5,2535,0,eastern
2536,datasets/audios/eastern_sliced/jpop/jpop_012_002.wav,15,jpop,5,2536,0,eastern
2537,datasets/audios/eastern_sliced/jpop/jpop_013_000.wav,15,jpop,5,2537,0,eastern
2538,datasets/audios/eastern_sliced/jpop/jpop_013_001.wav,15,jpop,5,2538,0,eastern
2539,datasets/audios/eastern_sliced/jpop/jpop_013_002.wav,15,jpop,5,2539,0,eastern
2540,datasets/audios/eastern_sliced/jpop/jpop_014_000.wav,15,jpop,5,2540,0,eastern
2541,datasets/audios/eastern_sliced/jpop/jpop_014_001.wav,15,jpop,5,2541,0,eastern
2542,datasets/audios/eastern_sliced/jpop/jpop_014_002.wav,15,jpop,5,2542,0,eastern
2543,datasets/audios/eastern_sliced/jpop/jpop_015_000.wav,15,jpop,5,2543,0,eastern
2544,datasets/audios/eastern_sliced/jpop/jpop_015_001.wav,15,jpop,5,2544,0,eastern
2545,datasets/audios/eastern_sliced/jpop/jpop_015_002.wav,15,jpop,5,2545,0,eastern
2546,datasets/audios/eastern_sliced/jpop/jpop_016_000.wav,15,jpop,5,2546,0,eastern
2547,datasets/audios/eastern_sliced/jpop/jpop_016_001.wav,15,jpop,5,2547,0,eastern
2548,datasets/audios/eastern_sliced/jpop/jpop_016_002.wav,15,jpop,5,2548,0,eastern
2549,datasets/audios/eastern_sliced/jpop/jpop_017_000.wav,15,jpop,5,2549,0,eastern
2550,datasets/audios/eastern_sliced/jpop/jpop_017_001.wav,15,jpop,5,2550,0,eastern
2551,datasets/audios/eastern_sliced/jpop/jpop_017_002.wav,15,jpop,5,2551,0,eastern
2552,datasets/audios/eastern_sliced/jpop/jpop_018_000.wav,15,jpop,5,2552,0,eastern
2553,datasets/audios/eastern_sliced/jpop/jpop_018_001.wav,15,jpop,5,2553,0,eastern
2554,datasets/audios/eastern_sliced/jpop/jpop_018_002.wav,15,jpop,5,2554,0,eastern
2555,datasets/audios/eastern_sliced/jpop/jpop_019_000.wav,15,jpop,5,2555,0,eastern
2556,datasets/audios/eastern_sliced/jpop/jpop_019_001.wav,15,jpop,5,2556,0,eastern
2557,datasets/audios/eastern_sliced/jpop/jpop_019_002.wav,15,jpop,5,2557,0,eastern
2558,datasets/audios/eastern_sliced/jpop/jpop_020_000.wav,15,jpop,5,2558,0,eastern
2559,datasets/audios/eastern_sliced/jpop/jpop_020_001.wav,15,jpop,5,2559,0,eastern
2560,datasets/audios/eastern_sliced/jpop/jpop_020_002.wav,15,jpop,5,2560,0,eastern
2561,datasets/audios/eastern_sliced/jpop/jpop_021_000.wav,15,jpop,5,2561,0,eastern
2562,datasets/audios/eastern_sliced/jpop/jpop_021_001.wav,15,jpop,5,2562,0,eastern
2563,datasets/audios/eastern_sliced/jpop/jpop_021_002.wav,15,jpop,5,2563,0,eastern
2564,datasets/audios/eastern_sliced/jpop/jpop_022_000.wav,15,jpop,5,2564,0,eastern
2565,datasets/audios/eastern_sliced/jpop/jpop_022_001.wav,15,jpop,5,2565,0,eastern
2566,datasets/audios/eastern_sliced/jpop/jpop_022_002.wav,15,jpop,5,2566,0,eastern
2567,datasets/audios/eastern_sliced/jpop/jpop_023_000.wav,15,jpop,5,2567,0,eastern
2568,datasets/audios/eastern_sliced/jpop/jpop_023_001.wav,15,jpop,5,2568,0,eastern
2569,datasets/audios/eastern_sliced/jpop/jpop_023_002.wav,15,jpop,5,2569,0,eastern
2570,datasets/audios/eastern_sliced/jpop/jpop_024_000.wav,15,jpop,5,2570,0,eastern
2571,datasets/audios/eastern_sliced/jpop/jpop_024_001.wav,15,jpop,5,2571,0,eastern
2572,datasets/audios/eastern_sliced/jpop/jpop_024_002.wav,15,jpop,5,2572,0,eastern
2573,datasets/audios/eastern_sliced/jpop/jpop_025_000.wav,15,jpop,5,2573,0,eastern
2574,datasets/audios/eastern_sliced/jpop/jpop_025_001.wav,15,jpop,5,2574,0,eastern
2575,datasets/audios/eastern_sliced/jpop/jpop_025_002.wav,15,jpop,5,2575,0,eastern
2576,datasets/audios/eastern_sliced/jpop/jpop_026_000.wav,15,jpop,5,2576,0,eastern
2577,datasets/audios/eastern_sliced/jpop/jpop_026_001.wav,15,jpop,5,2577,0,eastern
2578,datasets/audios/eastern_sliced/jpop/jpop_026_002.wav,15,jpop,5,2578,0,eastern
2579,datasets/audios/eastern_sliced/jpop/jpop_027_000.wav,15,jpop,5,2579,0,eastern
2580,datasets/audios/eastern_sliced/jpop/jpop_027_001.wav,15,jpop,5,2580,0,eastern
2581,datasets/audios/eastern_sliced/jpop/jpop_027_002.wav,15,jpop,5,2581,0,eastern
2582,datasets/audios/eastern_sliced/jpop/jpop_028_000.wav,15,jpop,5,2582,0,eastern
2583,datasets/audios/eastern_sliced/jpop/jpop_028_001.wav,15,jpop,5,2583,0,eastern
2584,datasets/audios/eastern_sliced/jpop/jpop_028_002.wav,15,jpop,5,2584,0,eastern
2585,datasets/audios/eastern_sliced/jpop/jpop_029_000.wav,15,jpop,5,2585,0,eastern
2586,datasets/audios/eastern_sliced/jpop/jpop_029_001.wav,15,jpop,5,2586,0,eastern
2587,datasets/audios/eastern_sliced/jpop/jpop_029_002.wav,15,jpop,5,2587,0,eastern
2588,datasets/audios/eastern_sliced/jpop/jpop_030_000.wav,15,jpop,5,2588,0,eastern
2589,datasets/audios/eastern_sliced/jpop/jpop_030_001.wav,15,jpop,5,2589,0,eastern
2590,datasets/audios/eastern_sliced/jpop/jpop_030_002.wav,15,jpop,5,2590,0,eastern
2591,datasets/audios/eastern_sliced/jpop/jpop_031_000.wav,15,jpop,5,2591,0,eastern
2592,datasets/audios/eastern_sliced/jpop/jpop_031_001.wav,15,jpop,5,2592,0,eastern
2593,datasets/audios/eastern_sliced/jpop/jpop_031_002.wav,15,jpop,5,2593,0,eastern
2594,datasets/audios/eastern_sliced/jpop/jpop_032_000.wav,15,jpop,5,2594,0,eastern
2595,datasets/audios/eastern_sliced/jpop/jpop_032_001.wav,15,jpop,5,2595,0,eastern
2596,datasets/audios/eastern_sliced/jpop/jpop_032_002.wav,15,jpop,5,2596,0,eastern
2597,datasets/audios/eastern_sliced/jpop/jpop_033_000.wav,15,jpop,5,2597,0,eastern
2598,datasets/audios/eastern_sliced/jpop/jpop_033_001.wav,15,jpop,5,2598,0,eastern
2599,datasets/audios/eastern_sliced/jpop/jpop_033_002.wav,15,jpop,5,2599,0,eastern
2600,datasets/audios/eastern_sliced/jpop/jpop_034_000.wav,15,jpop,5,2600,0,eastern
2601,datasets/audios/eastern_sliced/jpop/jpop_034_001.wav,15,jpop,5,2601,0,eastern
2602,datasets/audios/eastern_sliced/jpop/jpop_034_002.wav,15,jpop,5,2602,0,eastern
2603,datasets/audios/eastern_sliced/jpop/jpop_035_000.wav,15,jpop,5,2603,0,eastern
2604,datasets/audios/eastern_sliced/jpop/jpop_035_001.wav,15,jpop,5,2604,0,eastern
2605,datasets/audios/eastern_sliced/jpop/jpop_035_002.wav,15,jpop,5,2605,0,eastern
2606,datasets/audios/eastern_sliced/jpop/jpop_036_000.wav,15,jpop,5,2606,0,eastern
2607,datasets/audios/eastern_sliced/jpop/jpop_036_001.wav,15,jpop,5,2607,0,eastern
2608,datasets/audios/eastern_sliced/jpop/jpop_036_002.wav,15,jpop,5,2608,0,eastern
2609,datasets/audios/eastern_sliced/jpop/jpop_037_000.wav,15,jpop,5,2609,0,eastern
2610,datasets/audios/eastern_sliced/jpop/jpop_037_001.wav,15,jpop,5,2610,0,eastern
2611,datasets/audios/eastern_sliced/jpop/jpop_037_002.wav,15,jpop,5,2611,0,eastern
2612,datasets/audios/eastern_sliced/jpop/jpop_038_000.wav,15,jpop,5,2612,0,eastern
2613,datasets/audios/eastern_sliced/jpop/jpop_038_001.wav,15,jpop,5,2613,0,eastern
2614,datasets/audios/eastern_sliced/jpop/jpop_038_002.wav,15,jpop,5,2614,0,eastern
2615,datasets/audios/eastern_sliced/jpop/jpop_039_000.wav,15,jpop,5,2615,0,eastern
2616,datasets/audios/eastern_sliced/jpop/jpop_039_001.wav,15,jpop,5,2616,0,eastern
2617,datasets/audios/eastern_sliced/jpop/jpop_039_002.wav,15,jpop,5,2617,0,eastern
2618,datasets/audios/eastern_sliced/jpop/jpop_040_000.wav,15,jpop,5,2618,0,eastern
2619,datasets/audios/eastern_sliced/jpop/jpop_040_001.wav,15,jpop,5,2619,0,eastern
2620,datasets/audios/eastern_sliced/jpop/jpop_040_002.wav,15,jpop,5,2620,0,eastern
2621,datasets/audios/eastern_sliced/jpop/jpop_041_000.wav,15,jpop,5,2621,0,eastern
2622,datasets/audios/eastern_sliced/jpop/jpop_041_001.wav,15,jpop,5,2622,0,eastern
2623,datasets/audios/eastern_sliced/jpop/jpop_041_002.wav,15,jpop,5,2623,0,eastern
2624,datasets/audios/eastern_sliced/jpop/jpop_042_000.wav,15,jpop,5,2624,0,eastern
2625,datasets/audios/eastern_sliced/jpop/jpop_042_001.wav,15,jpop,5,2625,0,eastern
2626,datasets/audios/eastern_sliced/jpop/jpop_042_002.wav,15,jpop,5,2626,0,eastern
2627,datasets/audios/eastern_sliced/jpop/jpop_043_000.wav,15,jpop,5,2627,0,eastern
2628,datasets/audios/eastern_sliced/jpop/jpop_043_001.wav,15,jpop,5,2628,0,eastern
2629,datasets/audios/eastern_sliced/jpop/jpop_043_002.wav,15,jpop,5,2629,0,eastern
2630,datasets/audios/eastern_sliced/jpop/jpop_044_000.wav,15,jpop,5,2630,0,eastern
2631,datasets/audios/eastern_sliced/jpop/jpop_044_001.wav,15,jpop,5,2631,0,eastern
2632,datasets/audios/eastern_sliced/jpop/jpop_044_002.wav,15,jpop,5,2632,0,eastern
2633,datasets/audios/eastern_sliced/jpop/jpop_045_000.wav,15,jpop,5,2633,0,eastern
2634,datasets/audios/eastern_sliced/jpop/jpop_045_001.wav,15,jpop,5,2634,0,eastern
2635,datasets/audios/eastern_sliced/jpop/jpop_045_002.wav,15,jpop,5,2635,0,eastern
2636,datasets/audios/eastern_sliced/jpop/jpop_046_000.wav,15,jpop,5,2636,0,eastern
2637,datasets/audios/eastern_sliced/jpop/jpop_046_001.wav,15,jpop,5,2637,0,eastern
2638,datasets/audios/eastern_sliced/jpop/jpop_046_002.wav,15,jpop,5,2638,0,eastern
2639,datasets/audios/eastern_sliced/jpop/jpop_047_000.wav,15,jpop,5,2639,0,eastern
2640,datasets/audios/eastern_sliced/jpop/jpop_047_001.wav,15,jpop,5,2640,0,eastern
2641,datasets/audios/eastern_sliced/jpop/jpop_047_002.wav,15,jpop,5,2641,0,eastern
2642,datasets/audios/eastern_sliced/jpop/jpop_048_000.wav,15,jpop,5,2642,0,eastern
2643,datasets/audios/eastern_sliced/jpop/jpop_048_001.wav,15,jpop,5,2643,0,eastern
2644,datasets/audios/eastern_sliced/jpop/jpop_048_002.wav,15,jpop,5,2644,0,eastern
2645,datasets/audios/eastern_sliced/jpop/jpop_049_000.wav,15,jpop,5,2645,0,eastern
2646,datasets/audios/eastern_sliced/jpop/jpop_049_001.wav,15,jpop,5,2646,0,eastern
2647,datasets/audios/eastern_sliced/jpop/jpop_049_002.wav,15,jpop,5,2647,0,eastern
2648,datasets/audios/eastern_sliced/jpop/jpop_050_000.wav,15,jpop,5,2648,0,eastern
2649,datasets/audios/eastern_sliced/jpop/jpop_050_001.wav,15,jpop,5,2649,0,eastern
2650,datasets/audios/eastern_sliced/jpop/jpop_050_002.wav,15,jpop,5,2650,0,eastern
2651,datasets/audios/eastern_sliced/jpop/jpop_051_000.wav,15,jpop,5,2651,0,eastern
2652,datasets/audios/eastern_sliced/jpop/jpop_051_001.wav,15,jpop,5,2652,0,eastern
2653,datasets/audios/eastern_sliced/jpop/jpop_051_002.wav,15,jpop,5,2653,0,eastern
2654,datasets/audios/eastern_sliced/jpop/jpop_052_000.wav,15,jpop,5,2654,0,eastern
2655,datasets/audios/eastern_sliced/jpop/jpop_052_001.wav,15,jpop,5,2655,0,eastern
2656,datasets/audios/eastern_sliced/jpop/jpop_052_002.wav,15,jpop,5,2656,0,eastern
2657,datasets/audios/eastern_sliced/jpop/jpop_053_000.wav,15,jpop,5,2657,0,eastern
2658,datasets/audios/eastern_sliced/jpop/jpop_053_001.wav,15,jpop,5,2658,0,eastern
2659,datasets/audios/eastern_sliced/jpop/jpop_053_002.wav,15,jpop,5,2659,0,eastern
2660,datasets/audios/eastern_sliced/jpop/jpop_054_000.wav,15,jpop,5,2660,0,eastern
2661,datasets/audios/eastern_sliced/jpop/jpop_054_001.wav,15,jpop,5,2661,0,eastern
2662,datasets/audios/eastern_sliced/jpop/jpop_054_002.wav,15,jpop,5,2662,0,eastern
2663,datasets/audios/eastern_sliced/jpop/jpop_055_000.wav,15,jpop,5,2663,0,eastern
2664,datasets/audios/eastern_sliced/jpop/jpop_055_001.wav,15,jpop,5,2664,0,eastern
2665,datasets/audios/eastern_sliced/jpop/jpop_055_002.wav,15,jpop,5,2665,0,eastern
2666,datasets/audios/eastern_sliced/jpop/jpop_056_000.wav,15,jpop,5,2666,0,eastern
2667,datasets/audios/eastern_sliced/jpop/jpop_056_001.wav,15,jpop,5,2667,0,eastern
2668,datasets/audios/eastern_sliced/jpop/jpop_056_002.wav,15,jpop,5,2668,0,eastern
2669,datasets/audios/eastern_sliced/jpop/jpop_057_000.wav,15,jpop,5,2669,0,eastern
2670,datasets/audios/eastern_sliced/jpop/jpop_057_001.wav,15,jpop,5,2670,0,eastern
2671,datasets/audios/eastern_sliced/jpop/jpop_057_002.wav,15,jpop,5,2671,0,eastern
2672,datasets/audios/eastern_sliced/jpop/jpop_058_000.wav,15,jpop,5,2672,0,eastern
2673,datasets/audios/eastern_sliced/jpop/jpop_058_001.wav,15,jpop,5,2673,0,eastern
2674,datasets/audios/eastern_sliced/jpop/jpop_058_002.wav,15,jpop,5,2674,0,eastern
2675,datasets/audios/eastern_sliced/jpop/jpop_059_000.wav,15,jpop,5,2675,0,eastern
2676,datasets/audios/eastern_sliced/jpop/jpop_059_001.wav,15,jpop,5,2676,0,eastern
2677,datasets/audios/eastern_sliced/jpop/jpop_059_002.wav,15,jpop,5,2677,0,eastern
2678,datasets/audios/eastern_sliced/jpop/jpop_060_000.wav,15,jpop,5,2678,0,eastern
2679,datasets/audios/eastern_sliced/jpop/jpop_060_001.wav,15,jpop,5,2679,0,eastern
2680,datasets/audios/eastern_sliced/jpop/jpop_060_002.wav,15,jpop,5,2680,0,eastern
2681,datasets/audios/eastern_sliced/jpop/jpop_061_000.wav,15,jpop,5,2681,0,eastern
2682,datasets/audios/eastern_sliced/jpop/jpop_061_001.wav,15,jpop,5,2682,0,eastern
2683,datasets/audios/eastern_sliced/jpop/jpop_061_002.wav,15,jpop,5,2683,0,eastern
2684,datasets/audios/eastern_sliced/jpop/jpop_062_000.wav,15,jpop,5,2684,0,eastern
2685,datasets/audios/eastern_sliced/jpop/jpop_062_001.wav,15,jpop,5,2685,0,eastern
2686,datasets/audios/eastern_sliced/jpop/jpop_062_002.wav,15,jpop,5,2686,0,eastern
2687,datasets/audios/eastern_sliced/jpop/jpop_063_000.wav,15,jpop,5,2687,0,eastern
2688,datasets/audios/eastern_sliced/jpop/jpop_063_001.wav,15,jpop,5,2688,0,eastern
2689,datasets/audios/eastern_sliced/jpop/jpop_063_002.wav,15,jpop,5,2689,0,eastern
2690,datasets/audios/eastern_sliced/jpop/jpop_064_000.wav,15,jpop,5,2690,0,eastern
2691,datasets/audios/eastern_sliced/jpop/jpop_064_001.wav,15,jpop,5,2691,0,eastern
2692,datasets/audios/eastern_sliced/jpop/jpop_064_002.wav,15,jpop,5,2692,0,eastern
2693,datasets/audios/eastern_sliced/jpop/jpop_065_000.wav,15,jpop,5,2693,0,eastern
2694,datasets/audios/eastern_sliced/jpop/jpop_065_001.wav,15,jpop,5,2694,0,eastern
2695,datasets/audios/eastern_sliced/jpop/jpop_065_002.wav,15,jpop,5,2695,0,eastern
2696,datasets/audios/eastern_sliced/jpop/jpop_066_000.wav,15,jpop,5,2696,0,eastern
2697,datasets/audios/eastern_sliced/jpop/jpop_066_001.wav,15,jpop,5,2697,0,eastern
2698,datasets/audios/eastern_sliced/jpop/jpop_066_002.wav,15,jpop,5,2698,0,eastern
2699,datasets/audios/eastern_sliced/jpop/jpop_067_000.wav,15,jpop,5,2699,0,eastern
2700,datasets/audios/eastern_sliced/jpop/jpop_067_001.wav,15,jpop,5,2700,0,eastern
2701,datasets/audios/eastern_sliced/jpop/jpop_067_002.wav,15,jpop,5,2701,0,eastern
2702,datasets/audios/eastern_sliced/kpop/kpop_000_000.wav,16,kpop,6,2702,0,eastern
2703,datasets/audios/eastern_sliced/kpop/kpop_000_001.wav,16,kpop,6,2703,0,eastern
2704,datasets/audios/eastern_sliced/kpop/kpop_000_002.wav,16,kpop,6,2704,0,eastern
2705,datasets/audios/eastern_sliced/kpop/kpop_001_000.wav,16,kpop,6,2705,0,eastern
2706,datasets/audios/eastern_sliced/kpop/kpop_001_001.wav,16,kpop,6,2706,0,eastern
2707,datasets/audios/eastern_sliced/kpop/kpop_001_002.wav,16,kpop,6,2707,0,eastern
2708,datasets/audios/eastern_sliced/kpop/kpop_002_000.wav,16,kpop,6,2708,0,eastern
2709,datasets/audios/eastern_sliced/kpop/kpop_002_001.wav,16,kpop,6,2709,0,eastern
2710,datasets/audios/eastern_sliced/kpop/kpop_002_002.wav,16,kpop,6,2710,0,eastern
2711,datasets/audios/eastern_sliced/kpop/kpop_003_000.wav,16,kpop,6,2711,0,eastern
2712,datasets/audios/eastern_sliced/kpop/kpop_003_001.wav,16,kpop,6,2712,0,eastern
2713,datasets/audios/eastern_sliced/kpop/kpop_003_002.wav,16,kpop,6,2713,0,eastern
2714,datasets/audios/eastern_sliced/kpop/kpop_004_000.wav,16,kpop,6,2714,0,eastern
2715,datasets/audios/eastern_sliced/kpop/kpop_004_001.wav,16,kpop,6,2715,0,eastern
2716,datasets/audios/eastern_sliced/kpop/kpop_004_002.wav,16,kpop,6,2716,0,eastern
2717,datasets/audios/eastern_sliced/kpop/kpop_005_000.wav,16,kpop,6,2717,0,eastern
2718,datasets/audios/eastern_sliced/kpop/kpop_005_001.wav,16,kpop,6,2718,0,eastern
2719,datasets/audios/eastern_sliced/kpop/kpop_005_002.wav,16,kpop,6,2719,0,eastern
2720,datasets/audios/eastern_sliced/kpop/kpop_006_000.wav,16,kpop,6,2720,0,eastern
2721,datasets/audios/eastern_sliced/kpop/kpop_006_001.wav,16,kpop,6,2721,0,eastern
2722,datasets/audios/eastern_sliced/kpop/kpop_006_002.wav,16,kpop,6,2722,0,eastern
2723,datasets/audios/eastern_sliced/kpop/kpop_007_000.wav,16,kpop,6,2723,0,eastern
2724,datasets/audios/eastern_sliced/kpop/kpop_007_001.wav,16,kpop,6,2724,0,eastern
2725,datasets/audios/eastern_sliced/kpop/kpop_007_002.wav,16,kpop,6,2725,0,eastern
2726,datasets/audios/eastern_sliced/kpop/kpop_008_000.wav,16,kpop,6,2726,0,eastern
2727,datasets/audios/eastern_sliced/kpop/kpop_008_001.wav,16,kpop,6,2727,0,eastern
2728,datasets/audios/eastern_sliced/kpop/kpop_008_002.wav,16,kpop,6,2728,0,eastern
2729,datasets/audios/eastern_sliced/kpop/kpop_009_000.wav,16,kpop,6,2729,0,eastern
2730,datasets/audios/eastern_sliced/kpop/kpop_009_001.wav,16,kpop,6,2730,0,eastern
2731,datasets/audios/eastern_sliced/kpop/kpop_009_002.wav,16,kpop,6,2731,0,eastern
2732,datasets/audios/eastern_sliced/kpop/kpop_010_000.wav,16,kpop,6,2732,0,eastern
2733,datasets/audios/eastern_sliced/kpop/kpop_010_001.wav,16,kpop,6,2733,0,eastern
2734,datasets/audios/eastern_sliced/kpop/kpop_010_002.wav,16,kpop,6,2734,0,eastern
2735,datasets/audios/eastern_sliced/kpop/kpop_011_000.wav,16,kpop,6,2735,0,eastern
2736,datasets/audios/eastern_sliced/kpop/kpop_011_001.wav,16,kpop,6,2736,0,eastern
2737,datasets/audios/eastern_sliced/kpop/kpop_011_002.wav,16,kpop,6,2737,0,eastern
2738,datasets/audios/eastern_sliced/kpop/kpop_012_000.wav,16,kpop,6,2738,0,eastern
2739,datasets/audios/eastern_sliced/kpop/kpop_012_001.wav,16,kpop,6,2739,0,eastern
2740,datasets/audios/eastern_sliced/kpop/kpop_012_002.wav,16,kpop,6,2740,0,eastern
2741,datasets/audios/eastern_sliced/kpop/kpop_013_000.wav,16,kpop,6,2741,0,eastern
2742,datasets/audios/eastern_sliced/kpop/kpop_013_001.wav,16,kpop,6,2742,0,eastern
2743,datasets/audios/eastern_sliced/kpop/kpop_013_002.wav,16,kpop,6,2743,0,eastern
2744,datasets/audios/eastern_sliced/kpop/kpop_014_000.wav,16,kpop,6,2744,0,eastern
2745,datasets/audios/eastern_sliced/kpop/kpop_014_001.wav,16,kpop,6,2745,0,eastern
2746,datasets/audios/eastern_sliced/kpop/kpop_014_002.wav,16,kpop,6,2746,0,eastern
2747,datasets/audios/eastern_sliced/kpop/kpop_015_000.wav,16,kpop,6,2747,0,eastern
2748,datasets/audios/eastern_sliced/kpop/kpop_015_001.wav,16,kpop,6,2748,0,eastern
2749,datasets/audios/eastern_sliced/kpop/kpop_015_002.wav,16,kpop,6,2749,0,eastern
2750,datasets/audios/eastern_sliced/kpop/kpop_016_000.wav,16,kpop,6,2750,0,eastern
2751,datasets/audios/eastern_sliced/kpop/kpop_016_001.wav,16,kpop,6,2751,0,eastern
2752,datasets/audios/eastern_sliced/kpop/kpop_016_002.wav,16,kpop,6,2752,0,eastern
2753,datasets/audios/eastern_sliced/kpop/kpop_017_000.wav,16,kpop,6,2753,0,eastern
2754,datasets/audios/eastern_sliced/kpop/kpop_017_001.wav,16,kpop,6,2754,0,eastern
2755,datasets/audios/eastern_sliced/kpop/kpop_017_002.wav,16,kpop,6,2755,0,eastern
2756,datasets/audios/eastern_sliced/kpop/kpop_018_000.wav,16,kpop,6,2756,0,eastern
2757,datasets/audios/eastern_sliced/kpop/kpop_018_001.wav,16,kpop,6,2757,0,eastern
2758,datasets/audios/eastern_sliced/kpop/kpop_018_002.wav,16,kpop,6,2758,0,eastern
2759,datasets/audios/eastern_sliced/kpop/kpop_019_000.wav,16,kpop,6,2759,0,eastern
2760,datasets/audios/eastern_sliced/kpop/kpop_019_001.wav,16,kpop,6,2760,0,eastern
2761,datasets/audios/eastern_sliced/kpop/kpop_019_002.wav,16,kpop,6,2761,0,eastern
2762,datasets/audios/eastern_sliced/kpop/kpop_020_000.wav,16,kpop,6,2762,0,eastern
2763,datasets/audios/eastern_sliced/kpop/kpop_020_001.wav,16,kpop,6,2763,0,eastern
2764,datasets/audios/eastern_sliced/kpop/kpop_020_002.wav,16,kpop,6,2764,0,eastern
2765,datasets/audios/eastern_sliced/kpop/kpop_021_000.wav,16,kpop,6,2765,0,eastern
2766,datasets/audios/eastern_sliced/kpop/kpop_021_001.wav,16,kpop,6,2766,0,eastern
2767,datasets/audios/eastern_sliced/kpop/kpop_021_002.wav,16,kpop,6,2767,0,eastern
2768,datasets/audios/eastern_sliced/kpop/kpop_022_000.wav,16,kpop,6,2768,0,eastern
2769,datasets/audios/eastern_sliced/kpop/kpop_022_001.wav,16,kpop,6,2769,0,eastern
2770,datasets/audios/eastern_sliced/kpop/kpop_022_002.wav,16,kpop,6,2770,0,eastern
2771,datasets/audios/eastern_sliced/kpop/kpop_023_000.wav,16,kpop,6,2771,0,eastern
2772,datasets/audios/eastern_sliced/kpop/kpop_023_001.wav,16,kpop,6,2772,0,eastern
2773,datasets/audios/eastern_sliced/kpop/kpop_023_002.wav,16,kpop,6,2773,0,eastern
2774,datasets/audios/eastern_sliced/kpop/kpop_024_000.wav,16,kpop,6,2774,0,eastern
2775,datasets/audios/eastern_sliced/kpop/kpop_024_001.wav,16,kpop,6,2775,0,eastern
2776,datasets/audios/eastern_sliced/kpop/kpop_024_002.wav,16,kpop,6,2776,0,eastern
2777,datasets/audios/eastern_sliced/kpop/kpop_025_000.wav,16,kpop,6,2777,0,eastern
2778,datasets/audios/eastern_sliced/kpop/kpop_025_001.wav,16,kpop,6,2778,0,eastern
2779,datasets/audios/eastern_sliced/kpop/kpop_025_002.wav,16,kpop,6,2779,0,eastern
2780,datasets/audios/eastern_sliced/kpop/kpop_026_000.wav,16,kpop,6,2780,0,eastern
2781,datasets/audios/eastern_sliced/kpop/kpop_026_001.wav,16,kpop,6,2781,0,eastern
2782,datasets/audios/eastern_sliced/kpop/kpop_026_002.wav,16,kpop,6,2782,0,eastern
2783,datasets/audios/eastern_sliced/kpop/kpop_027_000.wav,16,kpop,6,2783,0,eastern
2784,datasets/audios/eastern_sliced/kpop/kpop_027_001.wav,16,kpop,6,2784,0,eastern
2785,datasets/audios/eastern_sliced/kpop/kpop_027_002.wav,16,kpop,6,2785,0,eastern
2786,datasets/audios/eastern_sliced/kpop/kpop_028_000.wav,16,kpop,6,2786,0,eastern
2787,datasets/audios/eastern_sliced/kpop/kpop_028_001.wav,16,kpop,6,2787,0,eastern
2788,datasets/audios/eastern_sliced/kpop/kpop_028_002.wav,16,kpop,6,2788,0,eastern
2789,datasets/audios/eastern_sliced/kpop/kpop_029_000.wav,16,kpop,6,2789,0,eastern
2790,datasets/audios/eastern_sliced/kpop/kpop_029_001.wav,16,kpop,6,2790,0,eastern
2791,datasets/audios/eastern_sliced/kpop/kpop_029_002.wav,16,kpop,6,2791,0,eastern
2792,datasets/audios/eastern_sliced/kpop/kpop_030_000.wav,16,kpop,6,2792,0,eastern
2793,datasets/audios/eastern_sliced/kpop/kpop_030_001.wav,16,kpop,6,2793,0,eastern
2794,datasets/audios/eastern_sliced/kpop/kpop_030_002.wav,16,kpop,6,2794,0,eastern
2795,datasets/audios/eastern_sliced/kpop/kpop_031_000.wav,16,kpop,6,2795,0,eastern
2796,datasets/audios/eastern_sliced/kpop/kpop_031_001.wav,16,kpop,6,2796,0,eastern
2797,datasets/audios/eastern_sliced/kpop/kpop_031_002.wav,16,kpop,6,2797,0,eastern
2798,datasets/audios/eastern_sliced/kpop/kpop_032_000.wav,16,kpop,6,2798,0,eastern
2799,datasets/audios/eastern_sliced/kpop/kpop_032_001.wav,16,kpop,6,2799,0,eastern
2800,datasets/audios/eastern_sliced/kpop/kpop_032_002.wav,16,kpop,6,2800,0,eastern
2801,datasets/audios/eastern_sliced/kpop/kpop_033_000.wav,16,kpop,6,2801,0,eastern
2802,datasets/audios/eastern_sliced/kpop/kpop_033_001.wav,16,kpop,6,2802,0,eastern
2803,datasets/audios/eastern_sliced/kpop/kpop_033_002.wav,16,kpop,6,2803,0,eastern
2804,datasets/audios/eastern_sliced/kpop/kpop_034_000.wav,16,kpop,6,2804,0,eastern
2805,datasets/audios/eastern_sliced/kpop/kpop_034_001.wav,16,kpop,6,2805,0,eastern
2806,datasets/audios/eastern_sliced/kpop/kpop_034_002.wav,16,kpop,6,2806,0,eastern
2807,datasets/audios/eastern_sliced/kpop/kpop_035_000.wav,16,kpop,6,2807,0,eastern
2808,datasets/audios/eastern_sliced/kpop/kpop_035_001.wav,16,kpop,6,2808,0,eastern
2809,datasets/audios/eastern_sliced/kpop/kpop_035_002.wav,16,kpop,6,2809,0,eastern
2810,datasets/audios/eastern_sliced/kpop/kpop_036_000.wav,16,kpop,6,2810,0,eastern
2811,datasets/audios/eastern_sliced/kpop/kpop_036_001.wav,16,kpop,6,2811,0,eastern
2812,datasets/audios/eastern_sliced/kpop/kpop_036_002.wav,16,kpop,6,2812,0,eastern
2813,datasets/audios/eastern_sliced/kpop/kpop_037_000.wav,16,kpop,6,2813,0,eastern
2814,datasets/audios/eastern_sliced/kpop/kpop_037_001.wav,16,kpop,6,2814,0,eastern
2815,datasets/audios/eastern_sliced/kpop/kpop_037_002.wav,16,kpop,6,2815,0,eastern
2816,datasets/audios/eastern_sliced/kpop/kpop_038_000.wav,16,kpop,6,2816,0,eastern
2817,datasets/audios/eastern_sliced/kpop/kpop_038_001.wav,16,kpop,6,2817,0,eastern
2818,datasets/audios/eastern_sliced/kpop/kpop_038_002.wav,16,kpop,6,2818,0,eastern
2819,datasets/audios/eastern_sliced/kpop/kpop_039_000.wav,16,kpop,6,2819,0,eastern
2820,datasets/audios/eastern_sliced/kpop/kpop_039_001.wav,16,kpop,6,2820,0,eastern
2821,datasets/audios/eastern_sliced/kpop/kpop_039_002.wav,16,kpop,6,2821,0,eastern
2822,datasets/audios/eastern_sliced/kpop/kpop_040_000.wav,16,kpop,6,2822,0,eastern
2823,datasets/audios/eastern_sliced/kpop/kpop_040_001.wav,16,kpop,6,2823,0,eastern
2824,datasets/audios/eastern_sliced/kpop/kpop_040_002.wav,16,kpop,6,2824,0,eastern
2825,datasets/audios/eastern_sliced/kpop/kpop_041_000.wav,16,kpop,6,2825,0,eastern
2826,datasets/audios/eastern_sliced/kpop/kpop_041_001.wav,16,kpop,6,2826,0,eastern
2827,datasets/audios/eastern_sliced/kpop/kpop_041_002.wav,16,kpop,6,2827,0,eastern
2828,datasets/audios/eastern_sliced/kpop/kpop_042_000.wav,16,kpop,6,2828,0,eastern
2829,datasets/audios/eastern_sliced/kpop/kpop_042_001.wav,16,kpop,6,2829,0,eastern
2830,datasets/audios/eastern_sliced/kpop/kpop_042_002.wav,16,kpop,6,2830,0,eastern
2831,datasets/audios/eastern_sliced/kpop/kpop_043_000.wav,16,kpop,6,2831,0,eastern
2832,datasets/audios/eastern_sliced/kpop/kpop_043_001.wav,16,kpop,6,2832,0,eastern
2833,datasets/audios/eastern_sliced/kpop/kpop_043_002.wav,16,kpop,6,2833,0,eastern
2834,datasets/audios/eastern_sliced/kpop/kpop_044_000.wav,16,kpop,6,2834,0,eastern
2835,datasets/audios/eastern_sliced/kpop/kpop_044_001.wav,16,kpop,6,2835,0,eastern
2836,datasets/audios/eastern_sliced/kpop/kpop_044_002.wav,16,kpop,6,2836,0,eastern
2837,datasets/audios/eastern_sliced/kpop/kpop_045_000.wav,16,kpop,6,2837,0,eastern
2838,datasets/audios/eastern_sliced/kpop/kpop_045_001.wav,16,kpop,6,2838,0,eastern
2839,datasets/audios/eastern_sliced/kpop/kpop_045_002.wav,16,kpop,6,2839,0,eastern
2840,datasets/audios/eastern_sliced/kpop/kpop_046_000.wav,16,kpop,6,2840,0,eastern
2841,datasets/audios/eastern_sliced/kpop/kpop_046_001.wav,16,kpop,6,2841,0,eastern
2842,datasets/audios/eastern_sliced/kpop/kpop_046_002.wav,16,kpop,6,2842,0,eastern
2843,datasets/audios/eastern_sliced/kpop/kpop_047_000.wav,16,kpop,6,2843,0,eastern
2844,datasets/audios/eastern_sliced/kpop/kpop_047_001.wav,16,kpop,6,2844,0,eastern
2845,datasets/audios/eastern_sliced/kpop/kpop_047_002.wav,16,kpop,6,2845,0,eastern
2846,datasets/audios/eastern_sliced/kpop/kpop_048_000.wav,16,kpop,6,2846,0,eastern
2847,datasets/audios/eastern_sliced/kpop/kpop_048_001.wav,16,kpop,6,2847,0,eastern
2848,datasets/audios/eastern_sliced/kpop/kpop_048_002.wav,16,kpop,6,2848,0,eastern
2849,datasets/audios/eastern_sliced/kpop/kpop_049_000.wav,16,kpop,6,2849,0,eastern
2850,datasets/audios/eastern_sliced/kpop/kpop_049_001.wav,16,kpop,6,2850,0,eastern
2851,datasets/audios/eastern_sliced/kpop/kpop_049_002.wav,16,kpop,6,2851,0,eastern
2852,datasets/audios/eastern_sliced/kpop/kpop_050_000.wav,16,kpop,6,2852,0,eastern
2853,datasets/audios/eastern_sliced/kpop/kpop_050_001.wav,16,kpop,6,2853,0,eastern
2854,datasets/audios/eastern_sliced/kpop/kpop_050_002.wav,16,kpop,6,2854,0,eastern
2855,datasets/audios/eastern_sliced/kpop/kpop_051_000.wav,16,kpop,6,2855,0,eastern
2856,datasets/audios/eastern_sliced/kpop/kpop_051_001.wav,16,kpop,6,2856,0,eastern
2857,datasets/audios/eastern_sliced/kpop/kpop_051_002.wav,16,kpop,6,2857,0,eastern
2858,datasets/audios/eastern_sliced/kpop/kpop_052_000.wav,16,kpop,6,2858,0,eastern
2859,datasets/audios/eastern_sliced/kpop/kpop_052_001.wav,16,kpop,6,2859,0,eastern
2860,datasets/audios/eastern_sliced/kpop/kpop_052_002.wav,16,kpop,6,2860,0,eastern
2861,datasets/audios/eastern_sliced/kpop/kpop_053_000.wav,16,kpop,6,2861,0,eastern
2862,datasets/audios/eastern_sliced/kpop/kpop_053_001.wav,16,kpop,6,2862,0,eastern
2863,datasets/audios/eastern_sliced/kpop/kpop_053_002.wav,16,kpop,6,2863,0,eastern
2864,datasets/audios/eastern_sliced/kpop/kpop_054_000.wav,16,kpop,6,2864,0,eastern
2865,datasets/audios/eastern_sliced/kpop/kpop_054_001.wav,16,kpop,6,2865,0,eastern
2866,datasets/audios/eastern_sliced/kpop/kpop_054_002.wav,16,kpop,6,2866,0,eastern
2867,datasets/audios/eastern_sliced/kpop/kpop_055_000.wav,16,kpop,6,2867,0,eastern
2868,datasets/audios/eastern_sliced/kpop/kpop_055_001.wav,16,kpop,6,2868,0,eastern
2869,datasets/audios/eastern_sliced/kpop/kpop_055_002.wav,16,kpop,6,2869,0,eastern
2870,datasets/audios/eastern_sliced/kpop/kpop_056_000.wav,16,kpop,6,2870,0,eastern
2871,datasets/audios/eastern_sliced/kpop/kpop_056_001.wav,16,kpop,6,2871,0,eastern
2872,datasets/audios/eastern_sliced/kpop/kpop_056_002.wav,16,kpop,6,2872,0,eastern
2873,datasets/audios/eastern_sliced/kpop/kpop_057_000.wav,16,kpop,6,2873,0,eastern
2874,datasets/audios/eastern_sliced/kpop/kpop_057_001.wav,16,kpop,6,2874,0,eastern
2875,datasets/audios/eastern_sliced/kpop/kpop_057_002.wav,16,kpop,6,2875,0,eastern
2876,datasets/audios/eastern_sliced/kpop/kpop_058_000.wav,16,kpop,6,2876,0,eastern
2877,datasets/audios/eastern_sliced/kpop/kpop_058_001.wav,16,kpop,6,2877,0,eastern
2878,datasets/audios/eastern_sliced/kpop/kpop_058_002.wav,16,kpop,6,2878,0,eastern
2879,datasets/audios/eastern_sliced/kpop/kpop_059_000.wav,16,kpop,6,2879,0,eastern
2880,datasets/audios/eastern_sliced/kpop/kpop_059_001.wav,16,kpop,6,2880,0,eastern
2881,datasets/audios/eastern_sliced/kpop/kpop_059_002.wav,16,kpop,6,2881,0,eastern
2882,datasets/audios/eastern_sliced/kpop/kpop_060_000.wav,16,kpop,6,2882,0,eastern
2883,datasets/audios/eastern_sliced/kpop/kpop_060_001.wav,16,kpop,6,2883,0,eastern
2884,datasets/audios/eastern_sliced/kpop/kpop_060_002.wav,16,kpop,6,2884,0,eastern
2885,datasets/audios/eastern_sliced/kpop/kpop_061_000.wav,16,kpop,6,2885,0,eastern
2886,datasets/audios/eastern_sliced/kpop/kpop_061_001.wav,16,kpop,6,2886,0,eastern
2887,datasets/audios/eastern_sliced/kpop/kpop_061_002.wav,16,kpop,6,2887,0,eastern
2888,datasets/audios/eastern_sliced/kpop/kpop_062_000.wav,16,kpop,6,2888,0,eastern
2889,datasets/audios/eastern_sliced/kpop/kpop_062_001.wav,16,kpop,6,2889,0,eastern
2890,datasets/audios/eastern_sliced/kpop/kpop_062_002.wav,16,kpop,6,2890,0,eastern
2891,datasets/audios/eastern_sliced/kpop/kpop_063_000.wav,16,kpop,6,2891,0,eastern
2892,datasets/audios/eastern_sliced/kpop/kpop_063_001.wav,16,kpop,6,2892,0,eastern
2893,datasets/audios/eastern_sliced/kpop/kpop_063_002.wav,16,kpop,6,2893,0,eastern
2894,datasets/audios/eastern_sliced/kpop/kpop_064_000.wav,16,kpop,6,2894,0,eastern
2895,datasets/audios/eastern_sliced/kpop/kpop_064_001.wav,16,kpop,6,2895,0,eastern
2896,datasets/audios/eastern_sliced/kpop/kpop_064_002.wav,16,kpop,6,2896,0,eastern
2897,datasets/audios/eastern_sliced/kpop/kpop_065_000.wav,16,kpop,6,2897,0,eastern
2898,datasets/audios/eastern_sliced/kpop/kpop_065_001.wav,16,kpop,6,2898,0,eastern
2899,datasets/audios/eastern_sliced/kpop/kpop_065_002.wav,16,kpop,6,2899,0,eastern
2900,datasets/audios/eastern_sliced/kpop/kpop_066_000.wav,16,kpop,6,2900,0,eastern
2901,datasets/audios/eastern_sliced/kpop/kpop_066_001.wav,16,kpop,6,2901,0,eastern
2902,datasets/audios/eastern_sliced/kpop/kpop_066_002.wav,16,kpop,6,2902,0,eastern
2903,datasets/audios/eastern_sliced/kpop/kpop_067_000.wav,16,kpop,6,2903,0,eastern
2904,datasets/audios/eastern_sliced/kpop/kpop_067_001.wav,16,kpop,6,2904,0,eastern
2905,datasets/audios/eastern_sliced/kpop/kpop_067_002.wav,16,kpop,6,2905,0,eastern
2906,datasets/audios/eastern_sliced/kpop/kpop_068_000.wav,16,kpop,6,2906,0,eastern
2907,datasets/audios/eastern_sliced/kpop/kpop_068_001.wav,16,kpop,6,2907,0,eastern
2908,datasets/audios/eastern_sliced/kpop/kpop_068_002.wav,16,kpop,6,2908,0,eastern
2909,datasets/audios/eastern_sliced/kpop/kpop_069_000.wav,16,kpop,6,2909,0,eastern
2910,datasets/audios/eastern_sliced/kpop/kpop_070_000.wav,16,kpop,6,2910,0,eastern
2911,datasets/audios/eastern_sliced/kpop/kpop_070_001.wav,16,kpop,6,2911,0,eastern
2912,datasets/audios/eastern_sliced/kpop/kpop_070_002.wav,16,kpop,6,2912,0,eastern
2913,datasets/audios/eastern_sliced/kpop/kpop_071_000.wav,16,kpop,6,2913,0,eastern
2914,datasets/audios/eastern_sliced/kpop/kpop_071_001.wav,16,kpop,6,2914,0,eastern
2915,datasets/audios/eastern_sliced/kpop/kpop_071_002.wav,16,kpop,6,2915,0,eastern
2916,datasets/audios/eastern_sliced/kpop/kpop_072_000.wav,16,kpop,6,2916,0,eastern
2917,datasets/audios/eastern_sliced/kpop/kpop_072_001.wav,16,kpop,6,2917,0,eastern
2918,datasets/audios/eastern_sliced/kpop/kpop_072_002.wav,16,kpop,6,2918,0,eastern
2919,datasets/audios/eastern_sliced/kpop/kpop_073_000.wav,16,kpop,6,2919,0,eastern
2920,datasets/audios/eastern_sliced/kpop/kpop_073_001.wav,16,kpop,6,2920,0,eastern
2921,datasets/audios/eastern_sliced/kpop/kpop_073_002.wav,16,kpop,6,2921,0,eastern
2922,datasets/audios/eastern_sliced/kpop/kpop_074_000.wav,16,kpop,6,2922,0,eastern
2923,datasets/audios/eastern_sliced/kpop/kpop_074_001.wav,16,kpop,6,2923,0,eastern
2924,datasets/audios/eastern_sliced/kpop/kpop_074_002.wav,16,kpop,6,2924,0,eastern
2925,datasets/audios/eastern_sliced/kpop/kpop_075_000.wav,16,kpop,6,2925,0,eastern
2926,datasets/audios/eastern_sliced/kpop/kpop_075_001.wav,16,kpop,6,2926,0,eastern
2927,datasets/audios/eastern_sliced/kpop/kpop_075_002.wav,16,kpop,6,2927,0,eastern
2928,datasets/audios/eastern_sliced/kpop/kpop_076_000.wav,16,kpop,6,2928,0,eastern
2929,datasets/audios/eastern_sliced/kpop/kpop_076_001.wav,16,kpop,6,2929,0,eastern
2930,datasets/audios/eastern_sliced/kpop/kpop_076_002.wav,16,kpop,6,2930,0,eastern
2931,datasets/audios/eastern_sliced/kpop/kpop_077_000.wav,16,kpop,6,2931,0,eastern
2932,datasets/audios/eastern_sliced/kpop/kpop_077_001.wav,16,kpop,6,2932,0,eastern
2933,datasets/audios/eastern_sliced/kpop/kpop_077_002.wav,16,kpop,6,2933,0,eastern
2934,datasets/audios/eastern_sliced/kpop/kpop_078_000.wav,16,kpop,6,2934,0,eastern
2935,datasets/audios/eastern_sliced/kpop/kpop_078_001.wav,16,kpop,6,2935,0,eastern
2936,datasets/audios/eastern_sliced/kpop/kpop_078_002.wav,16,kpop,6,2936,0,eastern
2937,datasets/audios/eastern_sliced/kpop/kpop_079_000.wav,16,kpop,6,2937,0,eastern
2938,datasets/audios/eastern_sliced/kpop/kpop_079_001.wav,16,kpop,6,2938,0,eastern
2939,datasets/audios/eastern_sliced/kpop/kpop_079_002.wav,16,kpop,6,2939,0,eastern
2940,datasets/audios/eastern_sliced/kpop/kpop_080_000.wav,16,kpop,6,2940,0,eastern
2941,datasets/audios/eastern_sliced/kpop/kpop_080_001.wav,16,kpop,6,2941,0,eastern
2942,datasets/audios/eastern_sliced/kpop/kpop_080_002.wav,16,kpop,6,2942,0,eastern
2943,datasets/audios/eastern_sliced/kpop/kpop_081_000.wav,16,kpop,6,2943,0,eastern
2944,datasets/audios/eastern_sliced/kpop/kpop_081_001.wav,16,kpop,6,2944,0,eastern
2945,datasets/audios/eastern_sliced/kpop/kpop_081_002.wav,16,kpop,6,2945,0,eastern
2946,datasets/audios/eastern_sliced/kpop/kpop_082_000.wav,16,kpop,6,2946,0,eastern
2947,datasets/audios/eastern_sliced/kpop/kpop_082_001.wav,16,kpop,6,2947,0,eastern
2948,datasets/audios/eastern_sliced/kpop/kpop_082_002.wav,16,kpop,6,2948,0,eastern
2949,datasets/audios/eastern_sliced/kpop/kpop_083_000.wav,16,kpop,6,2949,0,eastern
2950,datasets/audios/eastern_sliced/kpop/kpop_083_001.wav,16,kpop,6,2950,0,eastern
2951,datasets/audios/eastern_sliced/kpop/kpop_083_002.wav,16,kpop,6,2951,0,eastern
2952,datasets/audios/eastern_sliced/kpop/kpop_084_000.wav,16,kpop,6,2952,0,eastern
2953,datasets/audios/eastern_sliced/kpop/kpop_084_001.wav,16,kpop,6,2953,0,eastern
2954,datasets/audios/eastern_sliced/kpop/kpop_084_002.wav,16,kpop,6,2954,0,eastern
2955,datasets/audios/eastern_sliced/kpop/kpop_085_000.wav,16,kpop,6,2955,0,eastern
2956,datasets/audios/eastern_sliced/kpop/kpop_085_001.wav,16,kpop,6,2956,0,eastern
2957,datasets/audios/eastern_sliced/kpop/kpop_085_002.wav,16,kpop,6,2957,0,eastern
2958,datasets/audios/eastern_sliced/kpop/kpop_086_000.wav,16,kpop,6,2958,0,eastern
2959,datasets/audios/eastern_sliced/kpop/kpop_086_001.wav,16,kpop,6,2959,0,eastern
2960,datasets/audios/eastern_sliced/kpop/kpop_086_002.wav,16,kpop,6,2960,0,eastern
2961,datasets/audios/eastern_sliced/kpop/kpop_087_000.wav,16,kpop,6,2961,0,eastern
2962,datasets/audios/eastern_sliced/kpop/kpop_087_001.wav,16,kpop,6,2962,0,eastern
2963,datasets/audios/eastern_sliced/kpop/kpop_087_002.wav,16,kpop,6,2963,0,eastern
2964,datasets/audios/eastern_sliced/kpop/kpop_088_000.wav,16,kpop,6,2964,0,eastern
2965,datasets/audios/eastern_sliced/kpop/kpop_088_001.wav,16,kpop,6,2965,0,eastern
2966,datasets/audios/eastern_sliced/kpop/kpop_088_002.wav,16,kpop,6,2966,0,eastern
2967,datasets/audios/eastern_sliced/kpop/kpop_089_000.wav,16,kpop,6,2967,0,eastern
2968,datasets/audios/eastern_sliced/kpop/kpop_089_001.wav,16,kpop,6,2968,0,eastern
2969,datasets/audios/eastern_sliced/kpop/kpop_089_002.wav,16,kpop,6,2969,0,eastern
2970,datasets/audios/eastern_sliced/kpop/kpop_090_000.wav,16,kpop,6,2970,0,eastern
2971,datasets/audios/eastern_sliced/kpop/kpop_090_001.wav,16,kpop,6,2971,0,eastern
2972,datasets/audios/eastern_sliced/kpop/kpop_090_002.wav,16,kpop,6,2972,0,eastern
2973,datasets/audios/eastern_sliced/kpop/kpop_091_000.wav,16,kpop,6,2973,0,eastern
2974,datasets/audios/eastern_sliced/kpop/kpop_091_001.wav,16,kpop,6,2974,0,eastern
2975,datasets/audios/eastern_sliced/kpop/kpop_091_002.wav,16,kpop,6,2975,0,eastern
2976,datasets/audios/eastern_sliced/kpop/kpop_092_000.wav,16,kpop,6,2976,0,eastern
2977,datasets/audios/eastern_sliced/kpop/kpop_092_001.wav,16,kpop,6,2977,0,eastern
2978,datasets/audios/eastern_sliced/kpop/kpop_092_002.wav,16,kpop,6,2978,0,eastern
2979,datasets/audios/eastern_sliced/kpop/kpop_093_000.wav,16,kpop,6,2979,0,eastern
2980,datasets/audios/eastern_sliced/kpop/kpop_093_001.wav,16,kpop,6,2980,0,eastern
2981,datasets/audios/eastern_sliced/kpop/kpop_093_002.wav,16,kpop,6,2981,0,eastern
2982,datasets/audios/eastern_sliced/kpop/kpop_094_000.wav,16,kpop,6,2982,0,eastern
2983,datasets/audios/eastern_sliced/kpop/kpop_094_001.wav,16,kpop,6,2983,0,eastern
2984,datasets/audios/eastern_sliced/kpop/kpop_094_002.wav,16,kpop,6,2984,0,eastern
2985,datasets/audios/eastern_sliced/kpop/kpop_095_000.wav,16,kpop,6,2985,0,eastern
2986,datasets/audios/eastern_sliced/kpop/kpop_095_001.wav,16,kpop,6,2986,0,eastern
2987,datasets/audios/eastern_sliced/kpop/kpop_095_002.wav,16,kpop,6,2987,0,eastern
2988,datasets/audios/eastern_sliced/kpop/kpop_096_000.wav,16,kpop,6,2988,0,eastern
2989,datasets/audios/eastern_sliced/kpop/kpop_096_001.wav,16,kpop,6,2989,0,eastern
2990,datasets/audios/eastern_sliced/kpop/kpop_096_002.wav,16,kpop,6,2990,0,eastern
2991,datasets/audios/eastern_sliced/kpop/kpop_097_000.wav,16,kpop,6,2991,0,eastern
2992,datasets/audios/eastern_sliced/kpop/kpop_097_001.wav,16,kpop,6,2992,0,eastern
2993,datasets/audios/eastern_sliced/kpop/kpop_097_002.wav,16,kpop,6,2993,0,eastern
2994,datasets/audios/eastern_sliced/kpop/kpop_098_000.wav,16,kpop,6,2994,0,eastern
2995,datasets/audios/eastern_sliced/kpop/kpop_098_001.wav,16,kpop,6,2995,0,eastern
2996,datasets/audios/eastern_sliced/kpop/kpop_098_002.wav,16,kpop,6,2996,0,eastern
2997,datasets/audios/eastern_sliced/kpop/kpop_099_000.wav,16,kpop,6,2997,0,eastern
2998,datasets/audios/eastern_sliced/kpop/kpop_099_001.wav,16,kpop,6,2998,0,eastern
2999,datasets/audios/eastern_sliced/kpop/kpop_099_002.wav,16,kpop,6,2999,0,eastern
3000,datasets/audios/eastern_sliced/sitar/sitar_000_000.wav,17,sitar,7,3000,0,eastern
3001,datasets/audios/eastern_sliced/sitar/sitar_000_001.wav,17,sitar,7,3001,0,eastern
3002,datasets/audios/eastern_sliced/sitar/sitar_001_000.wav,17,sitar,7,3002,0,eastern
3003,datasets/audios/eastern_sliced/sitar/sitar_001_001.wav,17,sitar,7,3003,0,eastern
3004,datasets/audios/eastern_sliced/sitar/sitar_002_000.wav,17,sitar,7,3004,0,eastern
3005,datasets/audios/eastern_sliced/sitar/sitar_002_001.wav,17,sitar,7,3005,0,eastern
3006,datasets/audios/eastern_sliced/sitar/sitar_003_000.wav,17,sitar,7,3006,0,eastern
3007,datasets/audios/eastern_sliced/sitar/sitar_003_001.wav,17,sitar,7,3007,0,eastern
3008,datasets/audios/eastern_sliced/sitar/sitar_004_000.wav,17,sitar,7,3008,0,eastern
3009,datasets/audios/eastern_sliced/sitar/sitar_004_001.wav,17,sitar,7,3009,0,eastern
3010,datasets/audios/eastern_sliced/sitar/sitar_005_000.wav,17,sitar,7,3010,0,eastern
3011,datasets/audios/eastern_sliced/sitar/sitar_005_001.wav,17,sitar,7,3011,0,eastern
3012,datasets/audios/eastern_sliced/sitar/sitar_006_000.wav,17,sitar,7,3012,0,eastern
3013,datasets/audios/eastern_sliced/sitar/sitar_006_001.wav,17,sitar,7,3013,0,eastern
3014,datasets/audios/eastern_sliced/sitar/sitar_007_000.wav,17,sitar,7,3014,0,eastern
3015,datasets/audios/eastern_sliced/sitar/sitar_007_001.wav,17,sitar,7,3015,0,eastern
3016,datasets/audios/eastern_sliced/sitar/sitar_008_000.wav,17,sitar,7,3016,0,eastern
3017,datasets/audios/eastern_sliced/sitar/sitar_008_001.wav,17,sitar,7,3017,0,eastern
3018,datasets/audios/eastern_sliced/sitar/sitar_009_000.wav,17,sitar,7,3018,0,eastern
3019,datasets/audios/eastern_sliced/sitar/sitar_009_001.wav,17,sitar,7,3019,0,eastern
3020,datasets/audios/eastern_sliced/sitar/sitar_010_000.wav,17,sitar,7,3020,0,eastern
3021,datasets/audios/eastern_sliced/sitar/sitar_010_001.wav,17,sitar,7,3021,0,eastern
3022,datasets/audios/eastern_sliced/sitar/sitar_011_000.wav,17,sitar,7,3022,0,eastern
3023,datasets/audios/eastern_sliced/sitar/sitar_011_001.wav,17,sitar,7,3023,0,eastern
3024,datasets/audios/eastern_sliced/sitar/sitar_012_000.wav,17,sitar,7,3024,0,eastern
3025,datasets/audios/eastern_sliced/sitar/sitar_012_001.wav,17,sitar,7,3025,0,eastern
3026,datasets/audios/eastern_sliced/sitar/sitar_013_000.wav,17,sitar,7,3026,0,eastern
3027,datasets/audios/eastern_sliced/sitar/sitar_013_001.wav,17,sitar,7,3027,0,eastern
3028,datasets/audios/eastern_sliced/sitar/sitar_014_000.wav,17,sitar,7,3028,0,eastern
3029,datasets/audios/eastern_sliced/sitar/sitar_014_001.wav,17,sitar,7,3029,0,eastern
3030,datasets/audios/eastern_sliced/sitar/sitar_015_000.wav,17,sitar,7,3030,0,eastern
3031,datasets/audios/eastern_sliced/sitar/sitar_015_001.wav,17,sitar,7,3031,0,eastern
3032,datasets/audios/eastern_sliced/sitar/sitar_016_000.wav,17,sitar,7,3032,0,eastern
3033,datasets/audios/eastern_sliced/sitar/sitar_016_001.wav,17,sitar,7,3033,0,eastern
3034,datasets/audios/eastern_sliced/sitar/sitar_017_000.wav,17,sitar,7,3034,0,eastern
3035,datasets/audios/eastern_sliced/sitar/sitar_017_001.wav,17,sitar,7,3035,0,eastern
3036,datasets/audios/eastern_sliced/sitar/sitar_018_000.wav,17,sitar,7,3036,0,eastern
3037,datasets/audios/eastern_sliced/sitar/sitar_018_001.wav,17,sitar,7,3037,0,eastern
3038,datasets/audios/eastern_sliced/sitar/sitar_019_000.wav,17,sitar,7,3038,0,eastern
3039,datasets/audios/eastern_sliced/sitar/sitar_019_001.wav,17,sitar,7,3039,0,eastern
3040,datasets/audios/eastern_sliced/sitar/sitar_020_000.wav,17,sitar,7,3040,0,eastern
3041,datasets/audios/eastern_sliced/sitar/sitar_020_001.wav,17,sitar,7,3041,0,eastern
3042,datasets/audios/eastern_sliced/sitar/sitar_021_000.wav,17,sitar,7,3042,0,eastern
3043,datasets/audios/eastern_sliced/sitar/sitar_021_001.wav,17,sitar,7,3043,0,eastern
3044,datasets/audios/eastern_sliced/sitar/sitar_022_000.wav,17,sitar,7,3044,0,eastern
3045,datasets/audios/eastern_sliced/sitar/sitar_022_001.wav,17,sitar,7,3045,0,eastern
3046,datasets/audios/eastern_sliced/sitar/sitar_023_000.wav,17,sitar,7,3046,0,eastern
3047,datasets/audios/eastern_sliced/sitar/sitar_023_001.wav,17,sitar,7,3047,0,eastern
3048,datasets/audios/eastern_sliced/sitar/sitar_024_000.wav,17,sitar,7,3048,0,eastern
3049,datasets/audios/eastern_sliced/sitar/sitar_024_001.wav,17,sitar,7,3049,0,eastern
3050,datasets/audios/eastern_sliced/sitar/sitar_025_000.wav,17,sitar,7,3050,0,eastern
3051,datasets/audios/eastern_sliced/sitar/sitar_025_001.wav,17,sitar,7,3051,0,eastern
3052,datasets/audios/eastern_sliced/sitar/sitar_026_000.wav,17,sitar,7,3052,0,eastern
3053,datasets/audios/eastern_sliced/sitar/sitar_026_001.wav,17,sitar,7,3053,0,eastern
3054,datasets/audios/eastern_sliced/sitar/sitar_027_000.wav,17,sitar,7,3054,0,eastern
3055,datasets/audios/eastern_sliced/sitar/sitar_027_001.wav,17,sitar,7,3055,0,eastern
3056,datasets/audios/eastern_sliced/sitar/sitar_028_000.wav,17,sitar,7,3056,0,eastern
3057,datasets/audios/eastern_sliced/sitar/sitar_028_001.wav,17,sitar,7,3057,0,eastern
3058,datasets/audios/eastern_sliced/sitar/sitar_029_000.wav,17,sitar,7,3058,0,eastern
3059,datasets/audios/eastern_sliced/sitar/sitar_029_001.wav,17,sitar,7,3059,0,eastern
3060,datasets/audios/eastern_sliced/sitar/sitar_030_000.wav,17,sitar,7,3060,0,eastern
3061,datasets/audios/eastern_sliced/sitar/sitar_030_001.wav,17,sitar,7,3061,0,eastern
3062,datasets/audios/eastern_sliced/sitar/sitar_031_000.wav,17,sitar,7,3062,0,eastern
3063,datasets/audios/eastern_sliced/sitar/sitar_031_001.wav,17,sitar,7,3063,0,eastern
3064,datasets/audios/eastern_sliced/sitar/sitar_032_000.wav,17,sitar,7,3064,0,eastern
3065,datasets/audios/eastern_sliced/sitar/sitar_032_001.wav,17,sitar,7,3065,0,eastern
3066,datasets/audios/eastern_sliced/sitar/sitar_033_000.wav,17,sitar,7,3066,0,eastern
3067,datasets/audios/eastern_sliced/sitar/sitar_033_001.wav,17,sitar,7,3067,0,eastern
3068,datasets/audios/eastern_sliced/sitar/sitar_034_000.wav,17,sitar,7,3068,0,eastern
3069,datasets/audios/eastern_sliced/sitar/sitar_034_001.wav,17,sitar,7,3069,0,eastern
3070,datasets/audios/eastern_sliced/sitar/sitar_035_000.wav,17,sitar,7,3070,0,eastern
3071,datasets/audios/eastern_sliced/sitar/sitar_035_001.wav,17,sitar,7,3071,0,eastern
3072,datasets/audios/eastern_sliced/sitar/sitar_036_000.wav,17,sitar,7,3072,0,eastern
3073,datasets/audios/eastern_sliced/sitar/sitar_036_001.wav,17,sitar,7,3073,0,eastern
3074,datasets/audios/eastern_sliced/sitar/sitar_037_000.wav,17,sitar,7,3074,0,eastern
3075,datasets/audios/eastern_sliced/sitar/sitar_037_001.wav,17,sitar,7,3075,0,eastern
3076,datasets/audios/eastern_sliced/sitar/sitar_038_000.wav,17,sitar,7,3076,0,eastern
3077,datasets/audios/eastern_sliced/sitar/sitar_038_001.wav,17,sitar,7,3077,0,eastern
3078,datasets/audios/eastern_sliced/sitar/sitar_039_000.wav,17,sitar,7,3078,0,eastern
3079,datasets/audios/eastern_sliced/sitar/sitar_039_001.wav,17,sitar,7,3079,0,eastern
3080,datasets/audios/eastern_sliced/sitar/sitar_040_000.wav,17,sitar,7,3080,0,eastern
3081,datasets/audios/eastern_sliced/sitar/sitar_040_001.wav,17,sitar,7,3081,0,eastern
3082,datasets/audios/eastern_sliced/sitar/sitar_041_000.wav,17,sitar,7,3082,0,eastern
3083,datasets/audios/eastern_sliced/sitar/sitar_041_001.wav,17,sitar,7,3083,0,eastern
3084,datasets/audios/eastern_sliced/sitar/sitar_042_000.wav,17,sitar,7,3084,0,eastern
3085,datasets/audios/eastern_sliced/sitar/sitar_042_001.wav,17,sitar,7,3085,0,eastern
3086,datasets/audios/eastern_sliced/sitar/sitar_043_000.wav,17,sitar,7,3086,0,eastern
3087,datasets/audios/eastern_sliced/sitar/sitar_043_001.wav,17,sitar,7,3087,0,eastern
3088,datasets/audios/eastern_sliced/sitar/sitar_044_000.wav,17,sitar,7,3088,0,eastern
3089,datasets/audios/eastern_sliced/sitar/sitar_044_001.wav,17,sitar,7,3089,0,eastern
3090,datasets/audios/eastern_sliced/sitar/sitar_045_000.wav,17,sitar,7,3090,0,eastern
3091,datasets/audios/eastern_sliced/sitar/sitar_045_001.wav,17,sitar,7,3091,0,eastern
3092,datasets/audios/eastern_sliced/sitar/sitar_046_000.wav,17,sitar,7,3092,0,eastern
3093,datasets/audios/eastern_sliced/sitar/sitar_046_001.wav,17,sitar,7,3093,0,eastern
3094,datasets/audios/eastern_sliced/sitar/sitar_047_000.wav,17,sitar,7,3094,0,eastern
3095,datasets/audios/eastern_sliced/sitar/sitar_047_001.wav,17,sitar,7,3095,0,eastern
3096,datasets/audios/eastern_sliced/sitar/sitar_048_000.wav,17,sitar,7,3096,0,eastern
3097,datasets/audios/eastern_sliced/sitar/sitar_048_001.wav,17,sitar,7,3097,0,eastern
3098,datasets/audios/eastern_sliced/sitar/sitar_049_000.wav,17,sitar,7,3098,0,eastern
3099,datasets/audios/eastern_sliced/sitar/sitar_049_001.wav,17,sitar,7,3099,0,eastern
3100,datasets/audios/eastern_sliced/sitar/sitar_050_000.wav,17,sitar,7,3100,0,eastern
3101,datasets/audios/eastern_sliced/sitar/sitar_050_001.wav,17,sitar,7,3101,0,eastern
3102,datasets/audios/eastern_sliced/sitar/sitar_051_000.wav,17,sitar,7,3102,0,eastern
3103,datasets/audios/eastern_sliced/sitar/sitar_051_001.wav,17,sitar,7,3103,0,eastern
3104,datasets/audios/eastern_sliced/sitar/sitar_052_000.wav,17,sitar,7,3104,0,eastern
3105,datasets/audios/eastern_sliced/sitar/sitar_052_001.wav,17,sitar,7,3105,0,eastern
3106,datasets/audios/eastern_sliced/sitar/sitar_053_000.wav,17,sitar,7,3106,0,eastern
3107,datasets/audios/eastern_sliced/sitar/sitar_053_001.wav,17,sitar,7,3107,0,eastern
3108,datasets/audios/eastern_sliced/sitar/sitar_054_000.wav,17,sitar,7,3108,0,eastern
3109,datasets/audios/eastern_sliced/sitar/sitar_054_001.wav,17,sitar,7,3109,0,eastern
