feature_index,track_id,segment_index,path,label,label_id,duration_seconds,processed_seconds,skipped_tail_seconds,source_sample_rate,target_sample_rate,num_chunks
0,0,0,datasets/audios/western_data/genres_original/blues/blues.00000.wav,blues,0,30.013333333333332,30.0,0.013333333333333334,22050,24000,1
1,1,0,datasets/audios/western_data/genres_original/blues/blues.00001.wav,blues,0,30.013333333333332,30.0,0.013333333333333334,22050,24000,1
2,2,0,datasets/audios/western_data/genres_original/blues/blues.00002.wav,blues,0,30.013333333333332,30.0,0.013333333333333334,22050,24000,1
3,3,0,datasets/audios/western_data/genres_original/blues/blues.00003.wav,blues,0,30.013333333333332,30.0,0.013333333333333334,22050,24000,1
4,4,0,datasets/audios/western_data/genres_original/blues/blues.00004.wav,blues,0,30.013333333333332,30.0,0.013333333333333334,22050,24000,1
5,5,0,datasets/audios/western_data/genres_original/blues/blues.00005.wav,blues,0,30.013333333333332,30.0,0.013333333333333334,22050,24000,1
6,6,0,datasets/audios/western_data/genres_original/blues/blues.00006.wav,blues,0,30.013333333333332,30.0,0.013333333333333334,22050,24000,1
7,7,0,datasets/audios/western_data/genres_original/blues/blues.00007.wav,blues,0,30.013333333333332,30.0,0.013333333333333334,22050,24000,1
8,8,0,datasets/audios/western_data/genres_original/blues/blues.00008.wav,blues,0,30.013333333333332,30.0,0.013333333333333334,22050,24000,1
9,9,0,datasets/audios/western_data/genres_original/blues/blues.00009.wav,blues,0,30.013333333333332,30.0,0.013333333333333334,22050,24000,1
10,10,0,datasets/audios/western_data/genres_original/blues/blues.00010.wav,blues,0,30.013333333333332,30.0,0.013333333333333334,22050,24000,1
11,11,0,datasets/audios/western_data/genres_original/blues/blues.00011.wav,blues,0,30.013333333333332,30.0,0.013333333333333334,22050,24000,1
12,12,0,datasets/audios/western_data/genres_original/blues/blues.00012.wav,blues,0,30.013333333333332,30.0,0.013333333333333334,22050,24000,1
13,13,0,datasets/audios/western_data/genres_original/blues/blues.00013.wav,blues,0,30.013333333333332,30.0,0.013333333333333334,22050,24000,1
14,14,0,datasets/audios/western_data/genres_original/blues/blues.00014.wav,blues,0,30.013333333333332,30.0,0.013333333333333334,22050,24000,1
15,15,0,datasets/audios/western_data/genres_original/blues/blues.00015.wav,blues,0,30.013333333333332,30.0,0.013333333333333334,22050,24000,1
16,16,0,datasets/audios/western_data/genres_original/blues/blues.00016.wav,blues,0,30.013333333333332,30.0,0.013333333333333334,22050,24000,1
17,17,0,datasets/audios/western_data/genres_original/blues/blues.00017.wav,blues,0,30.013333333333332,30.0,0.013333333333333334,22050,24000,1
18,18,0,datasets/audios/western_data/genres_original/blues/blues.00018.wav,blues,0,30.013333333333332,30.0,0.013333333333333334,22050,24000,1
19,19,0,datasets/audios/western_data/genres_original/blues/blues.00019.wav,blues,0,30.013333333333332,30.0,0.013333333333333334,22050,24000,1
20,20,0,datasets/audios/western_data/genres_original/blues/blues.00020.wav,blues,0,30.013333333333332,30.0,0.013333333333333334,22050,24000,1
21,21,0,datasets/audios/western_data/genres_original/blues/blues.00021.wav,blues,0,30.013333333333332,30.0,0.013333333333333334,22050,24000,1
22,22,0,datasets/audios/western_data/genres_original/blues/blues.00022.wav,blues,0,30.013333333333332,30.0,0.013333333333333334,22050,24000,1
23,23,0,datasets/audios/western_data/genres_original/blues/blues.00023.wav,blues,0,30.013333333333332,30.0,0.013333333333333334,22050,24000,1
24,24,0,datasets/audios/western_data/genres_original/blues/blues.00024.wav,blues,0,30.013333333333332,30.0,0.013333333333333334,22050,24000,1
25,25,0,datasets/audios/western_data/genres_original/blues/blues.00025.wav,blues,0,30.013333333333332,30.0,0.013333333333333334,22050,24000,1
26,26,0,datasets/audios/western_data/genres_original/blues/blues.00026.wav,blues,0,30.013333333333332,30.0,0.013333333333333334,22050,24000,1
27,27,0,datasets/audios/western_data/genres_original/blues/blues.00027.wav,blues,0,30.013333333333332,30.0,0.013333333333333334,22050,24000,1
28,28,0,datasets/audios/western_data/genres_original/blues/blues.00028.wav,blues,0,30.013333333333332,30.0,0.013333333333333334,22050,24000,1
29,29,0,datasets/audios/western_data/genres_original/blues/blues.00029.wav,blues,0,30.013333333333332,30.0,0.013333333333333334,22050,24000,1
30,30,0,datasets/audios/western_data/genres_original/blues/blues.00030.wav,blues,0,30.013333333333332,30.0,0.013333333333333334,22050,24000,1
31,31,0,datasets/audios/western_data/genres_original/blues/blues.00031.wav,blues,0,30.013333333333332,30.0,0.013333333333333334,22050,24000,1
32,32,0,datasets/audios/western_data/genres_original/blues/blues.00032.wav,blues,0,30.013333333333332,30.0,0.013333333333333334,22050,24000,1
33,33,0,datasets/audios/western_data/genres_original/blues/blues.00033.wav,blues,0,30.013333333333332,30.0,0.013333333333333334,22050,24000,1
34,34,0,datasets/audios/western_data/genres_original/blues/blues.00034.wav,blues,0,30.013333333333332,30.0,0.013333333333333334,22050,24000,1
35,35,0,datasets/audios/western_data/genres_original/blues/blues.00035.wav,blues,0,30.013333333333332,30.0,0.013333333333333334,22050,24000,1
36,36,0,datasets/audios/western_data/genres_original/blues/blues.00036.wav,blues,0,30.013333333333332,30.0,0.013333333333333334,22050,24000,1
37,37,0,datasets/audios/western_data/genres_original/blues/blues.00037.wav,blues,0,30.013333333333332,30.0,0.013333333333333334,22050,24000,1
38,38,0,datasets/audios/western_data/genres_original/blues/blues.00038.wav,blues,0,30.013333333333332,30.0,0.013333333333333334,22050,24000,1
39,39,0,datasets/audios/western_data/genres_original/blues/blues.00039.wav,blues,0,30.013333333333332,30.0,0.013333333333333334,22050,24000,1
40,40,0,datasets/audios/western_data/genres_original/blues/blues.00040.wav,blues,0,30.013333333333332,30.0,0.013333333333333334,22050,24000,1
41,41,0,datasets/audios/western_data/genres_original/blues/blues.00041.wav,blues,0,30.013333333333332,30.0,0.013333333333333334,22050,24000,1
42,42,0,datasets/audios/western_data/genres_original/blues/blues.00042.wav,blues,0,30.013333333333332,30.0,0.013333333333333334,22050,24000,1
43,43,0,datasets/audios/western_data/genres_original/blues/blues.00043.wav,blues,0,30.013333333333332,30.0,0.013333333333333334,22050,24000,1
44,44,0,datasets/audios/western_data/genres_original/blues/blues.00044.wav,blues,0,30.013333333333332,30.0,0.013333333333333334,22050,24000,1
45,45,0,datasets/audios/western_data/genres_original/blues/blues.00045.wav,blues,0,30.013333333333332,30.0,0.013333333333333334,22050,24000,1
46,46,0,datasets/audios/western_data/genres_original/blues/blues.00046.wav,blues,0,30.013333333333332,30.0,0.013333333333333334,22050,24000,1
47,47,0,datasets/audios/western_data/genres_original/blues/blues.00047.wav,blues,0,30.013333333333332,30.0,0.013333333333333334,22050,24000,1
48,48,0,datasets/audios/western_data/genres_original/blues/blues.00048.wav,blues,0,30.013333333333332,30.0,0.013333333333333334,22050,24000,1
49,49,0,datasets/audios/western_data/genres_original/blues/blues.00049.wav,blues,0,30.013333333333332,30.0,0.013333333333333334,22050,24000,1
50,50,0,datasets/audios/western_data/genres_original/blues/blues.00050.wav,blues,0,30.013333333333332,30.0,0.013333333333333334,22050,24000,1
51,51,0,datasets/audios/western_data/genres_original/blues/blues.00051.wav,blues,0,30.013333333333332,30.0,0.013333333333333334,22050,24000,1
52,52,0,datasets/audios/western_data/genres_original/blues/blues.00052.wav,blues,0,30.013333333333332,30.0,0.013333333333333334,22050,24000,1
53,53,0,datasets/audios/western_data/genres_original/blues/blues.00053.wav,blues,0,30.013333333333332,30.0,0.013333333333333334,22050,24000,1
54,54,0,datasets/audios/western_data/genres_original/blues/blues.00054.wav,blues,0,30.013333333333332,30.0,0.013333333333333334,22050,24000,1
55,55,0,datasets/audios/western_data/genres_original/blues/blues.00055.wav,blues,0,30.013333333333332,30.0,0.013333333333333334,22050,24000,1
56,56,0,datasets/audios/western_data/genres_original/blues/blues.00056.wav,blues,0,30.013333333333332,30.0,0.013333333333333334,22050,24000,1
57,57,0,datasets/audios/western_data/genres_original/blues/blues.00057.wav,blues,0,30.013333333333332,30.0,0.013333333333333334,22050,24000,1
58,58,0,datasets/audios/western_data/genres_original/blues/blues.00058.wav,blues,0,30.013333333333332,30.0,0.013333333333333334,22050,24000,1
59,59,0,datasets/audios/western_data/genres_original/blues/blues.00059.wav,blues,0,30.013333333333332,30.0,0.013333333333333334,22050,24000,1
60,60,0,datasets/audios/western_data/genres_original/blues/blues.00060.wav,blues,0,30.013333333333332,30.0,0.013333333333333334,22050,24000,1
61,61,0,datasets/audios/western_data/genres_original/blues/blues.00061.wav,blues,0,30.013333333333332,30.0,0.013333333333333334,22050,24000,1
62,62,0,datasets/audios/western_data/genres_original/blues/blues.00062.wav,blues,0,30.013333333333332,30.0,0.013333333333333334,22050,24000,1
63,63,0,datasets/audios/western_data/genres_original/blues/blues.00063.wav,blues,0,30.013333333333332,30.0,0.013333333333333334,22050,24000,1
64,64,0,datasets/audios/western_data/genres_original/blues/blues.00064.wav,blues,0,30.013333333333332,30.0,0.013333333333333334,22050,24000,1
65,65,0,datasets/audios/western_data/genres_original/blues/blues.00065.wav,blues,0,30.013333333333332,30.0,0.013333333333333334,22050,24000,1
66,66,0,datasets/audios/western_data/genres_original/blues/blues.00066.wav,blues,0,30.013333333333332,30.0,0.013333333333333334,22050,24000,1
67,67,0,datasets/audios/western_data/genres_original/blues/blues.00067.wav,blues,0,30.013333333333332,30.0,0.013333333333333334,22050,24000,1
68,68,0,datasets/audios/western_data/genres_original/blues/blues.00068.wav,blues,0,30.013333333333332,30.0,0.013333333333333334,22050,24000,1
69,69,0,datasets/audios/western_data/genres_original/blues/blues.00069.wav,blues,0,30.013333333333332,30.0,0.013333333333333334,22050,24000,1
70,70,0,datasets/audios/western_data/genres_original/blues/blues.00070.wav,blues,0,30.013333333333332,30.0,0.013333333333333334,22050,24000,1
71,71,0,datasets/audios/western_data/genres_original/blues/blues.00071.wav,blues,0,30.013333333333332,30.0,0.013333333333333334,22050,24000,1
72,72,0,datasets/audios/western_data/genres_original/blues/blues.00072.wav,blues,0,30.013333333333332,30.0,0.013333333333333334,22050,24000,1
73,73,0,datasets/audios/western_data/genres_original/blues/blues.00073.wav,blues,0,30.013333333333332,30.0,0.013333333333333334,22050,24000,1
74,74,0,datasets/audios/western_data/genres_original/blues/blues.00074.wav,blues,0,30.013333333333332,30.0,0.013333333333333334,22050,24000,1
75,75,0,datasets/audios/western_data/genres_original/blues/blues.00075.wav,blues,0,30.013333333333332,30.0,0.013333333333333334,22050,24000,1
76,76,0,datasets/audios/western_data/genres_original/blues/blues.00076.wav,blues,0,30.013333333333332,30.0,0.013333333333333334,22050,24000,1
77,77,0,datasets/audios/western_data/genres_original/blues/blues.00077.wav,blues,0,30.013333333333332,30.0,0.013333333333333334,22050,24000,1
78,78,0,datasets/audios/western_data/genres_original/blues/blues.00078.wav,blues,0,30.013333333333332,30.0,0.013333333333333334,22050,24000,1
79,79,0,datasets/audios/western_data/genres_original/blues/blues.00079.wav,blues,0,30.013333333333332,30.0,0.013333333333333334,22050,24000,1
80,80,0,datasets/audios/western_data/genres_original/blues/blues.00080.wav,blues,0,30.013333333333332,30.0,0.013333333333333334,22050,24000,1
81,81,0,datasets/audios/western_data/genres_original/blues/blues.00081.wav,blues,0,30.013333333333332,30.0,0.013333333333333334,22050,24000,1
82,82,0,datasets/audios/western_data/genres_original/blues/blues.00082.wav,blues,0,30.013333333333332,30.0,0.013333333333333334,22050,24000,1
83,83,0,datasets/audios/western_data/genres_original/blues/blues.00083.wav,blues,0,30.013333333333332,30.0,0.013333333333333334,22050,24000,1
84,84,0,datasets/audios/western_data/genres_original/blues/blues.00084.wav,blues,0,30.013333333333332,30.0,0.013333333333333334,22050,24000,1
85,85,0,datasets/audios/western_data/genres_original/blues/blues.00085.wav,blues,0,30.013333333333332,30.0,0.013333333333333334,22050,24000,1
86,86,0,datasets/audios/western_data/genres_original/blues/blues.00086.wav,blues,0,30.013333333333332,30.0,0.013333333333333334,22050,24000,1
87,87,0,datasets/audios/western_data/genres_original/blues/blues.00087.wav,blues,0,30.013333333333332,30.0,0.013333333333333334,22050,24000,1
88,88,0,datasets/audios/western_data/genres_original/blues/blues.00088.wav,blues,0,30.013333333333332,30.0,0.013333333333333334,22050,24000,1
89,89,0,datasets/audios/western_data/genres_original/blues/blues.00089.wav,blues,0,30.013333333333332,30.0,0.013333333333333334,22050,24000,1
90,90,0,datasets/audios/western_data/genres_original/blues/blues.00090.wav,blues,0,30.013333333333332,30.0,0.013333333333333334,22050,24000,1
91,91,0,datasets/audios/western_data/genres_original/blues/blues.00091.wav,blues,0,30.013333333333332,30.0,0.013333333333333334,22050,24000,1
92,92,0,datasets/audios/western_data/genres_original/blues/blues.00092.wav,blues,0,30.013333333333332,30.0,0.013333333333333334,22050,24000,1
93,93,0,datasets/audios/western_data/genres_original/blues/blues.00093.wav,blues,0,30.013333333333332,30.0,0.013333333333333334,22050,24000,1
94,94,0,datasets/audios/western_data/genres_original/blues/blues.00094.wav,blues,0,30.013333333333332,30.0,0.013333333333333334,22050,24000,1
95,95,0,datasets/audios/western_data/genres_original/blues/blues.00095.wav,blues,0,30.013333333333332,30.0,0.013333333333333334,22050,24000,1
96,96,0,datasets/audios/western_data/genres_original/blues/blues.00096.wav,blues,0,30.013333333333332,30.0,0.013333333333333334,22050,24000,1
97,97,0,datasets/audios/western_data/genres_original/blues/blues.00097.wav,blues,0,30.013333333333332,30.0,0.013333333333333334,22050,24000,1
98,98,0,datasets/audios/western_data/genres_original/blues/blues.00098.wav,blues,0,30.013333333333332,30.0,0.013333333333333334,22050,24000,1
99,99,0,datasets/audios/western_data/genres_original/blues/blues.00099.wav,blues,0,30.013333333333332,30.0,0.013333333333333334,22050,24000,1
100,100,0,datasets/audios/western_data/genres_original/classical/classical.00000.wav,classical,1,30.013333333333332,30.0,0.013333333333333334,22050,24000,1
101,101,0,datasets/audios/western_data/genres_original/classical/classical.00001.wav,classical,1,30.013333333333332,30.0,0.013333333333333334,22050,24000,1
102,102,0,datasets/audios/western_data/genres_original/classical/classical.00002.wav,classical,1,30.013333333333332,30.0,0.013333333333333334,22050,24000,1
103,103,0,datasets/audios/western_data/genres_original/classical/classical.00003.wav,classical,1,30.013333333333332,30.0,0.013333333333333334,22050,24000,1
104,104,0,datasets/audios/western_data/genres_original/classical/classical.00004.wav,classical,1,30.013333333333332,30.0,0.013333333333333334,22050,24000,1
105,105,0,datasets/audios/western_data/genres_original/classical/classical.00005.wav,classical,1,30.013333333333332,30.0,0.013333333333333334,22050,24000,1
106,106,0,datasets/audios/western_data/genres_original/classical/classical.00006.wav,classical,1,30.013333333333332,30.0,0.013333333333333334,22050,24000,1
107,107,0,datasets/audios/western_data/genres_original/classical/classical.00007.wav,classical,1,30.013333333333332,30.0,0.013333333333333334,22050,24000,1
108,108,0,datasets/audios/western_data/genres_original/classical/classical.00008.wav,classical,1,30.013333333333332,30.0,0.013333333333333334,22050,24000,1
109,109,0,datasets/audios/western_data/genres_original/classical/classical.00009.wav,classical,1,30.013333333333332,30.0,0.013333333333333334,22050,24000,1
110,110,0,datasets/audios/western_data/genres_original/classical/classical.00010.wav,classical,1,30.013333333333332,30.0,0.013333333333333334,22050,24000,1
111,111,0,datasets/audios/western_data/genres_original/classical/classical.00011.wav,classical,1,30.013333333333332,30.0,0.013333333333333334,22050,24000,1
112,112,0,datasets/audios/western_data/genres_original/classical/classical.00012.wav,classical,1,30.013333333333332,30.0,0.013333333333333334,22050,24000,1
113,113,0,datasets/audios/western_data/genres_original/classical/classical.00013.wav,classical,1,30.013333333333332,30.0,0.013333333333333334,22050,24000,1
114,114,0,datasets/audios/western_data/genres_original/classical/classical.00014.wav,classical,1,30.013333333333332,30.0,0.013333333333333334,22050,24000,1
115,115,0,datasets/audios/western_data/genres_original/classical/classical.00015.wav,classical,1,30.013333333333332,30.0,0.013333333333333334,22050,24000,1
116,116,0,datasets/audios/western_data/genres_original/classical/classical.00016.wav,classical,1,30.013333333333332,30.0,0.013333333333333334,22050,24000,1
117,117,0,datasets/audios/western_data/genres_original/classical/classical.00017.wav,classical,1,30.013333333333332,30.0,0.013333333333333334,22050,24000,1
118,118,0,datasets/audios/western_data/genres_original/classical/classical.00018.wav,classical,1,30.013333333333332,30.0,0.013333333333333334,22050,24000,1
119,119,0,datasets/audios/western_data/genres_original/classical/classical.00019.wav,classical,1,30.013333333333332,30.0,0.013333333333333334,22050,24000,1
120,120,0,datasets/audios/western_data/genres_original/classical/classical.00020.wav,classical,1,30.013333333333332,30.0,0.013333333333333334,22050,24000,1
121,121,0,datasets/audios/western_data/genres_original/classical/classical.00021.wav,classical,1,30.013333333333332,30.0,0.013333333333333334,22050,24000,1
122,122,0,datasets/audios/western_data/genres_original/classical/classical.00022.wav,classical,1,30.013333333333332,30.0,0.013333333333333334,22050,24000,1
123,123,0,datasets/audios/western_data/genres_original/classical/classical.00023.wav,classical,1,30.013333333333332,30.0,0.013333333333333334,22050,24000,1
124,124,0,datasets/audios/western_data/genres_original/classical/classical.00024.wav,classical,1,30.013333333333332,30.0,0.013333333333333334,22050,24000,1
125,125,0,datasets/audios/western_data/genres_original/classical/classical.00025.wav,classical,1,30.013333333333332,30.0,0.013333333333333334,22050,24000,1
126,126,0,datasets/audios/western_data/genres_original/classical/classical.00026.wav,classical,1,30.013333333333332,30.0,0.013333333333333334,22050,24000,1
127,127,0,datasets/audios/western_data/genres_original/classical/classical.00027.wav,classical,1,30.013333333333332,30.0,0.013333333333333334,22050,24000,1
128,128,0,datasets/audios/western_data/genres_original/classical/classical.00028.wav,classical,1,30.013333333333332,30.0,0.013333333333333334,22050,24000,1
129,129,0,datasets/audios/western_data/genres_original/classical/classical.00029.wav,classical,1,30.013333333333332,30.0,0.013333333333333334,22050,24000,1
130,130,0,datasets/audios/western_data/genres_original/classical/classical.00030.wav,classical,1,30.013333333333332,30.0,0.013333333333333334,22050,24000,1
131,131,0,datasets/audios/western_data/genres_original/classical/classical.00031.wav,classical,1,30.013333333333332,30.0,0.013333333333333334,22050,24000,1
132,132,0,datasets/audios/western_data/genres_original/classical/classical.00032.wav,classical,1,30.013333333333332,30.0,0.013333333333333334,22050,24000,1
133,133,0,datasets/audios/western_data/genres_original/classical/classical.00033.wav,classical,1,30.013333333333332,30.0,0.013333333333333334,22050,24000,1
134,134,0,datasets/audios/western_data/genres_original/classical/classical.00034.wav,classical,1,30.013333333333332,30.0,0.013333333333333334,22050,24000,1
135,135,0,datasets/audios/western_data/genres_original/classical/classical.00035.wav,classical,1,30.013333333333332,30.0,0.013333333333333334,22050,24000,1
136,136,0,datasets/audios/western_data/genres_original/classical/classical.00036.wav,classical,1,30.013333333333332,30.0,0.013333333333333334,22050,24000,1
137,137,0,datasets/audios/western_data/genres_original/classical/classical.00037.wav,classical,1,30.013333333333332,30.0,0.013333333333333334,22050,24000,1
138,138,0,datasets/audios/western_data/genres_original/classical/classical.00038.wav,classical,1,30.013333333333332,30.0,0.013333333333333334,22050,24000,1
139,139,0,datasets/audios/western_data/genres_original/classical/classical.00039.wav,classical,1,30.013333333333332,30.0,0.013333333333333334,22050,24000,1
140,140,0,datasets/audios/western_data/genres_original/classical/classical.00040.wav,classical,1,30.013333333333332,30.0,0.013333333333333334,22050,24000,1
141,141,0,datasets/audios/western_data/genres_original/classical/classical.00041.wav,classical,1,30.013333333333332,30.0,0.013333333333333334,22050,24000,1
142,142,0,datasets/audios/western_data/genres_original/classical/classical.00042.wav,classical,1,30.371,30.0,0.371,22050,24000,1
143,143,0,datasets/audios/western_data/genres_original/classical/classical.00043.wav,classical,1,30.008,30.0,0.008,22050,24000,1
144,144,0,datasets/audios/western_data/genres_original/classical/classical.00044.wav,classical,1,30.013333333333332,30.0,0.013333333333333334,22050,24000,1
145,145,0,datasets/audios/western_data/genres_original/classical/classical.00045.wav,classical,1,30.171458333333334,30.0,0.17145833333333332,22050,24000,1
146,146,0,datasets/audios/western_data/genres_original/classical/classical.00046.wav,classical,1,30.011791666666667,30.0,0.011791666666666667,22050,24000,1
147,147,0,datasets/audios/western_data/genres_original/classical/classical.00047.wav,classical,1,30.013333333333332,30.0,0.013333333333333334,22050,24000,1
148,148,0,datasets/audios/western_data/genres_original/classical/classical.00048.wav,classical,1,30.091625,30.0,0.091625,22050,24000,1
149,149,0,datasets/audios/western_data/genres_original/classical/classical.00049.wav,classical,1,29.995833333333334,29.995833333333334,0.0,22050,24000,1
150,150,0,datasets/audios/western_data/genres_original/classical/classical.00050.wav,classical,1,30.013333333333332,30.0,0.013333333333333334,22050,24000,1
151,151,0,datasets/audios/western_data/genres_original/classical/classical.00051.wav,classical,1,29.992958333333334,29.992958333333334,0.0,22050,24000,1
152,152,0,datasets/audios/western_data/genres_original/classical/classical.00052.wav,classical,1,30.013333333333332,30.0,0.013333333333333334,22050,24000,1
153,153,0,datasets/audios/western_data/genres_original/classical/classical.00053.wav,classical,1,30.390958333333334,30.0,0.39095833333333335,22050,24000,1
154,154,0,datasets/audios/western_data/genres_original/classical/classical.00054.wav,classical,1,30.489,30.0,0.489,22050,24000,1
155,155,0,datasets/audios/western_data/genres_original/classical/classical.00055.wav,classical,1,30.013333333333332,30.0,0.013333333333333334,22050,24000,1
156,156,0,datasets/audios/western_data/genres_original/classical/classical.00056.wav,classical,1,30.071666666666665,30.0,0.07166666666666667,22050,24000,1
157,157,0,datasets/audios/western_data/genres_original/classical/classical.00057.wav,classical,1,30.013333333333332,30.0,0.013333333333333334,22050,24000,1
158,158,0,datasets/audios/western_data/genres_original/classical/classical.00058.wav,classical,1,30.013333333333332,30.0,0.013333333333333334,22050,24000,1
159,159,0,datasets/audios/western_data/genres_original/classical/classical.00059.wav,classical,1,30.013333333333332,30.0,0.013333333333333334,22050,24000,1
160,160,0,datasets/audios/western_data/genres_original/classical/classical.00060.wav,classical,1,30.013333333333332,30.0,0.013333333333333334,22050,24000,1
161,161,0,datasets/audios/western_data/genres_original/classical/classical.00061.wav,classical,1,30.013333333333332,30.0,0.013333333333333334,22050,24000,1
162,162,0,datasets/audios/western_data/genres_original/classical/classical.00062.wav,classical,1,30.013333333333332,30.0,0.013333333333333334,22050,24000,1
163,163,0,datasets/audios/western_data/genres_original/classical/classical.00063.wav,classical,1,30.013333333333332,30.0,0.013333333333333334,22050,24000,1
164,164,0,datasets/audios/western_data/genres_original/classical/classical.00064.wav,classical,1,30.013333333333332,30.0,0.013333333333333334,22050,24000,1
165,165,0,datasets/audios/western_data/genres_original/classical/classical.00065.wav,classical,1,30.013333333333332,30.0,0.013333333333333334,22050,24000,1
166,166,0,datasets/audios/western_data/genres_original/classical/classical.00066.wav,classical,1,30.013333333333332,30.0,0.013333333333333334,22050,24000,1
167,167,0,datasets/audios/western_data/genres_original/classical/classical.00067.wav,classical,1,30.013333333333332,30.0,0.013333333333333334,22050,24000,1
168,168,0,datasets/audios/western_data/genres_original/classical/classical.00068.wav,classical,1,30.013333333333332,30.0,0.013333333333333334,22050,24000,1
169,169,0,datasets/audios/western_data/genres_original/classical/classical.00069.wav,classical,1,30.013333333333332,30.0,0.013333333333333334,22050,24000,1
170,170,0,datasets/audios/western_data/genres_original/classical/classical.00070.wav,classical,1,30.013333333333332,30.0,0.013333333333333334,22050,24000,1
171,171,0,datasets/audios/western_data/genres_original/classical/classical.00071.wav,classical,1,30.013333333333332,30.0,0.013333333333333334,22050,24000,1
172,172,0,datasets/audios/western_data/genres_original/classical/classical.00072.wav,classical,1,30.013333333333332,30.0,0.013333333333333334,22050,24000,1
173,173,0,datasets/audios/western_data/genres_original/classical/classical.00073.wav,classical,1,30.013333333333332,30.0,0.013333333333333334,22050,24000,1
174,174,0,datasets/audios/western_data/genres_original/classical/classical.00074.wav,classical,1,30.013333333333332,30.0,0.013333333333333334,22050,24000,1
175,175,0,datasets/audios/western_data/genres_original/classical/classical.00075.wav,classical,1,30.013333333333332,30.0,0.013333333333333334,22050,24000,1
176,176,0,datasets/audios/western_data/genres_original/classical/classical.00076.wav,classical,1,30.013333333333332,30.0,0.013333333333333334,22050,24000,1
177,177,0,datasets/audios/western_data/genres_original/classical/classical.00077.wav,classical,1,30.013333333333332,30.0,0.013333333333333334,22050,24000,1
178,178,0,datasets/audios/western_data/genres_original/classical/classical.00078.wav,classical,1,30.013333333333332,30.0,0.013333333333333334,22050,24000,1
179,179,0,datasets/audios/western_data/genres_original/classical/classical.00079.wav,classical,1,30.013333333333332,30.0,0.013333333333333334,22050,24000,1
180,180,0,datasets/audios/western_data/genres_original/classical/classical.00080.wav,classical,1,30.013333333333332,30.0,0.013333333333333334,22050,24000,1
181,181,0,datasets/audios/western_data/genres_original/classical/classical.00081.wav,classical,1,30.013333333333332,30.0,0.013333333333333334,22050,24000,1
182,182,0,datasets/audios/western_data/genres_original/classical/classical.00082.wav,classical,1,30.013333333333332,30.0,0.013333333333333334,22050,24000,1
183,183,0,datasets/audios/western_data/genres_original/classical/classical.00083.wav,classical,1,30.013333333333332,30.0,0.013333333333333334,22050,24000,1
184,184,0,datasets/audios/western_data/genres_original/classical/classical.00084.wav,classical,1,30.013333333333332,30.0,0.013333333333333334,22050,24000,1
185,185,0,datasets/audios/western_data/genres_original/classical/classical.00085.wav,classical,1,30.013333333333332,30.0,0.013333333333333334,22050,24000,1
186,186,0,datasets/audios/western_data/genres_original/classical/classical.00086.wav,classical,1,30.013333333333332,30.0,0.013333333333333334,22050,24000,1
187,187,0,datasets/audios/western_data/genres_original/classical/classical.00087.wav,classical,1,30.013333333333332,30.0,0.013333333333333334,22050,24000,1
188,188,0,datasets/audios/western_data/genres_original/classical/classical.00088.wav,classical,1,30.013333333333332,30.0,0.013333333333333334,22050,24000,1
189,189,0,datasets/audios/western_data/genres_original/classical/classical.00089.wav,classical,1,30.013333333333332,30.0,0.013333333333333334,22050,24000,1
190,190,0,datasets/audios/western_data/genres_original/classical/classical.00090.wav,classical,1,30.013333333333332,30.0,0.013333333333333334,22050,24000,1
191,191,0,datasets/audios/western_data/genres_original/classical/classical.00091.wav,classical,1,30.013333333333332,30.0,0.013333333333333334,22050,24000,1
192,192,0,datasets/audios/western_data/genres_original/classical/classical.00092.wav,classical,1,30.013333333333332,30.0,0.013333333333333334,22050,24000,1
193,193,0,datasets/audios/western_data/genres_original/classical/classical.00093.wav,classical,1,30.013333333333332,30.0,0.013333333333333334,22050,24000,1
194,194,0,datasets/audios/western_data/genres_original/classical/classical.00094.wav,classical,1,30.013333333333332,30.0,0.013333333333333334,22050,24000,1
195,195,0,datasets/audios/western_data/genres_original/classical/classical.00095.wav,classical,1,30.013333333333332,30.0,0.013333333333333334,22050,24000,1
196,196,0,datasets/audios/western_data/genres_original/classical/classical.00096.wav,classical,1,30.013333333333332,30.0,0.013333333333333334,22050,24000,1
197,197,0,datasets/audios/western_data/genres_original/classical/classical.00097.wav,classical,1,30.013333333333332,30.0,0.013333333333333334,22050,24000,1
198,198,0,datasets/audios/western_data/genres_original/classical/classical.00098.wav,classical,1,30.013333333333332,30.0,0.013333333333333334,22050,24000,1
199,199,0,datasets/audios/western_data/genres_original/classical/classical.00099.wav,classical,1,30.013333333333332,30.0,0.013333333333333334,22050,24000,1
200,200,0,datasets/audios/western_data/genres_original/country/country.00000.wav,country,2,30.081666666666667,30.0,0.08166666666666667,22050,24000,1
201,201,0,datasets/audios/western_data/genres_original/country/country.00001.wav,country,2,30.011791666666667,30.0,0.011791666666666667,22050,24000,1
202,202,0,datasets/audios/western_data/genres_original/country/country.00002.wav,country,2,30.371,30.0,0.371,22050,24000,1
203,203,0,datasets/audios/western_data/genres_original/country/country.00003.wav,country,2,29.995833333333334,29.995833333333334,0.0,22050,24000,1
204,204,0,datasets/audios/western_data/genres_original/country/country.00004.wav,country,2,29.995833333333334,29.995833333333334,0.0,22050,24000,1
205,205,0,datasets/audios/western_data/genres_original/country/country.00005.wav,country,2,30.241291666666665,30.0,0.24129166666666665,22050,24000,1
206,206,0,datasets/audios/western_data/genres_original/country/country.00006.wav,country,2,30.331083333333332,30.0,0.33108333333333334,22050,24000,1
207,207,0,datasets/audios/western_data/genres_original/country/country.00007.wav,country,2,29.981875,29.981875,0.0,22050,24000,1
208,208,0,datasets/audios/western_data/genres_original/country/country.00008.wav,country,2,30.101625,30.0,0.101625,22050,24000,1
209,209,0,datasets/audios/western_data/genres_original/country/country.00009.wav,country,2,30.081666666666667,30.0,0.08166666666666667,22050,24000,1
210,210,0,datasets/audios/western_data/genres_original/country/country.00010.wav,country,2,30.013333333333332,30.0,0.013333333333333334,22050,24000,1
211,211,0,datasets/audios/western_data/genres_original/country/country.00011.wav,country,2,30.013333333333332,30.0,0.013333333333333334,22050,24000,1
212,212,0,datasets/audios/western_data/genres_original/country/country.00012.wav,country,2,30.013333333333332,30.0,0.013333333333333334,22050,24000,1
213,213,0,datasets/audios/western_data/genres_original/country/country.00013.wav,country,2,30.013333333333332,30.0,0.013333333333333334,22050,24000,1
214,214,0,datasets/audios/western_data/genres_original/country/country.00014.wav,country,2,30.013333333333332,30.0,0.013333333333333334,22050,24000,1
215,215,0,datasets/audios/western_data/genres_original/country/country.00015.wav,country,2,30.013333333333332,30.0,0.013333333333333334,22050,24000,1
216,216,0,datasets/audios/western_data/genres_original/country/country.00016.wav,country,2,30.013333333333332,30.0,0.013333333333333334,22050,24000,1
217,217,0,datasets/audios/western_data/genres_original/country/country.00017.wav,country,2,30.013333333333332,30.0,0.013333333333333334,22050,24000,1
218,218,0,datasets/audios/western_data/genres_original/country/country.00018.wav,country,2,30.013333333333332,30.0,0.013333333333333334,22050,24000,1
219,219,0,datasets/audios/western_data/genres_original/country/country.00019.wav,country,2,30.013333333333332,30.0,0.013333333333333334,22050,24000,1
220,220,0,datasets/audios/western_data/genres_original/country/country.00020.wav,country,2,30.013333333333332,30.0,0.013333333333333334,22050,24000,1
221,221,0,datasets/audios/western_data/genres_original/country/country.00021.wav,country,2,30.013333333333332,30.0,0.013333333333333334,22050,24000,1
222,222,0,datasets/audios/western_data/genres_original/country/country.00022.wav,country,2,30.013333333333332,30.0,0.013333333333333334,22050,24000,1
223,223,0,datasets/audios/western_data/genres_original/country/country.00023.wav,country,2,30.013333333333332,30.0,0.013333333333333334,22050,24000,1
224,224,0,datasets/audios/western_data/genres_original/country/country.00024.wav,country,2,30.013333333333332,30.0,0.013333333333333334,22050,24000,1
225,225,0,datasets/audios/western_data/genres_original/country/country.00025.wav,country,2,30.013333333333332,30.0,0.013333333333333334,22050,24000,1
226,226,0,datasets/audios/western_data/genres_original/country/country.00026.wav,country,2,30.013333333333332,30.0,0.013333333333333334,22050,24000,1
227,227,0,datasets/audios/western_data/genres_original/country/country.00027.wav,country,2,30.013333333333332,30.0,0.013333333333333334,22050,24000,1
228,228,0,datasets/audios/western_data/genres_original/country/country.00028.wav,country,2,30.013333333333332,30.0,0.013333333333333334,22050,24000,1
229,229,0,datasets/audios/western_data/genres_original/country/country.00029.wav,country,2,30.013333333333332,30.0,0.013333333333333334,22050,24000,1
230,230,0,datasets/audios/western_data/genres_original/country/country.00030.wav,country,2,30.013333333333332,30.0,0.013333333333333334,22050,24000,1
231,231,0,datasets/audios/western_data/genres_original/country/country.00031.wav,country,2,30.013333333333332,30.0,0.013333333333333334,22050,24000,1
232,232,0,datasets/audios/western_data/genres_original/country/country.00032.wav,country,2,30.013333333333332,30.0,0.013333333333333334,22050,24000,1
233,233,0,datasets/audios/western_data/genres_original/country/country.00033.wav,country,2,30.013333333333332,30.0,0.013333333333333334,22050,24000,1
234,234,0,datasets/audios/western_data/genres_original/country/country.00034.wav,country,2,30.013333333333332,30.0,0.013333333333333334,22050,24000,1
235,235,0,datasets/audios/western_data/genres_original/country/country.00035.wav,country,2,30.013333333333332,30.0,0.013333333333333334,22050,24000,1
236,236,0,datasets/audios/western_data/genres_original/country/country.00036.wav,country,2,30.013333333333332,30.0,0.013333333333333334,22050,24000,1
237,237,0,datasets/audios/western_data/genres_original/country/country.00037.wav,country,2,30.013333333333332,30.0,0.013333333333333334,22050,24000,1
238,238,0,datasets/audios/western_data/genres_original/country/country.00038.wav,country,2,30.013333333333332,30.0,0.013333333333333334,22050,24000,1
239,239,0,datasets/audios/western_data/genres_original/country/country.00039.wav,country,2,30.013333333333332,30.0,0.013333333333333334,22050,24000,1
240,240,0,datasets/audios/western_data/genres_original/country/country.00040.wav,country,2,30.013333333333332,30.0,0.013333333333333334,22050,24000,1
241,241,0,datasets/audios/western_data/genres_original/country/country.00041.wav,country,2,30.013333333333332,30.0,0.013333333333333334,22050,24000,1
242,242,0,datasets/audios/western_data/genres_original/country/country.00042.wav,country,2,30.013333333333332,30.0,0.013333333333333334,22050,24000,1
243,243,0,datasets/audios/western_data/genres_original/country/country.00043.wav,country,2,30.013333333333332,30.0,0.013333333333333334,22050,24000,1
244,244,0,datasets/audios/western_data/genres_original/country/country.00044.wav,country,2,30.013333333333332,30.0,0.013333333333333334,22050,24000,1
245,245,0,datasets/audios/western_data/genres_original/country/country.00045.wav,country,2,30.013333333333332,30.0,0.013333333333333334,22050,24000,1
246,246,0,datasets/audios/western_data/genres_original/country/country.00046.wav,country,2,30.013333333333332,30.0,0.013333333333333334,22050,24000,1
247,247,0,datasets/audios/western_data/genres_original/country/country.00047.wav,country,2,30.013333333333332,30.0,0.013333333333333334,22050,24000,1
248,248,0,datasets/audios/western_data/genres_original/country/country.00048.wav,country,2,30.013333333333332,30.0,0.013333333333333334,22050,24000,1
249,249,0,datasets/audios/western_data/genres_original/country/country.00049.wav,country,2,30.013333333333332,30.0,0.013333333333333334,22050,24000,1
250,250,0,datasets/audios/western_data/genres_original/country/country.00050.wav,country,2,30.013333333333332,30.0,0.013333333333333334,22050,24000,1
251,251,0,datasets/audios/western_data/genres_original/country/country.00051.wav,country,2,30.013333333333332,30.0,0.013333333333333334,22050,24000,1
252,252,0,datasets/audios/western_data/genres_original/country/country.00052.wav,country,2,30.013333333333332,30.0,0.013333333333333334,22050,24000,1
253,253,0,datasets/audios/western_data/genres_original/country/country.00053.wav,country,2,30.013333333333332,30.0,0.013333333333333334,22050,24000,1
254,254,0,datasets/audios/western_data/genres_original/country/country.00054.wav,country,2,30.013333333333332,30.0,0.013333333333333334,22050,24000,1
255,255,0,datasets/audios/western_data/genres_original/country/country.00055.wav,country,2,30.013333333333332,30.0,0.013333333333333334,22050,24000,1
256,256,0,datasets/audios/western_data/genres_original/country/country.00056.wav,country,2,30.013333333333332,30.0,0.013333333333333334,22050,24000,1
257,257,0,datasets/audios/western_data/genres_original/country/country.00057.wav,country,2,30.013333333333332,30.0,0.013333333333333334,22050,24000,1
258,258,0,datasets/audios/western_data/genres_original/country/country.00058.wav,country,2,30.013333333333332,30.0,0.013333333333333334,22050,24000,1
259,259,0,datasets/audios/western_data/genres_original/country/country.00059.wav,country,2,30.013333333333332,30.0,0.013333333333333334,22050,24000,1
260,260,0,datasets/audios/western_data/genres_original/country/country.00060.wav,country,2,30.013333333333332,30.0,0.013333333333333334,22050,24000,1
261,261,0,datasets/audios/western_data/genres_original/country/country.00061.wav,country,2,30.013333333333332,30.0,0.013333333333333334,22050,24000,1
262,262,0,datasets/audios/western_data/genres_original/country/country.00062.wav,country,2,30.013333333333332,30.0,0.013333333333333334,22050,24000,1
263,263,0,datasets/audios/western_data/genres_original/country/country.00063.wav,country,2,30.013333333333332,30.0,0.013333333333333334,22050,24000,1
264,264,0,datasets/audios/western_data/genres_original/country/country.00064.wav,country,2,30.013333333333332,30.0,0.013333333333333334,22050,24000,1
265,265,0,datasets/audios/western_data/genres_original/country/country.00065.wav,country,2,30.013333333333332,30.0,0.013333333333333334,22050,24000,1
266,266,0,datasets/audios/western_data/genres_original/country/country.00066.wav,country,2,30.013333333333332,30.0,0.013333333333333334,22050,24000,1
267,267,0,datasets/audios/western_data/genres_original/country/country.00067.wav,country,2,30.013333333333332,30.0,0.013333333333333334,22050,24000,1
268,268,0,datasets/audios/western_data/genres_original/country/country.00068.wav,country,2,30.013333333333332,30.0,0.013333333333333334,22050,24000,1
269,269,0,datasets/audios/western_data/genres_original/country/country.00069.wav,country,2,30.013333333333332,30.0,0.013333333333333334,22050,24000,1
270,270,0,datasets/audios/western_data/genres_original/country/country.00070.wav,country,2,30.013333333333332,30.0,0.013333333333333334,22050,24000,1
271,271,0,datasets/audios/western_data/genres_original/country/country.00071.wav,country,2,30.013333333333332,30.0,0.013333333333333334,22050,24000,1
272,272,0,datasets/audios/western_data/genres_original/country/country.00072.wav,country,2,30.013333333333332,30.0,0.013333333333333334,22050,24000,1
273,273,0,datasets/audios/western_data/genres_original/country/country.00073.wav,country,2,30.013333333333332,30.0,0.013333333333333334,22050,24000,1
274,274,0,datasets/audios/western_data/genres_original/country/country.00074.wav,country,2,30.013333333333332,30.0,0.013333333333333334,22050,24000,1
275,275,0,datasets/audios/western_data/genres_original/country/country.00075.wav,country,2,30.013333333333332,30.0,0.013333333333333334,22050,24000,1
276,276,0,datasets/audios/western_data/genres_original/country/country.00076.wav,country,2,30.013333333333332,30.0,0.013333333333333334,22050,24000,1
277,277,0,datasets/audios/western_data/genres_original/country/country.00077.wav,country,2,30.013333333333332,30.0,0.013333333333333334,22050,24000,1
278,278,0,datasets/audios/western_data/genres_original/country/country.00078.wav,country,2,30.013333333333332,30.0,0.013333333333333334,22050,24000,1
279,279,0,datasets/audios/western_data/genres_original/country/country.00079.wav,country,2,30.013333333333332,30.0,0.013333333333333334,22050,24000,1
280,280,0,datasets/audios/western_data/genres_original/country/country.00080.wav,country,2,30.013333333333332,30.0,0.013333333333333334,22050,24000,1
281,281,0,datasets/audios/western_data/genres_original/country/country.00081.wav,country,2,30.013333333333332,30.0,0.013333333333333334,22050,24000,1
282,282,0,datasets/audios/western_data/genres_original/country/country.00082.wav,country,2,30.013333333333332,30.0,0.013333333333333334,22050,24000,1
283,283,0,datasets/audios/western_data/genres_original/country/country.00083.wav,country,2,30.013333333333332,30.0,0.013333333333333334,22050,24000,1
284,284,0,datasets/audios/western_data/genres_original/country/country.00084.wav,country,2,30.013333333333332,30.0,0.013333333333333334,22050,24000,1
285,285,0,datasets/audios/western_data/genres_original/country/country.00085.wav,country,2,30.013333333333332,30.0,0.013333333333333334,22050,24000,1
286,286,0,datasets/audios/western_data/genres_original/country/country.00086.wav,country,2,30.013333333333332,30.0,0.013333333333333334,22050,24000,1
287,287,0,datasets/audios/western_data/genres_original/country/country.00087.wav,country,2,30.013333333333332,30.0,0.013333333333333334,22050,24000,1
288,288,0,datasets/audios/western_data/genres_original/country/country.00088.wav,country,2,30.013333333333332,30.0,0.013333333333333334,22050,24000,1
289,289,0,datasets/audios/western_data/genres_original/country/country.00089.wav,country,2,30.013333333333332,30.0,0.013333333333333334,22050,24000,1
290,290,0,datasets/audios/western_data/genres_original/country/country.00090.wav,country,2,30.013333333333332,30.0,0.013333333333333334,22050,24000,1
291,291,0,datasets/audios/western_data/genres_original/country/country.00091.wav,country,2,30.013333333333332,30.0,0.013333333333333334,22050,24000,1
292,292,0,datasets/audios/western_data/genres_original/country/country.00092.wav,country,2,30.013333333333332,30.0,0.013333333333333334,22050,24000,1
293,293,0,datasets/audios/western_data/genres_original/country/country.00093.wav,country,2,30.013333333333332,30.0,0.013333333333333334,22050,24000,1
294,294,0,datasets/audios/western_data/genres_original/country/country.00094.wav,country,2,30.013333333333332,30.0,0.013333333333333334,22050,24000,1
295,295,0,datasets/audios/western_data/genres_original/country/country.00095.wav,country,2,30.013333333333332,30.0,0.013333333333333334,22050,24000,1
296,296,0,datasets/audios/western_data/genres_original/country/country.00096.wav,country,2,30.013333333333332,30.0,0.013333333333333334,22050,24000,1
297,297,0,datasets/audios/western_data/genres_original/country/country.00097.wav,country,2,30.013333333333332,30.0,0.013333333333333334,22050,24000,1
298,298,0,datasets/audios/western_data/genres_original/country/country.00098.wav,country,2,30.013333333333332,30.0,0.013333333333333334,22050,24000,1
299,299,0,datasets/audios/western_data/genres_original/country/country.00099.wav,country,2,30.013333333333332,30.0,0.013333333333333334,22050,24000,1
300,300,0,datasets/audios/western_data/genres_original/disco/disco.00000.wav,disco,3,30.121541666666666,30.0,0.12154166666666667,22050,24000,1
301,301,0,datasets/audios/western_data/genres_original/disco/disco.00001.wav,disco,3,30.211375,30.0,0.211375,22050,24000,1
302,302,0,datasets/audios/western_data/genres_original/disco/disco.00002.wav,disco,3,30.013333333333332,30.0,0.013333333333333334,22050,24000,1
303,303,0,datasets/audios/western_data/genres_original/disco/disco.00003.wav,disco,3,30.301166666666667,30.0,0.3011666666666667,22050,24000,1
304,304,0,datasets/audios/western_data/genres_original/disco/disco.00004.wav,disco,3,30.013333333333332,30.0,0.013333333333333334,22050,24000,1
305,305,0,datasets/audios/western_data/genres_original/disco/disco.00005.wav,disco,3,30.291166666666665,30.0,0.2911666666666667,22050,24000,1
306,306,0,datasets/audios/western_data/genres_original/disco/disco.00006.wav,disco,3,30.008,30.0,0.008,22050,24000,1
307,307,0,datasets/audios/western_data/genres_original/disco/disco.00007.wav,disco,3,30.013333333333332,30.0,0.013333333333333334,22050,24000,1
308,308,0,datasets/audios/western_data/genres_original/disco/disco.00008.wav,disco,3,30.161458333333332,30.0,0.16145833333333334,22050,24000,1
309,309,0,datasets/audios/western_data/genres_original/disco/disco.00009.wav,disco,3,30.013333333333332,30.0,0.013333333333333334,22050,24000,1
310,310,0,datasets/audios/western_data/genres_original/disco/disco.00010.wav,disco,3,30.011791666666667,30.0,0.011791666666666667,22050,24000,1
311,311,0,datasets/audios/western_data/genres_original/disco/disco.00011.wav,disco,3,30.013333333333332,30.0,0.013333333333333334,22050,24000,1
312,312,0,datasets/audios/western_data/genres_original/disco/disco.00012.wav,disco,3,30.091625,30.0,0.091625,22050,24000,1
313,313,0,datasets/audios/western_data/genres_original/disco/disco.00013.wav,disco,3,30.013333333333332,30.0,0.013333333333333334,22050,24000,1
314,314,0,datasets/audios/western_data/genres_original/disco/disco.00014.wav,disco,3,29.992958333333334,29.992958333333334,0.0,22050,24000,1
315,315,0,datasets/audios/western_data/genres_original/disco/disco.00015.wav,disco,3,30.013333333333332,30.0,0.013333333333333334,22050,24000,1
316,316,0,datasets/audios/western_data/genres_original/disco/disco.00016.wav,disco,3,30.291166666666665,30.0,0.2911666666666667,22050,24000,1
317,317,0,datasets/audios/western_data/genres_original/disco/disco.00017.wav,disco,3,30.013333333333332,30.0,0.013333333333333334,22050,24000,1
318,318,0,datasets/audios/western_data/genres_original/disco/disco.00018.wav,disco,3,30.013333333333332,30.0,0.013333333333333334,22050,24000,1
319,319,0,datasets/audios/western_data/genres_original/disco/disco.00019.wav,disco,3,30.013333333333332,30.0,0.013333333333333334,22050,24000,1
320,320,0,datasets/audios/western_data/genres_original/disco/disco.00020.wav,disco,3,30.013333333333332,30.0,0.013333333333333334,22050,24000,1
321,321,0,datasets/audios/western_data/genres_original/disco/disco.00021.wav,disco,3,30.013333333333332,30.0,0.013333333333333334,22050,24000,1
322,322,0,datasets/audios/western_data/genres_original/disco/disco.00022.wav,disco,3,30.013333333333332,30.0,0.013333333333333334,22050,24000,1
323,323,0,datasets/audios/western_data/genres_original/disco/disco.00023.wav,disco,3,30.013333333333332,30.0,0.013333333333333334,22050,24000,1
324,324,0,datasets/audios/western_data/genres_original/disco/disco.00024.wav,disco,3,30.013333333333332,30.0,0.013333333333333334,22050,24000,1
325,325,0,datasets/audios/western_data/genres_original/disco/disco.00025.wav,disco,3,30.013333333333332,30.0,0.013333333333333334,22050,24000,1
326,326,0,datasets/audios/western_data/genres_original/disco/disco.00026.wav,disco,3,30.013333333333332,30.0,0.013333333333333334,22050,24000,1
327,327,0,datasets/audios/western_data/genres_original/disco/disco.00027.wav,disco,3,30.013333333333332,30.0,0.013333333333333334,22050,24000,1
328,328,0,datasets/audios/western_data/genres_original/disco/disco.00028.wav,disco,3,30.013333333333332,30.0,0.013333333333333334,22050,24000,1
329,329,0,datasets/audios/western_data/genres_original/disco/disco.00029.wav,disco,3,30.013333333333332,30.0,0.013333333333333334,22050,24000,1
330,330,0,datasets/audios/western_data/genres_original/disco/disco.00030.wav,disco,3,30.013333333333332,30.0,0.013333333333333334,22050,24000,1
331,331,0,datasets/audios/western_data/genres_original/disco/disco.00031.wav,disco,3,30.013333333333332,30.0,0.013333333333333334,22050,24000,1
332,332,0,datasets/audios/western_data/genres_original/disco/disco.00032.wav,disco,3,30.013333333333332,30.0,0.013333333333333334,22050,24000,1
333,333,0,datasets/audios/western_data/genres_original/disco/disco.00033.wav,disco,3,30.013333333333332,30.0,0.013333333333333334,22050,24000,1
334,334,0,datasets/audios/western_data/genres_original/disco/disco.00034.wav,disco,3,30.013333333333332,30.0,0.013333333333333334,22050,24000,1
335,335,0,datasets/audios/western_data/genres_original/disco/disco.00035.wav,disco,3,30.013333333333332,30.0,0.013333333333333334,22050,24000,1
336,336,0,datasets/audios/western_data/genres_original/disco/disco.00036.wav,disco,3,30.013333333333332,30.0,0.013333333333333334,22050,24000,1
337,337,0,datasets/audios/western_data/genres_original/disco/disco.00037.wav,disco,3,30.013333333333332,30.0,0.013333333333333334,22050,24000,1
338,338,0,datasets/audios/western_data/genres_original/disco/disco.00038.wav,disco,3,30.013333333333332,30.0,0.013333333333333334,22050,24000,1
339,339,0,datasets/audios/western_data/genres_original/disco/disco.00039.wav,disco,3,30.013333333333332,30.0,0.013333333333333334,22050,24000,1
340,340,0,datasets/audios/western_data/genres_original/disco/disco.00040.wav,disco,3,30.013333333333332,30.0,0.013333333333333334,22050,24000,1
341,341,0,datasets/audios/western_data/genres_original/disco/disco.00041.wav,disco,3,30.013333333333332,30.0,0.013333333333333334,22050,24000,1
342,342,0,datasets/audios/western_data/genres_original/disco/disco.00042.wav,disco,3,30.013333333333332,30.0,0.013333333333333334,22050,24000,1
343,343,0,datasets/audios/western_data/genres_original/disco/disco.00043.wav,disco,3,30.013333333333332,30.0,0.013333333333333334,22050,24000,1
344,344,0,datasets/audios/western_data/genres_original/disco/disco.00044.wav,disco,3,30.013333333333332,30.0,0.013333333333333334,22050,24000,1
345,345,0,datasets/audios/western_data/genres_original/disco/disco.00045.wav,disco,3,30.013333333333332,30.0,0.013333333333333334,22050,24000,1
346,346,0,datasets/audios/western_data/genres_original/disco/disco.00046.wav,disco,3,30.000208333333333,30.0,0.00020833333333333335,22050,24000,1
347,347,0,datasets/audios/western_data/genres_original/disco/disco.00047.wav,disco,3,30.000208333333333,30.0,0.00020833333333333335,22050,24000,1
348,348,0,datasets/audios/western_data/genres_original/disco/disco.00048.wav,disco,3,30.000208333333333,30.0,0.00020833333333333335,22050,24000,1
349,349,0,datasets/audios/western_data/genres_original/disco/disco.00049.wav,disco,3,30.000208333333333,30.0,0.00020833333333333335,22050,24000,1
350,350,0,datasets/audios/western_data/genres_original/disco/disco.00050.wav,disco,3,30.000208333333333,30.0,0.00020833333333333335,22050,24000,1
351,351,0,datasets/audios/western_data/genres_original/disco/disco.00051.wav,disco,3,30.000208333333333,30.0,0.00020833333333333335,22050,24000,1
352,352,0,datasets/audios/western_data/genres_original/disco/disco.00052.wav,disco,3,30.000208333333333,30.0,0.00020833333333333335,22050,24000,1
353,353,0,datasets/audios/western_data/genres_original/disco/disco.00053.wav,disco,3,30.000208333333333,30.0,0.00020833333333333335,22050,24000,1
354,354,0,datasets/audios/western_data/genres_original/disco/disco.00054.wav,disco,3,30.000208333333333,30.0,0.00020833333333333335,22050,24000,1
355,355,0,datasets/audios/western_data/genres_original/disco/disco.00055.wav,disco,3,30.000208333333333,30.0,0.00020833333333333335,22050,24000,1
356,356,0,datasets/audios/western_data/genres_original/disco/disco.00056.wav,disco,3,30.000208333333333,30.0,0.00020833333333333335,22050,24000,1
357,357,0,datasets/audios/western_data/genres_original/disco/disco.00057.wav,disco,3,30.000208333333333,30.0,0.00020833333333333335,22050,24000,1
358,358,0,datasets/audios/western_data/genres_original/disco/disco.00058.wav,disco,3,30.000208333333333,30.0,0.00020833333333333335,22050,24000,1
359,359,0,datasets/audios/western_data/genres_original/disco/disco.00059.wav,disco,3,30.000208333333333,30.0,0.00020833333333333335,22050,24000,1
360,360,0,datasets/audios/western_data/genres_original/disco/disco.00060.wav,disco,3,30.000208333333333,30.0,0.00020833333333333335,22050,24000,1
361,361,0,datasets/audios/western_data/genres_original/disco/disco.00061.wav,disco,3,30.000208333333333,30.0,0.00020833333333333335,22050,24000,1
362,362,0,datasets/audios/western_data/genres_original/disco/disco.00062.wav,disco,3,30.000208333333333,30.0,0.00020833333333333335,22050,24000,1
363,363,0,datasets/audios/western_data/genres_original/disco/disco.00063.wav,disco,3,30.000208333333333,30.0,0.00020833333333333335,22050,24000,1
364,364,0,datasets/audios/western_data/genres_original/disco/disco.00064.wav,disco,3,30.000208333333333,30.0,0.00020833333333333335,22050,24000,1
365,365,0,datasets/audios/western_data/genres_original/disco/disco.00065.wav,disco,3,30.000208333333333,30.0,0.00020833333333333335,22050,24000,1
366,366,0,datasets/audios/western_data/genres_original/disco/disco.00066.wav,disco,3,30.000208333333333,30.0,0.00020833333333333335,22050,24000,1
367,367,0,datasets/audios/western_data/genres_original/disco/disco.00067.wav,disco,3,30.000208333333333,30.0,0.00020833333333333335,22050,24000,1
368,368,0,datasets/audios/western_data/genres_original/disco/disco.00068.wav,disco,3,30.000208333333333,30.0,0.00020833333333333335,22050,24000,1
369,369,0,datasets/audios/western_data/genres_original/disco/disco.00069.wav,disco,3,30.000208333333333,30.0,0.00020833333333333335,22050,24000,1
370,370,0,datasets/audios/western_data/genres_original/disco/disco.00070.wav,disco,3,30.000208333333333,30.0,0.00020833333333333335,22050,24000,1
371,371,0,datasets/audios/western_data/genres_original/disco/disco.00071.wav,disco,3,30.000208333333333,30.0,0.00020833333333333335,22050,24000,1
372,372,0,datasets/audios/western_data/genres_original/disco/disco.00072.wav,disco,3,30.000208333333333,30.0,0.00020833333333333335,22050,24000,1
373,373,0,datasets/audios/western_data/genres_original/disco/disco.00073.wav,disco,3,30.000208333333333,30.0,0.00020833333333333335,22050,24000,1
374,374,0,datasets/audios/western_data/genres_original/disco/disco.00074.wav,disco,3,30.000208333333333,30.0,0.00020833333333333335,22050,24000,1
375,375,0,datasets/audios/western_data/genres_original/disco/disco.00075.wav,disco,3,30.000208333333333,30.0,0.00020833333333333335,22050,24000,1
376,376,0,datasets/audios/western_data/genres_original/disco/disco.00076.wav,disco,3,30.000208333333333,30.0,0.00020833333333333335,22050,24000,1
377,377,0,datasets/audios/western_data/genres_original/disco/disco.00077.wav,disco,3,30.000208333333333,30.0,0.00020833333333333335,22050,24000,1
378,378,0,datasets/audios/western_data/genres_original/disco/disco.00078.wav,disco,3,30.000208333333333,30.0,0.00020833333333333335,22050,24000,1
379,379,0,datasets/audios/western_data/genres_original/disco/disco.00079.wav,disco,3,30.000208333333333,30.0,0.00020833333333333335,22050,24000,1
380,380,0,datasets/audios/western_data/genres_original/disco/disco.00080.wav,disco,3,30.000208333333333,30.0,0.00020833333333333335,22050,24000,1
381,381,0,datasets/audios/western_data/genres_original/disco/disco.00081.wav,disco,3,30.000208333333333,30.0,0.00020833333333333335,22050,24000,1
382,382,0,datasets/audios/western_data/genres_original/disco/disco.00082.wav,disco,3,30.000208333333333,30.0,0.00020833333333333335,22050,24000,1
383,383,0,datasets/audios/western_data/genres_original/disco/disco.00083.wav,disco,3,30.000208333333333,30.0,0.00020833333333333335,22050,24000,1
384,384,0,datasets/audios/western_data/genres_original/disco/disco.00084.wav,disco,3,30.000208333333333,30.0,0.00020833333333333335,22050,24000,1
385,385,0,datasets/audios/western_data/genres_original/disco/disco.00085.wav,disco,3,30.000208333333333,30.0,0.00020833333333333335,22050,24000,1
386,386,0,datasets/audios/western_data/genres_original/disco/disco.00086.wav,disco,3,30.000208333333333,30.0,0.00020833333333333335,22050,24000,1
387,387,0,datasets/audios/western_data/genres_original/disco/disco.00087.wav,disco,3,30.000208333333333,30.0,0.00020833333333333335,22050,24000,1
388,388,0,datasets/audios/western_data/genres_original/disco/disco.00088.wav,disco,3,30.000208333333333,30.0,0.00020833333333333335,22050,24000,1
389,389,0,datasets/audios/western_data/genres_original/disco/disco.00089.wav,disco,3,30.000208333333333,30.0,0.00020833333333333335,22050,24000,1
390,390,0,datasets/audios/western_data/genres_original/disco/disco.00090.wav,disco,3,30.000208333333333,30.0,0.00020833333333333335,22050,24000,1
391,391,0,datasets/audios/western_data/genres_original/disco/disco.00091.wav,disco,3,30.000208333333333,30.0,0.00020833333333333335,22050,24000,1
392,392,0,datasets/audios/western_data/genres_original/disco/disco.00092.wav,disco,3,30.000208333333333,30.0,0.00020833333333333335,22050,24000,1
393,393,0,datasets/audios/western_data/genres_original/disco/disco.00093.wav,disco,3,30.000208333333333,30.0,0.00020833333333333335,22050,24000,1
394,394,0,datasets/audios/western_data/genres_original/disco/disco.00094.wav,disco,3,30.000208333333333,30.0,0.00020833333333333335,22050,24000,1
395,395,0,datasets/audios/western_data/genres_original/disco/disco.00095.wav,disco,3,30.000208333333333,30.0,0.00020833333333333335,22050,24000,1
396,396,0,datasets/audios/western_data/genres_original/disco/disco.00096.wav,disco,3,30.000208333333333,30.0,0.00020833333333333335,22050,24000,1
397,397,0,datasets/audios/western_data/genres_original/disco/disco.00097.wav,disco,3,30.000208333333333,30.0,0.00020833333333333335,22050,24000,1
398,398,0,datasets/audios/western_data/genres_original/disco/disco.00098.wav,disco,3,30.000208333333333,30.0,0.00020833333333333335,22050,24000,1
399,399,0,datasets/audios/western_data/genres_original/disco/disco.00099.wav,disco,3,30.000208333333333,30.0,0.00020833333333333335,22050,24000,1
400,400,0,datasets/audios/western_data/genres_original/hiphop/hiphop.00000.wav,hiphop,4,30.000208333333333,30.0,0.00020833333333333335,22050,24000,1
401,401,0,datasets/audios/western_data/genres_original/hiphop/hiphop.00001.wav,hiphop,4,30.000208333333333,30.0,0.00020833333333333335,22050,24000,1
402,402,0,datasets/audios/western_data/genres_original/hiphop/hiphop.00002.wav,hiphop,4,30.000208333333333,30.0,0.00020833333333333335,22050,24000,1
403,403,0,datasets/audios/western_data/genres_original/hiphop/hiphop.00003.wav,hiphop,4,30.000208333333333,30.0,0.00020833333333333335,22050,24000,1
404,404,0,datasets/audios/western_data/genres_original/hiphop/hiphop.00004.wav,hiphop,4,30.000208333333333,30.0,0.00020833333333333335,22050,24000,1
405,405,0,datasets/audios/western_data/genres_original/hiphop/hiphop.00005.wav,hiphop,4,30.000208333333333,30.0,0.00020833333333333335,22050,24000,1
406,406,0,datasets/audios/western_data/genres_original/hiphop/hiphop.00006.wav,hiphop,4,30.000208333333333,30.0,0.00020833333333333335,22050,24000,1
407,407,0,datasets/audios/western_data/genres_original/hiphop/hiphop.00007.wav,hiphop,4,30.000208333333333,30.0,0.00020833333333333335,22050,24000,1
408,408,0,datasets/audios/western_data/genres_original/hiphop/hiphop.00008.wav,hiphop,4,30.013333333333332,30.0,0.013333333333333334,22050,24000,1
409,409,0,datasets/audios/western_data/genres_original/hiphop/hiphop.00009.wav,hiphop,4,30.013333333333332,30.0,0.013333333333333334,22050,24000,1
410,410,0,datasets/audios/western_data/genres_original/hiphop/hiphop.00010.wav,hiphop,4,30.013333333333332,30.0,0.013333333333333334,22050,24000,1
411,411,0,datasets/audios/western_data/genres_original/hiphop/hiphop.00011.wav,hiphop,4,30.013333333333332,30.0,0.013333333333333334,22050,24000,1
412,412,0,datasets/audios/western_data/genres_original/hiphop/hiphop.00012.wav,hiphop,4,30.013333333333332,30.0,0.013333333333333334,22050,24000,1
413,413,0,datasets/audios/western_data/genres_original/hiphop/hiphop.00013.wav,hiphop,4,30.013333333333332,30.0,0.013333333333333334,22050,24000,1
414,414,0,datasets/audios/western_data/genres_original/hiphop/hiphop.00014.wav,hiphop,4,30.013333333333332,30.0,0.013333333333333334,22050,24000,1
415,415,0,datasets/audios/western_data/genres_original/hiphop/hiphop.00015.wav,hiphop,4,30.013333333333332,30.0,0.013333333333333334,22050,24000,1
416,416,0,datasets/audios/western_data/genres_original/hiphop/hiphop.00016.wav,hiphop,4,30.013333333333332,30.0,0.013333333333333334,22050,24000,1
417,417,0,datasets/audios/western_data/genres_original/hiphop/hiphop.00017.wav,hiphop,4,30.013333333333332,30.0,0.013333333333333334,22050,24000,1
418,418,0,datasets/audios/western_data/genres_original/hiphop/hiphop.00018.wav,hiphop,4,30.013333333333332,30.0,0.013333333333333334,22050,24000,1
419,419,0,datasets/audios/western_data/genres_original/hiphop/hiphop.00019.wav,hiphop,4,30.013333333333332,30.0,0.013333333333333334,22050,24000,1
420,420,0,datasets/audios/western_data/genres_original/hiphop/hiphop.00020.wav,hiphop,4,30.013333333333332,30.0,0.013333333333333334,22050,24000,1
421,421,0,datasets/audios/western_data/genres_original/hiphop/hiphop.00021.wav,hiphop,4,30.013333333333332,30.0,0.013333333333333334,22050,24000,1
422,422,0,datasets/audios/western_data/genres_original/hiphop/hiphop.00022.wav,hiphop,4,30.013333333333332,30.0,0.013333333333333334,22050,24000,1
423,423,0,datasets/audios/western_data/genres_original/hiphop/hiphop.00023.wav,hiphop,4,30.013333333333332,30.0,0.013333333333333334,22050,24000,1
424,424,0,datasets/audios/western_data/genres_original/hiphop/hiphop.00024.wav,hiphop,4,30.013333333333332,30.0,0.013333333333333334,22050,24000,1
425,425,0,datasets/audios/western_data/genres_original/hiphop/hiphop.00025.wav,hiphop,4,30.013333333333332,30.0,0.013333333333333334,22050,24000,1
426,426,0,datasets/audios/western_data/genres_original/hiphop/hiphop.00026.wav,hiphop,4,30.371,30.0,0.371,22050,24000,1
427,427,0,datasets/audios/western_data/genres_original/hiphop/hiphop.00027.wav,hiphop,4,30.131541666666667,30.0,0.13154166666666667,22050,24000,1
428,428,0,datasets/audios/western_data/genres_original/hiphop/hiphop.00028.wav,hiphop,4,30.008,30.0,0.008,22050,24000,1
429,429,0,datasets/audios/western_data/genres_original/hiphop/hiphop.00029.wav,hiphop,4,30.351041666666667,30.0,0.35104166666666664,22050,24000,1
430,430,0,datasets/audios/western_data/genres_original/hiphop/hiphop.00030.wav,hiphop,4,30.011791666666667,30.0,0.011791666666666667,22050,24000,1
431,431,0,datasets/audios/western_data/genres_original/hiphop/hiphop.00031.wav,hiphop,4,29.995833333333334,29.995833333333334,0.0,22050,24000,1
432,432,0,datasets/audios/western_data/genres_original/hiphop/hiphop.00032.wav,hiphop,4,29.932,29.932,0.0,22050,24000,1
433,433,0,datasets/audios/western_data/genres_original/hiphop/hiphop.00033.wav,hiphop,4,30.171458333333334,30.0,0.17145833333333332,22050,24000,1
434,434,0,datasets/audios/western_data/genres_original/hiphop/hiphop.00034.wav,hiphop,4,30.281208333333332,30.0,0.28120833333333334,22050,24000,1
435,435,0,datasets/audios/western_data/genres_original/hiphop/hiphop.00035.wav,hiphop,4,30.301166666666667,30.0,0.3011666666666667,22050,24000,1
436,436,0,datasets/audios/western_data/genres_original/hiphop/hiphop.00036.wav,hiphop,4,30.64891666666667,30.0,0.6489166666666667,22050,24000,1
437,437,0,datasets/audios/western_data/genres_original/hiphop/hiphop.00037.wav,hiphop,4,30.64891666666667,30.0,0.6489166666666667,22050,24000,1
438,438,0,datasets/audios/western_data/genres_original/hiphop/hiphop.00038.wav,hiphop,4,30.64891666666667,30.0,0.6489166666666667,22050,24000,1
439,439,0,datasets/audios/western_data/genres_original/hiphop/hiphop.00039.wav,hiphop,4,30.64891666666667,30.0,0.6489166666666667,22050,24000,1
440,440,0,datasets/audios/western_data/genres_original/hiphop/hiphop.00040.wav,hiphop,4,30.64891666666667,30.0,0.6489166666666667,22050,24000,1
441,441,0,datasets/audios/western_data/genres_original/hiphop/hiphop.00041.wav,hiphop,4,30.64891666666667,30.0,0.6489166666666667,22050,24000,1
442,442,0,datasets/audios/western_data/genres_original/hiphop/hiphop.00042.wav,hiphop,4,30.64891666666667,30.0,0.6489166666666667,22050,24000,1
443,443,0,datasets/audios/western_data/genres_original/hiphop/hiphop.00043.wav,hiphop,4,30.64891666666667,30.0,0.6489166666666667,22050,24000,1
444,444,0,datasets/audios/western_data/genres_original/hiphop/hiphop.00044.wav,hiphop,4,30.64891666666667,30.0,0.6489166666666667,22050,24000,1
445,445,0,datasets/audios/western_data/genres_original/hiphop/hiphop.00045.wav,hiphop,4,30.64891666666667,30.0,0.6489166666666667,22050,24000,1
446,446,0,datasets/audios/western_data/genres_original/hiphop/hiphop.00046.wav,hiphop,4,30.013333333333332,30.0,0.013333333333333334,22050,24000,1
447,447,0,datasets/audios/western_data/genres_original/hiphop/hiphop.00047.wav,hiphop,4,30.013333333333332,30.0,0.013333333333333334,22050,24000,1
448,448,0,datasets/audios/western_data/genres_original/hiphop/hiphop.00048.wav,hiphop,4,30.013333333333332,30.0,0.013333333333333334,22050,24000,1
449,449,0,datasets/audios/western_data/genres_original/hiphop/hiphop.00049.wav,hiphop,4,30.013333333333332,30.0,0.013333333333333334,22050,24000,1
450,450,0,datasets/audios/western_data/genres_original/hiphop/hiphop.00050.wav,hiphop,4,30.013333333333332,30.0,0.013333333333333334,22050,24000,1
451,451,0,datasets/audios/western_data/genres_original/hiphop/hiphop.00051.wav,hiphop,4,30.013333333333332,30.0,0.013333333333333334,22050,24000,1
452,452,0,datasets/audios/western_data/genres_original/hiphop/hiphop.00052.wav,hiphop,4,30.013333333333332,30.0,0.013333333333333334,22050,24000,1
453,453,0,datasets/audios/western_data/genres_original/hiphop/hiphop.00053.wav,hiphop,4,30.013333333333332,30.0,0.013333333333333334,22050,24000,1
454,454,0,datasets/audios/western_data/genres_original/hiphop/hiphop.00054.wav,hiphop,4,30.013333333333332,30.0,0.013333333333333334,22050,24000,1
455,455,0,datasets/audios/western_data/genres_original/hiphop/hiphop.00055.wav,hiphop,4,30.013333333333332,30.0,0.013333333333333334,22050,24000,1
456,456,0,datasets/audios/western_data/genres_original/hiphop/hiphop.00056.wav,hiphop,4,30.013333333333332,30.0,0.013333333333333334,22050,24000,1
457,457,0,datasets/audios/western_data/genres_original/hiphop/hiphop.00057.wav,hiphop,4,30.013333333333332,30.0,0.013333333333333334,22050,24000,1
458,458,0,datasets/audios/western_data/genres_original/hiphop/hiphop.00058.wav,hiphop,4,30.013333333333332,30.0,0.013333333333333334,22050,24000,1
459,459,0,datasets/audios/western_data/genres_original/hiphop/hiphop.00059.wav,hiphop,4,30.013333333333332,30.0,0.013333333333333334,22050,24000,1
460,460,0,datasets/audios/western_data/genres_original/hiphop/hiphop.00060.wav,hiphop,4,30.013333333333332,30.0,0.013333333333333334,22050,24000,1
461,461,0,datasets/audios/western_data/genres_original/hiphop/hiphop.00061.wav,hiphop,4,30.013333333333332,30.0,0.013333333333333334,22050,24000,1
462,462,0,datasets/audios/western_data/genres_original/hiphop/hiphop.00062.wav,hiphop,4,30.013333333333332,30.0,0.013333333333333334,22050,24000,1
463,463,0,datasets/audios/western_data/genres_original/hiphop/hiphop.00063.wav,hiphop,4,30.013333333333332,30.0,0.013333333333333334,22050,24000,1
464,464,0,datasets/audios/western_data/genres_original/hiphop/hiphop.00064.wav,hiphop,4,30.013333333333332,30.0,0.013333333333333334,22050,24000,1
465,465,0,datasets/audios/western_data/genres_original/hiphop/hiphop.00065.wav,hiphop,4,30.013333333333332,30.0,0.013333333333333334,22050,24000,1
466,466,0,datasets/audios/western_data/genres_original/hiphop/hiphop.00066.wav,hiphop,4,30.013333333333332,30.0,0.013333333333333334,22050,24000,1
467,467,0,datasets/audios/western_data/genres_original/hiphop/hiphop.00067.wav,hiphop,4,30.013333333333332,30.0,0.013333333333333334,22050,24000,1
468,468,0,datasets/audios/western_data/genres_original/hiphop/hiphop.00068.wav,hiphop,4,30.013333333333332,30.0,0.013333333333333334,22050,24000,1
469,469,0,datasets/audios/western_data/genres_original/hiphop/hiphop.00069.wav,hiphop,4,30.013333333333332,30.0,0.013333333333333334,22050,24000,1
470,470,0,datasets/audios/western_data/genres_original/hiphop/hiphop.00070.wav,hiphop,4,30.013333333333332,30.0,0.013333333333333334,22050,24000,1
471,471,0,datasets/audios/western_data/genres_original/hiphop/hiphop.00071.wav,hiphop,4,30.013333333333332,30.0,0.013333333333333334,22050,24000,1
472,472,0,datasets/audios/western_data/genres_original/hiphop/hiphop.00072.wav,hiphop,4,30.013333333333332,30.0,0.013333333333333334,22050,24000,1
473,473,0,datasets/audios/western_data/genres_original/hiphop/hiphop.00073.wav,hiphop,4,30.013333333333332,30.0,0.013333333333333334,22050,24000,1
474,474,0,datasets/audios/western_data/genres_original/hiphop/hiphop.00074.wav,hiphop,4,30.013333333333332,30.0,0.013333333333333334,22050,24000,1
475,475,0,datasets/audios/western_data/genres_original/hiphop/hiphop.00075.wav,hiphop,4,30.013333333333332,30.0,0.013333333333333334,22050,24000,1
476,476,0,datasets/audios/western_data/genres_original/hiphop/hiphop.00076.wav,hiphop,4,30.000208333333333,30.0,0.00020833333333333335,22050,24000,1
477,477,0,datasets/audios/western_data/genres_original/hiphop/hiphop.00077.wav,hiphop,4,30.000208333333333,30.0,0.00020833333333333335,22050,24000,1
478,478,0,datasets/audios/western_data/genres_original/hiphop/hiphop.00078.wav,hiphop,4,30.000208333333333,30.0,0.00020833333333333335,22050,24000,1
479,479,0,datasets/audios/western_data/genres_original/hiphop/hiphop.00079.wav,hiphop,4,30.000208333333333,30.0,0.00020833333333333335,22050,24000,1
480,480,0,datasets/audios/western_data/genres_original/hiphop/hiphop.00080.wav,hiphop,4,30.000208333333333,30.0,0.00020833333333333335,22050,24000,1
481,481,0,datasets/audios/western_data/genres_original/hiphop/hiphop.00081.wav,hiphop,4,30.013333333333332,30.0,0.013333333333333334,22050,24000,1
482,482,0,datasets/audios/western_data/genres_original/hiphop/hiphop.00082.wav,hiphop,4,30.013333333333332,30.0,0.013333333333333334,22050,24000,1
483,483,0,datasets/audios/western_data/genres_original/hiphop/hiphop.00083.wav,hiphop,4,30.013333333333332,30.0,0.013333333333333334,22050,24000,1
484,484,0,datasets/audios/western_data/genres_original/hiphop/hiphop.00084.wav,hiphop,4,30.013333333333332,30.0,0.013333333333333334,22050,24000,1
485,485,0,datasets/audios/western_data/genres_original/hiphop/hiphop.00085.wav,hiphop,4,30.013333333333332,30.0,0.013333333333333334,22050,24000,1
486,486,0,datasets/audios/western_data/genres_original/hiphop/hiphop.00086.wav,hiphop,4,30.013333333333332,30.0,0.013333333333333334,22050,24000,1
487,487,0,datasets/audios/western_data/genres_original/hiphop/hiphop.00087.wav,hiphop,4,30.013333333333332,30.0,0.013333333333333334,22050,24000,1
488,488,0,datasets/audios/western_data/genres_original/hiphop/hiphop.00088.wav,hiphop,4,30.013333333333332,30.0,0.013333333333333334,22050,24000,1
489,489,0,datasets/audios/western_data/genres_original/hiphop/hiphop.00089.wav,hiphop,4,30.013333333333332,30.0,0.013333333333333334,22050,24000,1
490,490,0,datasets/audios/western_data/genres_original/hiphop/hiphop.00090.wav,hiphop,4,30.013333333333332,30.0,0.013333333333333334,22050,24000,1
491,491,0,datasets/audios/western_data/genres_original/hiphop/hiphop.00091.wav,hiphop,4,30.013333333333332,30.0,0.013333333333333334,22050,24000,1
492,492,0,datasets/audios/western_data/genres_original/hiphop/hiphop.00092.wav,hiphop,4,30.013333333333332,30.0,0.013333333333333334,22050,24000,1
493,493,0,datasets/audios/western_data/genres_original/hiphop/hiphop.00093.wav,hiphop,4,30.013333333333332,30.0,0.013333333333333334,22050,24000,1
494,494,0,datasets/audios/western_data/genres_original/hiphop/hiphop.00094.wav,hiphop,4,30.013333333333332,30.0,0.013333333333333334,22050,24000,1
495,495,0,datasets/audios/western_data/genres_original/hiphop/hiphop.00095.wav,hiphop,4,30.013333333333332,30.0,0.013333333333333334,22050,24000,1
496,496,0,datasets/audios/western_data/genres_original/hiphop/hiphop.00096.wav,hiphop,4,30.013333333333332,30.0,0.013333333333333334,22050,24000,1
497,497,0,datasets/audios/western_data/genres_original/hiphop/hiphop.00097.wav,hiphop,4,30.013333333333332,30.0,0.013333333333333334,22050,24000,1
498,498,0,datasets/audios/western_data/genres_original/hiphop/hiphop.00098.wav,hiphop,4,30.013333333333332,30.0,0.013333333333333334,22050,24000,1
499,499,0,datasets/audios/western_data/genres_original/hiphop/hiphop.00099.wav,hiphop,4,30.000208333333333,30.0,0.00020833333333333335,22050,24000,1
500,500,0,datasets/audios/western_data/genres_original/jazz/jazz.00000.wav,jazz,5,30.013333333333332,30.0,0.013333333333333334,22050,24000,1
501,501,0,datasets/audios/western_data/genres_original/jazz/jazz.00001.wav,jazz,5,30.013333333333332,30.0,0.013333333333333334,22050,24000,1
502,502,0,datasets/audios/western_data/genres_original/jazz/jazz.00002.wav,jazz,5,30.013333333333332,30.0,0.013333333333333334,22050,24000,1
503,503,0,datasets/audios/western_data/genres_original/jazz/jazz.00003.wav,jazz,5,30.013333333333332,30.0,0.013333333333333334,22050,24000,1
504,504,0,datasets/audios/western_data/genres_original/jazz/jazz.00004.wav,jazz,5,30.013333333333332,30.0,0.013333333333333334,22050,24000,1
505,505,0,datasets/audios/western_data/genres_original/jazz/jazz.00005.wav,jazz,5,30.013333333333332,30.0,0.013333333333333334,22050,24000,1
506,506,0,datasets/audios/western_data/genres_original/jazz/jazz.00006.wav,jazz,5,30.013333333333332,30.0,0.013333333333333334,22050,24000,1
507,507,0,datasets/audios/western_data/genres_original/jazz/jazz.00007.wav,jazz,5,30.013333333333332,30.0,0.013333333333333334,22050,24000,1
508,508,0,datasets/audios/western_data/genres_original/jazz/jazz.00008.wav,jazz,5,30.013333333333332,30.0,0.013333333333333334,22050,24000,1
509,509,0,datasets/audios/western_data/genres_original/jazz/jazz.00009.wav,jazz,5,30.013333333333332,30.0,0.013333333333333334,22050,24000,1
510,510,0,datasets/audios/western_data/genres_original/jazz/jazz.00010.wav,jazz,5,30.013333333333332,30.0,0.013333333333333334,22050,24000,1
511,511,0,datasets/audios/western_data/genres_original/jazz/jazz.00011.wav,jazz,5,30.013333333333332,30.0,0.013333333333333334,22050,24000,1
512,512,0,datasets/audios/western_data/genres_original/jazz/jazz.00012.wav,jazz,5,30.013333333333332,30.0,0.013333333333333334,22050,24000,1
513,513,0,datasets/audios/western_data/genres_original/jazz/jazz.00013.wav,jazz,5,30.013333333333332,30.0,0.013333333333333334,22050,24000,1
514,514,0,datasets/audios/western_data/genres_original/jazz/jazz.00014.wav,jazz,5,30.013333333333332,30.0,0.013333333333333334,22050,24000,1
515,515,0,datasets/audios/western_data/genres_original/jazz/jazz.00015.wav,jazz,5,30.013333333333332,30.0,0.013333333333333334,22050,24000,1
516,516,0,datasets/audios/western_data/genres_original/jazz/jazz.00016.wav,jazz,5,30.013333333333332,30.0,0.013333333333333334,22050,24000,1
517,517,0,datasets/audios/western_data/genres_original/jazz/jazz.00017.wav,jazz,5,30.013333333333332,30.0,0.013333333333333334,22050,24000,1
518,518,0,datasets/audios/western_data/genres_original/jazz/jazz.00018.wav,jazz,5,30.013333333333332,30.0,0.013333333333333334,22050,24000,1
519,519,0,datasets/audios/western_data/genres_original/jazz/jazz.00019.wav,jazz,5,30.013333333333332,30.0,0.013333333333333334,22050,24000,1
520,520,0,datasets/audios/western_data/genres_original/jazz/jazz.00020.wav,jazz,5,30.013333333333332,30.0,0.013333333333333334,22050,24000,1
521,521,0,datasets/audios/western_data/genres_original/jazz/jazz.00021.wav,jazz,5,30.013333333333332,30.0,0.013333333333333334,22050,24000,1
522,522,0,datasets/audios/western_data/genres_original/jazz/jazz.00022.wav,jazz,5,30.013333333333332,30.0,0.013333333333333334,22050,24000,1
523,523,0,datasets/audios/western_data/genres_original/jazz/jazz.00023.wav,jazz,5,30.013333333333332,30.0,0.013333333333333334,22050,24000,1
524,524,0,datasets/audios/western_data/genres_original/jazz/jazz.00024.wav,jazz,5,30.013333333333332,30.0,0.013333333333333334,22050,24000,1
525,525,0,datasets/audios/western_data/genres_original/jazz/jazz.00025.wav,jazz,5,30.013333333333332,30.0,0.013333333333333334,22050,24000,1
526,526,0,datasets/audios/western_data/genres_original/jazz/jazz.00026.wav,jazz,5,30.013333333333332,30.0,0.013333333333333334,22050,24000,1
527,527,0,datasets/audios/western_data/genres_original/jazz/jazz.00027.wav,jazz,5,30.013333333333332,30.0,0.013333333333333334,22050,24000,1
528,528,0,datasets/audios/western_data/genres_original/jazz/jazz.00028.wav,jazz,5,30.013333333333332,30.0,0.013333333333333334,22050,24000,1
529,529,0,datasets/audios/western_data/genres_original/jazz/jazz.00029.wav,jazz,5,30.013333333333332,30.0,0.013333333333333334,22050,24000,1
530,530,0,datasets/audios/western_data/genres_original/jazz/jazz.00030.wav,jazz,5,30.013333333333332,30.0,0.013333333333333334,22050,24000,1
531,531,0,datasets/audios/western_data/genres_original/jazz/jazz.00031.wav,jazz,5,30.013333333333332,30.0,0.013333333333333334,22050,24000,1
532,532,0,datasets/audios/western_data/genres_original/jazz/jazz.00032.wav,jazz,5,30.013333333333332,30.0,0.013333333333333334,22050,24000,1
533,533,0,datasets/audios/western_data/genres_original/jazz/jazz.00033.wav,jazz,5,30.013333333333332,30.0,0.013333333333333334,22050,24000,1
534,534,0,datasets/audios/western_data/genres_original/jazz/jazz.00034.wav,jazz,5,30.013333333333332,30.0,0.013333333333333334,22050,24000,1
535,535,0,datasets/audios/western_data/genres_original/jazz/jazz.00035.wav,jazz,5,30.013333333333332,30.0,0.013333333333333334,22050,24000,1
536,536,0,datasets/audios/western_data/genres_original/jazz/jazz.00036.wav,jazz,5,30.013333333333332,30.0,0.013333333333333334,22050,24000,1
537,537,0,datasets/audios/western_data/genres_original/jazz/jazz.00037.wav,jazz,5,30.013333333333332,30.0,0.013333333333333334,22050,24000,1
538,538,0,datasets/audios/western_data/genres_original/jazz/jazz.00038.wav,jazz,5,30.013333333333332,30.0,0.013333333333333334,22050,24000,1
539,539,0,datasets/audios/western_data/genres_original/jazz/jazz.00039.wav,jazz,5,30.013333333333332,30.0,0.013333333333333334,22050,24000,1
540,540,0,datasets/audios/western_data/genres_original/jazz/jazz.00040.wav,jazz,5,30.013333333333332,30.0,0.013333333333333334,22050,24000,1
541,541,0,datasets/audios/western_data/genres_original/jazz/jazz.00041.wav,jazz,5,30.013333333333332,30.0,0.013333333333333334,22050,24000,1
542,542,0,datasets/audios/western_data/genres_original/jazz/jazz.00042.wav,jazz,5,30.013333333333332,30.0,0.013333333333333334,22050,24000,1
543,543,0,datasets/audios/western_data/genres_original/jazz/jazz.00043.wav,jazz,5,30.013333333333332,30.0,0.013333333333333334,22050,24000,1
544,544,0,datasets/audios/western_data/genres_original/jazz/jazz.00044.wav,jazz,5,30.013333333333332,30.0,0.013333333333333334,22050,24000,1
545,545,0,datasets/audios/western_data/genres_original/jazz/jazz.00045.wav,jazz,5,30.013333333333332,30.0,0.013333333333333334,22050,24000,1
546,546,0,datasets/audios/western_data/genres_original/jazz/jazz.00046.wav,jazz,5,30.013333333333332,30.0,0.013333333333333334,22050,24000,1
547,547,0,datasets/audios/western_data/genres_original/jazz/jazz.00047.wav,jazz,5,30.013333333333332,30.0,0.013333333333333334,22050,24000,1
548,548,0,datasets/audios/western_data/genres_original/jazz/jazz.00048.wav,jazz,5,30.013333333333332,30.0,0.013333333333333334,22050,24000,1
549,549,0,datasets/audios/western_data/genres_original/jazz/jazz.00049.wav,jazz,5,30.008,30.0,0.008,22050,24000,1
550,550,0,datasets/audios/western_data/genres_original/jazz/jazz.00050.wav,jazz,5,30.351041666666667,30.0,0.35104166666666664,22050,24000,1
551,551,0,datasets/audios/western_data/genres_original/jazz/jazz.00051.wav,jazz,5,30.013333333333332,30.0,0.013333333333333334,22050,24000,1
552,552,0,datasets/audios/western_data/genres_original/jazz/jazz.00052.wav,jazz,5,30.201375,30.0,0.201375,22050,24000,1
553,553,0,datasets/audios/western_data/genres_original/jazz/jazz.00053.wav,jazz,5,30.013333333333332,30.0,0.013333333333333334,22050,24000,1
554,554,0,datasets/audios/western_data/genres_original/jazz/jazz.00055.wav,jazz,5,30.013333333333332,30.0,0.013333333333333334,22050,24000,1
555,555,0,datasets/audios/western_data/genres_original/jazz/jazz.00056.wav,jazz,5,30.171458333333334,30.0,0.17145833333333332,22050,24000,1
556,556,0,datasets/audios/western_data/genres_original/jazz/jazz.00057.wav,jazz,5,30.013333333333332,30.0,0.013333333333333334,22050,24000,1
557,557,0,datasets/audios/western_data/genres_original/jazz/jazz.00058.wav,jazz,5,30.013333333333332,30.0,0.013333333333333334,22050,24000,1
558,558,0,datasets/audios/western_data/genres_original/jazz/jazz.00059.wav,jazz,5,30.48075,30.0,0.48075,22050,24000,1
559,559,0,datasets/audios/western_data/genres_original/jazz/jazz.00060.wav,jazz,5,30.013333333333332,30.0,0.013333333333333334,22050,24000,1
560,560,0,datasets/audios/western_data/genres_original/jazz/jazz.00061.wav,jazz,5,30.241291666666665,30.0,0.24129166666666665,22050,24000,1
561,561,0,datasets/audios/western_data/genres_original/jazz/jazz.00062.wav,jazz,5,30.013333333333332,30.0,0.013333333333333334,22050,24000,1
562,562,0,datasets/audios/western_data/genres_original/jazz/jazz.00063.wav,jazz,5,30.351041666666667,30.0,0.35104166666666664,22050,24000,1
563,563,0,datasets/audios/western_data/genres_original/jazz/jazz.00064.wav,jazz,5,30.021791666666665,30.0,0.021791666666666668,22050,24000,1
564,564,0,datasets/audios/western_data/genres_original/jazz/jazz.00065.wav,jazz,5,30.013333333333332,30.0,0.013333333333333334,22050,24000,1
565,565,0,datasets/audios/western_data/genres_original/jazz/jazz.00066.wav,jazz,5,30.271208333333334,30.0,0.27120833333333333,22050,24000,1
566,566,0,datasets/audios/western_data/genres_original/jazz/jazz.00067.wav,jazz,5,30.013333333333332,30.0,0.013333333333333334,22050,24000,1
567,567,0,datasets/audios/western_data/genres_original/jazz/jazz.00068.wav,jazz,5,30.013333333333332,30.0,0.013333333333333334,22050,24000,1
568,568,0,datasets/audios/western_data/genres_original/jazz/jazz.00069.wav,jazz,5,30.013333333333332,30.0,0.013333333333333334,22050,24000,1
569,569,0,datasets/audios/western_data/genres_original/jazz/jazz.00070.wav,jazz,5,30.013333333333332,30.0,0.013333333333333334,22050,24000,1
570,570,0,datasets/audios/western_data/genres_original/jazz/jazz.00071.wav,jazz,5,30.013333333333332,30.0,0.013333333333333334,22050,24000,1
571,571,0,datasets/audios/western_data/genres_original/jazz/jazz.00072.wav,jazz,5,30.013333333333332,30.0,0.013333333333333334,22050,24000,1
572,572,0,datasets/audios/western_data/genres_original/jazz/jazz.00073.wav,jazz,5,30.013333333333332,30.0,0.013333333333333334,22050,24000,1
573,573,0,datasets/audios/western_data/genres_original/jazz/jazz.00074.wav,jazz,5,30.013333333333332,30.0,0.013333333333333334,22050,24000,1
574,574,0,datasets/audios/western_data/genres_original/jazz/jazz.00075.wav,jazz,5,30.013333333333332,30.0,0.013333333333333334,22050,24000,1
575,575,0,datasets/audios/western_data/genres_original/jazz/jazz.00076.wav,jazz,5,30.013333333333332,30.0,0.013333333333333334,22050,24000,1
576,576,0,datasets/audios/western_data/genres_original/jazz/jazz.00077.wav,jazz,5,30.013333333333332,30.0,0.013333333333333334,22050,24000,1
577,577,0,datasets/audios/western_data/genres_original/jazz/jazz.00078.wav,jazz,5,30.013333333333332,30.0,0.013333333333333334,22050,24000,1
578,578,0,datasets/audios/western_data/genres_original/jazz/jazz.00079.wav,jazz,5,30.013333333333332,30.0,0.013333333333333334,22050,24000,1
579,579,0,datasets/audios/western_data/genres_original/jazz/jazz.00080.wav,jazz,5,30.013333333333332,30.0,0.013333333333333334,22050,24000,1
580,580,0,datasets/audios/western_data/genres_original/jazz/jazz.00081.wav,jazz,5,30.013333333333332,30.0,0.013333333333333334,22050,24000,1
581,581,0,datasets/audios/western_data/genres_original/jazz/jazz.00082.wav,jazz,5,30.013333333333332,30.0,0.013333333333333334,22050,24000,1
582,582,0,datasets/audios/western_data/genres_original/jazz/jazz.00083.wav,jazz,5,30.013333333333332,30.0,0.013333333333333334,22050,24000,1
583,583,0,datasets/audios/western_data/genres_original/jazz/jazz.00084.wav,jazz,5,30.013333333333332,30.0,0.013333333333333334,22050,24000,1
584,584,0,datasets/audios/western_data/genres_original/jazz/jazz.00085.wav,jazz,5,30.013333333333332,30.0,0.013333333333333334,22050,24000,1
585,585,0,datasets/audios/western_data/genres_original/jazz/jazz.00086.wav,jazz,5,30.013333333333332,30.0,0.013333333333333334,22050,24000,1
586,586,0,datasets/audios/western_data/genres_original/jazz/jazz.00087.wav,jazz,5,30.013333333333332,30.0,0.013333333333333334,22050,24000,1
587,587,0,datasets/audios/western_data/genres_original/jazz/jazz.00088.wav,jazz,5,30.013333333333332,30.0,0.013333333333333334,22050,24000,1
588,588,0,datasets/audios/western_data/genres_original/jazz/jazz.00089.wav,jazz,5,30.013333333333332,30.0,0.013333333333333334,22050,24000,1
589,589,0,datasets/audios/western_data/genres_original/jazz/jazz.00090.wav,jazz,5,30.013333333333332,30.0,0.013333333333333334,22050,24000,1
590,590,0,datasets/audios/western_data/genres_original/jazz/jazz.00091.wav,jazz,5,30.013333333333332,30.0,0.013333333333333334,22050,24000,1
591,591,0,datasets/audios/western_data/genres_original/jazz/jazz.00092.wav,jazz,5,30.013333333333332,30.0,0.013333333333333334,22050,24000,1
592,592,0,datasets/audios/western_data/genres_original/jazz/jazz.00093.wav,jazz,5,30.013333333333332,30.0,0.013333333333333334,22050,24000,1
593,593,0,datasets/audios/western_data/genres_original/jazz/jazz.00094.wav,jazz,5,30.013333333333332,30.0,0.013333333333333334,22050,24000,1
594,594,0,datasets/audios/western_data/genres_original/jazz/jazz.00095.wav,jazz,5,30.013333333333332,30.0,0.013333333333333334,22050,24000,1
595,595,0,datasets/audios/western_data/genres_original/jazz/jazz.00096.wav,jazz,5,30.013333333333332,30.0,0.013333333333333334,22050,24000,1
596,596,0,datasets/audios/western_data/genres_original/jazz/jazz.00097.wav,jazz,5,30.013333333333332,30.0,0.013333333333333334,22050,24000,1
597,597,0,datasets/audios/western_data/genres_original/jazz/jazz.00098.wav,jazz,5,30.013333333333332,30.0,0.013333333333333334,22050,24000,1
598,598,0,datasets/audios/western_data/genres_original/jazz/jazz.00099.wav,jazz,5,30.013333333333332,30.0,0.013333333333333334,22050,24000,1
599,599,0,datasets/audios/western_data/genres_original/metal/metal.00000.wav,metal,6,30.000208333333333,30.0,0.00020833333333333335,22050,24000,1
600,600,0,datasets/audios/western_data/genres_original/metal/metal.00001.wav,metal,6,30.000208333333333,30.0,0.00020833333333333335,22050,24000,1
601,601,0,datasets/audios/western_data/genres_original/metal/metal.00002.wav,metal,6,30.000208333333333,30.0,0.00020833333333333335,22050,24000,1
602,602,0,datasets/audios/western_data/genres_original/metal/metal.00003.wav,metal,6,30.000208333333333,30.0,0.00020833333333333335,22050,24000,1
603,603,0,datasets/audios/western_data/genres_original/metal/metal.00004.wav,metal,6,30.000208333333333,30.0,0.00020833333333333335,22050,24000,1
604,604,0,datasets/audios/western_data/genres_original/metal/metal.00005.wav,metal,6,30.000208333333333,30.0,0.00020833333333333335,22050,24000,1
605,605,0,datasets/audios/western_data/genres_original/metal/metal.00006.wav,metal,6,30.000208333333333,30.0,0.00020833333333333335,22050,24000,1
606,606,0,datasets/audios/western_data/genres_original/metal/metal.00007.wav,metal,6,30.000208333333333,30.0,0.00020833333333333335,22050,24000,1
607,607,0,datasets/audios/western_data/genres_original/metal/metal.00008.wav,metal,6,30.000208333333333,30.0,0.00020833333333333335,22050,24000,1
608,608,0,datasets/audios/western_data/genres_original/metal/metal.00009.wav,metal,6,30.000208333333333,30.0,0.00020833333333333335,22050,24000,1
609,609,0,datasets/audios/western_data/genres_original/metal/metal.00010.wav,metal,6,30.000208333333333,30.0,0.00020833333333333335,22050,24000,1
610,610,0,datasets/audios/western_data/genres_original/metal/metal.00011.wav,metal,6,30.000208333333333,30.0,0.00020833333333333335,22050,24000,1
611,611,0,datasets/audios/western_data/genres_original/metal/metal.00012.wav,metal,6,30.000208333333333,30.0,0.00020833333333333335,22050,24000,1
612,612,0,datasets/audios/western_data/genres_original/metal/metal.00013.wav,metal,6,30.000208333333333,30.0,0.00020833333333333335,22050,24000,1
613,613,0,datasets/audios/western_data/genres_original/metal/metal.00014.wav,metal,6,30.000208333333333,30.0,0.00020833333333333335,22050,24000,1
614,614,0,datasets/audios/western_data/genres_original/metal/metal.00015.wav,metal,6,30.000208333333333,30.0,0.00020833333333333335,22050,24000,1
615,615,0,datasets/audios/western_data/genres_original/metal/metal.00016.wav,metal,6,30.000208333333333,30.0,0.00020833333333333335,22050,24000,1
616,616,0,datasets/audios/western_data/genres_original/metal/metal.00017.wav,metal,6,30.000208333333333,30.0,0.00020833333333333335,22050,24000,1
617,617,0,datasets/audios/western_data/genres_original/metal/metal.00018.wav,metal,6,30.000208333333333,30.0,0.00020833333333333335,22050,24000,1
618,618,0,datasets/audios/western_data/genres_original/metal/metal.00019.wav,metal,6,30.000208333333333,30.0,0.00020833333333333335,22050,24000,1
619,619,0,datasets/audios/western_data/genres_original/metal/metal.00020.wav,metal,6,30.000208333333333,30.0,0.00020833333333333335,22050,24000,1
620,620,0,datasets/audios/western_data/genres_original/metal/metal.00021.wav,metal,6,30.000208333333333,30.0,0.00020833333333333335,22050,24000,1
621,621,0,datasets/audios/western_data/genres_original/metal/metal.00022.wav,metal,6,30.000208333333333,30.0,0.00020833333333333335,22050,24000,1
622,622,0,datasets/audios/western_data/genres_original/metal/metal.00023.wav,metal,6,30.000208333333333,30.0,0.00020833333333333335,22050,24000,1
623,623,0,datasets/audios/western_data/genres_original/metal/metal.00024.wav,metal,6,30.000208333333333,30.0,0.00020833333333333335,22050,24000,1
624,624,0,datasets/audios/western_data/genres_original/metal/metal.00025.wav,metal,6,30.000208333333333,30.0,0.00020833333333333335,22050,24000,1
625,625,0,datasets/audios/western_data/genres_original/metal/metal.00026.wav,metal,6,30.000208333333333,30.0,0.00020833333333333335,22050,24000,1
626,626,0,datasets/audios/western_data/genres_original/metal/metal.00027.wav,metal,6,30.000208333333333,30.0,0.00020833333333333335,22050,24000,1
627,627,0,datasets/audios/western_data/genres_original/metal/metal.00028.wav,metal,6,30.000208333333333,30.0,0.00020833333333333335,22050,24000,1
628,628,0,datasets/audios/western_data/genres_original/metal/metal.00029.wav,metal,6,30.000208333333333,30.0,0.00020833333333333335,22050,24000,1
629,629,0,datasets/audios/western_data/genres_original/metal/metal.00030.wav,metal,6,30.000208333333333,30.0,0.00020833333333333335,22050,24000,1
630,630,0,datasets/audios/western_data/genres_original/metal/metal.00031.wav,metal,6,30.000208333333333,30.0,0.00020833333333333335,22050,24000,1
631,631,0,datasets/audios/western_data/genres_original/metal/metal.00032.wav,metal,6,30.000208333333333,30.0,0.00020833333333333335,22050,24000,1
632,632,0,datasets/audios/western_data/genres_original/metal/metal.00033.wav,metal,6,30.000208333333333,30.0,0.00020833333333333335,22050,24000,1
633,633,0,datasets/audios/western_data/genres_original/metal/metal.00034.wav,metal,6,30.000208333333333,30.0,0.00020833333333333335,22050,24000,1
634,634,0,datasets/audios/western_data/genres_original/metal/metal.00035.wav,metal,6,30.000208333333333,30.0,0.00020833333333333335,22050,24000,1
635,635,0,datasets/audios/western_data/genres_original/metal/metal.00036.wav,metal,6,30.000208333333333,30.0,0.00020833333333333335,22050,24000,1
636,636,0,datasets/audios/western_data/genres_original/metal/metal.00037.wav,metal,6,30.000208333333333,30.0,0.00020833333333333335,22050,24000,1
637,637,0,datasets/audios/western_data/genres_original/metal/metal.00038.wav,metal,6,30.000208333333333,30.0,0.00020833333333333335,22050,24000,1
638,638,0,datasets/audios/western_data/genres_original/metal/metal.00039.wav,metal,6,30.000208333333333,30.0,0.00020833333333333335,22050,24000,1
639,639,0,datasets/audios/western_data/genres_original/metal/metal.00040.wav,metal,6,30.013333333333332,30.0,0.013333333333333334,22050,24000,1
640,640,0,datasets/audios/western_data/genres_original/metal/metal.00041.wav,metal,6,30.013333333333332,30.0,0.013333333333333334,22050,24000,1
641,641,0,datasets/audios/western_data/genres_original/metal/metal.00042.wav,metal,6,30.013333333333332,30.0,0.013333333333333334,22050,24000,1
642,642,0,datasets/audios/western_data/genres_original/metal/metal.00043.wav,metal,6,30.013333333333332,30.0,0.013333333333333334,22050,24000,1
643,643,0,datasets/audios/western_data/genres_original/metal/metal.00044.wav,metal,6,30.013333333333332,30.0,0.013333333333333334,22050,24000,1
644,644,0,datasets/audios/western_data/genres_original/metal/metal.00045.wav,metal,6,30.013333333333332,30.0,0.013333333333333334,22050,24000,1
645,645,0,datasets/audios/western_data/genres_original/metal/metal.00046.wav,metal,6,30.013333333333332,30.0,0.013333333333333334,22050,24000,1
646,646,0,datasets/audios/western_data/genres_original/metal/metal.00047.wav,metal,6,30.013333333333332,30.0,0.013333333333333334,22050,24000,1
647,647,0,datasets/audios/western_data/genres_original/metal/metal.00048.wav,metal,6,30.013333333333332,30.0,0.013333333333333334,22050,24000,1
648,648,0,datasets/audios/western_data/genres_original/metal/metal.00049.wav,metal,6,30.013333333333332,30.0,0.013333333333333334,22050,24000,1
649,649,0,datasets/audios/western_data/genres_original/metal/metal.00050.wav,metal,6,30.013333333333332,30.0,0.013333333333333334,22050,24000,1
650,650,0,datasets/audios/western_data/genres_original/metal/metal.00051.wav,metal,6,30.013333333333332,30.0,0.013333333333333334,22050,24000,1
651,651,0,datasets/audios/western_data/genres_original/metal/metal.00052.wav,metal,6,30.013333333333332,30.0,0.013333333333333334,22050,24000,1
652,652,0,datasets/audios/western_data/genres_original/metal/metal.00053.wav,metal,6,30.013333333333332,30.0,0.013333333333333334,22050,24000,1
653,653,0,datasets/audios/western_data/genres_original/metal/metal.00054.wav,metal,6,30.013333333333332,30.0,0.013333333333333334,22050,24000,1
654,654,0,datasets/audios/western_data/genres_original/metal/metal.00055.wav,metal,6,30.013333333333332,30.0,0.013333333333333334,22050,24000,1
655,655,0,datasets/audios/western_data/genres_original/metal/metal.00056.wav,metal,6,30.013333333333332,30.0,0.013333333333333334,22050,24000,1
656,656,0,datasets/audios/western_data/genres_original/metal/metal.00057.wav,metal,6,30.013333333333332,30.0,0.013333333333333334,22050,24000,1
657,657,0,datasets/audios/western_data/genres_original/metal/metal.00058.wav,metal,6,30.013333333333332,30.0,0.013333333333333334,22050,24000,1
658,658,0,datasets/audios/western_data/genres_original/metal/metal.00059.wav,metal,6,30.013333333333332,30.0,0.013333333333333334,22050,24000,1
659,659,0,datasets/audios/western_data/genres_original/metal/metal.00060.wav,metal,6,30.013333333333332,30.0,0.013333333333333334,22050,24000,1
660,660,0,datasets/audios/western_data/genres_original/metal/metal.00061.wav,metal,6,30.013333333333332,30.0,0.013333333333333334,22050,24000,1
661,661,0,datasets/audios/western_data/genres_original/metal/metal.00062.wav,metal,6,30.013333333333332,30.0,0.013333333333333334,22050,24000,1
662,662,0,datasets/audios/western_data/genres_original/metal/metal.00063.wav,metal,6,30.013333333333332,30.0,0.013333333333333334,22050,24000,1
663,663,0,datasets/audios/western_data/genres_original/metal/metal.00064.wav,metal,6,30.013333333333332,30.0,0.013333333333333334,22050,24000,1
664,664,0,datasets/audios/western_data/genres_original/metal/metal.00065.wav,metal,6,30.013333333333332,30.0,0.013333333333333334,22050,24000,1
665,665,0,datasets/audios/western_data/genres_original/metal/metal.00066.wav,metal,6,30.013333333333332,30.0,0.013333333333333334,22050,24000,1
666,666,0,datasets/audios/western_data/genres_original/metal/metal.00067.wav,metal,6,30.000208333333333,30.0,0.00020833333333333335,22050,24000,1
667,667,0,datasets/audios/western_data/genres_original/metal/metal.00068.wav,metal,6,30.000208333333333,30.0,0.00020833333333333335,22050,24000,1
668,668,0,datasets/audios/western_data/genres_original/metal/metal.00069.wav,metal,6,30.000208333333333,30.0,0.00020833333333333335,22050,24000,1
669,669,0,datasets/audios/western_data/genres_original/metal/metal.00070.wav,metal,6,30.000208333333333,30.0,0.00020833333333333335,22050,24000,1
670,670,0,datasets/audios/western_data/genres_original/metal/metal.00071.wav,metal,6,30.000208333333333,30.0,0.00020833333333333335,22050,24000,1
671,671,0,datasets/audios/western_data/genres_original/metal/metal.00072.wav,metal,6,30.000208333333333,30.0,0.00020833333333333335,22050,24000,1
672,672,0,datasets/audios/western_data/genres_original/metal/metal.00073.wav,metal,6,30.000208333333333,30.0,0.00020833333333333335,22050,24000,1
673,673,0,datasets/audios/western_data/genres_original/metal/metal.00074.wav,metal,6,30.000208333333333,30.0,0.00020833333333333335,22050,24000,1
674,674,0,datasets/audios/western_data/genres_original/metal/metal.00075.wav,metal,6,30.000208333333333,30.0,0.00020833333333333335,22050,24000,1
675,675,0,datasets/audios/western_data/genres_original/metal/metal.00076.wav,metal,6,30.000208333333333,30.0,0.00020833333333333335,22050,24000,1
676,676,0,datasets/audios/western_data/genres_original/metal/metal.00077.wav,metal,6,30.000208333333333,30.0,0.00020833333333333335,22050,24000,1
677,677,0,datasets/audios/western_data/genres_original/metal/metal.00078.wav,metal,6,30.000208333333333,30.0,0.00020833333333333335,22050,24000,1
678,678,0,datasets/audios/western_data/genres_original/metal/metal.00079.wav,metal,6,30.000208333333333,30.0,0.00020833333333333335,22050,24000,1
679,679,0,datasets/audios/western_data/genres_original/metal/metal.00080.wav,metal,6,30.000208333333333,30.0,0.00020833333333333335,22050,24000,1
680,680,0,datasets/audios/western_data/genres_original/metal/metal.00081.wav,metal,6,30.000208333333333,30.0,0.00020833333333333335,22050,24000,1
681,681,0,datasets/audios/western_data/genres_original/metal/metal.00082.wav,metal,6,30.000208333333333,30.0,0.00020833333333333335,22050,24000,1
682,682,0,datasets/audios/western_data/genres_original/metal/metal.00083.wav,metal,6,30.000208333333333,30.0,0.00020833333333333335,22050,24000,1
683,683,0,datasets/audios/western_data/genres_original/metal/metal.00084.wav,metal,6,30.000208333333333,30.0,0.00020833333333333335,22050,24000,1
684,684,0,datasets/audios/western_data/genres_original/metal/metal.00085.wav,metal,6,30.000208333333333,30.0,0.00020833333333333335,22050,24000,1
685,685,0,datasets/audios/western_data/genres_original/metal/metal.00086.wav,metal,6,30.000208333333333,30.0,0.00020833333333333335,22050,24000,1
686,686,0,datasets/audios/western_data/genres_original/metal/metal.00087.wav,metal,6,30.000208333333333,30.0,0.00020833333333333335,22050,24000,1
687,687,0,datasets/audios/western_data/genres_original/metal/metal.00088.wav,metal,6,30.000208333333333,30.0,0.00020833333333333335,22050,24000,1
688,688,0,datasets/audios/western_data/genres_original/metal/metal.00089.wav,metal,6,30.000208333333333,30.0,0.00020833333333333335,22050,24000,1
689,689,0,datasets/audios/western_data/genres_original/metal/metal.00090.wav,metal,6,30.000208333333333,30.0,0.00020833333333333335,22050,24000,1
690,690,0,datasets/audios/western_data/genres_original/metal/metal.00091.wav,metal,6,30.000208333333333,30.0,0.00020833333333333335,22050,24000,1
691,691,0,datasets/audios/western_data/genres_original/metal/metal.00092.wav,metal,6,30.000208333333333,30.0,0.00020833333333333335,22050,24000,1
692,692,0,datasets/audios/western_data/genres_original/metal/metal.00093.wav,metal,6,30.000208333333333,30.0,0.00020833333333333335,22050,24000,1
693,693,0,datasets/audios/western_data/genres_original/metal/metal.00094.wav,metal,6,30.000208333333333,30.0,0.00020833333333333335,22050,24000,1
694,694,0,datasets/audios/western_data/genres_original/metal/metal.00095.wav,metal,6,30.013333333333332,30.0,0.013333333333333334,22050,24000,1
695,695,0,datasets/audios/western_data/genres_original/metal/metal.00096.wav,metal,6,30.013333333333332,30.0,0.013333333333333334,22050,24000,1
696,696,0,datasets/audios/western_data/genres_original/metal/metal.00097.wav,metal,6,30.013333333333332,30.0,0.013333333333333334,22050,24000,1
697,697,0,datasets/audios/western_data/genres_original/metal/metal.00098.wav,metal,6,30.013333333333332,30.0,0.013333333333333334,22050,24000,1
698,698,0,datasets/audios/western_data/genres_original/metal/metal.00099.wav,metal,6,30.013333333333332,30.0,0.013333333333333334,22050,24000,1
699,699,0,datasets/audios/western_data/genres_original/pop/pop.00000.wav,pop,7,30.000208333333333,30.0,0.00020833333333333335,22050,24000,1
700,700,0,datasets/audios/western_data/genres_original/pop/pop.00001.wav,pop,7,30.000208333333333,30.0,0.00020833333333333335,22050,24000,1
701,701,0,datasets/audios/western_data/genres_original/pop/pop.00002.wav,pop,7,30.000208333333333,30.0,0.00020833333333333335,22050,24000,1
702,702,0,datasets/audios/western_data/genres_original/pop/pop.00003.wav,pop,7,30.000208333333333,30.0,0.00020833333333333335,22050,24000,1
703,703,0,datasets/audios/western_data/genres_original/pop/pop.00004.wav,pop,7,30.000208333333333,30.0,0.00020833333333333335,22050,24000,1
704,704,0,datasets/audios/western_data/genres_original/pop/pop.00005.wav,pop,7,30.000208333333333,30.0,0.00020833333333333335,22050,24000,1
705,705,0,datasets/audios/western_data/genres_original/pop/pop.00006.wav,pop,7,30.000208333333333,30.0,0.00020833333333333335,22050,24000,1
706,706,0,datasets/audios/western_data/genres_original/pop/pop.00007.wav,pop,7,30.000208333333333,30.0,0.00020833333333333335,22050,24000,1
707,707,0,datasets/audios/western_data/genres_original/pop/pop.00008.wav,pop,7,30.000208333333333,30.0,0.00020833333333333335,22050,24000,1
708,708,0,datasets/audios/western_data/genres_original/pop/pop.00009.wav,pop,7,30.000208333333333,30.0,0.00020833333333333335,22050,24000,1
709,709,0,datasets/audios/western_data/genres_original/pop/pop.00010.wav,pop,7,30.000208333333333,30.0,0.00020833333333333335,22050,24000,1
710,710,0,datasets/audios/western_data/genres_original/pop/pop.00011.wav,pop,7,30.000208333333333,30.0,0.00020833333333333335,22050,24000,1
711,711,0,datasets/audios/western_data/genres_original/pop/pop.00012.wav,pop,7,30.000208333333333,30.0,0.00020833333333333335,22050,24000,1
712,712,0,datasets/audios/western_data/genres_original/pop/pop.00013.wav,pop,7,30.000208333333333,30.0,0.00020833333333333335,22050,24000,1
713,713,0,datasets/audios/western_data/genres_original/pop/pop.00014.wav,pop,7,30.000208333333333,30.0,0.00020833333333333335,22050,24000,1
714,714,0,datasets/audios/western_data/genres_original/pop/pop.00015.wav,pop,7,30.000208333333333,30.0,0.00020833333333333335,22050,24000,1
715,715,0,datasets/audios/western_data/genres_original/pop/pop.00016.wav,pop,7,30.000208333333333,30.0,0.00020833333333333335,22050,24000,1
716,716,0,datasets/audios/western_data/genres_original/pop/pop.00017.wav,pop,7,30.000208333333333,30.0,0.00020833333333333335,22050,24000,1
717,717,0,datasets/audios/western_data/genres_original/pop/pop.00018.wav,pop,7,30.000208333333333,30.0,0.00020833333333333335,22050,24000,1
718,718,0,datasets/audios/western_data/genres_original/pop/pop.00019.wav,pop,7,30.000208333333333,30.0,0.00020833333333333335,22050,24000,1
719,719,0,datasets/audios/western_data/genres_original/pop/pop.00020.wav,pop,7,30.000208333333333,30.0,0.00020833333333333335,22050,24000,1
720,720,0,datasets/audios/western_data/genres_original/pop/pop.00021.wav,pop,7,30.000208333333333,30.0,0.00020833333333333335,22050,24000,1
721,721,0,datasets/audios/western_data/genres_original/pop/pop.00022.wav,pop,7,30.000208333333333,30.0,0.00020833333333333335,22050,24000,1
722,722,0,datasets/audios/western_data/genres_original/pop/pop.00023.wav,pop,7,30.000208333333333,30.0,0.00020833333333333335,22050,24000,1
723,723,0,datasets/audios/western_data/genres_original/pop/pop.00024.wav,pop,7,30.000208333333333,30.0,0.00020833333333333335,22050,24000,1
724,724,0,datasets/audios/western_data/genres_original/pop/pop.00025.wav,pop,7,30.000208333333333,30.0,0.00020833333333333335,22050,24000,1
725,725,0,datasets/audios/western_data/genres_original/pop/pop.00026.wav,pop,7,30.000208333333333,30.0,0.00020833333333333335,22050,24000,1
726,726,0,datasets/audios/western_data/genres_original/pop/pop.00027.wav,pop,7,30.000208333333333,30.0,0.00020833333333333335,22050,24000,1
727,727,0,datasets/audios/western_data/genres_original/pop/pop.00028.wav,pop,7,30.000208333333333,30.0,0.00020833333333333335,22050,24000,1
728,728,0,datasets/audios/western_data/genres_original/pop/pop.00029.wav,pop,7,30.000208333333333,30.0,0.00020833333333333335,22050,24000,1
729,729,0,datasets/audios/western_data/genres_original/pop/pop.00030.wav,pop,7,30.000208333333333,30.0,0.00020833333333333335,22050,24000,1
730,730,0,datasets/audios/western_data/genres_original/pop/pop.00031.wav,pop,7,30.000208333333333,30.0,0.00020833333333333335,22050,24000,1
731,731,0,datasets/audios/western_data/genres_original/pop/pop.00032.wav,pop,7,30.000208333333333,30.0,0.00020833333333333335,22050,24000,1
732,732,0,datasets/audios/western_data/genres_original/pop/pop.00033.wav,pop,7,30.000208333333333,30.0,0.00020833333333333335,22050,24000,1
733,733,0,datasets/audios/western_data/genres_original/pop/pop.00034.wav,pop,7,30.000208333333333,30.0,0.00020833333333333335,22050,24000,1
734,734,0,datasets/audios/western_data/genres_original/pop/pop.00035.wav,pop,7,30.000208333333333,30.0,0.00020833333333333335,22050,24000,1
735,735,0,datasets/audios/western_data/genres_original/pop/pop.00036.wav,pop,7,30.000208333333333,30.0,0.00020833333333333335,22050,24000,1
736,736,0,datasets/audios/western_data/genres_original/pop/pop.00037.wav,pop,7,30.000208333333333,30.0,0.00020833333333333335,22050,24000,1
737,737,0,datasets/audios/western_data/genres_original/pop/pop.00038.wav,pop,7,30.000208333333333,30.0,0.00020833333333333335,22050,24000,1
738,738,0,datasets/audios/western_data/genres_original/pop/pop.00039.wav,pop,7,30.000208333333333,30.0,0.00020833333333333335,22050,24000,1
739,739,0,datasets/audios/western_data/genres_original/pop/pop.00040.wav,pop,7,30.000208333333333,30.0,0.00020833333333333335,22050,24000,1
740,740,0,datasets/audios/western_data/genres_original/pop/pop.00041.wav,pop,7,30.000208333333333,30.0,0.00020833333333333335,22050,24000,1
741,741,0,datasets/audios/western_data/genres_original/pop/pop.00042.wav,pop,7,30.000208333333333,30.0,0.00020833333333333335,22050,24000,1
742,742,0,datasets/audios/western_data/genres_original/pop/pop.00043.wav,pop,7,30.000208333333333,30.0,0.00020833333333333335,22050,24000,1
743,743,0,datasets/audios/western_data/genres_original/pop/pop.00044.wav,pop,7,30.000208333333333,30.0,0.00020833333333333335,22050,24000,1
744,744,0,datasets/audios/western_data/genres_original/pop/pop.00045.wav,pop,7,30.000208333333333,30.0,0.00020833333333333335,22050,24000,1
745,745,0,datasets/audios/western_data/genres_original/pop/pop.00046.wav,pop,7,30.000208333333333,30.0,0.00020833333333333335,22050,24000,1
746,746,0,datasets/audios/western_data/genres_original/pop/pop.00047.wav,pop,7,30.000208333333333,30.0,0.00020833333333333335,22050,24000,1
747,747,0,datasets/audios/western_data/genres_original/pop/pop.00048.wav,pop,7,30.000208333333333,30.0,0.00020833333333333335,22050,24000,1
748,748,0,datasets/audios/western_data/genres_original/pop/pop.00049.wav,pop,7,30.000208333333333,30.0,0.00020833333333333335,22050,24000,1
749,749,0,datasets/audios/western_data/genres_original/pop/pop.00050.wav,pop,7,30.000208333333333,30.0,0.00020833333333333335,22050,24000,1
750,750,0,datasets/audios/western_data/genres_original/pop/pop.00051.wav,pop,7,30.000208333333333,30.0,0.00020833333333333335,22050,24000,1
751,751,0,datasets/audios/western_data/genres_original/pop/pop.00052.wav,pop,7,30.000208333333333,30.0,0.00020833333333333335,22050,24000,1
752,752,0,datasets/audios/western_data/genres_original/pop/pop.00053.wav,pop,7,30.000208333333333,30.0,0.00020833333333333335,22050,24000,1
753,753,0,datasets/audios/western_data/genres_original/pop/pop.00054.wav,pop,7,30.000208333333333,30.0,0.00020833333333333335,22050,24000,1
754,754,0,datasets/audios/western_data/genres_original/pop/pop.00055.wav,pop,7,30.000208333333333,30.0,0.00020833333333333335,22050,24000,1
755,755,0,datasets/audios/western_data/genres_original/pop/pop.00056.wav,pop,7,30.000208333333333,30.0,0.00020833333333333335,22050,24000,1
756,756,0,datasets/audios/western_data/genres_original/pop/pop.00057.wav,pop,7,30.000208333333333,30.0,0.00020833333333333335,22050,24000,1
757,757,0,datasets/audios/western_data/genres_original/pop/pop.00058.wav,pop,7,30.000208333333333,30.0,0.00020833333333333335,22050,24000,1
758,758,0,datasets/audios/western_data/genres_original/pop/pop.00059.wav,pop,7,30.000208333333333,30.0,0.00020833333333333335,22050,24000,1
759,759,0,datasets/audios/western_data/genres_original/pop/pop.00060.wav,pop,7,30.000208333333333,30.0,0.00020833333333333335,22050,24000,1
760,760,0,datasets/audios/western_data/genres_original/pop/pop.00061.wav,pop,7,30.000208333333333,30.0,0.00020833333333333335,22050,24000,1
761,761,0,datasets/audios/western_data/genres_original/pop/pop.00062.wav,pop,7,30.000208333333333,30.0,0.00020833333333333335,22050,24000,1
762,762,0,datasets/audios/western_data/genres_original/pop/pop.00063.wav,pop,7,30.000208333333333,30.0,0.00020833333333333335,22050,24000,1
763,763,0,datasets/audios/western_data/genres_original/pop/pop.00064.wav,pop,7,30.000208333333333,30.0,0.00020833333333333335,22050,24000,1
764,764,0,datasets/audios/western_data/genres_original/pop/pop.00065.wav,pop,7,30.000208333333333,30.0,0.00020833333333333335,22050,24000,1
765,765,0,datasets/audios/western_data/genres_original/pop/pop.00066.wav,pop,7,30.000208333333333,30.0,0.00020833333333333335,22050,24000,1
766,766,0,datasets/audios/western_data/genres_original/pop/pop.00067.wav,pop,7,30.000208333333333,30.0,0.00020833333333333335,22050,24000,1
767,767,0,datasets/audios/western_data/genres_original/pop/pop.00068.wav,pop,7,30.000208333333333,30.0,0.00020833333333333335,22050,24000,1
768,768,0,datasets/audios/western_data/genres_original/pop/pop.00069.wav,pop,7,30.000208333333333,30.0,0.00020833333333333335,22050,24000,1
769,769,0,datasets/audios/western_data/genres_original/pop/pop.00070.wav,pop,7,30.000208333333333,30.0,0.00020833333333333335,22050,24000,1
770,770,0,datasets/audios/western_data/genres_original/pop/pop.00071.wav,pop,7,30.000208333333333,30.0,0.00020833333333333335,22050,24000,1
771,771,0,datasets/audios/western_data/genres_original/pop/pop.00072.wav,pop,7,30.000208333333333,30.0,0.00020833333333333335,22050,24000,1
772,772,0,datasets/audios/western_data/genres_original/pop/pop.00073.wav,pop,7,30.000208333333333,30.0,0.00020833333333333335,22050,24000,1
773,773,0,datasets/audios/western_data/genres_original/pop/pop.00074.wav,pop,7,30.000208333333333,30.0,0.00020833333333333335,22050,24000,1
774,774,0,datasets/audios/western_data/genres_original/pop/pop.00075.wav,pop,7,30.000208333333333,30.0,0.00020833333333333335,22050,24000,1
775,775,0,datasets/audios/western_data/genres_original/pop/pop.00076.wav,pop,7,30.000208333333333,30.0,0.00020833333333333335,22050,24000,1
776,776,0,datasets/audios/western_data/genres_original/pop/pop.00077.wav,pop,7,30.000208333333333,30.0,0.00020833333333333335,22050,24000,1
777,777,0,datasets/audios/western_data/genres_original/pop/pop.00078.wav,pop,7,30.000208333333333,30.0,0.00020833333333333335,22050,24000,1
778,778,0,datasets/audios/western_data/genres_original/pop/pop.00079.wav,pop,7,30.000208333333333,30.0,0.00020833333333333335,22050,24000,1
779,779,0,datasets/audios/western_data/genres_original/pop/pop.00080.wav,pop,7,30.000208333333333,30.0,0.00020833333333333335,22050,24000,1
780,780,0,datasets/audios/western_data/genres_original/pop/pop.00081.wav,pop,7,30.000208333333333,30.0,0.00020833333333333335,22050,24000,1
781,781,0,datasets/audios/western_data/genres_original/pop/pop.00082.wav,pop,7,30.000208333333333,30.0,0.00020833333333333335,22050,24000,1
782,782,0,datasets/audios/western_data/genres_original/pop/pop.00083.wav,pop,7,30.000208333333333,30.0,0.00020833333333333335,22050,24000,1
783,783,0,datasets/audios/western_data/genres_original/pop/pop.00084.wav,pop,7,30.000208333333333,30.0,0.00020833333333333335,22050,24000,1
784,784,0,datasets/audios/western_data/genres_original/pop/pop.00085.wav,pop,7,30.000208333333333,30.0,0.00020833333333333335,22050,24000,1
785,785,0,datasets/audios/western_data/genres_original/pop/pop.00086.wav,pop,7,30.000208333333333,30.0,0.00020833333333333335,22050,24000,1
786,786,0,datasets/audios/western_data/genres_original/pop/pop.00087.wav,pop,7,30.000208333333333,30.0,0.00020833333333333335,22050,24000,1
787,787,0,datasets/audios/western_data/genres_original/pop/pop.00088.wav,pop,7,30.000208333333333,30.0,0.00020833333333333335,22050,24000,1
788,788,0,datasets/audios/western_data/genres_original/pop/pop.00089.wav,pop,7,30.000208333333333,30.0,0.00020833333333333335,22050,24000,1
789,789,0,datasets/audios/western_data/genres_original/pop/pop.00090.wav,pop,7,30.000208333333333,30.0,0.00020833333333333335,22050,24000,1
790,790,0,datasets/audios/western_data/genres_original/pop/pop.00091.wav,pop,7,30.000208333333333,30.0,0.00020833333333333335,22050,24000,1
791,791,0,datasets/audios/western_data/genres_original/pop/pop.00092.wav,pop,7,30.000208333333333,30.0,0.00020833333333333335,22050,24000,1
792,792,0,datasets/audios/western_data/genres_original/pop/pop.00093.wav,pop,7,30.000208333333333,30.0,0.00020833333333333335,22050,24000,1
793,793,0,datasets/audios/western_data/genres_original/pop/pop.00094.wav,pop,7,30.000208333333333,30.0,0.00020833333333333335,22050,24000,1
794,794,0,datasets/audios/western_data/genres_original/pop/pop.00095.wav,pop,7,30.000208333333333,30.0,0.00020833333333333335,22050,24000,1
795,795,0,datasets/audios/western_data/genres_original/pop/pop.00096.wav,pop,7,30.000208333333333,30.0,0.00020833333333333335,22050,24000,1
796,796,0,datasets/audios/western_data/genres_original/pop/pop.00097.wav,pop,7,30.000208333333333,30.0,0.00020833333333333335,22050,24000,1
797,797,0,datasets/audios/western_data/genres_original/pop/pop.00098.wav,pop,7,30.000208333333333,30.0,0.00020833333333333335,22050,24000,1
798,798,0,datasets/audios/western_data/genres_original/pop/pop.00099.wav,pop,7,30.000208333333333,30.0,0.00020833333333333335,22050,24000,1
799,799,0,datasets/audios/western_data/genres_original/reggae/reggae.00000.wav,reggae,8,30.013333333333332,30.0,0.013333333333333334,22050,24000,1
800,800,0,datasets/audios/western_data/genres_original/reggae/reggae.00001.wav,reggae,8,30.013333333333332,30.0,0.013333333333333334,22050,24000,1
801,801,0,datasets/audios/western_data/genres_original/reggae/reggae.00002.wav,reggae,8,30.013333333333332,30.0,0.013333333333333334,22050,24000,1
802,802,0,datasets/audios/western_data/genres_original/reggae/reggae.00003.wav,reggae,8,30.013333333333332,30.0,0.013333333333333334,22050,24000,1
803,803,0,datasets/audios/western_data/genres_original/reggae/reggae.00004.wav,reggae,8,30.013333333333332,30.0,0.013333333333333334,22050,24000,1
804,804,0,datasets/audios/western_data/genres_original/reggae/reggae.00005.wav,reggae,8,30.013333333333332,30.0,0.013333333333333334,22050,24000,1
805,805,0,datasets/audios/western_data/genres_original/reggae/reggae.00006.wav,reggae,8,30.013333333333332,30.0,0.013333333333333334,22050,24000,1
806,806,0,datasets/audios/western_data/genres_original/reggae/reggae.00007.wav,reggae,8,30.013333333333332,30.0,0.013333333333333334,22050,24000,1
807,807,0,datasets/audios/western_data/genres_original/reggae/reggae.00008.wav,reggae,8,30.013333333333332,30.0,0.013333333333333334,22050,24000,1
808,808,0,datasets/audios/western_data/genres_original/reggae/reggae.00009.wav,reggae,8,30.013333333333332,30.0,0.013333333333333334,22050,24000,1
809,809,0,datasets/audios/western_data/genres_original/reggae/reggae.00010.wav,reggae,8,30.013333333333332,30.0,0.013333333333333334,22050,24000,1
810,810,0,datasets/audios/western_data/genres_original/reggae/reggae.00011.wav,reggae,8,30.013333333333332,30.0,0.013333333333333334,22050,24000,1
811,811,0,datasets/audios/western_data/genres_original/reggae/reggae.00012.wav,reggae,8,30.013333333333332,30.0,0.013333333333333334,22050,24000,1
812,812,0,datasets/audios/western_data/genres_original/reggae/reggae.00013.wav,reggae,8,30.013333333333332,30.0,0.013333333333333334,22050,24000,1
813,813,0,datasets/audios/western_data/genres_original/reggae/reggae.00014.wav,reggae,8,30.013333333333332,30.0,0.013333333333333334,22050,24000,1
814,814,0,datasets/audios/western_data/genres_original/reggae/reggae.00015.wav,reggae,8,30.013333333333332,30.0,0.013333333333333334,22050,24000,1
815,815,0,datasets/audios/western_data/genres_original/reggae/reggae.00016.wav,reggae,8,30.013333333333332,30.0,0.013333333333333334,22050,24000,1
816,816,0,datasets/audios/western_data/genres_original/reggae/reggae.00017.wav,reggae,8,30.013333333333332,30.0,0.013333333333333334,22050,24000,1
817,817,0,datasets/audios/western_data/genres_original/reggae/reggae.00018.wav,reggae,8,30.013333333333332,30.0,0.013333333333333334,22050,24000,1
818,818,0,datasets/audios/western_data/genres_original/reggae/reggae.00019.wav,reggae,8,30.013333333333332,30.0,0.013333333333333334,22050,24000,1
819,819,0,datasets/audios/western_data/genres_original/reggae/reggae.00020.wav,reggae,8,30.013333333333332,30.0,0.013333333333333334,22050,24000,1
820,820,0,datasets/audios/western_data/genres_original/reggae/reggae.00021.wav,reggae,8,30.013333333333332,30.0,0.013333333333333334,22050,24000,1
821,821,0,datasets/audios/western_data/genres_original/reggae/reggae.00022.wav,reggae,8,30.013333333333332,30.0,0.013333333333333334,22050,24000,1
822,822,0,datasets/audios/western_data/genres_original/reggae/reggae.00023.wav,reggae,8,30.013333333333332,30.0,0.013333333333333334,22050,24000,1
823,823,0,datasets/audios/western_data/genres_original/reggae/reggae.00024.wav,reggae,8,30.013333333333332,30.0,0.013333333333333334,22050,24000,1
824,824,0,datasets/audios/western_data/genres_original/reggae/reggae.00025.wav,reggae,8,30.013333333333332,30.0,0.013333333333333334,22050,24000,1
825,825,0,datasets/audios/western_data/genres_original/reggae/reggae.00026.wav,reggae,8,30.013333333333332,30.0,0.013333333333333334,22050,24000,1
826,826,0,datasets/audios/western_data/genres_original/reggae/reggae.00027.wav,reggae,8,30.013333333333332,30.0,0.013333333333333334,22050,24000,1
827,827,0,datasets/audios/western_data/genres_original/reggae/reggae.00028.wav,reggae,8,30.013333333333332,30.0,0.013333333333333334,22050,24000,1
828,828,0,datasets/audios/western_data/genres_original/reggae/reggae.00029.wav,reggae,8,30.013333333333332,30.0,0.013333333333333334,22050,24000,1
829,829,0,datasets/audios/western_data/genres_original/reggae/reggae.00030.wav,reggae,8,30.013333333333332,30.0,0.013333333333333334,22050,24000,1
830,830,0,datasets/audios/western_data/genres_original/reggae/reggae.00031.wav,reggae,8,30.013333333333332,30.0,0.013333333333333334,22050,24000,1
831,831,0,datasets/audios/western_data/genres_original/reggae/reggae.00032.wav,reggae,8,30.013333333333332,30.0,0.013333333333333334,22050,24000,1
832,832,0,datasets/audios/western_data/genres_original/reggae/reggae.00033.wav,reggae,8,30.013333333333332,30.0,0.013333333333333334,22050,24000,1
833,833,0,datasets/audios/western_data/genres_original/reggae/reggae.00034.wav,reggae,8,30.013333333333332,30.0,0.013333333333333334,22050,24000,1
834,834,0,datasets/audios/western_data/genres_original/reggae/reggae.00035.wav,reggae,8,30.013333333333332,30.0,0.013333333333333334,22050,24000,1
835,835,0,datasets/audios/western_data/genres_original/reggae/reggae.00036.wav,reggae,8,30.013333333333332,30.0,0.013333333333333334,22050,24000,1
836,836,0,datasets/audios/western_data/genres_original/reggae/reggae.00037.wav,reggae,8,30.013333333333332,30.0,0.013333333333333334,22050,24000,1
837,837,0,datasets/audios/western_data/genres_original/reggae/reggae.00038.wav,reggae,8,30.013333333333332,30.0,0.013333333333333334,22050,24000,1
838,838,0,datasets/audios/western_data/genres_original/reggae/reggae.00039.wav,reggae,8,30.013333333333332,30.0,0.013333333333333334,22050,24000,1
839,839,0,datasets/audios/western_data/genres_original/reggae/reggae.00040.wav,reggae,8,30.013333333333332,30.0,0.013333333333333334,22050,24000,1
840,840,0,datasets/audios/western_data/genres_original/reggae/reggae.00041.wav,reggae,8,30.000208333333333,30.0,0.00020833333333333335,22050,24000,1
841,841,0,datasets/audios/western_data/genres_original/reggae/reggae.00042.wav,reggae,8,30.000208333333333,30.0,0.00020833333333333335,22050,24000,1
842,842,0,datasets/audios/western_data/genres_original/reggae/reggae.00043.wav,reggae,8,30.000208333333333,30.0,0.00020833333333333335,22050,24000,1
843,843,0,datasets/audios/western_data/genres_original/reggae/reggae.00044.wav,reggae,8,30.000208333333333,30.0,0.00020833333333333335,22050,24000,1
844,844,0,datasets/audios/western_data/genres_original/reggae/reggae.00045.wav,reggae,8,30.000208333333333,30.0,0.00020833333333333335,22050,24000,1
845,845,0,datasets/audios/western_data/genres_original/reggae/reggae.00046.wav,reggae,8,30.000208333333333,30.0,0.00020833333333333335,22050,24000,1
846,846,0,datasets/audios/western_data/genres_original/reggae/reggae.00047.wav,reggae,8,30.000208333333333,30.0,0.00020833333333333335,22050,24000,1
847,847,0,datasets/audios/western_data/genres_original/reggae/reggae.00048.wav,reggae,8,30.000208333333333,30.0,0.00020833333333333335,22050,24000,1
848,848,0,datasets/audios/western_data/genres_original/reggae/reggae.00049.wav,reggae,8,30.000208333333333,30.0,0.00020833333333333335,22050,24000,1
849,849,0,datasets/audios/western_data/genres_original/reggae/reggae.00050.wav,reggae,8,30.000208333333333,30.0,0.00020833333333333335,22050,24000,1
850,850,0,datasets/audios/western_data/genres_original/reggae/reggae.00051.wav,reggae,8,30.000208333333333,30.0,0.00020833333333333335,22050,24000,1
851,851,0,datasets/audios/western_data/genres_original/reggae/reggae.00052.wav,reggae,8,30.000208333333333,30.0,0.00020833333333333335,22050,24000,1
852,852,0,datasets/audios/western_data/genres_original/reggae/reggae.00053.wav,reggae,8,30.000208333333333,30.0,0.00020833333333333335,22050,24000,1
853,853,0,datasets/audios/western_data/genres_original/reggae/reggae.00054.wav,reggae,8,30.000208333333333,30.0,0.00020833333333333335,22050,24000,1
854,854,0,datasets/audios/western_data/genres_original/reggae/reggae.00055.wav,reggae,8,30.000208333333333,30.0,0.00020833333333333335,22050,24000,1
855,855,0,datasets/audios/western_data/genres_original/reggae/reggae.00056.wav,reggae,8,30.000208333333333,30.0,0.00020833333333333335,22050,24000,1
856,856,0,datasets/audios/western_data/genres_original/reggae/reggae.00057.wav,reggae,8,30.000208333333333,30.0,0.00020833333333333335,22050,24000,1
857,857,0,datasets/audios/western_data/genres_original/reggae/reggae.00058.wav,reggae,8,30.000208333333333,30.0,0.00020833333333333335,22050,24000,1
858,858,0,datasets/audios/western_data/genres_original/reggae/reggae.00059.wav,reggae,8,30.000208333333333,30.0,0.00020833333333333335,22050,24000,1
859,859,0,datasets/audios/western_data/genres_original/reggae/reggae.00060.wav,reggae,8,30.000208333333333,30.0,0.00020833333333333335,22050,24000,1
860,860,0,datasets/audios/western_data/genres_original/reggae/reggae.00061.wav,reggae,8,30.000208333333333,30.0,0.00020833333333333335,22050,24000,1
861,861,0,datasets/audios/western_data/genres_original/reggae/reggae.00062.wav,reggae,8,30.000208333333333,30.0,0.00020833333333333335,22050,24000,1
862,862,0,datasets/audios/western_data/genres_original/reggae/reggae.00063.wav,reggae,8,30.000208333333333,30.0,0.00020833333333333335,22050,24000,1
863,863,0,datasets/audios/western_data/genres_original/reggae/reggae.00064.wav,reggae,8,30.000208333333333,30.0,0.00020833333333333335,22050,24000,1
864,864,0,datasets/audios/western_data/genres_original/reggae/reggae.00065.wav,reggae,8,30.000208333333333,30.0,0.00020833333333333335,22050,24000,1
865,865,0,datasets/audios/western_data/genres_original/reggae/reggae.00066.wav,reggae,8,30.000208333333333,30.0,0.00020833333333333335,22050,24000,1
866,866,0,datasets/audios/western_data/genres_original/reggae/reggae.00067.wav,reggae,8,30.000208333333333,30.0,0.00020833333333333335,22050,24000,1
867,867,0,datasets/audios/western_data/genres_original/reggae/reggae.00068.wav,reggae,8,30.000208333333333,30.0,0.00020833333333333335,22050,24000,1
868,868,0,datasets/audios/western_data/genres_original/reggae/reggae.00069.wav,reggae,8,30.000208333333333,30.0,0.00020833333333333335,22050,24000,1
869,869,0,datasets/audios/western_data/genres_original/reggae/reggae.00070.wav,reggae,8,30.000208333333333,30.0,0.00020833333333333335,22050,24000,1
870,870,0,datasets/audios/western_data/genres_original/reggae/reggae.00071.wav,reggae,8,30.000208333333333,30.0,0.00020833333333333335,22050,24000,1
871,871,0,datasets/audios/western_data/genres_original/reggae/reggae.00072.wav,reggae,8,30.000208333333333,30.0,0.00020833333333333335,22050,24000,1
872,872,0,datasets/audios/western_data/genres_original/reggae/reggae.00073.wav,reggae,8,30.000208333333333,30.0,0.00020833333333333335,22050,24000,1
873,873,0,datasets/audios/western_data/genres_original/reggae/reggae.00074.wav,reggae,8,30.000208333333333,30.0,0.00020833333333333335,22050,24000,1
874,874,0,datasets/audios/western_data/genres_original/reggae/reggae.00075.wav,reggae,8,30.000208333333333,30.0,0.00020833333333333335,22050,24000,1
875,875,0,datasets/audios/western_data/genres_original/reggae/reggae.00076.wav,reggae,8,30.000208333333333,30.0,0.00020833333333333335,22050,24000,1
876,876,0,datasets/audios/western_data/genres_original/reggae/reggae.00077.wav,reggae,8,30.000208333333333,30.0,0.00020833333333333335,22050,24000,1
877,877,0,datasets/audios/western_data/genres_original/reggae/reggae.00078.wav,reggae,8,30.000208333333333,30.0,0.00020833333333333335,22050,24000,1
878,878,0,datasets/audios/western_data/genres_original/reggae/reggae.00079.wav,reggae,8,30.000208333333333,30.0,0.00020833333333333335,22050,24000,1
879,879,0,datasets/audios/western_data/genres_original/reggae/reggae.00080.wav,reggae,8,30.000208333333333,30.0,0.00020833333333333335,22050,24000,1
880,880,0,datasets/audios/western_data/genres_original/reggae/reggae.00081.wav,reggae,8,30.000208333333333,30.0,0.00020833333333333335,22050,24000,1
881,881,0,datasets/audios/western_data/genres_original/reggae/reggae.00082.wav,reggae,8,30.000208333333333,30.0,0.00020833333333333335,22050,24000,1
882,882,0,datasets/audios/western_data/genres_original/reggae/reggae.00083.wav,reggae,8,30.000208333333333,30.0,0.00020833333333333335,22050,24000,1
883,883,0,datasets/audios/western_data/genres_original/reggae/reggae.00084.wav,reggae,8,30.000208333333333,30.0,0.00020833333333333335,22050,24000,1
884,884,0,datasets/audios/western_data/genres_original/reggae/reggae.00085.wav,reggae,8,30.000208333333333,30.0,0.00020833333333333335,22050,24000,1
885,885,0,datasets/audios/western_data/genres_original/reggae/reggae.00086.wav,reggae,8,30.000208333333333,30.0,0.00020833333333333335,22050,24000,1
886,886,0,datasets/audios/western_data/genres_original/reggae/reggae.00087.wav,reggae,8,30.000208333333333,30.0,0.00020833333333333335,22050,24000,1
887,887,0,datasets/audios/western_data/genres_original/reggae/reggae.00088.wav,reggae,8,30.000208333333333,30.0,0.00020833333333333335,22050,24000,1
888,888,0,datasets/audios/western_data/genres_original/reggae/reggae.00089.wav,reggae,8,30.000208333333333,30.0,0.00020833333333333335,22050,24000,1
889,889,0,datasets/audios/western_data/genres_original/reggae/reggae.00090.wav,reggae,8,30.000208333333333,30.0,0.00020833333333333335,22050,24000,1
890,890,0,datasets/audios/western_data/genres_original/reggae/reggae.00091.wav,reggae,8,30.000208333333333,30.0,0.00020833333333333335,22050,24000,1
891,891,0,datasets/audios/western_data/genres_original/reggae/reggae.00092.wav,reggae,8,30.000208333333333,30.0,0.00020833333333333335,22050,24000,1
892,892,0,datasets/audios/western_data/genres_original/reggae/reggae.00093.wav,reggae,8,30.000208333333333,30.0,0.00020833333333333335,22050,24000,1
893,893,0,datasets/audios/western_data/genres_original/reggae/reggae.00094.wav,reggae,8,30.000208333333333,30.0,0.00020833333333333335,22050,24000,1
894,894,0,datasets/audios/western_data/genres_original/reggae/reggae.00095.wav,reggae,8,30.000208333333333,30.0,0.00020833333333333335,22050,24000,1
895,895,0,datasets/audios/western_data/genres_original/reggae/reggae.00096.wav,reggae,8,30.000208333333333,30.0,0.00020833333333333335,22050,24000,1
896,896,0,datasets/audios/western_data/genres_original/reggae/reggae.00097.wav,reggae,8,30.000208333333333,30.0,0.00020833333333333335,22050,24000,1
897,897,0,datasets/audios/western_data/genres_original/reggae/reggae.00098.wav,reggae,8,30.000208333333333,30.0,0.00020833333333333335,22050,24000,1
898,898,0,datasets/audios/western_data/genres_original/reggae/reggae.00099.wav,reggae,8,30.000208333333333,30.0,0.00020833333333333335,22050,24000,1
899,899,0,datasets/audios/western_data/genres_original/rock/rock.00000.wav,rock,9,30.013333333333332,30.0,0.013333333333333334,22050,24000,1
900,900,0,datasets/audios/western_data/genres_original/rock/rock.00001.wav,rock,9,30.013333333333332,30.0,0.013333333333333334,22050,24000,1
901,901,0,datasets/audios/western_data/genres_original/rock/rock.00002.wav,rock,9,30.013333333333332,30.0,0.013333333333333334,22050,24000,1
902,902,0,datasets/audios/western_data/genres_original/rock/rock.00003.wav,rock,9,30.013333333333332,30.0,0.013333333333333334,22050,24000,1
903,903,0,datasets/audios/western_data/genres_original/rock/rock.00004.wav,rock,9,30.013333333333332,30.0,0.013333333333333334,22050,24000,1
904,904,0,datasets/audios/western_data/genres_original/rock/rock.00005.wav,rock,9,30.013333333333332,30.0,0.013333333333333334,22050,24000,1
905,905,0,datasets/audios/western_data/genres_original/rock/rock.00006.wav,rock,9,30.013333333333332,30.0,0.013333333333333334,22050,24000,1
906,906,0,datasets/audios/western_data/genres_original/rock/rock.00007.wav,rock,9,30.013333333333332,30.0,0.013333333333333334,22050,24000,1
907,907,0,datasets/audios/western_data/genres_original/rock/rock.00008.wav,rock,9,30.013333333333332,30.0,0.013333333333333334,22050,24000,1
908,908,0,datasets/audios/western_data/genres_original/rock/rock.00009.wav,rock,9,30.013333333333332,30.0,0.013333333333333334,22050,24000,1
909,909,0,datasets/audios/western_data/genres_original/rock/rock.00010.wav,rock,9,30.013333333333332,30.0,0.013333333333333334,22050,24000,1
910,910,0,datasets/audios/western_data/genres_original/rock/rock.00011.wav,rock,9,30.013333333333332,30.0,0.013333333333333334,22050,24000,1
911,911,0,datasets/audios/western_data/genres_original/rock/rock.00012.wav,rock,9,30.013333333333332,30.0,0.013333333333333334,22050,24000,1
912,912,0,datasets/audios/western_data/genres_original/rock/rock.00013.wav,rock,9,30.013333333333332,30.0,0.013333333333333334,22050,24000,1
913,913,0,datasets/audios/western_data/genres_original/rock/rock.00014.wav,rock,9,30.013333333333332,30.0,0.013333333333333334,22050,24000,1
914,914,0,datasets/audios/western_data/genres_original/rock/rock.00015.wav,rock,9,30.013333333333332,30.0,0.013333333333333334,22050,24000,1
915,915,0,datasets/audios/western_data/genres_original/rock/rock.00016.wav,rock,9,30.013333333333332,30.0,0.013333333333333334,22050,24000,1
916,916,0,datasets/audios/western_data/genres_original/rock/rock.00017.wav,rock,9,30.013333333333332,30.0,0.013333333333333334,22050,24000,1
917,917,0,datasets/audios/western_data/genres_original/rock/rock.00018.wav,rock,9,30.013333333333332,30.0,0.013333333333333334,22050,24000,1
918,918,0,datasets/audios/western_data/genres_original/rock/rock.00019.wav,rock,9,30.013333333333332,30.0,0.013333333333333334,22050,24000,1
919,919,0,datasets/audios/western_data/genres_original/rock/rock.00020.wav,rock,9,30.013333333333332,30.0,0.013333333333333334,22050,24000,1
920,920,0,datasets/audios/western_data/genres_original/rock/rock.00021.wav,rock,9,30.013333333333332,30.0,0.013333333333333334,22050,24000,1
921,921,0,datasets/audios/western_data/genres_original/rock/rock.00022.wav,rock,9,30.013333333333332,30.0,0.013333333333333334,22050,24000,1
922,922,0,datasets/audios/western_data/genres_original/rock/rock.00023.wav,rock,9,30.013333333333332,30.0,0.013333333333333334,22050,24000,1
923,923,0,datasets/audios/western_data/genres_original/rock/rock.00024.wav,rock,9,30.013333333333332,30.0,0.013333333333333334,22050,24000,1
924,924,0,datasets/audios/western_data/genres_original/rock/rock.00025.wav,rock,9,30.013333333333332,30.0,0.013333333333333334,22050,24000,1
925,925,0,datasets/audios/western_data/genres_original/rock/rock.00026.wav,rock,9,30.013333333333332,30.0,0.013333333333333334,22050,24000,1
926,926,0,datasets/audios/western_data/genres_original/rock/rock.00027.wav,rock,9,30.0,30.0,0.0,22050,24000,1
927,927,0,datasets/audios/western_data/genres_original/rock/rock.00028.wav,rock,9,30.013333333333332,30.0,0.013333333333333334,22050,24000,1
928,928,0,datasets/audios/western_data/genres_original/rock/rock.00029.wav,rock,9,30.013333333333332,30.0,0.013333333333333334,22050,24000,1
929,929,0,datasets/audios/western_data/genres_original/rock/rock.00030.wav,rock,9,30.013333333333332,30.0,0.013333333333333334,22050,24000,1
930,930,0,datasets/audios/western_data/genres_original/rock/rock.00031.wav,rock,9,30.013333333333332,30.0,0.013333333333333334,22050,24000,1
931,931,0,datasets/audios/western_data/genres_original/rock/rock.00032.wav,rock,9,30.400916666666667,30.0,0.40091666666666664,22050,24000,1
932,932,0,datasets/audios/western_data/genres_original/rock/rock.00033.wav,rock,9,30.013333333333332,30.0,0.013333333333333334,22050,24000,1
933,933,0,datasets/audios/western_data/genres_original/rock/rock.00034.wav,rock,9,30.361,30.0,0.361,22050,24000,1
934,934,0,datasets/audios/western_data/genres_original/rock/rock.00035.wav,rock,9,30.013333333333332,30.0,0.013333333333333334,22050,24000,1
935,935,0,datasets/audios/western_data/genres_original/rock/rock.00036.wav,rock,9,30.291166666666665,30.0,0.2911666666666667,22050,24000,1
936,936,0,datasets/audios/western_data/genres_original/rock/rock.00037.wav,rock,9,30.013333333333332,30.0,0.013333333333333334,22050,24000,1
937,937,0,datasets/audios/western_data/genres_original/rock/rock.00038.wav,rock,9,29.995833333333334,29.995833333333334,0.0,22050,24000,1
938,938,0,datasets/audios/western_data/genres_original/rock/rock.00039.wav,rock,9,30.013333333333332,30.0,0.013333333333333334,22050,24000,1
939,939,0,datasets/audios/western_data/genres_original/rock/rock.00040.wav,rock,9,30.013333333333332,30.0,0.013333333333333334,22050,24000,1
940,940,0,datasets/audios/western_data/genres_original/rock/rock.00041.wav,rock,9,30.013333333333332,30.0,0.013333333333333334,22050,24000,1
941,941,0,datasets/audios/western_data/genres_original/rock/rock.00042.wav,rock,9,30.013333333333332,30.0,0.013333333333333334,22050,24000,1
942,942,0,datasets/audios/western_data/genres_original/rock/rock.00043.wav,rock,9,30.013333333333332,30.0,0.013333333333333334,22050,24000,1
943,943,0,datasets/audios/western_data/genres_original/rock/rock.00044.wav,rock,9,30.013333333333332,30.0,0.013333333333333334,22050,24000,1
944,944,0,datasets/audios/western_data/genres_original/rock/rock.00045.wav,rock,9,30.013333333333332,30.0,0.013333333333333334,22050,24000,1
945,945,0,datasets/audios/western_data/genres_original/rock/rock.00046.wav,rock,9,30.013333333333332,30.0,0.013333333333333334,22050,24000,1
946,946,0,datasets/audios/western_data/genres_original/rock/rock.00047.wav,rock,9,30.013333333333332,30.0,0.013333333333333334,22050,24000,1
947,947,0,datasets/audios/western_data/genres_original/rock/rock.00048.wav,rock,9,30.013333333333332,30.0,0.013333333333333334,22050,24000,1
948,948,0,datasets/audios/western_data/genres_original/rock/rock.00049.wav,rock,9,30.013333333333332,30.0,0.013333333333333334,22050,24000,1
949,949,0,datasets/audios/western_data/genres_original/rock/rock.00050.wav,rock,9,30.013333333333332,30.0,0.013333333333333334,22050,24000,1
950,950,0,datasets/audios/western_data/genres_original/rock/rock.00051.wav,rock,9,30.013333333333332,30.0,0.013333333333333334,22050,24000,1
951,951,0,datasets/audios/western_data/genres_original/rock/rock.00052.wav,rock,9,30.013333333333332,30.0,0.013333333333333334,22050,24000,1
952,952,0,datasets/audios/western_data/genres_original/rock/rock.00053.wav,rock,9,30.013333333333332,30.0,0.013333333333333334,22050,24000,1
953,953,0,datasets/audios/western_data/genres_original/rock/rock.00054.wav,rock,9,30.013333333333332,30.0,0.013333333333333334,22050,24000,1
954,954,0,datasets/audios/western_data/genres_original/rock/rock.00055.wav,rock,9,30.013333333333332,30.0,0.013333333333333334,22050,24000,1
955,955,0,datasets/audios/western_data/genres_original/rock/rock.00056.wav,rock,9,30.013333333333332,30.0,0.013333333333333334,22050,24000,1
956,956,0,datasets/audios/western_data/genres_original/rock/rock.00057.wav,rock,9,30.013333333333332,30.0,0.013333333333333334,22050,24000,1
957,957,0,datasets/audios/western_data/genres_original/rock/rock.00058.wav,rock,9,30.013333333333332,30.0,0.013333333333333334,22050,24000,1
958,958,0,datasets/audios/western_data/genres_original/rock/rock.00059.wav,rock,9,30.013333333333332,30.0,0.013333333333333334,22050,24000,1
959,959,0,datasets/audios/western_data/genres_original/rock/rock.00060.wav,rock,9,30.013333333333332,30.0,0.013333333333333334,22050,24000,1
960,960,0,datasets/audios/western_data/genres_original/rock/rock.00061.wav,rock,9,30.013333333333332,30.0,0.013333333333333334,22050,24000,1
961,961,0,datasets/audios/western_data/genres_original/rock/rock.00062.wav,rock,9,30.013333333333332,30.0,0.013333333333333334,22050,24000,1
962,962,0,datasets/audios/western_data/genres_original/rock/rock.00063.wav,rock,9,30.013333333333332,30.0,0.013333333333333334,22050,24000,1
963,963,0,datasets/audios/western_data/genres_original/rock/rock.00064.wav,rock,9,30.013333333333332,30.0,0.013333333333333334,22050,24000,1
964,964,0,datasets/audios/western_data/genres_original/rock/rock.00065.wav,rock,9,30.013333333333332,30.0,0.013333333333333334,22050,24000,1
965,965,0,datasets/audios/western_data/genres_original/rock/rock.00066.wav,rock,9,30.013333333333332,30.0,0.013333333333333334,22050,24000,1
966,966,0,datasets/audios/western_data/genres_original/rock/rock.00067.wav,rock,9,30.013333333333332,30.0,0.013333333333333334,22050,24000,1
967,967,0,datasets/audios/western_data/genres_original/rock/rock.00068.wav,rock,9,30.013333333333332,30.0,0.013333333333333334,22050,24000,1
968,968,0,datasets/audios/western_data/genres_original/rock/rock.00069.wav,rock,9,30.013333333333332,30.0,0.013333333333333334,22050,24000,1
969,969,0,datasets/audios/western_data/genres_original/rock/rock.00070.wav,rock,9,30.013333333333332,30.0,0.013333333333333334,22050,24000,1
970,970,0,datasets/audios/western_data/genres_original/rock/rock.00071.wav,rock,9,30.013333333333332,30.0,0.013333333333333334,22050,24000,1
971,971,0,datasets/audios/western_data/genres_original/rock/rock.00072.wav,rock,9,30.013333333333332,30.0,0.013333333333333334,22050,24000,1
972,972,0,datasets/audios/western_data/genres_original/rock/rock.00073.wav,rock,9,30.013333333333332,30.0,0.013333333333333334,22050,24000,1
973,973,0,datasets/audios/western_data/genres_original/rock/rock.00074.wav,rock,9,30.013333333333332,30.0,0.013333333333333334,22050,24000,1
974,974,0,datasets/audios/western_data/genres_original/rock/rock.00075.wav,rock,9,30.013333333333332,30.0,0.013333333333333334,22050,24000,1
975,975,0,datasets/audios/western_data/genres_original/rock/rock.00076.wav,rock,9,30.013333333333332,30.0,0.013333333333333334,22050,24000,1
976,976,0,datasets/audios/western_data/genres_original/rock/rock.00077.wav,rock,9,30.013333333333332,30.0,0.013333333333333334,22050,24000,1
977,977,0,datasets/audios/western_data/genres_original/rock/rock.00078.wav,rock,9,30.013333333333332,30.0,0.013333333333333334,22050,24000,1
978,978,0,datasets/audios/western_data/genres_original/rock/rock.00079.wav,rock,9,30.013333333333332,30.0,0.013333333333333334,22050,24000,1
979,979,0,datasets/audios/western_data/genres_original/rock/rock.00080.wav,rock,9,30.013333333333332,30.0,0.013333333333333334,22050,24000,1
980,980,0,datasets/audios/western_data/genres_original/rock/rock.00081.wav,rock,9,30.013333333333332,30.0,0.013333333333333334,22050,24000,1
981,981,0,datasets/audios/western_data/genres_original/rock/rock.00082.wav,rock,9,30.013333333333332,30.0,0.013333333333333334,22050,24000,1
982,982,0,datasets/audios/western_data/genres_original/rock/rock.00083.wav,rock,9,30.013333333333332,30.0,0.013333333333333334,22050,24000,1
983,983,0,datasets/audios/western_data/genres_original/rock/rock.00084.wav,rock,9,30.013333333333332,30.0,0.013333333333333334,22050,24000,1
984,984,0,datasets/audios/western_data/genres_original/rock/rock.00085.wav,rock,9,30.013333333333332,30.0,0.013333333333333334,22050,24000,1
985,985,0,datasets/audios/western_data/genres_original/rock/rock.00086.wav,rock,9,30.013333333333332,30.0,0.013333333333333334,22050,24000,1
986,986,0,datasets/audios/western_data/genres_original/rock/rock.00087.wav,rock,9,30.013333333333332,30.0,0.013333333333333334,22050,24000,1
987,987,0,datasets/audios/western_data/genres_original/rock/rock.00088.wav,rock,9,30.013333333333332,30.0,0.013333333333333334,22050,24000,1
988,988,0,datasets/audios/western_data/genres_original/rock/rock.00089.wav,rock,9,30.013333333333332,30.0,0.013333333333333334,22050,24000,1
989,989,0,datasets/audios/western_data/genres_original/rock/rock.00090.wav,rock,9,30.013333333333332,30.0,0.013333333333333334,22050,24000,1
990,990,0,datasets/audios/western_data/genres_original/rock/rock.00091.wav,rock,9,30.013333333333332,30.0,0.013333333333333334,22050,24000,1
991,991,0,datasets/audios/western_data/genres_original/rock/rock.00092.wav,rock,9,30.013333333333332,30.0,0.013333333333333334,22050,24000,1
992,992,0,datasets/audios/western_data/genres_original/rock/rock.00093.wav,rock,9,30.013333333333332,30.0,0.013333333333333334,22050,24000,1
993,993,0,datasets/audios/western_data/genres_original/rock/rock.00094.wav,rock,9,30.013333333333332,30.0,0.013333333333333334,22050,24000,1
994,994,0,datasets/audios/western_data/genres_original/rock/rock.00095.wav,rock,9,30.013333333333332,30.0,0.013333333333333334,22050,24000,1
995,995,0,datasets/audios/western_data/genres_original/rock/rock.00096.wav,rock,9,30.013333333333332,30.0,0.013333333333333334,22050,24000,1
996,996,0,datasets/audios/western_data/genres_original/rock/rock.00097.wav,rock,9,30.013333333333332,30.0,0.013333333333333334,22050,24000,1
997,997,0,datasets/audios/western_data/genres_original/rock/rock.00098.wav,rock,9,30.013333333333332,30.0,0.013333333333333334,22050,24000,1
998,998,0,datasets/audios/western_data/genres_original/rock/rock.00099.wav,rock,9,30.013333333333332,30.0,0.013333333333333334,22050,24000,1
