track_index,track_id,path,eastern_label,eastern_genre,predicted_western_label,predicted_western_genre,cluster_raw_mert,cluster_mlp_pooled,cluster_mlp_penultimate
0,0,datasets/audios/eastern_sliced/carnatic/carnatic_000_000.wav,0,carnatic,5,jazz,3,3,4
1,1,datasets/audios/eastern_sliced/carnatic/carnatic_000_001.wav,0,carnatic,4,hiphop,3,3,4
2,2,datasets/audios/eastern_sliced/carnatic/carnatic_000_002.wav,0,carnatic,5,jazz,3,3,4
3,3,datasets/audios/eastern_sliced/carnatic/carnatic_000_003.wav,0,carnatic,4,hiphop,3,3,4
4,4,datasets/audios/eastern_sliced/carnatic/carnatic_000_004.wav,0,carnatic,4,hiphop,3,3,4
5,5,datasets/audios/eastern_sliced/carnatic/carnatic_001_000.wav,0,carnatic,4,hiphop,3,3,4
6,6,datasets/audios/eastern_sliced/carnatic/carnatic_001_001.wav,0,carnatic,4,hiphop,3,3,4
7,7,datasets/audios/eastern_sliced/carnatic/carnatic_001_002.wav,0,carnatic,5,jazz,3,3,4
8,8,datasets/audios/eastern_sliced/carnatic/carnatic_001_003.wav,0,carnatic,4,hiphop,3,3,4
9,9,datasets/audios/eastern_sliced/carnatic/carnatic_001_004.wav,0,carnatic,4,hiphop,3,3,4
10,10,datasets/audios/eastern_sliced/carnatic/carnatic_002_000.wav,0,carnatic,2,country,7,7,1
11,11,datasets/audios/eastern_sliced/carnatic/carnatic_002_001.wav,0,carnatic,2,country,3,3,4
12,12,datasets/audios/eastern_sliced/carnatic/carnatic_002_002.wav,0,carnatic,2,country,3,3,1
13,13,datasets/audios/eastern_sliced/carnatic/carnatic_002_003.wav,0,carnatic,5,jazz,7,7,0
14,14,datasets/audios/eastern_sliced/carnatic/carnatic_002_004.wav,0,carnatic,1,classical,7,7,3
15,15,datasets/audios/eastern_sliced/carnatic/carnatic_003_000.wav,0,carnatic,4,hiphop,3,3,4
16,16,datasets/audios/eastern_sliced/carnatic/carnatic_003_001.wav,0,carnatic,4,hiphop,3,3,4
17,17,datasets/audios/eastern_sliced/carnatic/carnatic_003_002.wav,0,carnatic,4,hiphop,3,3,4
18,18,datasets/audios/eastern_sliced/carnatic/carnatic_003_003.wav,0,carnatic,5,jazz,3,3,0
19,19,datasets/audios/eastern_sliced/carnatic/carnatic_003_004.wav,0,carnatic,5,jazz,3,3,4
20,20,datasets/audios/eastern_sliced/carnatic/carnatic_004_000.wav,0,carnatic,5,jazz,3,3,4
21,21,datasets/audios/eastern_sliced/carnatic/carnatic_004_001.wav,0,carnatic,0,blues,3,3,4
22,22,datasets/audios/eastern_sliced/carnatic/carnatic_004_002.wav,0,carnatic,4,hiphop,3,3,4
23,23,datasets/audios/eastern_sliced/carnatic/carnatic_004_003.wav,0,carnatic,4,hiphop,3,3,4
24,24,datasets/audios/eastern_sliced/carnatic/carnatic_004_004.wav,0,carnatic,5,jazz,3,3,4
25,25,datasets/audios/eastern_sliced/carnatic/carnatic_005_000.wav,0,carnatic,4,hiphop,3,3,4
26,26,datasets/audios/eastern_sliced/carnatic/carnatic_005_001.wav,0,carnatic,4,hiphop,3,3,4
27,27,datasets/audios/eastern_sliced/carnatic/carnatic_005_002.wav,0,carnatic,4,hiphop,0,0,4
28,28,datasets/audios/eastern_sliced/carnatic/carnatic_005_003.wav,0,carnatic,8,reggae,5,5,2
29,29,datasets/audios/eastern_sliced/carnatic/carnatic_005_004.wav,0,carnatic,4,hiphop,0,0,2
30,30,datasets/audios/eastern_sliced/carnatic/carnatic_006_000.wav,0,carnatic,5,jazz,7,7,0
31,31,datasets/audios/eastern_sliced/carnatic/carnatic_006_001.wav,0,carnatic,5,jazz,3,3,4
32,32,datasets/audios/eastern_sliced/carnatic/carnatic_006_002.wav,0,carnatic,4,hiphop,3,3,4
33,33,datasets/audios/eastern_sliced/carnatic/carnatic_006_003.wav,0,carnatic,5,jazz,0,0,4
34,34,datasets/audios/eastern_sliced/carnatic/carnatic_006_004.wav,0,carnatic,4,hiphop,3,3,4
35,35,datasets/audios/eastern_sliced/carnatic/carnatic_007_000.wav,0,carnatic,2,country,3,3,4
36,36,datasets/audios/eastern_sliced/carnatic/carnatic_007_001.wav,0,carnatic,4,hiphop,3,3,4
37,37,datasets/audios/eastern_sliced/carnatic/carnatic_007_002.wav,0,carnatic,4,hiphop,0,0,4
38,38,datasets/audios/eastern_sliced/carnatic/carnatic_007_003.wav,0,carnatic,0,blues,3,3,4
39,39,datasets/audios/eastern_sliced/carnatic/carnatic_007_004.wav,0,carnatic,4,hiphop,0,0,4
40,40,datasets/audios/eastern_sliced/carnatic/carnatic_008_000.wav,0,carnatic,2,country,3,3,4
41,41,datasets/audios/eastern_sliced/carnatic/carnatic_008_001.wav,0,carnatic,2,country,3,3,4
42,42,datasets/audios/eastern_sliced/carnatic/carnatic_009_000.wav,0,carnatic,5,jazz,0,0,4
43,43,datasets/audios/eastern_sliced/carnatic/carnatic_009_001.wav,0,carnatic,4,hiphop,0,0,2
44,44,datasets/audios/eastern_sliced/carnatic/carnatic_009_002.wav,0,carnatic,4,hiphop,0,0,2
45,45,datasets/audios/eastern_sliced/carnatic/carnatic_009_003.wav,0,carnatic,4,hiphop,0,0,2
46,46,datasets/audios/eastern_sliced/carnatic/carnatic_009_004.wav,0,carnatic,4,hiphop,0,0,2
47,47,datasets/audios/eastern_sliced/carnatic/carnatic_010_000.wav,0,carnatic,7,pop,0,0,0
48,48,datasets/audios/eastern_sliced/carnatic/carnatic_010_001.wav,0,carnatic,7,pop,0,0,0
49,49,datasets/audios/eastern_sliced/carnatic/carnatic_010_002.wav,0,carnatic,4,hiphop,0,0,2
50,50,datasets/audios/eastern_sliced/carnatic/carnatic_010_003.wav,0,carnatic,4,hiphop,0,0,4
51,51,datasets/audios/eastern_sliced/carnatic/carnatic_010_004.wav,0,carnatic,4,hiphop,0,0,4
52,52,datasets/audios/eastern_sliced/carnatic/carnatic_011_000.wav,0,carnatic,5,jazz,7,7,0
53,53,datasets/audios/eastern_sliced/carnatic/carnatic_011_001.wav,0,carnatic,1,classical,6,6,0
54,54,datasets/audios/eastern_sliced/carnatic/carnatic_011_002.wav,0,carnatic,4,hiphop,0,0,2
55,55,datasets/audios/eastern_sliced/carnatic/carnatic_011_003.wav,0,carnatic,4,hiphop,0,0,2
56,56,datasets/audios/eastern_sliced/carnatic/carnatic_011_004.wav,0,carnatic,1,classical,0,0,0
57,57,datasets/audios/eastern_sliced/carnatic/carnatic_012_000.wav,0,carnatic,9,rock,0,0,3
58,58,datasets/audios/eastern_sliced/carnatic/carnatic_012_001.wav,0,carnatic,9,rock,0,0,3
59,59,datasets/audios/eastern_sliced/carnatic/carnatic_012_002.wav,0,carnatic,1,classical,0,0,3
60,60,datasets/audios/eastern_sliced/carnatic/carnatic_012_003.wav,0,carnatic,1,classical,4,4,3
61,61,datasets/audios/eastern_sliced/carnatic/carnatic_012_004.wav,0,carnatic,4,hiphop,0,0,2
62,62,datasets/audios/eastern_sliced/carnatic/carnatic_013_000.wav,0,carnatic,2,country,0,0,1
63,63,datasets/audios/eastern_sliced/carnatic/carnatic_013_001.wav,0,carnatic,4,hiphop,0,0,2
64,64,datasets/audios/eastern_sliced/carnatic/carnatic_013_002.wav,0,carnatic,4,hiphop,0,0,2
65,65,datasets/audios/eastern_sliced/carnatic/carnatic_013_003.wav,0,carnatic,4,hiphop,0,0,2
66,66,datasets/audios/eastern_sliced/carnatic/carnatic_013_004.wav,0,carnatic,4,hiphop,0,0,2
67,67,datasets/audios/eastern_sliced/carnatic/carnatic_014_000.wav,0,carnatic,1,classical,6,6,5
68,68,datasets/audios/eastern_sliced/carnatic/carnatic_014_001.wav,0,carnatic,1,classical,6,6,5
69,69,datasets/audios/eastern_sliced/carnatic/carnatic_014_002.wav,0,carnatic,4,hiphop,0,0,2
70,70,datasets/audios/eastern_sliced/carnatic/carnatic_014_003.wav,0,carnatic,9,rock,0,0,2
71,71,datasets/audios/eastern_sliced/carnatic/carnatic_014_004.wav,0,carnatic,9,rock,0,0,2
72,72,datasets/audios/eastern_sliced/carnatic/carnatic_015_000.wav,0,carnatic,4,hiphop,0,0,0
73,73,datasets/audios/eastern_sliced/carnatic/carnatic_015_001.wav,0,carnatic,7,pop,0,0,0
74,74,datasets/audios/eastern_sliced/carnatic/carnatic_015_002.wav,0,carnatic,4,hiphop,0,0,2
75,75,datasets/audios/eastern_sliced/carnatic/carnatic_015_003.wav,0,carnatic,4,hiphop,0,0,0
76,76,datasets/audios/eastern_sliced/carnatic/carnatic_015_004.wav,0,carnatic,1,classical,0,0,5
77,77,datasets/audios/eastern_sliced/carnatic/carnatic_016_000.wav,0,carnatic,7,pop,7,7,0
78,78,datasets/audios/eastern_sliced/carnatic/carnatic_016_001.wav,0,carnatic,1,classical,7,7,0
79,79,datasets/audios/eastern_sliced/carnatic/carnatic_016_002.wav,0,carnatic,4,hiphop,0,0,2
80,80,datasets/audios/eastern_sliced/carnatic/carnatic_016_003.wav,0,carnatic,4,hiphop,0,0,2
81,81,datasets/audios/eastern_sliced/carnatic/carnatic_016_004.wav,0,carnatic,1,classical,0,0,5
82,82,datasets/audios/eastern_sliced/carnatic/carnatic_017_000.wav,0,carnatic,4,hiphop,0,0,2
83,83,datasets/audios/eastern_sliced/carnatic/carnatic_017_001.wav,0,carnatic,4,hiphop,0,0,2
84,84,datasets/audios/eastern_sliced/carnatic/carnatic_017_002.wav,0,carnatic,5,jazz,0,0,0
85,85,datasets/audios/eastern_sliced/carnatic/carnatic_018_000.wav,0,carnatic,2,country,7,7,1
86,86,datasets/audios/eastern_sliced/carnatic/carnatic_018_001.wav,0,carnatic,1,classical,7,7,0
87,87,datasets/audios/eastern_sliced/carnatic/carnatic_018_002.wav,0,carnatic,5,jazz,7,7,0
88,88,datasets/audios/eastern_sliced/carnatic/carnatic_018_003.wav,0,carnatic,7,pop,7,7,0
89,89,datasets/audios/eastern_sliced/carnatic/carnatic_018_004.wav,0,carnatic,2,country,0,0,1
90,90,datasets/audios/eastern_sliced/carnatic/carnatic_019_000.wav,0,carnatic,4,hiphop,0,0,2
91,91,datasets/audios/eastern_sliced/carnatic/carnatic_019_001.wav,0,carnatic,4,hiphop,0,0,2
92,92,datasets/audios/eastern_sliced/carnatic/carnatic_019_002.wav,0,carnatic,4,hiphop,0,0,2
93,93,datasets/audios/eastern_sliced/carnatic/carnatic_019_003.wav,0,carnatic,4,hiphop,0,0,2
94,94,datasets/audios/eastern_sliced/carnatic/carnatic_020_000.wav,0,carnatic,4,hiphop,0,0,2
95,95,datasets/audios/eastern_sliced/carnatic/carnatic_021_000.wav,0,carnatic,4,hiphop,0,0,4
96,96,datasets/audios/eastern_sliced/carnatic/carnatic_021_001.wav,0,carnatic,4,hiphop,0,0,4
97,97,datasets/audios/eastern_sliced/carnatic/carnatic_021_002.wav,0,carnatic,4,hiphop,0,0,2
98,98,datasets/audios/eastern_sliced/carnatic/carnatic_021_003.wav,0,carnatic,4,hiphop,0,0,2
99,99,datasets/audios/eastern_sliced/carnatic/carnatic_021_004.wav,0,carnatic,1,classical,0,0,0
100,100,datasets/audios/eastern_sliced/carnatic/carnatic_022_000.wav,0,carnatic,7,pop,0,0,0
101,101,datasets/audios/eastern_sliced/carnatic/carnatic_022_001.wav,0,carnatic,4,hiphop,0,0,2
102,102,datasets/audios/eastern_sliced/carnatic/carnatic_022_002.wav,0,carnatic,7,pop,0,0,2
103,103,datasets/audios/eastern_sliced/carnatic/carnatic_022_003.wav,0,carnatic,1,classical,0,0,3
104,104,datasets/audios/eastern_sliced/carnatic/carnatic_022_004.wav,0,carnatic,4,hiphop,0,0,2
105,105,datasets/audios/eastern_sliced/carnatic/carnatic_023_000.wav,0,carnatic,4,hiphop,0,0,4
106,106,datasets/audios/eastern_sliced/carnatic/carnatic_023_001.wav,0,carnatic,4,hiphop,0,0,2
107,107,datasets/audios/eastern_sliced/carnatic/carnatic_023_002.wav,0,carnatic,7,pop,0,0,2
108,108,datasets/audios/eastern_sliced/carnatic/carnatic_023_003.wav,0,carnatic,4,hiphop,0,0,2
109,109,datasets/audios/eastern_sliced/carnatic/carnatic_023_004.wav,0,carnatic,4,hiphop,0,0,4
110,110,datasets/audios/eastern_sliced/carnatic/carnatic_024_000.wav,0,carnatic,5,jazz,0,0,4
111,111,datasets/audios/eastern_sliced/carnatic/carnatic_024_001.wav,0,carnatic,5,jazz,0,0,0
112,112,datasets/audios/eastern_sliced/carnatic/carnatic_024_002.wav,0,carnatic,7,pop,0,0,0
113,113,datasets/audios/eastern_sliced/carnatic/carnatic_024_003.wav,0,carnatic,1,classical,0,0,0
114,114,datasets/audios/eastern_sliced/carnatic/carnatic_024_004.wav,0,carnatic,5,jazz,0,0,0
115,115,datasets/audios/eastern_sliced/carnatic/carnatic_025_000.wav,0,carnatic,1,classical,7,7,0
116,116,datasets/audios/eastern_sliced/carnatic/carnatic_025_001.wav,0,carnatic,2,country,0,0,1
117,117,datasets/audios/eastern_sliced/carnatic/carnatic_025_002.wav,0,carnatic,7,pop,0,0,0
118,118,datasets/audios/eastern_sliced/carnatic/carnatic_025_003.wav,0,carnatic,7,pop,0,0,0
119,119,datasets/audios/eastern_sliced/carnatic/carnatic_025_004.wav,0,carnatic,2,country,0,0,4
120,120,datasets/audios/eastern_sliced/carnatic/carnatic_026_000.wav,0,carnatic,5,jazz,7,7,0
121,121,datasets/audios/eastern_sliced/carnatic/carnatic_026_001.wav,0,carnatic,2,country,3,3,4
122,122,datasets/audios/eastern_sliced/carnatic/carnatic_026_002.wav,0,carnatic,7,pop,7,7,0
123,123,datasets/audios/eastern_sliced/carnatic/carnatic_026_003.wav,0,carnatic,7,pop,3,3,0
124,124,datasets/audios/eastern_sliced/carnatic/carnatic_026_004.wav,0,carnatic,5,jazz,7,7,0
125,125,datasets/audios/eastern_sliced/carnatic/carnatic_027_000.wav,0,carnatic,4,hiphop,0,0,2
126,126,datasets/audios/eastern_sliced/carnatic/carnatic_027_001.wav,0,carnatic,4,hiphop,0,0,2
127,127,datasets/audios/eastern_sliced/carnatic/carnatic_027_002.wav,0,carnatic,4,hiphop,0,0,4
128,128,datasets/audios/eastern_sliced/carnatic/carnatic_027_003.wav,0,carnatic,4,hiphop,0,0,4
129,129,datasets/audios/eastern_sliced/carnatic/carnatic_028_000.wav,0,carnatic,2,country,7,7,4
130,130,datasets/audios/eastern_sliced/carnatic/carnatic_028_001.wav,0,carnatic,1,classical,7,7,5
131,131,datasets/audios/eastern_sliced/carnatic/carnatic_028_002.wav,0,carnatic,1,classical,7,7,5
132,132,datasets/audios/eastern_sliced/carnatic/carnatic_028_003.wav,0,carnatic,4,hiphop,0,0,4
133,133,datasets/audios/eastern_sliced/carnatic/carnatic_028_004.wav,0,carnatic,4,hiphop,0,0,2
134,134,datasets/audios/eastern_sliced/carnatic/carnatic_029_000.wav,0,carnatic,2,country,0,0,1
135,135,datasets/audios/eastern_sliced/carnatic/carnatic_029_001.wav,0,carnatic,2,country,0,0,4
136,136,datasets/audios/eastern_sliced/carnatic/carnatic_029_002.wav,0,carnatic,4,hiphop,0,0,4
137,137,datasets/audios/eastern_sliced/carnatic/carnatic_029_003.wav,0,carnatic,4,hiphop,0,0,4
138,138,datasets/audios/eastern_sliced/carnatic/carnatic_029_004.wav,0,carnatic,4,hiphop,0,0,4
139,139,datasets/audios/eastern_sliced/carnatic/carnatic_030_000.wav,0,carnatic,2,country,3,3,4
140,140,datasets/audios/eastern_sliced/carnatic/carnatic_030_001.wav,0,carnatic,7,pop,7,7,4
141,141,datasets/audios/eastern_sliced/carnatic/carnatic_031_000.wav,0,carnatic,5,jazz,0,0,4
142,142,datasets/audios/eastern_sliced/carnatic/carnatic_031_001.wav,0,carnatic,5,jazz,0,0,0
143,143,datasets/audios/eastern_sliced/carnatic/carnatic_031_002.wav,0,carnatic,5,jazz,0,0,0
144,144,datasets/audios/eastern_sliced/carnatic/carnatic_031_003.wav,0,carnatic,5,jazz,0,0,4
145,145,datasets/audios/eastern_sliced/carnatic/carnatic_031_004.wav,0,carnatic,5,jazz,0,0,0
146,146,datasets/audios/eastern_sliced/carnatic/carnatic_032_000.wav,0,carnatic,7,pop,7,7,0
147,147,datasets/audios/eastern_sliced/carnatic/carnatic_033_000.wav,0,carnatic,5,jazz,0,0,4
148,148,datasets/audios/eastern_sliced/carnatic/carnatic_033_001.wav,0,carnatic,5,jazz,0,0,0
149,149,datasets/audios/eastern_sliced/carnatic/carnatic_033_002.wav,0,carnatic,5,jazz,0,0,0
150,150,datasets/audios/eastern_sliced/carnatic/carnatic_033_003.wav,0,carnatic,5,jazz,0,0,4
151,151,datasets/audios/eastern_sliced/carnatic/carnatic_033_004.wav,0,carnatic,5,jazz,0,0,4
152,152,datasets/audios/eastern_sliced/carnatic/carnatic_034_000.wav,0,carnatic,4,hiphop,0,0,4
153,153,datasets/audios/eastern_sliced/carnatic/carnatic_034_001.wav,0,carnatic,4,hiphop,0,0,4
154,154,datasets/audios/eastern_sliced/carnatic/carnatic_034_002.wav,0,carnatic,4,hiphop,0,0,4
155,155,datasets/audios/eastern_sliced/carnatic/carnatic_034_003.wav,0,carnatic,4,hiphop,0,0,4
156,156,datasets/audios/eastern_sliced/carnatic/carnatic_034_004.wav,0,carnatic,4,hiphop,0,0,4
157,157,datasets/audios/eastern_sliced/carnatic/carnatic_035_000.wav,0,carnatic,7,pop,7,7,4
158,158,datasets/audios/eastern_sliced/carnatic/carnatic_035_001.wav,0,carnatic,5,jazz,3,3,4
159,159,datasets/audios/eastern_sliced/carnatic/carnatic_036_000.wav,0,carnatic,2,country,0,0,4
160,160,datasets/audios/eastern_sliced/carnatic/carnatic_036_001.wav,0,carnatic,1,classical,0,0,3
161,161,datasets/audios/eastern_sliced/carnatic/carnatic_036_002.wav,0,carnatic,5,jazz,0,0,0
162,162,datasets/audios/eastern_sliced/carnatic/carnatic_036_003.wav,0,carnatic,5,jazz,0,0,4
163,163,datasets/audios/eastern_sliced/carnatic/carnatic_036_004.wav,0,carnatic,5,jazz,0,0,4
164,164,datasets/audios/eastern_sliced/carnatic/carnatic_037_000.wav,0,carnatic,4,hiphop,0,0,4
165,165,datasets/audios/eastern_sliced/carnatic/carnatic_037_001.wav,0,carnatic,4,hiphop,0,0,4
166,166,datasets/audios/eastern_sliced/carnatic/carnatic_037_002.wav,0,carnatic,4,hiphop,0,0,4
167,167,datasets/audios/eastern_sliced/carnatic/carnatic_038_000.wav,0,carnatic,4,hiphop,0,0,4
168,168,datasets/audios/eastern_sliced/carnatic/carnatic_039_000.wav,0,carnatic,1,classical,7,7,0
169,169,datasets/audios/eastern_sliced/carnatic/carnatic_039_001.wav,0,carnatic,5,jazz,3,3,4
170,170,datasets/audios/eastern_sliced/carnatic/carnatic_039_002.wav,0,carnatic,4,hiphop,3,3,4
171,171,datasets/audios/eastern_sliced/carnatic/carnatic_039_003.wav,0,carnatic,4,hiphop,3,3,4
172,172,datasets/audios/eastern_sliced/carnatic/carnatic_039_004.wav,0,carnatic,0,blues,3,3,4
173,173,datasets/audios/eastern_sliced/carnatic/carnatic_040_000.wav,0,carnatic,4,hiphop,0,0,4
174,174,datasets/audios/eastern_sliced/carnatic/carnatic_040_001.wav,0,carnatic,4,hiphop,0,0,4
175,175,datasets/audios/eastern_sliced/carnatic/carnatic_040_002.wav,0,carnatic,4,hiphop,0,0,2
176,176,datasets/audios/eastern_sliced/carnatic/carnatic_040_003.wav,0,carnatic,4,hiphop,0,0,4
177,177,datasets/audios/eastern_sliced/carnatic/carnatic_040_004.wav,0,carnatic,4,hiphop,0,0,4
178,178,datasets/audios/eastern_sliced/carnatic/carnatic_041_000.wav,0,carnatic,4,hiphop,0,0,4
179,179,datasets/audios/eastern_sliced/carnatic/carnatic_041_001.wav,0,carnatic,4,hiphop,0,0,4
180,180,datasets/audios/eastern_sliced/carnatic/carnatic_041_002.wav,0,carnatic,4,hiphop,0,0,4
181,181,datasets/audios/eastern_sliced/carnatic/carnatic_041_003.wav,0,carnatic,5,jazz,0,0,4
182,182,datasets/audios/eastern_sliced/carnatic/carnatic_041_004.wav,0,carnatic,7,pop,0,0,0
183,183,datasets/audios/eastern_sliced/carnatic/carnatic_042_000.wav,0,carnatic,4,hiphop,3,3,4
184,184,datasets/audios/eastern_sliced/carnatic/carnatic_042_001.wav,0,carnatic,4,hiphop,3,3,4
185,185,datasets/audios/eastern_sliced/carnatic/carnatic_042_002.wav,0,carnatic,4,hiphop,3,3,4
186,186,datasets/audios/eastern_sliced/carnatic/carnatic_042_003.wav,0,carnatic,4,hiphop,3,3,4
187,187,datasets/audios/eastern_sliced/carnatic/carnatic_042_004.wav,0,carnatic,4,hiphop,3,3,4
188,188,datasets/audios/eastern_sliced/carnatic/carnatic_043_000.wav,0,carnatic,4,hiphop,3,3,4
189,189,datasets/audios/eastern_sliced/carnatic/carnatic_043_001.wav,0,carnatic,4,hiphop,3,3,4
190,190,datasets/audios/eastern_sliced/carnatic/carnatic_043_002.wav,0,carnatic,7,pop,3,3,0
191,191,datasets/audios/eastern_sliced/carnatic/carnatic_043_003.wav,0,carnatic,4,hiphop,3,3,0
192,192,datasets/audios/eastern_sliced/carnatic/carnatic_043_004.wav,0,carnatic,2,country,3,3,4
193,193,datasets/audios/eastern_sliced/carnatic/carnatic_044_000.wav,0,carnatic,4,hiphop,3,3,4
194,194,datasets/audios/eastern_sliced/carnatic/carnatic_044_001.wav,0,carnatic,4,hiphop,3,3,4
195,195,datasets/audios/eastern_sliced/carnatic/carnatic_044_002.wav,0,carnatic,0,blues,3,3,4
196,196,datasets/audios/eastern_sliced/carnatic/carnatic_044_003.wav,0,carnatic,0,blues,3,3,4
197,197,datasets/audios/eastern_sliced/carnatic/carnatic_044_004.wav,0,carnatic,7,pop,3,3,4
198,198,datasets/audios/eastern_sliced/carnatic/carnatic_045_000.wav,0,carnatic,5,jazz,3,3,4
199,199,datasets/audios/eastern_sliced/carnatic/carnatic_045_001.wav,0,carnatic,5,jazz,3,3,4
200,200,datasets/audios/eastern_sliced/carnatic/carnatic_045_002.wav,0,carnatic,5,jazz,3,3,4
201,201,datasets/audios/eastern_sliced/carnatic/carnatic_045_003.wav,0,carnatic,5,jazz,3,3,4
202,202,datasets/audios/eastern_sliced/carnatic/carnatic_045_004.wav,0,carnatic,5,jazz,3,3,4
203,203,datasets/audios/eastern_sliced/carnatic/carnatic_046_000.wav,0,carnatic,2,country,3,3,4
204,204,datasets/audios/eastern_sliced/carnatic/carnatic_046_001.wav,0,carnatic,7,pop,3,3,0
205,205,datasets/audios/eastern_sliced/carnatic/carnatic_046_002.wav,0,carnatic,5,jazz,1,1,0
206,206,datasets/audios/eastern_sliced/carnatic/carnatic_046_003.wav,0,carnatic,0,blues,7,7,4
207,207,datasets/audios/eastern_sliced/carnatic/carnatic_046_004.wav,0,carnatic,5,jazz,3,3,0
208,208,datasets/audios/eastern_sliced/carnatic/carnatic_047_000.wav,0,carnatic,0,blues,3,3,2
209,209,datasets/audios/eastern_sliced/carnatic/carnatic_047_001.wav,0,carnatic,7,pop,3,3,0
210,210,datasets/audios/eastern_sliced/carnatic/carnatic_047_002.wav,0,carnatic,4,hiphop,3,3,4
211,211,datasets/audios/eastern_sliced/carnatic/carnatic_047_003.wav,0,carnatic,4,hiphop,3,3,4
212,212,datasets/audios/eastern_sliced/carnatic/carnatic_047_004.wav,0,carnatic,0,blues,3,3,4
213,213,datasets/audios/eastern_sliced/carnatic/carnatic_048_000.wav,0,carnatic,5,jazz,7,7,0
214,214,datasets/audios/eastern_sliced/carnatic/carnatic_048_001.wav,0,carnatic,1,classical,1,1,0
215,215,datasets/audios/eastern_sliced/carnatic/carnatic_048_002.wav,0,carnatic,9,rock,7,7,3
216,216,datasets/audios/eastern_sliced/carnatic/carnatic_048_003.wav,0,carnatic,0,blues,3,3,0
217,217,datasets/audios/eastern_sliced/carnatic/carnatic_048_004.wav,0,carnatic,5,jazz,3,3,0
218,218,datasets/audios/eastern_sliced/carnatic/carnatic_049_000.wav,0,carnatic,0,blues,3,3,4
219,219,datasets/audios/eastern_sliced/carnatic/carnatic_049_001.wav,0,carnatic,0,blues,7,7,4
220,220,datasets/audios/eastern_sliced/carnatic/carnatic_049_002.wav,0,carnatic,7,pop,3,3,0
221,221,datasets/audios/eastern_sliced/carnatic/carnatic_049_003.wav,0,carnatic,0,blues,3,3,0
222,222,datasets/audios/eastern_sliced/carnatic/carnatic_049_004.wav,0,carnatic,0,blues,3,3,4
223,223,datasets/audios/eastern_sliced/carnatic/carnatic_050_000.wav,0,carnatic,0,blues,3,3,0
224,224,datasets/audios/eastern_sliced/carnatic/carnatic_050_001.wav,0,carnatic,9,rock,7,7,2
225,225,datasets/audios/eastern_sliced/carnatic/carnatic_050_002.wav,0,carnatic,4,hiphop,3,3,4
226,226,datasets/audios/eastern_sliced/carnatic/carnatic_050_003.wav,0,carnatic,0,blues,3,3,4
227,227,datasets/audios/eastern_sliced/carnatic/carnatic_050_004.wav,0,carnatic,4,hiphop,3,3,4
228,228,datasets/audios/eastern_sliced/carnatic/carnatic_051_000.wav,0,carnatic,2,country,3,3,4
229,229,datasets/audios/eastern_sliced/carnatic/carnatic_051_001.wav,0,carnatic,4,hiphop,3,3,4
230,230,datasets/audios/eastern_sliced/carnatic/carnatic_051_002.wav,0,carnatic,4,hiphop,3,3,4
231,231,datasets/audios/eastern_sliced/carnatic/carnatic_051_003.wav,0,carnatic,4,hiphop,3,3,4
232,232,datasets/audios/eastern_sliced/carnatic/carnatic_051_004.wav,0,carnatic,4,hiphop,3,3,4
233,233,datasets/audios/eastern_sliced/carnatic/carnatic_052_000.wav,0,carnatic,4,hiphop,3,3,4
234,234,datasets/audios/eastern_sliced/carnatic/carnatic_052_001.wav,0,carnatic,4,hiphop,3,3,4
235,235,datasets/audios/eastern_sliced/carnatic/carnatic_052_002.wav,0,carnatic,7,pop,3,3,4
236,236,datasets/audios/eastern_sliced/carnatic/carnatic_052_003.wav,0,carnatic,4,hiphop,3,3,4
237,237,datasets/audios/eastern_sliced/carnatic/carnatic_052_004.wav,0,carnatic,4,hiphop,3,3,4
238,238,datasets/audios/eastern_sliced/carnatic/carnatic_053_000.wav,0,carnatic,4,hiphop,3,3,4
239,239,datasets/audios/eastern_sliced/carnatic/carnatic_053_001.wav,0,carnatic,4,hiphop,3,3,4
240,240,datasets/audios/eastern_sliced/carnatic/carnatic_053_002.wav,0,carnatic,4,hiphop,3,3,4
241,241,datasets/audios/eastern_sliced/carnatic/carnatic_053_003.wav,0,carnatic,4,hiphop,3,3,4
242,242,datasets/audios/eastern_sliced/carnatic/carnatic_053_004.wav,0,carnatic,2,country,3,3,4
243,243,datasets/audios/eastern_sliced/carnatic/carnatic_054_000.wav,0,carnatic,2,country,3,3,4
244,244,datasets/audios/eastern_sliced/carnatic/carnatic_054_001.wav,0,carnatic,2,country,3,3,4
245,245,datasets/audios/eastern_sliced/carnatic/carnatic_054_002.wav,0,carnatic,5,jazz,3,3,4
246,246,datasets/audios/eastern_sliced/carnatic/carnatic_054_003.wav,0,carnatic,2,country,3,3,4
247,247,datasets/audios/eastern_sliced/carnatic/carnatic_054_004.wav,0,carnatic,2,country,3,3,1
248,248,datasets/audios/eastern_sliced/carnatic/carnatic_055_000.wav,0,carnatic,4,hiphop,3,3,4
249,249,datasets/audios/eastern_sliced/carnatic/carnatic_055_001.wav,0,carnatic,4,hiphop,3,3,4
250,250,datasets/audios/eastern_sliced/carnatic/carnatic_055_002.wav,0,carnatic,4,hiphop,3,3,4
251,251,datasets/audios/eastern_sliced/carnatic/carnatic_055_003.wav,0,carnatic,4,hiphop,3,3,4
252,252,datasets/audios/eastern_sliced/carnatic/carnatic_055_004.wav,0,carnatic,4,hiphop,3,3,4
253,253,datasets/audios/eastern_sliced/carnatic/carnatic_056_000.wav,0,carnatic,2,country,3,3,4
254,254,datasets/audios/eastern_sliced/carnatic/carnatic_056_001.wav,0,carnatic,4,hiphop,3,3,4
255,255,datasets/audios/eastern_sliced/carnatic/carnatic_056_002.wav,0,carnatic,5,jazz,3,3,4
256,256,datasets/audios/eastern_sliced/carnatic/carnatic_056_003.wav,0,carnatic,5,jazz,3,3,0
257,257,datasets/audios/eastern_sliced/carnatic/carnatic_056_004.wav,0,carnatic,7,pop,3,3,0
258,258,datasets/audios/eastern_sliced/carnatic/carnatic_057_000.wav,0,carnatic,7,pop,3,3,0
259,259,datasets/audios/eastern_sliced/carnatic/carnatic_057_001.wav,0,carnatic,7,pop,3,3,0
260,260,datasets/audios/eastern_sliced/carnatic/carnatic_057_002.wav,0,carnatic,5,jazz,3,3,0
261,261,datasets/audios/eastern_sliced/carnatic/carnatic_057_003.wav,0,carnatic,4,hiphop,3,3,4
262,262,datasets/audios/eastern_sliced/carnatic/carnatic_058_000.wav,0,carnatic,5,jazz,7,7,0
263,263,datasets/audios/eastern_sliced/carnatic/carnatic_058_001.wav,0,carnatic,4,hiphop,3,3,4
264,264,datasets/audios/eastern_sliced/carnatic/carnatic_058_002.wav,0,carnatic,5,jazz,3,3,4
265,265,datasets/audios/eastern_sliced/carnatic/carnatic_058_003.wav,0,carnatic,0,blues,3,3,4
266,266,datasets/audios/eastern_sliced/carnatic/carnatic_058_004.wav,0,carnatic,4,hiphop,3,3,4
267,267,datasets/audios/eastern_sliced/carnatic/carnatic_059_000.wav,0,carnatic,2,country,3,3,1
268,268,datasets/audios/eastern_sliced/carnatic/carnatic_059_001.wav,0,carnatic,5,jazz,7,7,0
269,269,datasets/audios/eastern_sliced/carnatic/carnatic_059_002.wav,0,carnatic,2,country,3,3,4
270,270,datasets/audios/eastern_sliced/carnatic/carnatic_059_003.wav,0,carnatic,2,country,3,3,1
271,271,datasets/audios/eastern_sliced/carnatic/carnatic_059_004.wav,0,carnatic,2,country,3,3,1
272,272,datasets/audios/eastern_sliced/carnatic/carnatic_060_000.wav,0,carnatic,4,hiphop,3,3,4
273,273,datasets/audios/eastern_sliced/carnatic/carnatic_060_001.wav,0,carnatic,4,hiphop,3,3,4
274,274,datasets/audios/eastern_sliced/carnatic/carnatic_060_002.wav,0,carnatic,4,hiphop,3,3,4
275,275,datasets/audios/eastern_sliced/carnatic/carnatic_060_003.wav,0,carnatic,5,jazz,3,3,4
276,276,datasets/audios/eastern_sliced/carnatic/carnatic_060_004.wav,0,carnatic,5,jazz,3,3,4
277,277,datasets/audios/eastern_sliced/carnatic/carnatic_061_000.wav,0,carnatic,0,blues,3,3,4
278,278,datasets/audios/eastern_sliced/carnatic/carnatic_061_001.wav,0,carnatic,0,blues,3,3,4
279,279,datasets/audios/eastern_sliced/carnatic/carnatic_061_002.wav,0,carnatic,5,jazz,3,3,4
280,280,datasets/audios/eastern_sliced/carnatic/carnatic_061_003.wav,0,carnatic,5,jazz,3,3,0
281,281,datasets/audios/eastern_sliced/carnatic/carnatic_061_004.wav,0,carnatic,7,pop,3,3,4
282,282,datasets/audios/eastern_sliced/carnatic/carnatic_062_000.wav,0,carnatic,4,hiphop,3,3,4
283,283,datasets/audios/eastern_sliced/carnatic/carnatic_062_001.wav,0,carnatic,7,pop,3,3,0
284,284,datasets/audios/eastern_sliced/carnatic/carnatic_062_002.wav,0,carnatic,7,pop,3,3,0
285,285,datasets/audios/eastern_sliced/carnatic/carnatic_063_000.wav,0,carnatic,5,jazz,0,0,4
286,286,datasets/audios/eastern_sliced/carnatic/carnatic_063_001.wav,0,carnatic,9,rock,0,0,4
287,287,datasets/audios/eastern_sliced/carnatic/carnatic_063_002.wav,0,carnatic,5,jazz,0,0,0
288,288,datasets/audios/eastern_sliced/carnatic/carnatic_063_003.wav,0,carnatic,5,jazz,0,0,0
289,289,datasets/audios/eastern_sliced/carnatic/carnatic_063_004.wav,0,carnatic,4,hiphop,0,0,4
290,290,datasets/audios/eastern_sliced/carnatic/carnatic_064_000.wav,0,carnatic,4,hiphop,0,0,2
291,291,datasets/audios/eastern_sliced/carnatic/carnatic_064_001.wav,0,carnatic,1,classical,0,0,0
292,292,datasets/audios/eastern_sliced/carnatic/carnatic_064_002.wav,0,carnatic,0,blues,0,0,4
293,293,datasets/audios/eastern_sliced/carnatic/carnatic_064_003.wav,0,carnatic,4,hiphop,0,0,4
294,294,datasets/audios/eastern_sliced/carnatic/carnatic_064_004.wav,0,carnatic,5,jazz,0,0,4
295,295,datasets/audios/eastern_sliced/carnatic/carnatic_065_000.wav,0,carnatic,7,pop,3,3,4
296,296,datasets/audios/eastern_sliced/carnatic/carnatic_065_001.wav,0,carnatic,7,pop,3,3,0
297,297,datasets/audios/eastern_sliced/carnatic/carnatic_065_002.wav,0,carnatic,9,rock,0,0,2
298,298,datasets/audios/eastern_sliced/carnatic/carnatic_065_003.wav,0,carnatic,5,jazz,0,0,0
299,299,datasets/audios/eastern_sliced/carnatic/carnatic_065_004.wav,0,carnatic,2,country,0,0,4
300,300,datasets/audios/eastern_sliced/carnatic/carnatic_066_000.wav,0,carnatic,5,jazz,0,0,4
301,301,datasets/audios/eastern_sliced/carnatic/carnatic_066_001.wav,0,carnatic,5,jazz,0,0,0
302,302,datasets/audios/eastern_sliced/carnatic/carnatic_066_002.wav,0,carnatic,4,hiphop,0,0,4
303,303,datasets/audios/eastern_sliced/carnatic/carnatic_066_003.wav,0,carnatic,4,hiphop,0,0,4
304,304,datasets/audios/eastern_sliced/carnatic/carnatic_066_004.wav,0,carnatic,5,jazz,0,0,4
305,305,datasets/audios/eastern_sliced/carnatic/carnatic_067_000.wav,0,carnatic,7,pop,7,7,0
306,306,datasets/audios/eastern_sliced/carnatic/carnatic_067_001.wav,0,carnatic,5,jazz,0,0,0
307,307,datasets/audios/eastern_sliced/carnatic/carnatic_067_002.wav,0,carnatic,9,rock,0,0,2
308,308,datasets/audios/eastern_sliced/carnatic/carnatic_067_003.wav,0,carnatic,9,rock,0,0,2
309,309,datasets/audios/eastern_sliced/carnatic/carnatic_067_004.wav,0,carnatic,9,rock,0,0,2
310,310,datasets/audios/eastern_sliced/carnatic/carnatic_068_000.wav,0,carnatic,9,rock,0,0,0
311,311,datasets/audios/eastern_sliced/carnatic/carnatic_068_001.wav,0,carnatic,9,rock,0,0,2
312,312,datasets/audios/eastern_sliced/carnatic/carnatic_068_002.wav,0,carnatic,5,jazz,0,0,4
313,313,datasets/audios/eastern_sliced/carnatic/carnatic_068_003.wav,0,carnatic,5,jazz,0,0,0
314,314,datasets/audios/eastern_sliced/carnatic/carnatic_068_004.wav,0,carnatic,7,pop,0,0,0
315,315,datasets/audios/eastern_sliced/carnatic/carnatic_069_000.wav,0,carnatic,5,jazz,0,0,0
316,316,datasets/audios/eastern_sliced/carnatic/carnatic_069_001.wav,0,carnatic,4,hiphop,0,0,2
317,317,datasets/audios/eastern_sliced/carnatic/carnatic_069_002.wav,0,carnatic,5,jazz,0,0,0
318,318,datasets/audios/eastern_sliced/carnatic/carnatic_069_003.wav,0,carnatic,4,hiphop,0,0,2
319,319,datasets/audios/eastern_sliced/carnatic/carnatic_069_004.wav,0,carnatic,4,hiphop,0,0,2
320,320,datasets/audios/eastern_sliced/carnatic/carnatic_070_000.wav,0,carnatic,7,pop,0,0,4
321,321,datasets/audios/eastern_sliced/carnatic/carnatic_070_001.wav,0,carnatic,4,hiphop,0,0,4
322,322,datasets/audios/eastern_sliced/carnatic/carnatic_070_002.wav,0,carnatic,4,hiphop,0,0,4
323,323,datasets/audios/eastern_sliced/carnatic/carnatic_070_003.wav,0,carnatic,4,hiphop,0,0,2
324,324,datasets/audios/eastern_sliced/carnatic/carnatic_071_000.wav,0,carnatic,4,hiphop,0,0,2
325,325,datasets/audios/eastern_sliced/carnatic/carnatic_071_001.wav,0,carnatic,9,rock,0,0,2
326,326,datasets/audios/eastern_sliced/carnatic/carnatic_072_000.wav,0,carnatic,2,country,3,3,1
327,327,datasets/audios/eastern_sliced/carnatic/carnatic_072_001.wav,0,carnatic,4,hiphop,3,3,4
328,328,datasets/audios/eastern_sliced/carnatic/carnatic_072_002.wav,0,carnatic,4,hiphop,3,3,4
329,329,datasets/audios/eastern_sliced/carnatic/carnatic_072_003.wav,0,carnatic,4,hiphop,3,3,4
330,330,datasets/audios/eastern_sliced/carnatic/carnatic_072_004.wav,0,carnatic,4,hiphop,3,3,4
331,331,datasets/audios/eastern_sliced/carnatic/carnatic_073_000.wav,0,carnatic,4,hiphop,3,3,4
332,332,datasets/audios/eastern_sliced/carnatic/carnatic_073_001.wav,0,carnatic,4,hiphop,3,3,4
333,333,datasets/audios/eastern_sliced/carnatic/carnatic_073_002.wav,0,carnatic,7,pop,3,3,4
334,334,datasets/audios/eastern_sliced/carnatic/carnatic_073_003.wav,0,carnatic,7,pop,3,3,4
335,335,datasets/audios/eastern_sliced/carnatic/carnatic_073_004.wav,0,carnatic,4,hiphop,3,3,4
336,336,datasets/audios/eastern_sliced/carnatic/carnatic_074_000.wav,0,carnatic,2,country,3,3,1
337,337,datasets/audios/eastern_sliced/carnatic/carnatic_074_001.wav,0,carnatic,7,pop,3,3,0
338,338,datasets/audios/eastern_sliced/carnatic/carnatic_074_002.wav,0,carnatic,2,country,3,3,1
339,339,datasets/audios/eastern_sliced/carnatic/carnatic_074_003.wav,0,carnatic,5,jazz,7,7,0
340,340,datasets/audios/eastern_sliced/carnatic/carnatic_074_004.wav,0,carnatic,4,hiphop,3,3,4
341,341,datasets/audios/eastern_sliced/carnatic/carnatic_075_000.wav,0,carnatic,7,pop,3,3,4
342,342,datasets/audios/eastern_sliced/carnatic/carnatic_075_001.wav,0,carnatic,7,pop,3,3,4
343,343,datasets/audios/eastern_sliced/carnatic/carnatic_075_002.wav,0,carnatic,4,hiphop,3,3,4
344,344,datasets/audios/eastern_sliced/carnatic/carnatic_075_003.wav,0,carnatic,4,hiphop,3,3,4
345,345,datasets/audios/eastern_sliced/carnatic/carnatic_075_004.wav,0,carnatic,4,hiphop,3,3,4
346,346,datasets/audios/eastern_sliced/carnatic/carnatic_076_000.wav,0,carnatic,2,country,3,3,4
347,347,datasets/audios/eastern_sliced/carnatic/carnatic_076_001.wav,0,carnatic,2,country,3,3,4
348,348,datasets/audios/eastern_sliced/carnatic/carnatic_076_002.wav,0,carnatic,2,country,3,3,4
349,349,datasets/audios/eastern_sliced/carnatic/carnatic_076_003.wav,0,carnatic,7,pop,3,3,4
350,350,datasets/audios/eastern_sliced/carnatic/carnatic_076_004.wav,0,carnatic,2,country,3,3,1
351,351,datasets/audios/eastern_sliced/carnatic/carnatic_077_000.wav,0,carnatic,7,pop,3,3,4
352,352,datasets/audios/eastern_sliced/carnatic/carnatic_077_001.wav,0,carnatic,4,hiphop,3,3,4
353,353,datasets/audios/eastern_sliced/carnatic/carnatic_077_002.wav,0,carnatic,7,pop,3,3,0
354,354,datasets/audios/eastern_sliced/carnatic/carnatic_077_003.wav,0,carnatic,4,hiphop,3,3,4
355,355,datasets/audios/eastern_sliced/carnatic/carnatic_078_000.wav,0,carnatic,7,pop,3,3,0
356,356,datasets/audios/eastern_sliced/carnatic/carnatic_078_001.wav,0,carnatic,5,jazz,1,1,0
357,357,datasets/audios/eastern_sliced/carnatic/carnatic_078_002.wav,0,carnatic,1,classical,1,1,0
358,358,datasets/audios/eastern_sliced/carnatic/carnatic_078_003.wav,0,carnatic,7,pop,3,3,4
359,359,datasets/audios/eastern_sliced/carnatic/carnatic_078_004.wav,0,carnatic,4,hiphop,3,3,2
360,360,datasets/audios/eastern_sliced/carnatic/carnatic_079_000.wav,0,carnatic,7,pop,3,3,4
361,361,datasets/audios/eastern_sliced/carnatic/carnatic_079_001.wav,0,carnatic,2,country,3,3,4
362,362,datasets/audios/eastern_sliced/carnatic/carnatic_079_002.wav,0,carnatic,7,pop,3,3,0
363,363,datasets/audios/eastern_sliced/carnatic/carnatic_079_003.wav,0,carnatic,7,pop,3,3,0
364,364,datasets/audios/eastern_sliced/carnatic/carnatic_079_004.wav,0,carnatic,7,pop,3,3,0
365,365,datasets/audios/eastern_sliced/carnatic/carnatic_080_000.wav,0,carnatic,7,pop,3,3,4
366,366,datasets/audios/eastern_sliced/carnatic/carnatic_080_001.wav,0,carnatic,7,pop,3,3,0
367,367,datasets/audios/eastern_sliced/carnatic/carnatic_081_000.wav,0,carnatic,7,pop,3,3,0
368,368,datasets/audios/eastern_sliced/carnatic/carnatic_081_001.wav,0,carnatic,7,pop,3,3,0
369,369,datasets/audios/eastern_sliced/carnatic/carnatic_081_002.wav,0,carnatic,7,pop,3,3,0
370,370,datasets/audios/eastern_sliced/carnatic/carnatic_081_003.wav,0,carnatic,7,pop,3,3,4
371,371,datasets/audios/eastern_sliced/carnatic/carnatic_081_004.wav,0,carnatic,7,pop,3,3,4
372,372,datasets/audios/eastern_sliced/carnatic/carnatic_082_000.wav,0,carnatic,7,pop,3,3,0
373,373,datasets/audios/eastern_sliced/carnatic/carnatic_082_001.wav,0,carnatic,7,pop,3,3,0
374,374,datasets/audios/eastern_sliced/carnatic/carnatic_082_002.wav,0,carnatic,7,pop,3,3,0
375,375,datasets/audios/eastern_sliced/carnatic/carnatic_082_003.wav,0,carnatic,7,pop,3,3,0
376,376,datasets/audios/eastern_sliced/carnatic/carnatic_082_004.wav,0,carnatic,7,pop,3,3,0
377,377,datasets/audios/eastern_sliced/carnatic/carnatic_083_000.wav,0,carnatic,7,pop,3,3,0
378,378,datasets/audios/eastern_sliced/carnatic/carnatic_083_001.wav,0,carnatic,7,pop,3,3,0
379,379,datasets/audios/eastern_sliced/carnatic/carnatic_083_002.wav,0,carnatic,7,pop,3,3,0
380,380,datasets/audios/eastern_sliced/carnatic/carnatic_083_003.wav,0,carnatic,7,pop,3,3,0
381,381,datasets/audios/eastern_sliced/carnatic/carnatic_083_004.wav,0,carnatic,7,pop,3,3,0
382,382,datasets/audios/eastern_sliced/carnatic/carnatic_084_000.wav,0,carnatic,7,pop,7,7,6
383,383,datasets/audios/eastern_sliced/carnatic/carnatic_084_001.wav,0,carnatic,7,pop,7,7,6
384,384,datasets/audios/eastern_sliced/carnatic/carnatic_084_002.wav,0,carnatic,7,pop,7,7,0
385,385,datasets/audios/eastern_sliced/carnatic/carnatic_084_003.wav,0,carnatic,7,pop,7,7,0
386,386,datasets/audios/eastern_sliced/carnatic/carnatic_084_004.wav,0,carnatic,7,pop,3,3,0
387,387,datasets/audios/eastern_sliced/carnatic/carnatic_085_000.wav,0,carnatic,0,blues,3,3,0
388,388,datasets/audios/eastern_sliced/carnatic/carnatic_085_001.wav,0,carnatic,7,pop,3,3,0
389,389,datasets/audios/eastern_sliced/carnatic/carnatic_085_002.wav,0,carnatic,7,pop,3,3,0
390,390,datasets/audios/eastern_sliced/carnatic/carnatic_085_003.wav,0,carnatic,7,pop,3,3,0
391,391,datasets/audios/eastern_sliced/carnatic/carnatic_085_004.wav,0,carnatic,7,pop,3,3,0
392,392,datasets/audios/eastern_sliced/carnatic/carnatic_086_000.wav,0,carnatic,7,pop,7,7,6
393,393,datasets/audios/eastern_sliced/carnatic/carnatic_086_001.wav,0,carnatic,7,pop,7,7,0
394,394,datasets/audios/eastern_sliced/carnatic/carnatic_086_002.wav,0,carnatic,7,pop,3,3,6
395,395,datasets/audios/eastern_sliced/carnatic/carnatic_086_003.wav,0,carnatic,7,pop,3,3,0
396,396,datasets/audios/eastern_sliced/carnatic/carnatic_086_004.wav,0,carnatic,7,pop,3,3,0
397,397,datasets/audios/eastern_sliced/carnatic/carnatic_087_000.wav,0,carnatic,7,pop,3,3,0
398,398,datasets/audios/eastern_sliced/carnatic/carnatic_087_001.wav,0,carnatic,7,pop,3,3,0
399,399,datasets/audios/eastern_sliced/carnatic/carnatic_087_002.wav,0,carnatic,5,jazz,3,3,0
400,400,datasets/audios/eastern_sliced/carnatic/carnatic_087_003.wav,0,carnatic,7,pop,3,3,0
401,401,datasets/audios/eastern_sliced/carnatic/carnatic_087_004.wav,0,carnatic,7,pop,3,3,0
402,402,datasets/audios/eastern_sliced/carnatic/carnatic_088_000.wav,0,carnatic,7,pop,3,3,0
403,403,datasets/audios/eastern_sliced/carnatic/carnatic_088_001.wav,0,carnatic,7,pop,3,3,0
404,404,datasets/audios/eastern_sliced/carnatic/carnatic_088_002.wav,0,carnatic,7,pop,3,3,0
405,405,datasets/audios/eastern_sliced/carnatic/carnatic_088_003.wav,0,carnatic,7,pop,3,3,6
406,406,datasets/audios/eastern_sliced/carnatic/carnatic_088_004.wav,0,carnatic,7,pop,3,3,0
407,407,datasets/audios/eastern_sliced/carnatic/carnatic_089_000.wav,0,carnatic,7,pop,3,3,0
408,408,datasets/audios/eastern_sliced/carnatic/carnatic_089_001.wav,0,carnatic,7,pop,3,3,0
409,409,datasets/audios/eastern_sliced/carnatic/carnatic_089_002.wav,0,carnatic,7,pop,3,3,0
410,410,datasets/audios/eastern_sliced/carnatic/carnatic_089_003.wav,0,carnatic,7,pop,3,3,0
411,411,datasets/audios/eastern_sliced/carnatic/carnatic_089_004.wav,0,carnatic,7,pop,3,3,0
412,412,datasets/audios/eastern_sliced/carnatic/carnatic_090_000.wav,0,carnatic,7,pop,3,3,0
413,413,datasets/audios/eastern_sliced/carnatic/carnatic_090_001.wav,0,carnatic,7,pop,3,3,0
414,414,datasets/audios/eastern_sliced/carnatic/carnatic_091_000.wav,0,carnatic,5,jazz,3,3,4
415,415,datasets/audios/eastern_sliced/carnatic/carnatic_091_001.wav,0,carnatic,5,jazz,3,3,4
416,416,datasets/audios/eastern_sliced/carnatic/carnatic_091_002.wav,0,carnatic,5,jazz,3,3,4
417,417,datasets/audios/eastern_sliced/carnatic/carnatic_091_003.wav,0,carnatic,5,jazz,3,3,4
418,418,datasets/audios/eastern_sliced/carnatic/carnatic_092_000.wav,0,carnatic,2,country,3,3,1
419,419,datasets/audios/eastern_sliced/carnatic/carnatic_092_001.wav,0,carnatic,1,classical,3,3,3
420,420,datasets/audios/eastern_sliced/carnatic/carnatic_092_002.wav,0,carnatic,2,country,3,3,4
421,421,datasets/audios/eastern_sliced/carnatic/carnatic_092_003.wav,0,carnatic,4,hiphop,3,3,4
422,422,datasets/audios/eastern_sliced/carnatic/carnatic_092_004.wav,0,carnatic,4,hiphop,3,3,4
423,423,datasets/audios/eastern_sliced/carnatic/carnatic_093_000.wav,0,carnatic,2,country,3,3,4
424,424,datasets/audios/eastern_sliced/carnatic/carnatic_093_001.wav,0,carnatic,5,jazz,3,3,4
425,425,datasets/audios/eastern_sliced/carnatic/carnatic_093_002.wav,0,carnatic,5,jazz,3,3,4
426,426,datasets/audios/eastern_sliced/carnatic/carnatic_093_003.wav,0,carnatic,5,jazz,3,3,4
427,427,datasets/audios/eastern_sliced/carnatic/carnatic_093_004.wav,0,carnatic,5,jazz,3,3,4
428,428,datasets/audios/eastern_sliced/carnatic/carnatic_094_000.wav,0,carnatic,5,jazz,3,3,4
429,429,datasets/audios/eastern_sliced/carnatic/carnatic_094_001.wav,0,carnatic,5,jazz,3,3,4
430,430,datasets/audios/eastern_sliced/carnatic/carnatic_094_002.wav,0,carnatic,4,hiphop,3,3,4
431,431,datasets/audios/eastern_sliced/carnatic/carnatic_094_003.wav,0,carnatic,5,jazz,3,3,0
432,432,datasets/audios/eastern_sliced/carnatic/carnatic_094_004.wav,0,carnatic,5,jazz,3,3,0
433,433,datasets/audios/eastern_sliced/carnatic/carnatic_095_000.wav,0,carnatic,1,classical,3,3,3
434,434,datasets/audios/eastern_sliced/carnatic/carnatic_095_001.wav,0,carnatic,1,classical,7,7,0
435,435,datasets/audios/eastern_sliced/carnatic/carnatic_095_002.wav,0,carnatic,1,classical,7,7,0
436,436,datasets/audios/eastern_sliced/carnatic/carnatic_095_003.wav,0,carnatic,5,jazz,3,3,4
437,437,datasets/audios/eastern_sliced/carnatic/carnatic_095_004.wav,0,carnatic,5,jazz,3,3,4
438,438,datasets/audios/eastern_sliced/carnatic/carnatic_096_000.wav,0,carnatic,5,jazz,3,3,4
439,439,datasets/audios/eastern_sliced/carnatic/carnatic_096_001.wav,0,carnatic,5,jazz,3,3,0
440,440,datasets/audios/eastern_sliced/carnatic/carnatic_096_002.wav,0,carnatic,5,jazz,3,3,4
441,441,datasets/audios/eastern_sliced/carnatic/carnatic_096_003.wav,0,carnatic,5,jazz,3,3,4
442,442,datasets/audios/eastern_sliced/carnatic/carnatic_096_004.wav,0,carnatic,4,hiphop,3,3,4
443,443,datasets/audios/eastern_sliced/carnatic/carnatic_097_000.wav,0,carnatic,5,jazz,3,3,4
444,444,datasets/audios/eastern_sliced/carnatic/carnatic_097_001.wav,0,carnatic,5,jazz,3,3,4
445,445,datasets/audios/eastern_sliced/carnatic/carnatic_097_002.wav,0,carnatic,5,jazz,3,3,4
446,446,datasets/audios/eastern_sliced/carnatic/carnatic_097_003.wav,0,carnatic,5,jazz,3,3,0
447,447,datasets/audios/eastern_sliced/carnatic/carnatic_097_004.wav,0,carnatic,5,jazz,3,3,4
448,448,datasets/audios/eastern_sliced/carnatic/carnatic_098_000.wav,0,carnatic,5,jazz,3,3,4
449,449,datasets/audios/eastern_sliced/carnatic/carnatic_098_001.wav,0,carnatic,4,hiphop,3,3,4
450,450,datasets/audios/eastern_sliced/carnatic/carnatic_098_002.wav,0,carnatic,4,hiphop,3,3,4
451,451,datasets/audios/eastern_sliced/carnatic/carnatic_098_003.wav,0,carnatic,4,hiphop,3,3,4
452,452,datasets/audios/eastern_sliced/carnatic/carnatic_098_004.wav,0,carnatic,4,hiphop,3,3,4
453,453,datasets/audios/eastern_sliced/carnatic/carnatic_099_000.wav,0,carnatic,5,jazz,3,3,4
454,454,datasets/audios/eastern_sliced/carnatic/carnatic_099_001.wav,0,carnatic,2,country,3,3,1
455,455,datasets/audios/eastern_sliced/carnatic/carnatic_099_002.wav,0,carnatic,5,jazz,3,3,4
456,456,datasets/audios/eastern_sliced/carnatic/carnatic_099_003.wav,0,carnatic,0,blues,3,3,4
457,457,datasets/audios/eastern_sliced/carnatic/carnatic_099_004.wav,0,carnatic,4,hiphop,3,3,4
458,458,datasets/audios/eastern_sliced/cpop/cpop_000_000.wav,1,cpop,7,pop,6,6,1
459,459,datasets/audios/eastern_sliced/cpop/cpop_001_000.wav,1,cpop,7,pop,6,6,1
460,460,datasets/audios/eastern_sliced/cpop/cpop_002_000.wav,1,cpop,2,country,2,2,7
461,461,datasets/audios/eastern_sliced/cpop/cpop_003_000.wav,1,cpop,7,pop,2,2,1
462,462,datasets/audios/eastern_sliced/cpop/cpop_004_000.wav,1,cpop,7,pop,2,2,6
463,463,datasets/audios/eastern_sliced/cpop/cpop_005_000.wav,1,cpop,7,pop,6,6,1
464,464,datasets/audios/eastern_sliced/cpop/cpop_006_000.wav,1,cpop,7,pop,2,2,1
465,465,datasets/audios/eastern_sliced/cpop/cpop_007_000.wav,1,cpop,7,pop,6,6,1
466,466,datasets/audios/eastern_sliced/cpop/cpop_008_000.wav,1,cpop,7,pop,6,6,1
467,467,datasets/audios/eastern_sliced/cpop/cpop_009_000.wav,1,cpop,7,pop,6,6,1
468,468,datasets/audios/eastern_sliced/cpop/cpop_010_000.wav,1,cpop,7,pop,6,6,0
469,469,datasets/audios/eastern_sliced/cpop/cpop_011_000.wav,1,cpop,7,pop,2,2,6
470,470,datasets/audios/eastern_sliced/cpop/cpop_012_000.wav,1,cpop,7,pop,2,2,6
471,471,datasets/audios/eastern_sliced/cpop/cpop_013_000.wav,1,cpop,2,country,6,6,1
472,472,datasets/audios/eastern_sliced/cpop/cpop_014_000.wav,1,cpop,7,pop,6,6,1
473,473,datasets/audios/eastern_sliced/cpop/cpop_015_000.wav,1,cpop,7,pop,6,6,1
474,474,datasets/audios/eastern_sliced/cpop/cpop_016_000.wav,1,cpop,2,country,6,6,1
475,475,datasets/audios/eastern_sliced/cpop/cpop_017_000.wav,1,cpop,7,pop,6,6,6
476,476,datasets/audios/eastern_sliced/cpop/cpop_018_000.wav,1,cpop,7,pop,6,6,1
477,477,datasets/audios/eastern_sliced/cpop/cpop_019_000.wav,1,cpop,9,rock,4,4,1
478,478,datasets/audios/eastern_sliced/cpop/cpop_020_000.wav,1,cpop,7,pop,6,6,6
479,479,datasets/audios/eastern_sliced/cpop/cpop_021_000.wav,1,cpop,7,pop,2,2,7
480,480,datasets/audios/eastern_sliced/cpop/cpop_022_000.wav,1,cpop,7,pop,6,6,6
481,481,datasets/audios/eastern_sliced/cpop/cpop_023_000.wav,1,cpop,7,pop,6,6,6
482,482,datasets/audios/eastern_sliced/cpop/cpop_024_000.wav,1,cpop,7,pop,2,2,1
483,483,datasets/audios/eastern_sliced/cpop/cpop_025_000.wav,1,cpop,2,country,6,6,1
484,484,datasets/audios/eastern_sliced/cpop/cpop_026_000.wav,1,cpop,7,pop,6,6,1
485,485,datasets/audios/eastern_sliced/cpop/cpop_027_000.wav,1,cpop,7,pop,6,6,1
486,486,datasets/audios/eastern_sliced/cpop/cpop_028_000.wav,1,cpop,2,country,2,2,1
487,487,datasets/audios/eastern_sliced/cpop/cpop_029_000.wav,1,cpop,7,pop,2,2,1
488,488,datasets/audios/eastern_sliced/cpop/cpop_030_000.wav,1,cpop,9,rock,6,6,1
489,489,datasets/audios/eastern_sliced/cpop/cpop_031_000.wav,1,cpop,2,country,6,6,1
490,490,datasets/audios/eastern_sliced/cpop/cpop_032_000.wav,1,cpop,7,pop,2,2,6
491,491,datasets/audios/eastern_sliced/cpop/cpop_033_000.wav,1,cpop,7,pop,6,6,6
492,492,datasets/audios/eastern_sliced/cpop/cpop_034_000.wav,1,cpop,7,pop,6,6,1
493,493,datasets/audios/eastern_sliced/cpop/cpop_035_000.wav,1,cpop,2,country,6,6,1
494,494,datasets/audios/eastern_sliced/cpop/cpop_036_000.wav,1,cpop,2,country,6,6,1
495,495,datasets/audios/eastern_sliced/cpop/cpop_037_000.wav,1,cpop,7,pop,6,6,1
496,496,datasets/audios/eastern_sliced/cpop/cpop_038_000.wav,1,cpop,7,pop,6,6,6
497,497,datasets/audios/eastern_sliced/cpop/cpop_039_000.wav,1,cpop,7,pop,6,6,6
498,498,datasets/audios/eastern_sliced/cpop/cpop_040_000.wav,1,cpop,7,pop,6,6,1
499,499,datasets/audios/eastern_sliced/cpop/cpop_041_000.wav,1,cpop,9,rock,6,6,1
500,500,datasets/audios/eastern_sliced/cpop/cpop_042_000.wav,1,cpop,7,pop,6,6,6
501,501,datasets/audios/eastern_sliced/cpop/cpop_043_000.wav,1,cpop,7,pop,6,6,3
502,502,datasets/audios/eastern_sliced/cpop/cpop_044_000.wav,1,cpop,7,pop,2,2,6
503,503,datasets/audios/eastern_sliced/cpop/cpop_045_000.wav,1,cpop,7,pop,6,6,1
504,504,datasets/audios/eastern_sliced/cpop/cpop_046_000.wav,1,cpop,7,pop,6,6,1
505,505,datasets/audios/eastern_sliced/cpop/cpop_047_000.wav,1,cpop,7,pop,2,2,2
506,506,datasets/audios/eastern_sliced/cpop/cpop_048_000.wav,1,cpop,7,pop,6,6,1
507,507,datasets/audios/eastern_sliced/cpop/cpop_049_000.wav,1,cpop,7,pop,7,7,0
508,508,datasets/audios/eastern_sliced/cpop/cpop_050_000.wav,1,cpop,7,pop,6,6,6
509,509,datasets/audios/eastern_sliced/cpop/cpop_051_000.wav,1,cpop,7,pop,4,4,1
510,510,datasets/audios/eastern_sliced/cpop/cpop_052_000.wav,1,cpop,7,pop,6,6,6
511,511,datasets/audios/eastern_sliced/cpop/cpop_053_000.wav,1,cpop,7,pop,6,6,1
512,512,datasets/audios/eastern_sliced/cpop/cpop_054_000.wav,1,cpop,7,pop,6,6,1
513,513,datasets/audios/eastern_sliced/cpop/cpop_055_000.wav,1,cpop,7,pop,6,6,1
514,514,datasets/audios/eastern_sliced/cpop/cpop_056_000.wav,1,cpop,7,pop,2,2,1
515,515,datasets/audios/eastern_sliced/cpop/cpop_057_000.wav,1,cpop,7,pop,6,6,1
516,516,datasets/audios/eastern_sliced/cpop/cpop_058_000.wav,1,cpop,9,rock,6,6,7
517,517,datasets/audios/eastern_sliced/cpop/cpop_059_000.wav,1,cpop,7,pop,6,6,1
518,518,datasets/audios/eastern_sliced/cpop/cpop_060_000.wav,1,cpop,2,country,6,6,1
519,519,datasets/audios/eastern_sliced/cpop/cpop_061_000.wav,1,cpop,2,country,6,6,1
520,520,datasets/audios/eastern_sliced/cpop/cpop_062_000.wav,1,cpop,7,pop,2,2,7
521,521,datasets/audios/eastern_sliced/cpop/cpop_063_000.wav,1,cpop,7,pop,6,6,1
522,522,datasets/audios/eastern_sliced/cpop/cpop_064_000.wav,1,cpop,7,pop,2,2,6
523,523,datasets/audios/eastern_sliced/cpop/cpop_065_000.wav,1,cpop,7,pop,2,2,6
524,524,datasets/audios/eastern_sliced/cpop/cpop_066_000.wav,1,cpop,7,pop,6,6,1
525,525,datasets/audios/eastern_sliced/cpop/cpop_067_000.wav,1,cpop,7,pop,2,2,6
526,526,datasets/audios/eastern_sliced/cpop/cpop_068_000.wav,1,cpop,7,pop,6,6,6
527,527,datasets/audios/eastern_sliced/cpop/cpop_069_000.wav,1,cpop,7,pop,2,2,6
528,528,datasets/audios/eastern_sliced/cpop/cpop_070_000.wav,1,cpop,7,pop,6,6,6
529,529,datasets/audios/eastern_sliced/cpop/cpop_071_000.wav,1,cpop,7,pop,2,2,6
530,530,datasets/audios/eastern_sliced/cpop/cpop_072_000.wav,1,cpop,7,pop,6,6,1
531,531,datasets/audios/eastern_sliced/cpop/cpop_073_000.wav,1,cpop,2,country,2,2,1
532,532,datasets/audios/eastern_sliced/cpop/cpop_074_000.wav,1,cpop,7,pop,6,6,6
533,533,datasets/audios/eastern_sliced/cpop/cpop_075_000.wav,1,cpop,7,pop,6,6,1
534,534,datasets/audios/eastern_sliced/cpop/cpop_076_000.wav,1,cpop,7,pop,2,2,6
535,535,datasets/audios/eastern_sliced/cpop/cpop_077_000.wav,1,cpop,7,pop,6,6,6
536,536,datasets/audios/eastern_sliced/cpop/cpop_078_000.wav,1,cpop,7,pop,6,6,1
537,537,datasets/audios/eastern_sliced/cpop/cpop_079_000.wav,1,cpop,7,pop,6,6,6
538,538,datasets/audios/eastern_sliced/cpop/cpop_080_000.wav,1,cpop,7,pop,6,6,1
539,539,datasets/audios/eastern_sliced/cpop/cpop_081_000.wav,1,cpop,7,pop,6,6,1
540,540,datasets/audios/eastern_sliced/cpop/cpop_082_000.wav,1,cpop,7,pop,2,2,6
541,541,datasets/audios/eastern_sliced/cpop/cpop_083_000.wav,1,cpop,7,pop,2,2,6
542,542,datasets/audios/eastern_sliced/cpop/cpop_084_000.wav,1,cpop,2,country,6,6,1
543,543,datasets/audios/eastern_sliced/cpop/cpop_085_000.wav,1,cpop,2,country,6,6,1
544,544,datasets/audios/eastern_sliced/cpop/cpop_086_000.wav,1,cpop,7,pop,2,2,1
545,545,datasets/audios/eastern_sliced/cpop/cpop_087_000.wav,1,cpop,7,pop,2,2,6
546,546,datasets/audios/eastern_sliced/cpop/cpop_088_000.wav,1,cpop,7,pop,2,2,6
547,547,datasets/audios/eastern_sliced/cpop/cpop_089_000.wav,1,cpop,7,pop,2,2,6
548,548,datasets/audios/eastern_sliced/cpop/cpop_090_000.wav,1,cpop,7,pop,2,2,6
549,549,datasets/audios/eastern_sliced/cpop/cpop_091_000.wav,1,cpop,7,pop,6,6,1
550,550,datasets/audios/eastern_sliced/cpop/cpop_092_000.wav,1,cpop,7,pop,6,6,1
551,551,datasets/audios/eastern_sliced/cpop/cpop_093_000.wav,1,cpop,7,pop,6,6,1
552,552,datasets/audios/eastern_sliced/cpop/cpop_094_000.wav,1,cpop,9,rock,6,6,1
553,553,datasets/audios/eastern_sliced/cpop/cpop_095_000.wav,1,cpop,7,pop,6,6,1
554,554,datasets/audios/eastern_sliced/cpop/cpop_096_000.wav,1,cpop,7,pop,6,6,1
555,555,datasets/audios/eastern_sliced/cpop/cpop_097_000.wav,1,cpop,7,pop,4,4,6
556,556,datasets/audios/eastern_sliced/cpop/cpop_098_000.wav,1,cpop,7,pop,6,6,1
557,557,datasets/audios/eastern_sliced/cpop/cpop_099_000.wav,1,cpop,7,pop,6,6,1
558,558,datasets/audios/eastern_sliced/enka/enka_000_000.wav,2,enka,2,country,6,6,1
559,559,datasets/audios/eastern_sliced/enka/enka_000_001.wav,2,enka,2,country,6,6,1
560,560,datasets/audios/eastern_sliced/enka/enka_000_002.wav,2,enka,2,country,6,6,1
561,561,datasets/audios/eastern_sliced/enka/enka_001_000.wav,2,enka,2,country,6,6,1
562,562,datasets/audios/eastern_sliced/enka/enka_001_001.wav,2,enka,2,country,6,6,1
563,563,datasets/audios/eastern_sliced/enka/enka_001_002.wav,2,enka,2,country,6,6,1
564,564,datasets/audios/eastern_sliced/enka/enka_002_000.wav,2,enka,7,pop,6,6,1
565,565,datasets/audios/eastern_sliced/enka/enka_002_001.wav,2,enka,7,pop,6,6,1
566,566,datasets/audios/eastern_sliced/enka/enka_002_002.wav,2,enka,7,pop,6,6,1
567,567,datasets/audios/eastern_sliced/enka/enka_003_000.wav,2,enka,2,country,6,6,1
568,568,datasets/audios/eastern_sliced/enka/enka_003_001.wav,2,enka,2,country,6,6,1
569,569,datasets/audios/eastern_sliced/enka/enka_003_002.wav,2,enka,2,country,6,6,1
570,570,datasets/audios/eastern_sliced/enka/enka_004_000.wav,2,enka,1,classical,3,3,0
571,571,datasets/audios/eastern_sliced/enka/enka_004_001.wav,2,enka,1,classical,3,3,0
572,572,datasets/audios/eastern_sliced/enka/enka_004_002.wav,2,enka,1,classical,3,3,0
573,573,datasets/audios/eastern_sliced/enka/enka_005_000.wav,2,enka,7,pop,6,6,6
574,574,datasets/audios/eastern_sliced/enka/enka_005_001.wav,2,enka,7,pop,6,6,0
575,575,datasets/audios/eastern_sliced/enka/enka_005_002.wav,2,enka,7,pop,6,6,1
576,576,datasets/audios/eastern_sliced/enka/enka_006_000.wav,2,enka,7,pop,6,6,1
577,577,datasets/audios/eastern_sliced/enka/enka_006_001.wav,2,enka,7,pop,6,6,1
578,578,datasets/audios/eastern_sliced/enka/enka_006_002.wav,2,enka,7,pop,6,6,1
579,579,datasets/audios/eastern_sliced/enka/enka_007_000.wav,2,enka,7,pop,6,6,1
580,580,datasets/audios/eastern_sliced/enka/enka_007_001.wav,2,enka,7,pop,6,6,1
581,581,datasets/audios/eastern_sliced/enka/enka_007_002.wav,2,enka,7,pop,6,6,1
582,582,datasets/audios/eastern_sliced/enka/enka_008_000.wav,2,enka,8,reggae,6,6,0
583,583,datasets/audios/eastern_sliced/enka/enka_008_001.wav,2,enka,5,jazz,6,6,0
584,584,datasets/audios/eastern_sliced/enka/enka_008_002.wav,2,enka,5,jazz,6,6,0
585,585,datasets/audios/eastern_sliced/enka/enka_009_000.wav,2,enka,7,pop,6,6,1
586,586,datasets/audios/eastern_sliced/enka/enka_009_001.wav,2,enka,7,pop,6,6,1
587,587,datasets/audios/eastern_sliced/enka/enka_009_002.wav,2,enka,7,pop,6,6,1
588,588,datasets/audios/eastern_sliced/enka/enka_010_000.wav,2,enka,7,pop,5,5,0
589,589,datasets/audios/eastern_sliced/enka/enka_010_001.wav,2,enka,7,pop,5,5,0
590,590,datasets/audios/eastern_sliced/enka/enka_010_002.wav,2,enka,7,pop,5,5,0
591,591,datasets/audios/eastern_sliced/enka/enka_011_000.wav,2,enka,5,jazz,5,5,0
592,592,datasets/audios/eastern_sliced/enka/enka_011_001.wav,2,enka,5,jazz,5,5,0
593,593,datasets/audios/eastern_sliced/enka/enka_011_002.wav,2,enka,5,jazz,5,5,0
594,594,datasets/audios/eastern_sliced/enka/enka_012_000.wav,2,enka,1,classical,5,5,0
595,595,datasets/audios/eastern_sliced/enka/enka_012_001.wav,2,enka,5,jazz,6,6,0
596,596,datasets/audios/eastern_sliced/enka/enka_012_002.wav,2,enka,7,pop,6,6,0
597,597,datasets/audios/eastern_sliced/enka/enka_013_000.wav,2,enka,7,pop,6,6,0
598,598,datasets/audios/eastern_sliced/enka/enka_013_001.wav,2,enka,7,pop,6,6,6
599,599,datasets/audios/eastern_sliced/enka/enka_013_002.wav,2,enka,7,pop,6,6,6
600,600,datasets/audios/eastern_sliced/enka/enka_014_000.wav,2,enka,7,pop,6,6,0
601,601,datasets/audios/eastern_sliced/enka/enka_014_001.wav,2,enka,7,pop,6,6,0
602,602,datasets/audios/eastern_sliced/enka/enka_014_002.wav,2,enka,7,pop,6,6,0
603,603,datasets/audios/eastern_sliced/enka/enka_015_000.wav,2,enka,1,classical,6,6,3
604,604,datasets/audios/eastern_sliced/enka/enka_015_001.wav,2,enka,1,classical,6,6,3
605,605,datasets/audios/eastern_sliced/enka/enka_015_002.wav,2,enka,7,pop,6,6,0
606,606,datasets/audios/eastern_sliced/enka/enka_016_000.wav,2,enka,5,jazz,5,5,0
607,607,datasets/audios/eastern_sliced/enka/enka_016_001.wav,2,enka,5,jazz,5,5,0
608,608,datasets/audios/eastern_sliced/enka/enka_016_002.wav,2,enka,5,jazz,5,5,0
609,609,datasets/audios/eastern_sliced/enka/enka_017_000.wav,2,enka,1,classical,5,5,0
610,610,datasets/audios/eastern_sliced/enka/enka_017_001.wav,2,enka,5,jazz,5,5,0
611,611,datasets/audios/eastern_sliced/enka/enka_017_002.wav,2,enka,5,jazz,5,5,0
612,612,datasets/audios/eastern_sliced/enka/enka_018_000.wav,2,enka,5,jazz,5,5,0
613,613,datasets/audios/eastern_sliced/enka/enka_018_001.wav,2,enka,1,classical,5,5,0
614,614,datasets/audios/eastern_sliced/enka/enka_018_002.wav,2,enka,7,pop,5,5,0
615,615,datasets/audios/eastern_sliced/enka/enka_019_000.wav,2,enka,7,pop,5,5,0
616,616,datasets/audios/eastern_sliced/enka/enka_019_001.wav,2,enka,5,jazz,5,5,0
617,617,datasets/audios/eastern_sliced/enka/enka_019_002.wav,2,enka,5,jazz,5,5,0
618,618,datasets/audios/eastern_sliced/enka/enka_020_000.wav,2,enka,5,jazz,6,6,0
619,619,datasets/audios/eastern_sliced/enka/enka_020_001.wav,2,enka,4,hiphop,5,5,0
620,620,datasets/audios/eastern_sliced/enka/enka_020_002.wav,2,enka,4,hiphop,5,5,0
621,621,datasets/audios/eastern_sliced/enka/enka_021_000.wav,2,enka,5,jazz,5,5,0
622,622,datasets/audios/eastern_sliced/enka/enka_021_001.wav,2,enka,5,jazz,5,5,0
623,623,datasets/audios/eastern_sliced/enka/enka_021_002.wav,2,enka,5,jazz,5,5,0
624,624,datasets/audios/eastern_sliced/enka/enka_022_000.wav,2,enka,7,pop,5,5,0
625,625,datasets/audios/eastern_sliced/enka/enka_022_001.wav,2,enka,7,pop,5,5,0
626,626,datasets/audios/eastern_sliced/enka/enka_022_002.wav,2,enka,7,pop,5,5,0
627,627,datasets/audios/eastern_sliced/enka/enka_023_000.wav,2,enka,7,pop,5,5,0
628,628,datasets/audios/eastern_sliced/enka/enka_023_001.wav,2,enka,7,pop,5,5,0
629,629,datasets/audios/eastern_sliced/enka/enka_023_002.wav,2,enka,7,pop,5,5,0
630,630,datasets/audios/eastern_sliced/enka/enka_024_000.wav,2,enka,7,pop,5,5,0
631,631,datasets/audios/eastern_sliced/enka/enka_024_001.wav,2,enka,7,pop,5,5,0
632,632,datasets/audios/eastern_sliced/enka/enka_024_002.wav,2,enka,7,pop,5,5,0
633,633,datasets/audios/eastern_sliced/enka/enka_025_000.wav,2,enka,7,pop,5,5,0
634,634,datasets/audios/eastern_sliced/enka/enka_025_001.wav,2,enka,7,pop,5,5,0
635,635,datasets/audios/eastern_sliced/enka/enka_025_002.wav,2,enka,7,pop,5,5,0
636,636,datasets/audios/eastern_sliced/enka/enka_026_000.wav,2,enka,7,pop,6,6,6
637,637,datasets/audios/eastern_sliced/enka/enka_026_001.wav,2,enka,7,pop,6,6,6
638,638,datasets/audios/eastern_sliced/enka/enka_026_002.wav,2,enka,7,pop,6,6,6
639,639,datasets/audios/eastern_sliced/enka/enka_027_000.wav,2,enka,7,pop,6,6,6
640,640,datasets/audios/eastern_sliced/enka/enka_027_001.wav,2,enka,7,pop,6,6,6
641,641,datasets/audios/eastern_sliced/enka/enka_027_002.wav,2,enka,7,pop,6,6,1
642,642,datasets/audios/eastern_sliced/enka/enka_028_000.wav,2,enka,0,blues,4,4,2
643,643,datasets/audios/eastern_sliced/enka/enka_028_001.wav,2,enka,0,blues,4,4,2
644,644,datasets/audios/eastern_sliced/enka/enka_028_002.wav,2,enka,0,blues,4,4,2
645,645,datasets/audios/eastern_sliced/enka/enka_029_000.wav,2,enka,1,classical,4,4,3
646,646,datasets/audios/eastern_sliced/enka/enka_029_001.wav,2,enka,1,classical,4,4,3
647,647,datasets/audios/eastern_sliced/enka/enka_029_002.wav,2,enka,1,classical,4,4,3
648,648,datasets/audios/eastern_sliced/enka/enka_030_000.wav,2,enka,7,pop,6,6,1
649,649,datasets/audios/eastern_sliced/enka/enka_030_001.wav,2,enka,2,country,6,6,1
650,650,datasets/audios/eastern_sliced/enka/enka_030_002.wav,2,enka,2,country,6,6,1
651,651,datasets/audios/eastern_sliced/enka/enka_031_000.wav,2,enka,2,country,6,6,1
652,652,datasets/audios/eastern_sliced/enka/enka_031_001.wav,2,enka,2,country,6,6,1
653,653,datasets/audios/eastern_sliced/enka/enka_031_002.wav,2,enka,2,country,6,6,1
654,654,datasets/audios/eastern_sliced/enka/enka_032_000.wav,2,enka,7,pop,6,6,6
655,655,datasets/audios/eastern_sliced/enka/enka_032_001.wav,2,enka,7,pop,6,6,1
656,656,datasets/audios/eastern_sliced/enka/enka_032_002.wav,2,enka,7,pop,6,6,6
657,657,datasets/audios/eastern_sliced/enka/enka_033_000.wav,2,enka,7,pop,6,6,1
658,658,datasets/audios/eastern_sliced/enka/enka_033_001.wav,2,enka,7,pop,6,6,1
659,659,datasets/audios/eastern_sliced/enka/enka_033_002.wav,2,enka,7,pop,6,6,1
660,660,datasets/audios/eastern_sliced/enka/enka_034_000.wav,2,enka,2,country,2,2,1
661,661,datasets/audios/eastern_sliced/enka/enka_034_001.wav,2,enka,7,pop,6,6,1
662,662,datasets/audios/eastern_sliced/enka/enka_034_002.wav,2,enka,7,pop,2,2,1
663,663,datasets/audios/eastern_sliced/enka/enka_035_000.wav,2,enka,2,country,2,2,7
664,664,datasets/audios/eastern_sliced/enka/enka_035_001.wav,2,enka,2,country,2,2,7
665,665,datasets/audios/eastern_sliced/enka/enka_035_002.wav,2,enka,3,disco,2,2,7
666,666,datasets/audios/eastern_sliced/enka/enka_036_000.wav,2,enka,1,classical,6,6,3
667,667,datasets/audios/eastern_sliced/enka/enka_036_001.wav,2,enka,1,classical,6,6,5
668,668,datasets/audios/eastern_sliced/enka/enka_036_002.wav,2,enka,7,pop,6,6,1
669,669,datasets/audios/eastern_sliced/enka/enka_037_000.wav,2,enka,7,pop,6,6,0
670,670,datasets/audios/eastern_sliced/enka/enka_037_001.wav,2,enka,1,classical,6,6,0
671,671,datasets/audios/eastern_sliced/enka/enka_037_002.wav,2,enka,5,jazz,6,6,1
672,672,datasets/audios/eastern_sliced/enka/enka_038_000.wav,2,enka,1,classical,6,6,3
673,673,datasets/audios/eastern_sliced/enka/enka_038_001.wav,2,enka,1,classical,6,6,3
674,674,datasets/audios/eastern_sliced/enka/enka_038_002.wav,2,enka,9,rock,6,6,1
675,675,datasets/audios/eastern_sliced/guqinguzheng/guqinguzheng_000_000.wav,3,guqinguzheng,1,classical,4,4,5
676,676,datasets/audios/eastern_sliced/guqinguzheng/guqinguzheng_000_001.wav,3,guqinguzheng,1,classical,7,7,5
677,677,datasets/audios/eastern_sliced/guqinguzheng/guqinguzheng_000_002.wav,3,guqinguzheng,1,classical,7,7,5
678,678,datasets/audios/eastern_sliced/guqinguzheng/guqinguzheng_000_003.wav,3,guqinguzheng,1,classical,4,4,5
679,679,datasets/audios/eastern_sliced/guqinguzheng/guqinguzheng_000_004.wav,3,guqinguzheng,1,classical,7,7,5
680,680,datasets/audios/eastern_sliced/guqinguzheng/guqinguzheng_001_000.wav,3,guqinguzheng,7,pop,6,6,3
681,681,datasets/audios/eastern_sliced/guqinguzheng/guqinguzheng_001_001.wav,3,guqinguzheng,2,country,6,6,3
682,682,datasets/audios/eastern_sliced/guqinguzheng/guqinguzheng_001_002.wav,3,guqinguzheng,1,classical,7,7,3
683,683,datasets/audios/eastern_sliced/guqinguzheng/guqinguzheng_001_003.wav,3,guqinguzheng,2,country,6,6,1
684,684,datasets/audios/eastern_sliced/guqinguzheng/guqinguzheng_001_004.wav,3,guqinguzheng,1,classical,7,7,3
685,685,datasets/audios/eastern_sliced/guqinguzheng/guqinguzheng_002_000.wav,3,guqinguzheng,1,classical,7,7,5
686,686,datasets/audios/eastern_sliced/guqinguzheng/guqinguzheng_002_001.wav,3,guqinguzheng,1,classical,7,7,5
687,687,datasets/audios/eastern_sliced/guqinguzheng/guqinguzheng_002_002.wav,3,guqinguzheng,1,classical,7,7,5
688,688,datasets/audios/eastern_sliced/guqinguzheng/guqinguzheng_002_003.wav,3,guqinguzheng,1,classical,7,7,3
689,689,datasets/audios/eastern_sliced/guqinguzheng/guqinguzheng_002_004.wav,3,guqinguzheng,1,classical,7,7,3
690,690,datasets/audios/eastern_sliced/guqinguzheng/guqinguzheng_003_000.wav,3,guqinguzheng,1,classical,7,7,5
691,691,datasets/audios/eastern_sliced/guqinguzheng/guqinguzheng_003_001.wav,3,guqinguzheng,1,classical,7,7,5
692,692,datasets/audios/eastern_sliced/guqinguzheng/guqinguzheng_003_002.wav,3,guqinguzheng,1,classical,7,7,5
693,693,datasets/audios/eastern_sliced/guqinguzheng/guqinguzheng_003_003.wav,3,guqinguzheng,1,classical,7,7,5
694,694,datasets/audios/eastern_sliced/guqinguzheng/guqinguzheng_003_004.wav,3,guqinguzheng,1,classical,7,7,5
695,695,datasets/audios/eastern_sliced/guqinguzheng/guqinguzheng_004_000.wav,3,guqinguzheng,1,classical,7,7,5
696,696,datasets/audios/eastern_sliced/guqinguzheng/guqinguzheng_004_001.wav,3,guqinguzheng,1,classical,7,7,5
697,697,datasets/audios/eastern_sliced/guqinguzheng/guqinguzheng_005_000.wav,3,guqinguzheng,1,classical,7,7,3
698,698,datasets/audios/eastern_sliced/guqinguzheng/guqinguzheng_005_001.wav,3,guqinguzheng,1,classical,7,7,3
699,699,datasets/audios/eastern_sliced/guqinguzheng/guqinguzheng_005_002.wav,3,guqinguzheng,1,classical,7,7,3
700,700,datasets/audios/eastern_sliced/guqinguzheng/guqinguzheng_005_003.wav,3,guqinguzheng,1,classical,7,7,3
701,701,datasets/audios/eastern_sliced/guqinguzheng/guqinguzheng_005_004.wav,3,guqinguzheng,1,classical,7,7,3
702,702,datasets/audios/eastern_sliced/guqinguzheng/guqinguzheng_006_000.wav,3,guqinguzheng,7,pop,6,6,6
703,703,datasets/audios/eastern_sliced/guqinguzheng/guqinguzheng_006_001.wav,3,guqinguzheng,7,pop,6,6,6
704,704,datasets/audios/eastern_sliced/guqinguzheng/guqinguzheng_006_002.wav,3,guqinguzheng,7,pop,6,6,6
705,705,datasets/audios/eastern_sliced/guqinguzheng/guqinguzheng_006_003.wav,3,guqinguzheng,7,pop,6,6,6
706,706,datasets/audios/eastern_sliced/guqinguzheng/guqinguzheng_007_000.wav,3,guqinguzheng,1,classical,7,7,3
707,707,datasets/audios/eastern_sliced/guqinguzheng/guqinguzheng_007_001.wav,3,guqinguzheng,1,classical,7,7,3
708,708,datasets/audios/eastern_sliced/guqinguzheng/guqinguzheng_007_002.wav,3,guqinguzheng,1,classical,7,7,3
709,709,datasets/audios/eastern_sliced/guqinguzheng/guqinguzheng_008_000.wav,3,guqinguzheng,1,classical,6,6,3
710,710,datasets/audios/eastern_sliced/guqinguzheng/guqinguzheng_008_001.wav,3,guqinguzheng,1,classical,6,6,3
711,711,datasets/audios/eastern_sliced/guqinguzheng/guqinguzheng_008_002.wav,3,guqinguzheng,7,pop,6,6,3
712,712,datasets/audios/eastern_sliced/guqinguzheng/guqinguzheng_008_003.wav,3,guqinguzheng,7,pop,6,6,1
713,713,datasets/audios/eastern_sliced/guqinguzheng/guqinguzheng_009_000.wav,3,guqinguzheng,1,classical,7,7,3
714,714,datasets/audios/eastern_sliced/guqinguzheng/guqinguzheng_009_001.wav,3,guqinguzheng,1,classical,7,7,3
715,715,datasets/audios/eastern_sliced/guqinguzheng/guqinguzheng_009_002.wav,3,guqinguzheng,1,classical,7,7,3
716,716,datasets/audios/eastern_sliced/guqinguzheng/guqinguzheng_009_003.wav,3,guqinguzheng,1,classical,7,7,3
717,717,datasets/audios/eastern_sliced/guqinguzheng/guqinguzheng_009_004.wav,3,guqinguzheng,1,classical,7,7,3
718,718,datasets/audios/eastern_sliced/guqinguzheng/guqinguzheng_010_000.wav,3,guqinguzheng,7,pop,6,6,0
719,719,datasets/audios/eastern_sliced/guqinguzheng/guqinguzheng_010_001.wav,3,guqinguzheng,7,pop,6,6,0
720,720,datasets/audios/eastern_sliced/guqinguzheng/guqinguzheng_010_002.wav,3,guqinguzheng,7,pop,6,6,0
721,721,datasets/audios/eastern_sliced/guqinguzheng/guqinguzheng_010_003.wav,3,guqinguzheng,7,pop,6,6,0
722,722,datasets/audios/eastern_sliced/guqinguzheng/guqinguzheng_010_004.wav,3,guqinguzheng,7,pop,6,6,3
723,723,datasets/audios/eastern_sliced/guqinguzheng/guqinguzheng_011_000.wav,3,guqinguzheng,1,classical,6,6,5
724,724,datasets/audios/eastern_sliced/guqinguzheng/guqinguzheng_011_001.wav,3,guqinguzheng,1,classical,6,6,5
725,725,datasets/audios/eastern_sliced/guqinguzheng/guqinguzheng_011_002.wav,3,guqinguzheng,1,classical,6,6,5
726,726,datasets/audios/eastern_sliced/guqinguzheng/guqinguzheng_011_003.wav,3,guqinguzheng,1,classical,7,7,3
727,727,datasets/audios/eastern_sliced/guqinguzheng/guqinguzheng_011_004.wav,3,guqinguzheng,1,classical,7,7,3
728,728,datasets/audios/eastern_sliced/guqinguzheng/guqinguzheng_012_000.wav,3,guqinguzheng,1,classical,7,7,3
729,729,datasets/audios/eastern_sliced/guqinguzheng/guqinguzheng_012_001.wav,3,guqinguzheng,1,classical,7,7,3
730,730,datasets/audios/eastern_sliced/guqinguzheng/guqinguzheng_012_002.wav,3,guqinguzheng,1,classical,7,7,3
731,731,datasets/audios/eastern_sliced/guqinguzheng/guqinguzheng_013_000.wav,3,guqinguzheng,1,classical,7,7,3
732,732,datasets/audios/eastern_sliced/guqinguzheng/guqinguzheng_013_001.wav,3,guqinguzheng,1,classical,7,7,3
733,733,datasets/audios/eastern_sliced/guqinguzheng/guqinguzheng_013_002.wav,3,guqinguzheng,1,classical,7,7,3
734,734,datasets/audios/eastern_sliced/guqinguzheng/guqinguzheng_013_003.wav,3,guqinguzheng,1,classical,7,7,3
735,735,datasets/audios/eastern_sliced/guqinguzheng/guqinguzheng_013_004.wav,3,guqinguzheng,1,classical,7,7,3
736,736,datasets/audios/eastern_sliced/guqinguzheng/guqinguzheng_014_000.wav,3,guqinguzheng,1,classical,7,7,3
737,737,datasets/audios/eastern_sliced/guqinguzheng/guqinguzheng_014_001.wav,3,guqinguzheng,2,country,7,7,3
738,738,datasets/audios/eastern_sliced/guqinguzheng/guqinguzheng_014_002.wav,3,guqinguzheng,2,country,6,6,3
739,739,datasets/audios/eastern_sliced/guqinguzheng/guqinguzheng_014_003.wav,3,guqinguzheng,1,classical,7,7,3
740,740,datasets/audios/eastern_sliced/guqinguzheng/guqinguzheng_015_000.wav,3,guqinguzheng,1,classical,7,7,3
741,741,datasets/audios/eastern_sliced/guqinguzheng/guqinguzheng_015_001.wav,3,guqinguzheng,1,classical,7,7,3
742,742,datasets/audios/eastern_sliced/guqinguzheng/guqinguzheng_015_002.wav,3,guqinguzheng,1,classical,7,7,3
743,743,datasets/audios/eastern_sliced/guqinguzheng/guqinguzheng_015_003.wav,3,guqinguzheng,1,classical,7,7,3
744,744,datasets/audios/eastern_sliced/guqinguzheng/guqinguzheng_016_000.wav,3,guqinguzheng,1,classical,7,7,3
745,745,datasets/audios/eastern_sliced/guqinguzheng/guqinguzheng_016_001.wav,3,guqinguzheng,1,classical,7,7,3
746,746,datasets/audios/eastern_sliced/guqinguzheng/guqinguzheng_016_002.wav,3,guqinguzheng,1,classical,7,7,5
747,747,datasets/audios/eastern_sliced/guqinguzheng/guqinguzheng_016_003.wav,3,guqinguzheng,1,classical,7,7,3
748,748,datasets/audios/eastern_sliced/guqinguzheng/guqinguzheng_016_004.wav,3,guqinguzheng,1,classical,7,7,5
749,749,datasets/audios/eastern_sliced/guqinguzheng/guqinguzheng_017_000.wav,3,guqinguzheng,1,classical,7,7,3
750,750,datasets/audios/eastern_sliced/guqinguzheng/guqinguzheng_017_001.wav,3,guqinguzheng,1,classical,7,7,3
751,751,datasets/audios/eastern_sliced/guqinguzheng/guqinguzheng_017_002.wav,3,guqinguzheng,1,classical,7,7,3
752,752,datasets/audios/eastern_sliced/guqinguzheng/guqinguzheng_017_003.wav,3,guqinguzheng,1,classical,7,7,3
753,753,datasets/audios/eastern_sliced/guqinguzheng/guqinguzheng_018_000.wav,3,guqinguzheng,1,classical,6,6,5
754,754,datasets/audios/eastern_sliced/guqinguzheng/guqinguzheng_018_001.wav,3,guqinguzheng,1,classical,6,6,3
755,755,datasets/audios/eastern_sliced/guqinguzheng/guqinguzheng_018_002.wav,3,guqinguzheng,2,country,6,6,1
756,756,datasets/audios/eastern_sliced/guqinguzheng/guqinguzheng_018_003.wav,3,guqinguzheng,1,classical,6,6,3
757,757,datasets/audios/eastern_sliced/guqinguzheng/guqinguzheng_018_004.wav,3,guqinguzheng,1,classical,6,6,3
758,758,datasets/audios/eastern_sliced/guqinguzheng/guqinguzheng_019_000.wav,3,guqinguzheng,2,country,6,6,1
759,759,datasets/audios/eastern_sliced/guqinguzheng/guqinguzheng_019_001.wav,3,guqinguzheng,1,classical,6,6,0
760,760,datasets/audios/eastern_sliced/guqinguzheng/guqinguzheng_019_002.wav,3,guqinguzheng,7,pop,6,6,1
761,761,datasets/audios/eastern_sliced/guqinguzheng/guqinguzheng_019_003.wav,3,guqinguzheng,7,pop,6,6,1
762,762,datasets/audios/eastern_sliced/guqinguzheng/guqinguzheng_019_004.wav,3,guqinguzheng,1,classical,6,6,3
763,763,datasets/audios/eastern_sliced/guqinguzheng/guqinguzheng_020_000.wav,3,guqinguzheng,1,classical,7,7,3
764,764,datasets/audios/eastern_sliced/guqinguzheng/guqinguzheng_020_001.wav,3,guqinguzheng,1,classical,7,7,3
765,765,datasets/audios/eastern_sliced/guqinguzheng/guqinguzheng_020_002.wav,3,guqinguzheng,1,classical,7,7,3
766,766,datasets/audios/eastern_sliced/guqinguzheng/guqinguzheng_020_003.wav,3,guqinguzheng,2,country,7,7,3
767,767,datasets/audios/eastern_sliced/guqinguzheng/guqinguzheng_020_004.wav,3,guqinguzheng,2,country,7,7,3
768,768,datasets/audios/eastern_sliced/guqinguzheng/guqinguzheng_021_000.wav,3,guqinguzheng,1,classical,4,4,3
769,769,datasets/audios/eastern_sliced/guqinguzheng/guqinguzheng_021_001.wav,3,guqinguzheng,2,country,6,6,1
770,770,datasets/audios/eastern_sliced/guqinguzheng/guqinguzheng_021_002.wav,3,guqinguzheng,2,country,6,6,1
771,771,datasets/audios/eastern_sliced/guqinguzheng/guqinguzheng_021_003.wav,3,guqinguzheng,2,country,6,6,1
772,772,datasets/audios/eastern_sliced/guqinguzheng/guqinguzheng_022_000.wav,3,guqinguzheng,1,classical,7,7,3
773,773,datasets/audios/eastern_sliced/guqinguzheng/guqinguzheng_022_001.wav,3,guqinguzheng,1,classical,7,7,3
774,774,datasets/audios/eastern_sliced/guqinguzheng/guqinguzheng_022_002.wav,3,guqinguzheng,1,classical,7,7,3
775,775,datasets/audios/eastern_sliced/guqinguzheng/guqinguzheng_022_003.wav,3,guqinguzheng,1,classical,7,7,3
776,776,datasets/audios/eastern_sliced/guqinguzheng/guqinguzheng_023_000.wav,3,guqinguzheng,1,classical,7,7,3
777,777,datasets/audios/eastern_sliced/guqinguzheng/guqinguzheng_023_001.wav,3,guqinguzheng,1,classical,6,6,3
778,778,datasets/audios/eastern_sliced/guqinguzheng/guqinguzheng_024_000.wav,3,guqinguzheng,1,classical,6,6,3
779,779,datasets/audios/eastern_sliced/guqinguzheng/guqinguzheng_024_001.wav,3,guqinguzheng,1,classical,6,6,3
780,780,datasets/audios/eastern_sliced/guqinguzheng/guqinguzheng_024_002.wav,3,guqinguzheng,1,classical,7,7,5
781,781,datasets/audios/eastern_sliced/guqinguzheng/guqinguzheng_024_003.wav,3,guqinguzheng,1,classical,7,7,5
782,782,datasets/audios/eastern_sliced/guqinguzheng/guqinguzheng_024_004.wav,3,guqinguzheng,7,pop,6,6,1
783,783,datasets/audios/eastern_sliced/guqinguzheng/guqinguzheng_025_000.wav,3,guqinguzheng,0,blues,7,7,3
784,784,datasets/audios/eastern_sliced/guqinguzheng/guqinguzheng_025_001.wav,3,guqinguzheng,1,classical,7,7,5
785,785,datasets/audios/eastern_sliced/guqinguzheng/guqinguzheng_025_002.wav,3,guqinguzheng,1,classical,7,7,3
786,786,datasets/audios/eastern_sliced/guqinguzheng/guqinguzheng_025_003.wav,3,guqinguzheng,1,classical,7,7,3
787,787,datasets/audios/eastern_sliced/guqinguzheng/guqinguzheng_025_004.wav,3,guqinguzheng,1,classical,7,7,3
788,788,datasets/audios/eastern_sliced/guqinguzheng/guqinguzheng_026_000.wav,3,guqinguzheng,7,pop,7,7,3
789,789,datasets/audios/eastern_sliced/guqinguzheng/guqinguzheng_026_001.wav,3,guqinguzheng,7,pop,7,7,3
790,790,datasets/audios/eastern_sliced/guqinguzheng/guqinguzheng_026_002.wav,3,guqinguzheng,7,pop,7,7,3
791,791,datasets/audios/eastern_sliced/guqinguzheng/guqinguzheng_026_003.wav,3,guqinguzheng,7,pop,7,7,3
792,792,datasets/audios/eastern_sliced/guqinguzheng/guqinguzheng_026_004.wav,3,guqinguzheng,7,pop,7,7,3
793,793,datasets/audios/eastern_sliced/guqinguzheng/guqinguzheng_027_000.wav,3,guqinguzheng,8,reggae,7,7,2
794,794,datasets/audios/eastern_sliced/guqinguzheng/guqinguzheng_027_001.wav,3,guqinguzheng,8,reggae,4,4,2
795,795,datasets/audios/eastern_sliced/guqinguzheng/guqinguzheng_027_002.wav,3,guqinguzheng,8,reggae,4,4,2
796,796,datasets/audios/eastern_sliced/guqinguzheng/guqinguzheng_027_003.wav,3,guqinguzheng,8,reggae,5,5,2
797,797,datasets/audios/eastern_sliced/guqinguzheng/guqinguzheng_027_004.wav,3,guqinguzheng,1,classical,6,6,5
798,798,datasets/audios/eastern_sliced/guqinguzheng/guqinguzheng_028_000.wav,3,guqinguzheng,7,pop,1,1,3
799,799,datasets/audios/eastern_sliced/guqinguzheng/guqinguzheng_028_001.wav,3,guqinguzheng,7,pop,1,1,3
800,800,datasets/audios/eastern_sliced/guqinguzheng/guqinguzheng_029_000.wav,3,guqinguzheng,2,country,6,6,1
801,801,datasets/audios/eastern_sliced/guqinguzheng/guqinguzheng_029_001.wav,3,guqinguzheng,7,pop,6,6,1
802,802,datasets/audios/eastern_sliced/guqinguzheng/guqinguzheng_029_002.wav,3,guqinguzheng,7,pop,6,6,3
803,803,datasets/audios/eastern_sliced/guqinguzheng/guqinguzheng_029_003.wav,3,guqinguzheng,7,pop,6,6,1
804,804,datasets/audios/eastern_sliced/guqinguzheng/guqinguzheng_030_000.wav,3,guqinguzheng,1,classical,7,7,3
805,805,datasets/audios/eastern_sliced/guqinguzheng/guqinguzheng_030_001.wav,3,guqinguzheng,1,classical,7,7,3
806,806,datasets/audios/eastern_sliced/guqinguzheng/guqinguzheng_030_002.wav,3,guqinguzheng,1,classical,7,7,3
807,807,datasets/audios/eastern_sliced/guqinguzheng/guqinguzheng_030_003.wav,3,guqinguzheng,1,classical,7,7,3
808,808,datasets/audios/eastern_sliced/guqinguzheng/guqinguzheng_030_004.wav,3,guqinguzheng,1,classical,7,7,3
809,809,datasets/audios/eastern_sliced/guqinguzheng/guqinguzheng_031_000.wav,3,guqinguzheng,1,classical,6,6,3
810,810,datasets/audios/eastern_sliced/guqinguzheng/guqinguzheng_031_001.wav,3,guqinguzheng,1,classical,7,7,0
811,811,datasets/audios/eastern_sliced/guqinguzheng/guqinguzheng_031_002.wav,3,guqinguzheng,1,classical,7,7,3
812,812,datasets/audios/eastern_sliced/guqinguzheng/guqinguzheng_031_003.wav,3,guqinguzheng,7,pop,7,7,0
813,813,datasets/audios/eastern_sliced/guqinguzheng/guqinguzheng_031_004.wav,3,guqinguzheng,1,classical,6,6,3
814,814,datasets/audios/eastern_sliced/guqinguzheng/guqinguzheng_032_000.wav,3,guqinguzheng,1,classical,1,1,3
815,815,datasets/audios/eastern_sliced/guqinguzheng/guqinguzheng_032_001.wav,3,guqinguzheng,1,classical,1,1,3
816,816,datasets/audios/eastern_sliced/guqinguzheng/guqinguzheng_033_000.wav,3,guqinguzheng,7,pop,7,7,3
817,817,datasets/audios/eastern_sliced/guqinguzheng/guqinguzheng_033_001.wav,3,guqinguzheng,7,pop,7,7,3
818,818,datasets/audios/eastern_sliced/guqinguzheng/guqinguzheng_033_002.wav,3,guqinguzheng,7,pop,7,7,3
819,819,datasets/audios/eastern_sliced/guqinguzheng/guqinguzheng_033_003.wav,3,guqinguzheng,7,pop,7,7,3
820,820,datasets/audios/eastern_sliced/guqinguzheng/guqinguzheng_033_004.wav,3,guqinguzheng,1,classical,7,7,3
821,821,datasets/audios/eastern_sliced/guqinguzheng/guqinguzheng_034_000.wav,3,guqinguzheng,1,classical,6,6,0
822,822,datasets/audios/eastern_sliced/guqinguzheng/guqinguzheng_034_001.wav,3,guqinguzheng,7,pop,6,6,2
823,823,datasets/audios/eastern_sliced/guqinguzheng/guqinguzheng_034_002.wav,3,guqinguzheng,7,pop,6,6,3
824,824,datasets/audios/eastern_sliced/guqinguzheng/guqinguzheng_034_003.wav,3,guqinguzheng,1,classical,7,7,0
825,825,datasets/audios/eastern_sliced/guqinguzheng/guqinguzheng_034_004.wav,3,guqinguzheng,1,classical,7,7,3
826,826,datasets/audios/eastern_sliced/guqinguzheng/guqinguzheng_035_000.wav,3,guqinguzheng,1,classical,7,7,3
827,827,datasets/audios/eastern_sliced/guqinguzheng/guqinguzheng_035_001.wav,3,guqinguzheng,1,classical,7,7,3
828,828,datasets/audios/eastern_sliced/guqinguzheng/guqinguzheng_035_002.wav,3,guqinguzheng,1,classical,7,7,3
829,829,datasets/audios/eastern_sliced/guqinguzheng/guqinguzheng_035_003.wav,3,guqinguzheng,1,classical,7,7,3
830,830,datasets/audios/eastern_sliced/guqinguzheng/guqinguzheng_035_004.wav,3,guqinguzheng,1,classical,7,7,3
831,831,datasets/audios/eastern_sliced/guqinguzheng/guqinguzheng_036_000.wav,3,guqinguzheng,1,classical,7,7,3
832,832,datasets/audios/eastern_sliced/guqinguzheng/guqinguzheng_036_001.wav,3,guqinguzheng,1,classical,7,7,3
833,833,datasets/audios/eastern_sliced/guqinguzheng/guqinguzheng_036_002.wav,3,guqinguzheng,1,classical,7,7,3
834,834,datasets/audios/eastern_sliced/guqinguzheng/guqinguzheng_036_003.wav,3,guqinguzheng,1,classical,7,7,3
835,835,datasets/audios/eastern_sliced/guqinguzheng/guqinguzheng_037_000.wav,3,guqinguzheng,9,rock,6,6,3
836,836,datasets/audios/eastern_sliced/guqinguzheng/guqinguzheng_037_001.wav,3,guqinguzheng,7,pop,6,6,3
837,837,datasets/audios/eastern_sliced/guqinguzheng/guqinguzheng_037_002.wav,3,guqinguzheng,7,pop,6,6,3
838,838,datasets/audios/eastern_sliced/guqinguzheng/guqinguzheng_037_003.wav,3,guqinguzheng,9,rock,6,6,3
839,839,datasets/audios/eastern_sliced/guqinguzheng/guqinguzheng_037_004.wav,3,guqinguzheng,7,pop,6,6,3
840,840,datasets/audios/eastern_sliced/guqinguzheng/guqinguzheng_038_000.wav,3,guqinguzheng,5,jazz,4,4,2
841,841,datasets/audios/eastern_sliced/guqinguzheng/guqinguzheng_038_001.wav,3,guqinguzheng,9,rock,4,4,2
842,842,datasets/audios/eastern_sliced/guqinguzheng/guqinguzheng_038_002.wav,3,guqinguzheng,9,rock,4,4,2
843,843,datasets/audios/eastern_sliced/guqinguzheng/guqinguzheng_038_003.wav,3,guqinguzheng,9,rock,4,4,2
844,844,datasets/audios/eastern_sliced/guqinguzheng/guqinguzheng_038_004.wav,3,guqinguzheng,9,rock,4,4,3
845,845,datasets/audios/eastern_sliced/guqinguzheng/guqinguzheng_039_000.wav,3,guqinguzheng,1,classical,7,7,3
846,846,datasets/audios/eastern_sliced/guqinguzheng/guqinguzheng_039_001.wav,3,guqinguzheng,1,classical,7,7,3
847,847,datasets/audios/eastern_sliced/guqinguzheng/guqinguzheng_039_002.wav,3,guqinguzheng,1,classical,7,7,3
848,848,datasets/audios/eastern_sliced/guqinguzheng/guqinguzheng_039_003.wav,3,guqinguzheng,1,classical,7,7,3
849,849,datasets/audios/eastern_sliced/guqinguzheng/guqinguzheng_039_004.wav,3,guqinguzheng,1,classical,7,7,3
850,850,datasets/audios/eastern_sliced/guqinguzheng/guqinguzheng_040_000.wav,3,guqinguzheng,1,classical,7,7,3
851,851,datasets/audios/eastern_sliced/guqinguzheng/guqinguzheng_040_001.wav,3,guqinguzheng,7,pop,4,4,3
852,852,datasets/audios/eastern_sliced/guqinguzheng/guqinguzheng_040_002.wav,3,guqinguzheng,1,classical,6,6,3
853,853,datasets/audios/eastern_sliced/guqinguzheng/guqinguzheng_040_003.wav,3,guqinguzheng,1,classical,6,6,3
854,854,datasets/audios/eastern_sliced/guqinguzheng/guqinguzheng_040_004.wav,3,guqinguzheng,1,classical,7,7,3
855,855,datasets/audios/eastern_sliced/guqinguzheng/guqinguzheng_041_000.wav,3,guqinguzheng,1,classical,7,7,3
856,856,datasets/audios/eastern_sliced/guqinguzheng/guqinguzheng_041_001.wav,3,guqinguzheng,1,classical,7,7,3
857,857,datasets/audios/eastern_sliced/guqinguzheng/guqinguzheng_041_002.wav,3,guqinguzheng,1,classical,7,7,3
858,858,datasets/audios/eastern_sliced/guqinguzheng/guqinguzheng_041_003.wav,3,guqinguzheng,7,pop,7,7,3
859,859,datasets/audios/eastern_sliced/guqinguzheng/guqinguzheng_042_000.wav,3,guqinguzheng,7,pop,6,6,3
860,860,datasets/audios/eastern_sliced/guqinguzheng/guqinguzheng_042_001.wav,3,guqinguzheng,1,classical,6,6,3
861,861,datasets/audios/eastern_sliced/guqinguzheng/guqinguzheng_042_002.wav,3,guqinguzheng,1,classical,6,6,0
862,862,datasets/audios/eastern_sliced/guqinguzheng/guqinguzheng_042_003.wav,3,guqinguzheng,1,classical,6,6,0
863,863,datasets/audios/eastern_sliced/guqinguzheng/guqinguzheng_042_004.wav,3,guqinguzheng,7,pop,6,6,3
864,864,datasets/audios/eastern_sliced/guqinguzheng/guqinguzheng_043_000.wav,3,guqinguzheng,1,classical,7,7,3
865,865,datasets/audios/eastern_sliced/guqinguzheng/guqinguzheng_043_001.wav,3,guqinguzheng,7,pop,7,7,3
866,866,datasets/audios/eastern_sliced/guqinguzheng/guqinguzheng_043_002.wav,3,guqinguzheng,1,classical,7,7,3
867,867,datasets/audios/eastern_sliced/guqinguzheng/guqinguzheng_043_003.wav,3,guqinguzheng,7,pop,7,7,3
868,868,datasets/audios/eastern_sliced/guqinguzheng/guqinguzheng_044_000.wav,3,guqinguzheng,1,classical,6,6,3
869,869,datasets/audios/eastern_sliced/guqinguzheng/guqinguzheng_044_001.wav,3,guqinguzheng,1,classical,6,6,3
870,870,datasets/audios/eastern_sliced/guqinguzheng/guqinguzheng_044_002.wav,3,guqinguzheng,1,classical,7,7,3
871,871,datasets/audios/eastern_sliced/guqinguzheng/guqinguzheng_044_003.wav,3,guqinguzheng,1,classical,6,6,3
872,872,datasets/audios/eastern_sliced/guqinguzheng/guqinguzheng_045_000.wav,3,guqinguzheng,1,classical,7,7,3
873,873,datasets/audios/eastern_sliced/guqinguzheng/guqinguzheng_045_001.wav,3,guqinguzheng,1,classical,7,7,3
874,874,datasets/audios/eastern_sliced/guqinguzheng/guqinguzheng_045_002.wav,3,guqinguzheng,1,classical,7,7,3
875,875,datasets/audios/eastern_sliced/guqinguzheng/guqinguzheng_045_003.wav,3,guqinguzheng,1,classical,7,7,3
876,876,datasets/audios/eastern_sliced/guqinguzheng/guqinguzheng_045_004.wav,3,guqinguzheng,1,classical,7,7,5
877,877,datasets/audios/eastern_sliced/guqinguzheng/guqinguzheng_046_000.wav,3,guqinguzheng,1,classical,1,1,0
878,878,datasets/audios/eastern_sliced/guqinguzheng/guqinguzheng_046_001.wav,3,guqinguzheng,1,classical,1,1,0
879,879,datasets/audios/eastern_sliced/guqinguzheng/guqinguzheng_046_002.wav,3,guqinguzheng,1,classical,1,1,0
880,880,datasets/audios/eastern_sliced/guqinguzheng/guqinguzheng_046_003.wav,3,guqinguzheng,1,classical,1,1,3
881,881,datasets/audios/eastern_sliced/guqinguzheng/guqinguzheng_046_004.wav,3,guqinguzheng,1,classical,1,1,0
882,882,datasets/audios/eastern_sliced/guqinguzheng/guqinguzheng_047_000.wav,3,guqinguzheng,1,classical,7,7,3
883,883,datasets/audios/eastern_sliced/guqinguzheng/guqinguzheng_047_001.wav,3,guqinguzheng,1,classical,7,7,3
884,884,datasets/audios/eastern_sliced/guqinguzheng/guqinguzheng_048_000.wav,3,guqinguzheng,1,classical,7,7,5
885,885,datasets/audios/eastern_sliced/guqinguzheng/guqinguzheng_048_001.wav,3,guqinguzheng,7,pop,6,6,3
886,886,datasets/audios/eastern_sliced/guqinguzheng/guqinguzheng_048_002.wav,3,guqinguzheng,7,pop,2,2,6
887,887,datasets/audios/eastern_sliced/guqinguzheng/guqinguzheng_048_003.wav,3,guqinguzheng,9,rock,4,4,3
888,888,datasets/audios/eastern_sliced/guqinguzheng/guqinguzheng_049_000.wav,3,guqinguzheng,1,classical,6,6,3
889,889,datasets/audios/eastern_sliced/guqinguzheng/guqinguzheng_049_001.wav,3,guqinguzheng,3,disco,2,2,7
890,890,datasets/audios/eastern_sliced/guqinguzheng/guqinguzheng_049_002.wav,3,guqinguzheng,7,pop,2,2,7
891,891,datasets/audios/eastern_sliced/guqinguzheng/guqinguzheng_049_003.wav,3,guqinguzheng,7,pop,6,6,6
892,892,datasets/audios/eastern_sliced/guqinguzheng/guqinguzheng_050_000.wav,3,guqinguzheng,1,classical,7,7,3
893,893,datasets/audios/eastern_sliced/guqinguzheng/guqinguzheng_050_001.wav,3,guqinguzheng,1,classical,7,7,3
894,894,datasets/audios/eastern_sliced/guqinguzheng/guqinguzheng_050_002.wav,3,guqinguzheng,1,classical,7,7,3
895,895,datasets/audios/eastern_sliced/guqinguzheng/guqinguzheng_050_003.wav,3,guqinguzheng,1,classical,7,7,3
896,896,datasets/audios/eastern_sliced/guqinguzheng/guqinguzheng_051_000.wav,3,guqinguzheng,1,classical,7,7,3
897,897,datasets/audios/eastern_sliced/guqinguzheng/guqinguzheng_051_001.wav,3,guqinguzheng,1,classical,7,7,3
898,898,datasets/audios/eastern_sliced/guqinguzheng/guqinguzheng_051_002.wav,3,guqinguzheng,1,classical,7,7,3
899,899,datasets/audios/eastern_sliced/guqinguzheng/guqinguzheng_052_000.wav,3,guqinguzheng,1,classical,7,7,3
900,900,datasets/audios/eastern_sliced/guqinguzheng/guqinguzheng_052_001.wav,3,guqinguzheng,1,classical,7,7,3
901,901,datasets/audios/eastern_sliced/guqinguzheng/guqinguzheng_052_002.wav,3,guqinguzheng,1,classical,7,7,3
902,902,datasets/audios/eastern_sliced/guqinguzheng/guqinguzheng_052_003.wav,3,guqinguzheng,1,classical,7,7,3
903,903,datasets/audios/eastern_sliced/guqinguzheng/guqinguzheng_052_004.wav,3,guqinguzheng,1,classical,7,7,3
904,904,datasets/audios/eastern_sliced/guqinguzheng/guqinguzheng_053_000.wav,3,guqinguzheng,1,classical,6,6,5
905,905,datasets/audios/eastern_sliced/guqinguzheng/guqinguzheng_053_001.wav,3,guqinguzheng,1,classical,6,6,3
906,906,datasets/audios/eastern_sliced/guqinguzheng/guqinguzheng_053_002.wav,3,guqinguzheng,1,classical,6,6,3
907,907,datasets/audios/eastern_sliced/guqinguzheng/guqinguzheng_053_003.wav,3,guqinguzheng,1,classical,4,4,5
908,908,datasets/audios/eastern_sliced/guqinguzheng/guqinguzheng_053_004.wav,3,guqinguzheng,1,classical,4,4,5
909,909,datasets/audios/eastern_sliced/guqinguzheng/guqinguzheng_054_000.wav,3,guqinguzheng,1,classical,6,6,5
910,910,datasets/audios/eastern_sliced/guqinguzheng/guqinguzheng_054_001.wav,3,guqinguzheng,1,classical,6,6,3
911,911,datasets/audios/eastern_sliced/guqinguzheng/guqinguzheng_054_002.wav,3,guqinguzheng,1,classical,6,6,3
912,912,datasets/audios/eastern_sliced/guqinguzheng/guqinguzheng_054_003.wav,3,guqinguzheng,1,classical,6,6,3
913,913,datasets/audios/eastern_sliced/guqinguzheng/guqinguzheng_054_004.wav,3,guqinguzheng,1,classical,6,6,3
914,914,datasets/audios/eastern_sliced/guqinguzheng/guqinguzheng_055_000.wav,3,guqinguzheng,7,pop,2,2,6
915,915,datasets/audios/eastern_sliced/guqinguzheng/guqinguzheng_055_001.wav,3,guqinguzheng,7,pop,2,2,6
916,916,datasets/audios/eastern_sliced/guqinguzheng/guqinguzheng_055_002.wav,3,guqinguzheng,7,pop,2,2,6
917,917,datasets/audios/eastern_sliced/guqinguzheng/guqinguzheng_055_003.wav,3,guqinguzheng,7,pop,2,2,1
918,918,datasets/audios/eastern_sliced/guqinguzheng/guqinguzheng_055_004.wav,3,guqinguzheng,7,pop,2,2,1
919,919,datasets/audios/eastern_sliced/guqinguzheng/guqinguzheng_056_000.wav,3,guqinguzheng,2,country,7,7,1
920,920,datasets/audios/eastern_sliced/guqinguzheng/guqinguzheng_056_001.wav,3,guqinguzheng,2,country,7,7,1
921,921,datasets/audios/eastern_sliced/guqinguzheng/guqinguzheng_056_002.wav,3,guqinguzheng,7,pop,7,7,1
922,922,datasets/audios/eastern_sliced/guqinguzheng/guqinguzheng_057_000.wav,3,guqinguzheng,1,classical,7,7,3
923,923,datasets/audios/eastern_sliced/guqinguzheng/guqinguzheng_057_001.wav,3,guqinguzheng,1,classical,7,7,3
924,924,datasets/audios/eastern_sliced/guqinguzheng/guqinguzheng_057_002.wav,3,guqinguzheng,0,blues,7,7,3
925,925,datasets/audios/eastern_sliced/guqinguzheng/guqinguzheng_057_003.wav,3,guqinguzheng,1,classical,7,7,3
926,926,datasets/audios/eastern_sliced/guqinguzheng/guqinguzheng_057_004.wav,3,guqinguzheng,1,classical,7,7,3
927,927,datasets/audios/eastern_sliced/guqinguzheng/guqinguzheng_058_000.wav,3,guqinguzheng,5,jazz,6,6,0
928,928,datasets/audios/eastern_sliced/guqinguzheng/guqinguzheng_058_001.wav,3,guqinguzheng,5,jazz,6,6,0
929,929,datasets/audios/eastern_sliced/guqinguzheng/guqinguzheng_058_002.wav,3,guqinguzheng,5,jazz,6,6,0
930,930,datasets/audios/eastern_sliced/guqinguzheng/guqinguzheng_058_003.wav,3,guqinguzheng,1,classical,7,7,5
931,931,datasets/audios/eastern_sliced/guqinguzheng/guqinguzheng_059_000.wav,3,guqinguzheng,9,rock,7,7,3
932,932,datasets/audios/eastern_sliced/guqinguzheng/guqinguzheng_059_001.wav,3,guqinguzheng,1,classical,1,1,3
933,933,datasets/audios/eastern_sliced/guqinguzheng/guqinguzheng_059_002.wav,3,guqinguzheng,1,classical,1,1,3
934,934,datasets/audios/eastern_sliced/guqinguzheng/guqinguzheng_060_000.wav,3,guqinguzheng,7,pop,6,6,1
935,935,datasets/audios/eastern_sliced/guqinguzheng/guqinguzheng_060_001.wav,3,guqinguzheng,7,pop,6,6,1
936,936,datasets/audios/eastern_sliced/guqinguzheng/guqinguzheng_060_002.wav,3,guqinguzheng,7,pop,2,2,1
937,937,datasets/audios/eastern_sliced/guqinguzheng/guqinguzheng_060_003.wav,3,guqinguzheng,7,pop,6,6,1
938,938,datasets/audios/eastern_sliced/guqinguzheng/guqinguzheng_060_004.wav,3,guqinguzheng,7,pop,6,6,1
939,939,datasets/audios/eastern_sliced/guqinguzheng/guqinguzheng_061_000.wav,3,guqinguzheng,1,classical,7,7,3
940,940,datasets/audios/eastern_sliced/guqinguzheng/guqinguzheng_061_001.wav,3,guqinguzheng,1,classical,7,7,3
941,941,datasets/audios/eastern_sliced/guqinguzheng/guqinguzheng_061_002.wav,3,guqinguzheng,1,classical,7,7,3
942,942,datasets/audios/eastern_sliced/guqinguzheng/guqinguzheng_062_000.wav,3,guqinguzheng,1,classical,7,7,5
943,943,datasets/audios/eastern_sliced/guqinguzheng/guqinguzheng_062_001.wav,3,guqinguzheng,1,classical,6,6,5
944,944,datasets/audios/eastern_sliced/guqinguzheng/guqinguzheng_062_002.wav,3,guqinguzheng,1,classical,6,6,5
945,945,datasets/audios/eastern_sliced/guqinguzheng/guqinguzheng_062_003.wav,3,guqinguzheng,7,pop,6,6,0
946,946,datasets/audios/eastern_sliced/guqinguzheng/guqinguzheng_062_004.wav,3,guqinguzheng,1,classical,6,6,3
947,947,datasets/audios/eastern_sliced/guqinguzheng/guqinguzheng_063_000.wav,3,guqinguzheng,1,classical,6,6,3
948,948,datasets/audios/eastern_sliced/guqinguzheng/guqinguzheng_063_001.wav,3,guqinguzheng,1,classical,6,6,3
949,949,datasets/audios/eastern_sliced/guqinguzheng/guqinguzheng_063_002.wav,3,guqinguzheng,7,pop,6,6,3
950,950,datasets/audios/eastern_sliced/guqinguzheng/guqinguzheng_063_003.wav,3,guqinguzheng,1,classical,6,6,3
951,951,datasets/audios/eastern_sliced/guqinguzheng/guqinguzheng_064_000.wav,3,guqinguzheng,1,classical,6,6,3
952,952,datasets/audios/eastern_sliced/guqinguzheng/guqinguzheng_064_001.wav,3,guqinguzheng,1,classical,6,6,3
953,953,datasets/audios/eastern_sliced/guqinguzheng/guqinguzheng_064_002.wav,3,guqinguzheng,1,classical,6,6,3
954,954,datasets/audios/eastern_sliced/guqinguzheng/guqinguzheng_064_003.wav,3,guqinguzheng,1,classical,6,6,3
955,955,datasets/audios/eastern_sliced/guqinguzheng/guqinguzheng_064_004.wav,3,guqinguzheng,9,rock,6,6,3
956,956,datasets/audios/eastern_sliced/guqinguzheng/guqinguzheng_065_000.wav,3,guqinguzheng,1,classical,1,1,3
957,957,datasets/audios/eastern_sliced/guqinguzheng/guqinguzheng_065_001.wav,3,guqinguzheng,1,classical,1,1,3
958,958,datasets/audios/eastern_sliced/guqinguzheng/guqinguzheng_065_002.wav,3,guqinguzheng,1,classical,1,1,3
959,959,datasets/audios/eastern_sliced/guqinguzheng/guqinguzheng_065_003.wav,3,guqinguzheng,1,classical,1,1,3
960,960,datasets/audios/eastern_sliced/guqinguzheng/guqinguzheng_066_000.wav,3,guqinguzheng,2,country,6,6,1
961,961,datasets/audios/eastern_sliced/guqinguzheng/guqinguzheng_066_001.wav,3,guqinguzheng,9,rock,6,6,3
962,962,datasets/audios/eastern_sliced/guqinguzheng/guqinguzheng_066_002.wav,3,guqinguzheng,2,country,6,6,1
963,963,datasets/audios/eastern_sliced/guqinguzheng/guqinguzheng_066_003.wav,3,guqinguzheng,2,country,6,6,1
964,964,datasets/audios/eastern_sliced/guqinguzheng/guqinguzheng_066_004.wav,3,guqinguzheng,9,rock,6,6,3
965,965,datasets/audios/eastern_sliced/guqinguzheng/guqinguzheng_067_000.wav,3,guqinguzheng,1,classical,7,7,3
966,966,datasets/audios/eastern_sliced/guqinguzheng/guqinguzheng_067_001.wav,3,guqinguzheng,1,classical,7,7,3
967,967,datasets/audios/eastern_sliced/guqinguzheng/guqinguzheng_067_002.wav,3,guqinguzheng,1,classical,7,7,3
968,968,datasets/audios/eastern_sliced/guqinguzheng/guqinguzheng_067_003.wav,3,guqinguzheng,1,classical,7,7,3
969,969,datasets/audios/eastern_sliced/guqinguzheng/guqinguzheng_067_004.wav,3,guqinguzheng,1,classical,7,7,3
970,970,datasets/audios/eastern_sliced/guqinguzheng/guqinguzheng_068_000.wav,3,guqinguzheng,1,classical,1,1,3
971,971,datasets/audios/eastern_sliced/guqinguzheng/guqinguzheng_068_001.wav,3,guqinguzheng,1,classical,1,1,3
972,972,datasets/audios/eastern_sliced/guqinguzheng/guqinguzheng_068_002.wav,3,guqinguzheng,1,classical,1,1,3
973,973,datasets/audios/eastern_sliced/guqinguzheng/guqinguzheng_068_003.wav,3,guqinguzheng,1,classical,1,1,3
974,974,datasets/audios/eastern_sliced/guqinguzheng/guqinguzheng_068_004.wav,3,guqinguzheng,1,classical,1,1,3
975,975,datasets/audios/eastern_sliced/guqinguzheng/guqinguzheng_069_000.wav,3,guqinguzheng,1,classical,6,6,3
976,976,datasets/audios/eastern_sliced/guqinguzheng/guqinguzheng_069_001.wav,3,guqinguzheng,1,classical,7,7,3
977,977,datasets/audios/eastern_sliced/guqinguzheng/guqinguzheng_069_002.wav,3,guqinguzheng,1,classical,6,6,3
978,978,datasets/audios/eastern_sliced/guqinguzheng/guqinguzheng_069_003.wav,3,guqinguzheng,1,classical,6,6,3
979,979,datasets/audios/eastern_sliced/guqinguzheng/guqinguzheng_069_004.wav,3,guqinguzheng,1,classical,6,6,0
980,980,datasets/audios/eastern_sliced/guqinguzheng/guqinguzheng_070_000.wav,3,guqinguzheng,1,classical,7,7,3
981,981,datasets/audios/eastern_sliced/guqinguzheng/guqinguzheng_070_001.wav,3,guqinguzheng,1,classical,5,5,3
982,982,datasets/audios/eastern_sliced/guqinguzheng/guqinguzheng_070_002.wav,3,guqinguzheng,0,blues,7,7,3
983,983,datasets/audios/eastern_sliced/guqinguzheng/guqinguzheng_071_000.wav,3,guqinguzheng,1,classical,7,7,3
984,984,datasets/audios/eastern_sliced/guqinguzheng/guqinguzheng_071_001.wav,3,guqinguzheng,1,classical,7,7,3
985,985,datasets/audios/eastern_sliced/guqinguzheng/guqinguzheng_072_000.wav,3,guqinguzheng,1,classical,6,6,3
986,986,datasets/audios/eastern_sliced/guqinguzheng/guqinguzheng_072_001.wav,3,guqinguzheng,1,classical,6,6,3
987,987,datasets/audios/eastern_sliced/guqinguzheng/guqinguzheng_072_002.wav,3,guqinguzheng,1,classical,6,6,3
988,988,datasets/audios/eastern_sliced/guqinguzheng/guqinguzheng_073_000.wav,3,guqinguzheng,1,classical,4,4,5
989,989,datasets/audios/eastern_sliced/guqinguzheng/guqinguzheng_073_001.wav,3,guqinguzheng,1,classical,4,4,3
990,990,datasets/audios/eastern_sliced/guqinguzheng/guqinguzheng_073_002.wav,3,guqinguzheng,1,classical,4,4,3
991,991,datasets/audios/eastern_sliced/guqinguzheng/guqinguzheng_073_003.wav,3,guqinguzheng,1,classical,4,4,0
992,992,datasets/audios/eastern_sliced/guqinguzheng/guqinguzheng_073_004.wav,3,guqinguzheng,9,rock,6,6,2
993,993,datasets/audios/eastern_sliced/guqinguzheng/guqinguzheng_074_000.wav,3,guqinguzheng,1,classical,1,1,3
994,994,datasets/audios/eastern_sliced/guqinguzheng/guqinguzheng_074_001.wav,3,guqinguzheng,1,classical,1,1,3
995,995,datasets/audios/eastern_sliced/guqinguzheng/guqinguzheng_075_000.wav,3,guqinguzheng,1,classical,6,6,3
996,996,datasets/audios/eastern_sliced/guqinguzheng/guqinguzheng_075_001.wav,3,guqinguzheng,7,pop,6,6,6
997,997,datasets/audios/eastern_sliced/guqinguzheng/guqinguzheng_075_002.wav,3,guqinguzheng,7,pop,6,6,6
998,998,datasets/audios/eastern_sliced/guqinguzheng/guqinguzheng_075_003.wav,3,guqinguzheng,7,pop,6,6,6
999,999,datasets/audios/eastern_sliced/guqinguzheng/guqinguzheng_075_004.wav,3,guqinguzheng,1,classical,1,1,3
1000,1000,datasets/audios/eastern_sliced/guqinguzheng/guqinguzheng_076_000.wav,3,guqinguzheng,2,country,7,7,3
1001,1001,datasets/audios/eastern_sliced/guqinguzheng/guqinguzheng_076_001.wav,3,guqinguzheng,2,country,7,7,3
1002,1002,datasets/audios/eastern_sliced/guqinguzheng/guqinguzheng_076_002.wav,3,guqinguzheng,1,classical,7,7,3
1003,1003,datasets/audios/eastern_sliced/guqinguzheng/guqinguzheng_076_003.wav,3,guqinguzheng,1,classical,7,7,3
1004,1004,datasets/audios/eastern_sliced/guqinguzheng/guqinguzheng_076_004.wav,3,guqinguzheng,1,classical,7,7,3
1005,1005,datasets/audios/eastern_sliced/guqinguzheng/guqinguzheng_077_000.wav,3,guqinguzheng,1,classical,6,6,3
1006,1006,datasets/audios/eastern_sliced/guqinguzheng/guqinguzheng_077_001.wav,3,guqinguzheng,1,classical,6,6,3
1007,1007,datasets/audios/eastern_sliced/guqinguzheng/guqinguzheng_077_002.wav,3,guqinguzheng,7,pop,6,6,6
1008,1008,datasets/audios/eastern_sliced/guqinguzheng/guqinguzheng_078_000.wav,3,guqinguzheng,1,classical,7,7,3
1009,1009,datasets/audios/eastern_sliced/guqinguzheng/guqinguzheng_078_001.wav,3,guqinguzheng,1,classical,7,7,3
1010,1010,datasets/audios/eastern_sliced/guqinguzheng/guqinguzheng_078_002.wav,3,guqinguzheng,1,classical,7,7,3
1011,1011,datasets/audios/eastern_sliced/guqinguzheng/guqinguzheng_078_003.wav,3,guqinguzheng,1,classical,7,7,3
1012,1012,datasets/audios/eastern_sliced/guqinguzheng/guqinguzheng_078_004.wav,3,guqinguzheng,1,classical,7,7,3
1013,1013,datasets/audios/eastern_sliced/guqinguzheng/guqinguzheng_079_000.wav,3,guqinguzheng,5,jazz,6,6,0
1014,1014,datasets/audios/eastern_sliced/guqinguzheng/guqinguzheng_079_001.wav,3,guqinguzheng,2,country,7,7,3
1015,1015,datasets/audios/eastern_sliced/guqinguzheng/guqinguzheng_079_002.wav,3,guqinguzheng,1,classical,7,7,3
1016,1016,datasets/audios/eastern_sliced/guqinguzheng/guqinguzheng_079_003.wav,3,guqinguzheng,7,pop,6,6,3
1017,1017,datasets/audios/eastern_sliced/guqinguzheng/guqinguzheng_079_004.wav,3,guqinguzheng,1,classical,7,7,3
1018,1018,datasets/audios/eastern_sliced/guqinguzheng/guqinguzheng_080_000.wav,3,guqinguzheng,1,classical,1,1,3
1019,1019,datasets/audios/eastern_sliced/guqinguzheng/guqinguzheng_080_001.wav,3,guqinguzheng,1,classical,1,1,0
1020,1020,datasets/audios/eastern_sliced/guqinguzheng/guqinguzheng_080_002.wav,3,guqinguzheng,1,classical,1,1,0
1021,1021,datasets/audios/eastern_sliced/guqinguzheng/guqinguzheng_080_003.wav,3,guqinguzheng,1,classical,1,1,0
1022,1022,datasets/audios/eastern_sliced/guqinguzheng/guqinguzheng_080_004.wav,3,guqinguzheng,7,pop,1,1,0
1023,1023,datasets/audios/eastern_sliced/guqinguzheng/guqinguzheng_081_000.wav,3,guqinguzheng,1,classical,6,6,3
1024,1024,datasets/audios/eastern_sliced/guqinguzheng/guqinguzheng_081_001.wav,3,guqinguzheng,7,pop,6,6,3
1025,1025,datasets/audios/eastern_sliced/guqinguzheng/guqinguzheng_081_002.wav,3,guqinguzheng,1,classical,6,6,3
1026,1026,datasets/audios/eastern_sliced/guqinguzheng/guqinguzheng_081_003.wav,3,guqinguzheng,1,classical,6,6,3
1027,1027,datasets/audios/eastern_sliced/guqinguzheng/guqinguzheng_081_004.wav,3,guqinguzheng,2,country,6,6,1
1028,1028,datasets/audios/eastern_sliced/guqinguzheng/guqinguzheng_082_000.wav,3,guqinguzheng,2,country,7,7,3
1029,1029,datasets/audios/eastern_sliced/guqinguzheng/guqinguzheng_082_001.wav,3,guqinguzheng,2,country,7,7,1
1030,1030,datasets/audios/eastern_sliced/guqinguzheng/guqinguzheng_082_002.wav,3,guqinguzheng,2,country,7,7,1
1031,1031,datasets/audios/eastern_sliced/guqinguzheng/guqinguzheng_083_000.wav,3,guqinguzheng,1,classical,7,7,3
1032,1032,datasets/audios/eastern_sliced/guqinguzheng/guqinguzheng_083_001.wav,3,guqinguzheng,1,classical,6,6,3
1033,1033,datasets/audios/eastern_sliced/guqinguzheng/guqinguzheng_083_002.wav,3,guqinguzheng,1,classical,6,6,3
1034,1034,datasets/audios/eastern_sliced/guqinguzheng/guqinguzheng_083_003.wav,3,guqinguzheng,1,classical,6,6,3
1035,1035,datasets/audios/eastern_sliced/guqinguzheng/guqinguzheng_083_004.wav,3,guqinguzheng,1,classical,6,6,3
1036,1036,datasets/audios/eastern_sliced/guqinguzheng/guqinguzheng_084_000.wav,3,guqinguzheng,1,classical,6,6,3
1037,1037,datasets/audios/eastern_sliced/guqinguzheng/guqinguzheng_084_001.wav,3,guqinguzheng,1,classical,7,7,3
1038,1038,datasets/audios/eastern_sliced/guqinguzheng/guqinguzheng_084_002.wav,3,guqinguzheng,7,pop,6,6,3
1039,1039,datasets/audios/eastern_sliced/guqinguzheng/guqinguzheng_084_003.wav,3,guqinguzheng,7,pop,6,6,3
1040,1040,datasets/audios/eastern_sliced/guqinguzheng/guqinguzheng_084_004.wav,3,guqinguzheng,7,pop,6,6,3
1041,1041,datasets/audios/eastern_sliced/guqinguzheng/guqinguzheng_085_000.wav,3,guqinguzheng,1,classical,6,6,5
1042,1042,datasets/audios/eastern_sliced/guqinguzheng/guqinguzheng_085_001.wav,3,guqinguzheng,1,classical,6,6,3
1043,1043,datasets/audios/eastern_sliced/guqinguzheng/guqinguzheng_085_002.wav,3,guqinguzheng,1,classical,6,6,3
1044,1044,datasets/audios/eastern_sliced/guqinguzheng/guqinguzheng_085_003.wav,3,guqinguzheng,1,classical,6,6,3
1045,1045,datasets/audios/eastern_sliced/guqinguzheng/guqinguzheng_086_000.wav,3,guqinguzheng,1,classical,7,7,3
1046,1046,datasets/audios/eastern_sliced/guqinguzheng/guqinguzheng_086_001.wav,3,guqinguzheng,1,classical,7,7,3
1047,1047,datasets/audios/eastern_sliced/guqinguzheng/guqinguzheng_086_002.wav,3,guqinguzheng,1,classical,7,7,3
1048,1048,datasets/audios/eastern_sliced/guqinguzheng/guqinguzheng_087_000.wav,3,guqinguzheng,1,classical,1,1,3
1049,1049,datasets/audios/eastern_sliced/guqinguzheng/guqinguzheng_087_001.wav,3,guqinguzheng,1,classical,7,7,3
1050,1050,datasets/audios/eastern_sliced/guqinguzheng/guqinguzheng_087_002.wav,3,guqinguzheng,1,classical,1,1,3
1051,1051,datasets/audios/eastern_sliced/guqinguzheng/guqinguzheng_087_003.wav,3,guqinguzheng,1,classical,1,1,3
1052,1052,datasets/audios/eastern_sliced/guqinguzheng/guqinguzheng_087_004.wav,3,guqinguzheng,1,classical,1,1,3
1053,1053,datasets/audios/eastern_sliced/guqinguzheng/guqinguzheng_088_000.wav,3,guqinguzheng,2,country,7,7,3
1054,1054,datasets/audios/eastern_sliced/guqinguzheng/guqinguzheng_088_001.wav,3,guqinguzheng,2,country,7,7,3
1055,1055,datasets/audios/eastern_sliced/guqinguzheng/guqinguzheng_088_002.wav,3,guqinguzheng,1,classical,7,7,3
1056,1056,datasets/audios/eastern_sliced/guqinguzheng/guqinguzheng_088_003.wav,3,guqinguzheng,2,country,7,7,3
1057,1057,datasets/audios/eastern_sliced/guqinguzheng/guqinguzheng_088_004.wav,3,guqinguzheng,2,country,7,7,3
1058,1058,datasets/audios/eastern_sliced/guqinguzheng/guqinguzheng_089_000.wav,3,guqinguzheng,1,classical,6,6,3
1059,1059,datasets/audios/eastern_sliced/guqinguzheng/guqinguzheng_089_001.wav,3,guqinguzheng,7,pop,6,6,3
1060,1060,datasets/audios/eastern_sliced/guqinguzheng/guqinguzheng_089_002.wav,3,guqinguzheng,7,pop,6,6,3
1061,1061,datasets/audios/eastern_sliced/guqinguzheng/guqinguzheng_089_003.wav,3,guqinguzheng,7,pop,6,6,3
1062,1062,datasets/audios/eastern_sliced/guqinguzheng/guqinguzheng_089_004.wav,3,guqinguzheng,1,classical,7,7,3
1063,1063,datasets/audios/eastern_sliced/guqinguzheng/guqinguzheng_090_000.wav,3,guqinguzheng,1,classical,7,7,5
1064,1064,datasets/audios/eastern_sliced/guqinguzheng/guqinguzheng_090_001.wav,3,guqinguzheng,1,classical,6,6,3
1065,1065,datasets/audios/eastern_sliced/guqinguzheng/guqinguzheng_090_002.wav,3,guqinguzheng,1,classical,6,6,3
1066,1066,datasets/audios/eastern_sliced/guqinguzheng/guqinguzheng_090_003.wav,3,guqinguzheng,1,classical,6,6,3
1067,1067,datasets/audios/eastern_sliced/guqinguzheng/guqinguzheng_090_004.wav,3,guqinguzheng,1,classical,6,6,3
1068,1068,datasets/audios/eastern_sliced/guqinguzheng/guqinguzheng_091_000.wav,3,guqinguzheng,1,classical,1,1,3
1069,1069,datasets/audios/eastern_sliced/guqinguzheng/guqinguzheng_091_001.wav,3,guqinguzheng,1,classical,1,1,3
1070,1070,datasets/audios/eastern_sliced/guqinguzheng/guqinguzheng_091_002.wav,3,guqinguzheng,1,classical,1,1,3
1071,1071,datasets/audios/eastern_sliced/guqinguzheng/guqinguzheng_091_003.wav,3,guqinguzheng,1,classical,7,7,3
1072,1072,datasets/audios/eastern_sliced/guqinguzheng/guqinguzheng_091_004.wav,3,guqinguzheng,1,classical,1,1,3
1073,1073,datasets/audios/eastern_sliced/guqinguzheng/guqinguzheng_092_000.wav,3,guqinguzheng,1,classical,4,4,5
1074,1074,datasets/audios/eastern_sliced/guqinguzheng/guqinguzheng_092_001.wav,3,guqinguzheng,1,classical,7,7,5
1075,1075,datasets/audios/eastern_sliced/guqinguzheng/guqinguzheng_092_002.wav,3,guqinguzheng,1,classical,7,7,5
1076,1076,datasets/audios/eastern_sliced/guqinguzheng/guqinguzheng_092_003.wav,3,guqinguzheng,1,classical,7,7,5
1077,1077,datasets/audios/eastern_sliced/guqinguzheng/guqinguzheng_092_004.wav,3,guqinguzheng,1,classical,7,7,5
1078,1078,datasets/audios/eastern_sliced/guqinguzheng/guqinguzheng_093_000.wav,3,guqinguzheng,1,classical,6,6,3
1079,1079,datasets/audios/eastern_sliced/guqinguzheng/guqinguzheng_093_001.wav,3,guqinguzheng,7,pop,6,6,6
1080,1080,datasets/audios/eastern_sliced/guqinguzheng/guqinguzheng_093_002.wav,3,guqinguzheng,7,pop,6,6,6
1081,1081,datasets/audios/eastern_sliced/guqinguzheng/guqinguzheng_093_003.wav,3,guqinguzheng,1,classical,6,6,3
1082,1082,datasets/audios/eastern_sliced/guqinguzheng/guqinguzheng_094_000.wav,3,guqinguzheng,1,classical,7,7,3
1083,1083,datasets/audios/eastern_sliced/guqinguzheng/guqinguzheng_094_001.wav,3,guqinguzheng,1,classical,7,7,3
1084,1084,datasets/audios/eastern_sliced/guqinguzheng/guqinguzheng_094_002.wav,3,guqinguzheng,1,classical,7,7,3
1085,1085,datasets/audios/eastern_sliced/guqinguzheng/guqinguzheng_094_003.wav,3,guqinguzheng,1,classical,7,7,3
1086,1086,datasets/audios/eastern_sliced/guqinguzheng/guqinguzheng_094_004.wav,3,guqinguzheng,2,country,7,7,3
1087,1087,datasets/audios/eastern_sliced/guqinguzheng/guqinguzheng_095_000.wav,3,guqinguzheng,1,classical,7,7,3
1088,1088,datasets/audios/eastern_sliced/guqinguzheng/guqinguzheng_095_001.wav,3,guqinguzheng,1,classical,7,7,3
1089,1089,datasets/audios/eastern_sliced/guqinguzheng/guqinguzheng_095_002.wav,3,guqinguzheng,1,classical,7,7,3
1090,1090,datasets/audios/eastern_sliced/guqinguzheng/guqinguzheng_095_003.wav,3,guqinguzheng,1,classical,7,7,3
1091,1091,datasets/audios/eastern_sliced/guqinguzheng/guqinguzheng_095_004.wav,3,guqinguzheng,1,classical,7,7,3
1092,1092,datasets/audios/eastern_sliced/guqinguzheng/guqinguzheng_096_000.wav,3,guqinguzheng,7,pop,6,6,3
1093,1093,datasets/audios/eastern_sliced/guqinguzheng/guqinguzheng_096_001.wav,3,guqinguzheng,1,classical,6,6,3
1094,1094,datasets/audios/eastern_sliced/guqinguzheng/guqinguzheng_096_002.wav,3,guqinguzheng,7,pop,6,6,3
1095,1095,datasets/audios/eastern_sliced/guqinguzheng/guqinguzheng_097_000.wav,3,guqinguzheng,1,classical,1,1,3
1096,1096,datasets/audios/eastern_sliced/guqinguzheng/guqinguzheng_097_001.wav,3,guqinguzheng,1,classical,1,1,3
1097,1097,datasets/audios/eastern_sliced/guqinguzheng/guqinguzheng_097_002.wav,3,guqinguzheng,1,classical,1,1,3
1098,1098,datasets/audios/eastern_sliced/guqinguzheng/guqinguzheng_097_003.wav,3,guqinguzheng,1,classical,1,1,3
1099,1099,datasets/audios/eastern_sliced/guqinguzheng/guqinguzheng_098_000.wav,3,guqinguzheng,0,blues,7,7,2
1100,1100,datasets/audios/eastern_sliced/guqinguzheng/guqinguzheng_098_001.wav,3,guqinguzheng,5,jazz,6,6,4
1101,1101,datasets/audios/eastern_sliced/guqinguzheng/guqinguzheng_098_002.wav,3,guqinguzheng,0,blues,7,7,3
1102,1102,datasets/audios/eastern_sliced/guqinguzheng/guqinguzheng_098_003.wav,3,guqinguzheng,1,classical,7,7,3
1103,1103,datasets/audios/eastern_sliced/guqinguzheng/guqinguzheng_098_004.wav,3,guqinguzheng,5,jazz,7,7,4
1104,1104,datasets/audios/eastern_sliced/guqinguzheng/guqinguzheng_099_000.wav,3,guqinguzheng,1,classical,3,3,5
1105,1105,datasets/audios/eastern_sliced/guqinguzheng/guqinguzheng_099_001.wav,3,guqinguzheng,7,pop,6,6,0
1106,1106,datasets/audios/eastern_sliced/guqinguzheng/guqinguzheng_099_002.wav,3,guqinguzheng,7,pop,6,6,0
1107,1107,datasets/audios/eastern_sliced/guqinguzheng/guqinguzheng_099_003.wav,3,guqinguzheng,4,hiphop,6,6,2
1108,1108,datasets/audios/eastern_sliced/guqinguzheng/guqinguzheng_099_004.wav,3,guqinguzheng,1,classical,6,6,3
1109,1109,datasets/audios/eastern_sliced/jingju/jingju_000_000.wav,4,jingju,7,pop,1,1,0
1110,1110,datasets/audios/eastern_sliced/jingju/jingju_000_001.wav,4,jingju,1,classical,1,1,3
1111,1111,datasets/audios/eastern_sliced/jingju/jingju_000_002.wav,4,jingju,1,classical,1,1,3
1112,1112,datasets/audios/eastern_sliced/jingju/jingju_000_003.wav,4,jingju,1,classical,1,1,5
1113,1113,datasets/audios/eastern_sliced/jingju/jingju_000_004.wav,4,jingju,1,classical,1,1,5
1114,1114,datasets/audios/eastern_sliced/jingju/jingju_001_000.wav,4,jingju,1,classical,1,1,5
1115,1115,datasets/audios/eastern_sliced/jingju/jingju_001_001.wav,4,jingju,7,pop,1,1,5
1116,1116,datasets/audios/eastern_sliced/jingju/jingju_001_002.wav,4,jingju,1,classical,1,1,5
1117,1117,datasets/audios/eastern_sliced/jingju/jingju_002_000.wav,4,jingju,1,classical,1,1,3
1118,1118,datasets/audios/eastern_sliced/jingju/jingju_002_001.wav,4,jingju,7,pop,1,1,2
1119,1119,datasets/audios/eastern_sliced/jingju/jingju_002_002.wav,4,jingju,1,classical,1,1,5
1120,1120,datasets/audios/eastern_sliced/jingju/jingju_002_003.wav,4,jingju,7,pop,1,1,2
1121,1121,datasets/audios/eastern_sliced/jingju/jingju_002_004.wav,4,jingju,8,reggae,1,1,2
1122,1122,datasets/audios/eastern_sliced/jingju/jingju_003_000.wav,4,jingju,1,classical,4,4,3
1123,1123,datasets/audios/eastern_sliced/jingju/jingju_003_001.wav,4,jingju,1,classical,1,1,3
1124,1124,datasets/audios/eastern_sliced/jingju/jingju_003_002.wav,4,jingju,9,rock,4,4,2
1125,1125,datasets/audios/eastern_sliced/jingju/jingju_004_000.wav,4,jingju,1,classical,1,1,5
1126,1126,datasets/audios/eastern_sliced/jingju/jingju_004_001.wav,4,jingju,1,classical,1,1,5
1127,1127,datasets/audios/eastern_sliced/jingju/jingju_005_000.wav,4,jingju,1,classical,1,1,5
1128,1128,datasets/audios/eastern_sliced/jingju/jingju_005_001.wav,4,jingju,1,classical,1,1,5
1129,1129,datasets/audios/eastern_sliced/jingju/jingju_006_000.wav,4,jingju,1,classical,1,1,5
1130,1130,datasets/audios/eastern_sliced/jingju/jingju_006_001.wav,4,jingju,1,classical,1,1,5
1131,1131,datasets/audios/eastern_sliced/jingju/jingju_007_000.wav,4,jingju,1,classical,1,1,5
1132,1132,datasets/audios/eastern_sliced/jingju/jingju_007_001.wav,4,jingju,1,classical,1,1,5
1133,1133,datasets/audios/eastern_sliced/jingju/jingju_007_002.wav,4,jingju,1,classical,1,1,5
1134,1134,datasets/audios/eastern_sliced/jingju/jingju_007_003.wav,4,jingju,1,classical,1,1,5
1135,1135,datasets/audios/eastern_sliced/jingju/jingju_008_000.wav,4,jingju,1,classical,1,1,5
1136,1136,datasets/audios/eastern_sliced/jingju/jingju_008_001.wav,4,jingju,1,classical,1,1,5
1137,1137,datasets/audios/eastern_sliced/jingju/jingju_009_000.wav,4,jingju,1,classical,1,1,5
1138,1138,datasets/audios/eastern_sliced/jingju/jingju_009_001.wav,4,jingju,1,classical,1,1,5
1139,1139,datasets/audios/eastern_sliced/jingju/jingju_009_002.wav,4,jingju,1,classical,1,1,5
1140,1140,datasets/audios/eastern_sliced/jingju/jingju_009_003.wav,4,jingju,1,classical,1,1,5
1141,1141,datasets/audios/eastern_sliced/jingju/jingju_009_004.wav,4,jingju,1,classical,1,1,5
1142,1142,datasets/audios/eastern_sliced/jingju/jingju_010_000.wav,4,jingju,7,pop,1,1,3
1143,1143,datasets/audios/eastern_sliced/jingju/jingju_010_001.wav,4,jingju,1,classical,1,1,3
1144,1144,datasets/audios/eastern_sliced/jingju/jingju_010_002.wav,4,jingju,1,classical,1,1,5
1145,1145,datasets/audios/eastern_sliced/jingju/jingju_010_003.wav,4,jingju,7,pop,1,1,0
1146,1146,datasets/audios/eastern_sliced/jingju/jingju_010_004.wav,4,jingju,7,pop,1,1,0
1147,1147,datasets/audios/eastern_sliced/jingju/jingju_011_000.wav,4,jingju,1,classical,1,1,5
1148,1148,datasets/audios/eastern_sliced/jingju/jingju_011_001.wav,4,jingju,1,classical,1,1,5
1149,1149,datasets/audios/eastern_sliced/jingju/jingju_011_002.wav,4,jingju,1,classical,1,1,5
1150,1150,datasets/audios/eastern_sliced/jingju/jingju_011_003.wav,4,jingju,1,classical,1,1,5
1151,1151,datasets/audios/eastern_sliced/jingju/jingju_012_000.wav,4,jingju,1,classical,1,1,5
1152,1152,datasets/audios/eastern_sliced/jingju/jingju_013_000.wav,4,jingju,1,classical,1,1,5
1153,1153,datasets/audios/eastern_sliced/jingju/jingju_013_001.wav,4,jingju,1,classical,1,1,5
1154,1154,datasets/audios/eastern_sliced/jingju/jingju_013_002.wav,4,jingju,1,classical,1,1,5
1155,1155,datasets/audios/eastern_sliced/jingju/jingju_013_003.wav,4,jingju,1,classical,1,1,5
1156,1156,datasets/audios/eastern_sliced/jingju/jingju_013_004.wav,4,jingju,1,classical,1,1,3
1157,1157,datasets/audios/eastern_sliced/jingju/jingju_014_000.wav,4,jingju,1,classical,1,1,5
1158,1158,datasets/audios/eastern_sliced/jingju/jingju_014_001.wav,4,jingju,1,classical,1,1,5
1159,1159,datasets/audios/eastern_sliced/jingju/jingju_014_002.wav,4,jingju,1,classical,1,1,5
1160,1160,datasets/audios/eastern_sliced/jingju/jingju_014_003.wav,4,jingju,1,classical,1,1,5
1161,1161,datasets/audios/eastern_sliced/jingju/jingju_015_000.wav,4,jingju,1,classical,1,1,5
1162,1162,datasets/audios/eastern_sliced/jingju/jingju_015_001.wav,4,jingju,1,classical,1,1,5
1163,1163,datasets/audios/eastern_sliced/jingju/jingju_016_000.wav,4,jingju,1,classical,1,1,5
1164,1164,datasets/audios/eastern_sliced/jingju/jingju_016_001.wav,4,jingju,4,hiphop,4,4,4
1165,1165,datasets/audios/eastern_sliced/jingju/jingju_016_002.wav,4,jingju,4,hiphop,4,4,4
1166,1166,datasets/audios/eastern_sliced/jingju/jingju_016_003.wav,4,jingju,4,hiphop,4,4,2
1167,1167,datasets/audios/eastern_sliced/jingju/jingju_016_004.wav,4,jingju,1,classical,1,1,5
1168,1168,datasets/audios/eastern_sliced/jingju/jingju_017_000.wav,4,jingju,1,classical,1,1,5
1169,1169,datasets/audios/eastern_sliced/jingju/jingju_017_001.wav,4,jingju,1,classical,1,1,5
1170,1170,datasets/audios/eastern_sliced/jingju/jingju_017_002.wav,4,jingju,1,classical,1,1,5
1171,1171,datasets/audios/eastern_sliced/jingju/jingju_018_000.wav,4,jingju,1,classical,1,1,5
1172,1172,datasets/audios/eastern_sliced/jingju/jingju_018_001.wav,4,jingju,1,classical,1,1,5
1173,1173,datasets/audios/eastern_sliced/jingju/jingju_018_002.wav,4,jingju,1,classical,1,1,0
1174,1174,datasets/audios/eastern_sliced/jingju/jingju_018_003.wav,4,jingju,5,jazz,1,1,0
1175,1175,datasets/audios/eastern_sliced/jingju/jingju_018_004.wav,4,jingju,7,pop,1,1,0
1176,1176,datasets/audios/eastern_sliced/jingju/jingju_019_000.wav,4,jingju,1,classical,1,1,5
1177,1177,datasets/audios/eastern_sliced/jingju/jingju_019_001.wav,4,jingju,1,classical,1,1,2
1178,1178,datasets/audios/eastern_sliced/jingju/jingju_019_002.wav,4,jingju,4,hiphop,1,1,2
1179,1179,datasets/audios/eastern_sliced/jingju/jingju_020_000.wav,4,jingju,1,classical,1,1,5
1180,1180,datasets/audios/eastern_sliced/jingju/jingju_020_001.wav,4,jingju,1,classical,1,1,5
1181,1181,datasets/audios/eastern_sliced/jingju/jingju_020_002.wav,4,jingju,1,classical,1,1,5
1182,1182,datasets/audios/eastern_sliced/jingju/jingju_020_003.wav,4,jingju,1,classical,1,1,5
1183,1183,datasets/audios/eastern_sliced/jingju/jingju_020_004.wav,4,jingju,1,classical,1,1,5
1184,1184,datasets/audios/eastern_sliced/jingju/jingju_021_000.wav,4,jingju,1,classical,1,1,5
1185,1185,datasets/audios/eastern_sliced/jingju/jingju_021_001.wav,4,jingju,7,pop,1,1,5
1186,1186,datasets/audios/eastern_sliced/jingju/jingju_022_000.wav,4,jingju,1,classical,1,1,5
1187,1187,datasets/audios/eastern_sliced/jingju/jingju_022_001.wav,4,jingju,1,classical,1,1,5
1188,1188,datasets/audios/eastern_sliced/jingju/jingju_023_000.wav,4,jingju,1,classical,1,1,5
1189,1189,datasets/audios/eastern_sliced/jingju/jingju_023_001.wav,4,jingju,1,classical,1,1,5
1190,1190,datasets/audios/eastern_sliced/jingju/jingju_023_002.wav,4,jingju,1,classical,1,1,5
1191,1191,datasets/audios/eastern_sliced/jingju/jingju_023_003.wav,4,jingju,1,classical,1,1,5
1192,1192,datasets/audios/eastern_sliced/jingju/jingju_023_004.wav,4,jingju,1,classical,1,1,5
1193,1193,datasets/audios/eastern_sliced/jingju/jingju_024_000.wav,4,jingju,7,pop,1,1,6
1194,1194,datasets/audios/eastern_sliced/jingju/jingju_024_001.wav,4,jingju,7,pop,1,1,6
1195,1195,datasets/audios/eastern_sliced/jingju/jingju_024_002.wav,4,jingju,7,pop,1,1,6
1196,1196,datasets/audios/eastern_sliced/jingju/jingju_024_003.wav,4,jingju,7,pop,1,1,2
1197,1197,datasets/audios/eastern_sliced/jingju/jingju_025_000.wav,4,jingju,1,classical,1,1,5
1198,1198,datasets/audios/eastern_sliced/jingju/jingju_025_001.wav,4,jingju,1,classical,1,1,5
1199,1199,datasets/audios/eastern_sliced/jingju/jingju_025_002.wav,4,jingju,1,classical,1,1,5
1200,1200,datasets/audios/eastern_sliced/jingju/jingju_025_003.wav,4,jingju,1,classical,1,1,5
1201,1201,datasets/audios/eastern_sliced/jingju/jingju_025_004.wav,4,jingju,1,classical,1,1,5
1202,1202,datasets/audios/eastern_sliced/jingju/jingju_026_000.wav,4,jingju,1,classical,1,1,5
1203,1203,datasets/audios/eastern_sliced/jingju/jingju_026_001.wav,4,jingju,7,pop,1,1,5
1204,1204,datasets/audios/eastern_sliced/jingju/jingju_026_002.wav,4,jingju,1,classical,4,4,5
1205,1205,datasets/audios/eastern_sliced/jingju/jingju_026_003.wav,4,jingju,7,pop,4,4,0
1206,1206,datasets/audios/eastern_sliced/jingju/jingju_026_004.wav,4,jingju,7,pop,1,1,3
1207,1207,datasets/audios/eastern_sliced/jingju/jingju_027_000.wav,4,jingju,1,classical,1,1,5
1208,1208,datasets/audios/eastern_sliced/jingju/jingju_027_001.wav,4,jingju,1,classical,1,1,5
1209,1209,datasets/audios/eastern_sliced/jingju/jingju_027_002.wav,4,jingju,1,classical,1,1,5
1210,1210,datasets/audios/eastern_sliced/jingju/jingju_027_003.wav,4,jingju,1,classical,1,1,5
1211,1211,datasets/audios/eastern_sliced/jingju/jingju_027_004.wav,4,jingju,1,classical,4,4,2
1212,1212,datasets/audios/eastern_sliced/jingju/jingju_028_000.wav,4,jingju,1,classical,1,1,0
1213,1213,datasets/audios/eastern_sliced/jingju/jingju_028_001.wav,4,jingju,1,classical,1,1,5
1214,1214,datasets/audios/eastern_sliced/jingju/jingju_028_002.wav,4,jingju,1,classical,1,1,3
1215,1215,datasets/audios/eastern_sliced/jingju/jingju_028_003.wav,4,jingju,1,classical,1,1,5
1216,1216,datasets/audios/eastern_sliced/jingju/jingju_028_004.wav,4,jingju,7,pop,1,1,0
1217,1217,datasets/audios/eastern_sliced/jingju/jingju_029_000.wav,4,jingju,1,classical,1,1,3
1218,1218,datasets/audios/eastern_sliced/jingju/jingju_029_001.wav,4,jingju,1,classical,1,1,5
1219,1219,datasets/audios/eastern_sliced/jingju/jingju_029_002.wav,4,jingju,1,classical,1,1,3
1220,1220,datasets/audios/eastern_sliced/jingju/jingju_029_003.wav,4,jingju,1,classical,1,1,5
1221,1221,datasets/audios/eastern_sliced/jingju/jingju_029_004.wav,4,jingju,1,classical,1,1,3
1222,1222,datasets/audios/eastern_sliced/jingju/jingju_030_000.wav,4,jingju,7,pop,6,6,5
1223,1223,datasets/audios/eastern_sliced/jingju/jingju_030_001.wav,4,jingju,7,pop,6,6,2
1224,1224,datasets/audios/eastern_sliced/jingju/jingju_030_002.wav,4,jingju,1,classical,6,6,5
1225,1225,datasets/audios/eastern_sliced/jingju/jingju_030_003.wav,4,jingju,1,classical,6,6,5
1226,1226,datasets/audios/eastern_sliced/jingju/jingju_030_004.wav,4,jingju,1,classical,6,6,5
1227,1227,datasets/audios/eastern_sliced/jingju/jingju_031_000.wav,4,jingju,1,classical,1,1,5
1228,1228,datasets/audios/eastern_sliced/jingju/jingju_031_001.wav,4,jingju,7,pop,1,1,3
1229,1229,datasets/audios/eastern_sliced/jingju/jingju_031_002.wav,4,jingju,1,classical,1,1,5
1230,1230,datasets/audios/eastern_sliced/jingju/jingju_031_003.wav,4,jingju,1,classical,1,1,5
1231,1231,datasets/audios/eastern_sliced/jingju/jingju_032_000.wav,4,jingju,1,classical,1,1,5
1232,1232,datasets/audios/eastern_sliced/jingju/jingju_032_001.wav,4,jingju,1,classical,1,1,5
1233,1233,datasets/audios/eastern_sliced/jingju/jingju_032_002.wav,4,jingju,8,reggae,1,1,2
1234,1234,datasets/audios/eastern_sliced/jingju/jingju_032_003.wav,4,jingju,1,classical,1,1,5
1235,1235,datasets/audios/eastern_sliced/jingju/jingju_032_004.wav,4,jingju,1,classical,1,1,5
1236,1236,datasets/audios/eastern_sliced/jingju/jingju_033_000.wav,4,jingju,1,classical,1,1,5
1237,1237,datasets/audios/eastern_sliced/jingju/jingju_033_001.wav,4,jingju,1,classical,1,1,2
1238,1238,datasets/audios/eastern_sliced/jingju/jingju_033_002.wav,4,jingju,1,classical,1,1,5
1239,1239,datasets/audios/eastern_sliced/jingju/jingju_034_000.wav,4,jingju,1,classical,1,1,5
1240,1240,datasets/audios/eastern_sliced/jingju/jingju_034_001.wav,4,jingju,1,classical,1,1,5
1241,1241,datasets/audios/eastern_sliced/jingju/jingju_034_002.wav,4,jingju,1,classical,1,1,5
1242,1242,datasets/audios/eastern_sliced/jingju/jingju_035_000.wav,4,jingju,1,classical,1,1,5
1243,1243,datasets/audios/eastern_sliced/jingju/jingju_035_001.wav,4,jingju,1,classical,1,1,5
1244,1244,datasets/audios/eastern_sliced/jingju/jingju_035_002.wav,4,jingju,1,classical,1,1,5
1245,1245,datasets/audios/eastern_sliced/jingju/jingju_036_000.wav,4,jingju,1,classical,1,1,3
1246,1246,datasets/audios/eastern_sliced/jingju/jingju_036_001.wav,4,jingju,1,classical,1,1,5
1247,1247,datasets/audios/eastern_sliced/jingju/jingju_036_002.wav,4,jingju,1,classical,1,1,5
1248,1248,datasets/audios/eastern_sliced/jingju/jingju_037_000.wav,4,jingju,1,classical,1,1,5
1249,1249,datasets/audios/eastern_sliced/jingju/jingju_037_001.wav,4,jingju,7,pop,1,1,3
1250,1250,datasets/audios/eastern_sliced/jingju/jingju_037_002.wav,4,jingju,1,classical,1,1,3
1251,1251,datasets/audios/eastern_sliced/jingju/jingju_037_003.wav,4,jingju,1,classical,1,1,3
1252,1252,datasets/audios/eastern_sliced/jingju/jingju_037_004.wav,4,jingju,1,classical,1,1,3
1253,1253,datasets/audios/eastern_sliced/jingju/jingju_038_000.wav,4,jingju,1,classical,1,1,5
1254,1254,datasets/audios/eastern_sliced/jingju/jingju_038_001.wav,4,jingju,1,classical,1,1,5
1255,1255,datasets/audios/eastern_sliced/jingju/jingju_038_002.wav,4,jingju,1,classical,1,1,5
1256,1256,datasets/audios/eastern_sliced/jingju/jingju_038_003.wav,4,jingju,1,classical,1,1,5
1257,1257,datasets/audios/eastern_sliced/jingju/jingju_038_004.wav,4,jingju,1,classical,1,1,5
1258,1258,datasets/audios/eastern_sliced/jingju/jingju_039_000.wav,4,jingju,1,classical,1,1,5
1259,1259,datasets/audios/eastern_sliced/jingju/jingju_039_001.wav,4,jingju,1,classical,1,1,5
1260,1260,datasets/audios/eastern_sliced/jingju/jingju_039_002.wav,4,jingju,1,classical,1,1,5
1261,1261,datasets/audios/eastern_sliced/jingju/jingju_040_000.wav,4,jingju,0,blues,1,1,3
1262,1262,datasets/audios/eastern_sliced/jingju/jingju_040_001.wav,4,jingju,1,classical,1,1,3
1263,1263,datasets/audios/eastern_sliced/jingju/jingju_040_002.wav,4,jingju,1,classical,1,1,3
1264,1264,datasets/audios/eastern_sliced/jingju/jingju_040_003.wav,4,jingju,1,classical,1,1,3
1265,1265,datasets/audios/eastern_sliced/jingju/jingju_040_004.wav,4,jingju,1,classical,1,1,3
1266,1266,datasets/audios/eastern_sliced/jingju/jingju_041_000.wav,4,jingju,7,pop,1,1,0
1267,1267,datasets/audios/eastern_sliced/jingju/jingju_041_001.wav,4,jingju,7,pop,1,1,0
1268,1268,datasets/audios/eastern_sliced/jingju/jingju_041_002.wav,4,jingju,7,pop,1,1,0
1269,1269,datasets/audios/eastern_sliced/jingju/jingju_041_003.wav,4,jingju,7,pop,1,1,0
1270,1270,datasets/audios/eastern_sliced/jingju/jingju_042_000.wav,4,jingju,1,classical,4,4,0
1271,1271,datasets/audios/eastern_sliced/jingju/jingju_042_001.wav,4,jingju,1,classical,1,1,5
1272,1272,datasets/audios/eastern_sliced/jingju/jingju_042_002.wav,4,jingju,1,classical,1,1,5
1273,1273,datasets/audios/eastern_sliced/jingju/jingju_042_003.wav,4,jingju,1,classical,1,1,5
1274,1274,datasets/audios/eastern_sliced/jingju/jingju_042_004.wav,4,jingju,1,classical,1,1,5
1275,1275,datasets/audios/eastern_sliced/jingju/jingju_043_000.wav,4,jingju,1,classical,1,1,5
1276,1276,datasets/audios/eastern_sliced/jingju/jingju_043_001.wav,4,jingju,1,classical,1,1,5
1277,1277,datasets/audios/eastern_sliced/jingju/jingju_043_002.wav,4,jingju,1,classical,1,1,5
1278,1278,datasets/audios/eastern_sliced/jingju/jingju_043_003.wav,4,jingju,1,classical,1,1,5
1279,1279,datasets/audios/eastern_sliced/jingju/jingju_044_000.wav,4,jingju,1,classical,1,1,5
1280,1280,datasets/audios/eastern_sliced/jingju/jingju_044_001.wav,4,jingju,1,classical,1,1,5
1281,1281,datasets/audios/eastern_sliced/jingju/jingju_045_000.wav,4,jingju,1,classical,1,1,5
1282,1282,datasets/audios/eastern_sliced/jingju/jingju_045_001.wav,4,jingju,1,classical,1,1,5
1283,1283,datasets/audios/eastern_sliced/jingju/jingju_045_002.wav,4,jingju,4,hiphop,1,1,2
1284,1284,datasets/audios/eastern_sliced/jingju/jingju_046_000.wav,4,jingju,1,classical,1,1,5
1285,1285,datasets/audios/eastern_sliced/jingju/jingju_046_001.wav,4,jingju,1,classical,1,1,5
1286,1286,datasets/audios/eastern_sliced/jingju/jingju_046_002.wav,4,jingju,1,classical,1,1,5
1287,1287,datasets/audios/eastern_sliced/jingju/jingju_046_003.wav,4,jingju,1,classical,1,1,5
1288,1288,datasets/audios/eastern_sliced/jingju/jingju_046_004.wav,4,jingju,1,classical,1,1,5
1289,1289,datasets/audios/eastern_sliced/jingju/jingju_047_000.wav,4,jingju,7,pop,1,1,5
1290,1290,datasets/audios/eastern_sliced/jingju/jingju_048_000.wav,4,jingju,1,classical,1,1,5
1291,1291,datasets/audios/eastern_sliced/jingju/jingju_048_001.wav,4,jingju,1,classical,1,1,5
1292,1292,datasets/audios/eastern_sliced/jingju/jingju_048_002.wav,4,jingju,1,classical,1,1,5
1293,1293,datasets/audios/eastern_sliced/jingju/jingju_049_000.wav,4,jingju,1,classical,1,1,5
1294,1294,datasets/audios/eastern_sliced/jingju/jingju_049_001.wav,4,jingju,1,classical,1,1,5
1295,1295,datasets/audios/eastern_sliced/jingju/jingju_050_000.wav,4,jingju,1,classical,1,1,5
1296,1296,datasets/audios/eastern_sliced/jingju/jingju_050_001.wav,4,jingju,1,classical,1,1,5
1297,1297,datasets/audios/eastern_sliced/jingju/jingju_050_002.wav,4,jingju,1,classical,1,1,5
1298,1298,datasets/audios/eastern_sliced/jingju/jingju_050_003.wav,4,jingju,1,classical,1,1,5
1299,1299,datasets/audios/eastern_sliced/jingju/jingju_050_004.wav,4,jingju,1,classical,1,1,5
1300,1300,datasets/audios/eastern_sliced/jingju/jingju_051_000.wav,4,jingju,1,classical,1,1,5
1301,1301,datasets/audios/eastern_sliced/jingju/jingju_051_001.wav,4,jingju,1,classical,1,1,5
1302,1302,datasets/audios/eastern_sliced/jingju/jingju_051_002.wav,4,jingju,1,classical,1,1,5
1303,1303,datasets/audios/eastern_sliced/jingju/jingju_052_000.wav,4,jingju,1,classical,1,1,5
1304,1304,datasets/audios/eastern_sliced/jingju/jingju_052_001.wav,4,jingju,1,classical,1,1,5
1305,1305,datasets/audios/eastern_sliced/jingju/jingju_052_002.wav,4,jingju,1,classical,1,1,5
1306,1306,datasets/audios/eastern_sliced/jingju/jingju_052_003.wav,4,jingju,1,classical,1,1,5
1307,1307,datasets/audios/eastern_sliced/jingju/jingju_052_004.wav,4,jingju,1,classical,1,1,5
1308,1308,datasets/audios/eastern_sliced/jingju/jingju_053_000.wav,4,jingju,1,classical,1,1,5
1309,1309,datasets/audios/eastern_sliced/jingju/jingju_053_001.wav,4,jingju,1,classical,1,1,5
1310,1310,datasets/audios/eastern_sliced/jingju/jingju_053_002.wav,4,jingju,1,classical,1,1,5
1311,1311,datasets/audios/eastern_sliced/jingju/jingju_054_000.wav,4,jingju,1,classical,1,1,5
1312,1312,datasets/audios/eastern_sliced/jingju/jingju_054_001.wav,4,jingju,1,classical,1,1,5
1313,1313,datasets/audios/eastern_sliced/jingju/jingju_055_000.wav,4,jingju,1,classical,1,1,5
1314,1314,datasets/audios/eastern_sliced/jingju/jingju_055_001.wav,4,jingju,1,classical,1,1,5
1315,1315,datasets/audios/eastern_sliced/jingju/jingju_055_002.wav,4,jingju,1,classical,1,1,5
1316,1316,datasets/audios/eastern_sliced/jingju/jingju_055_003.wav,4,jingju,1,classical,1,1,5
1317,1317,datasets/audios/eastern_sliced/jingju/jingju_055_004.wav,4,jingju,1,classical,1,1,5
1318,1318,datasets/audios/eastern_sliced/jingju/jingju_056_000.wav,4,jingju,1,classical,1,1,5
1319,1319,datasets/audios/eastern_sliced/jingju/jingju_056_001.wav,4,jingju,1,classical,1,1,5
1320,1320,datasets/audios/eastern_sliced/jingju/jingju_056_002.wav,4,jingju,1,classical,1,1,5
1321,1321,datasets/audios/eastern_sliced/jingju/jingju_056_003.wav,4,jingju,1,classical,1,1,5
1322,1322,datasets/audios/eastern_sliced/jingju/jingju_057_000.wav,4,jingju,1,classical,1,1,5
1323,1323,datasets/audios/eastern_sliced/jingju/jingju_057_001.wav,4,jingju,1,classical,1,1,5
1324,1324,datasets/audios/eastern_sliced/jingju/jingju_057_002.wav,4,jingju,1,classical,1,1,5
1325,1325,datasets/audios/eastern_sliced/jingju/jingju_058_000.wav,4,jingju,1,classical,1,1,5
1326,1326,datasets/audios/eastern_sliced/jingju/jingju_058_001.wav,4,jingju,1,classical,1,1,5
1327,1327,datasets/audios/eastern_sliced/jingju/jingju_058_002.wav,4,jingju,1,classical,1,1,5
1328,1328,datasets/audios/eastern_sliced/jingju/jingju_058_003.wav,4,jingju,1,classical,1,1,5
1329,1329,datasets/audios/eastern_sliced/jingju/jingju_059_000.wav,4,jingju,1,classical,1,1,5
1330,1330,datasets/audios/eastern_sliced/jingju/jingju_059_001.wav,4,jingju,1,classical,1,1,5
1331,1331,datasets/audios/eastern_sliced/jingju/jingju_060_000.wav,4,jingju,7,pop,4,4,2
1332,1332,datasets/audios/eastern_sliced/jingju/jingju_060_001.wav,4,jingju,7,pop,1,1,3
1333,1333,datasets/audios/eastern_sliced/jingju/jingju_060_002.wav,4,jingju,7,pop,6,6,2
1334,1334,datasets/audios/eastern_sliced/jingju/jingju_060_003.wav,4,jingju,7,pop,6,6,2
1335,1335,datasets/audios/eastern_sliced/jingju/jingju_060_004.wav,4,jingju,7,pop,6,6,2
1336,1336,datasets/audios/eastern_sliced/jingju/jingju_061_000.wav,4,jingju,1,classical,1,1,5
1337,1337,datasets/audios/eastern_sliced/jingju/jingju_061_001.wav,4,jingju,1,classical,1,1,5
1338,1338,datasets/audios/eastern_sliced/jingju/jingju_061_002.wav,4,jingju,1,classical,1,1,5
1339,1339,datasets/audios/eastern_sliced/jingju/jingju_062_000.wav,4,jingju,1,classical,1,1,5
1340,1340,datasets/audios/eastern_sliced/jingju/jingju_062_001.wav,4,jingju,1,classical,1,1,5
1341,1341,datasets/audios/eastern_sliced/jingju/jingju_062_002.wav,4,jingju,1,classical,1,1,5
1342,1342,datasets/audios/eastern_sliced/jingju/jingju_062_003.wav,4,jingju,1,classical,1,1,5
1343,1343,datasets/audios/eastern_sliced/jingju/jingju_063_000.wav,4,jingju,1,classical,1,1,5
1344,1344,datasets/audios/eastern_sliced/jingju/jingju_063_001.wav,4,jingju,1,classical,1,1,5
1345,1345,datasets/audios/eastern_sliced/jingju/jingju_063_002.wav,4,jingju,1,classical,1,1,5
1346,1346,datasets/audios/eastern_sliced/jingju/jingju_063_003.wav,4,jingju,1,classical,1,1,5
1347,1347,datasets/audios/eastern_sliced/jingju/jingju_063_004.wav,4,jingju,1,classical,1,1,5
1348,1348,datasets/audios/eastern_sliced/jingju/jingju_064_000.wav,4,jingju,1,classical,1,1,5
1349,1349,datasets/audios/eastern_sliced/jingju/jingju_064_001.wav,4,jingju,1,classical,1,1,5
1350,1350,datasets/audios/eastern_sliced/jingju/jingju_065_000.wav,4,jingju,2,country,1,1,4
1351,1351,datasets/audios/eastern_sliced/jingju/jingju_065_001.wav,4,jingju,2,country,1,1,4
1352,1352,datasets/audios/eastern_sliced/jingju/jingju_065_002.wav,4,jingju,2,country,1,1,4
1353,1353,datasets/audios/eastern_sliced/jingju/jingju_066_000.wav,4,jingju,1,classical,1,1,5
1354,1354,datasets/audios/eastern_sliced/jingju/jingju_066_001.wav,4,jingju,1,classical,1,1,5
1355,1355,datasets/audios/eastern_sliced/jingju/jingju_066_002.wav,4,jingju,1,classical,1,1,5
1356,1356,datasets/audios/eastern_sliced/jingju/jingju_066_003.wav,4,jingju,1,classical,1,1,5
1357,1357,datasets/audios/eastern_sliced/jingju/jingju_066_004.wav,4,jingju,1,classical,1,1,5
1358,1358,datasets/audios/eastern_sliced/jingju/jingju_067_000.wav,4,jingju,1,classical,1,1,5
1359,1359,datasets/audios/eastern_sliced/jingju/jingju_067_001.wav,4,jingju,1,classical,1,1,5
1360,1360,datasets/audios/eastern_sliced/jingju/jingju_067_002.wav,4,jingju,1,classical,1,1,5
1361,1361,datasets/audios/eastern_sliced/jingju/jingju_067_003.wav,4,jingju,1,classical,1,1,5
1362,1362,datasets/audios/eastern_sliced/jingju/jingju_067_004.wav,4,jingju,1,classical,1,1,5
1363,1363,datasets/audios/eastern_sliced/jingju/jingju_068_000.wav,4,jingju,5,jazz,1,1,4
1364,1364,datasets/audios/eastern_sliced/jingju/jingju_068_001.wav,4,jingju,1,classical,1,1,5
1365,1365,datasets/audios/eastern_sliced/jingju/jingju_068_002.wav,4,jingju,1,classical,1,1,5
1366,1366,datasets/audios/eastern_sliced/jingju/jingju_068_003.wav,4,jingju,1,classical,1,1,5
1367,1367,datasets/audios/eastern_sliced/jingju/jingju_068_004.wav,4,jingju,1,classical,1,1,5
1368,1368,datasets/audios/eastern_sliced/jingju/jingju_069_000.wav,4,jingju,1,classical,4,4,5
1369,1369,datasets/audios/eastern_sliced/jingju/jingju_069_001.wav,4,jingju,1,classical,4,4,5
1370,1370,datasets/audios/eastern_sliced/jingju/jingju_069_002.wav,4,jingju,1,classical,4,4,5
1371,1371,datasets/audios/eastern_sliced/jingju/jingju_069_003.wav,4,jingju,1,classical,4,4,5
1372,1372,datasets/audios/eastern_sliced/jingju/jingju_069_004.wav,4,jingju,1,classical,4,4,5
1373,1373,datasets/audios/eastern_sliced/jingju/jingju_070_000.wav,4,jingju,1,classical,1,1,5
1374,1374,datasets/audios/eastern_sliced/jingju/jingju_070_001.wav,4,jingju,1,classical,1,1,5
1375,1375,datasets/audios/eastern_sliced/jingju/jingju_070_002.wav,4,jingju,1,classical,1,1,5
1376,1376,datasets/audios/eastern_sliced/jingju/jingju_070_003.wav,4,jingju,1,classical,1,1,5
1377,1377,datasets/audios/eastern_sliced/jingju/jingju_070_004.wav,4,jingju,1,classical,1,1,5
1378,1378,datasets/audios/eastern_sliced/jingju/jingju_071_000.wav,4,jingju,1,classical,1,1,5
1379,1379,datasets/audios/eastern_sliced/jingju/jingju_071_001.wav,4,jingju,1,classical,1,1,5
1380,1380,datasets/audios/eastern_sliced/jingju/jingju_071_002.wav,4,jingju,1,classical,1,1,5
1381,1381,datasets/audios/eastern_sliced/jingju/jingju_071_003.wav,4,jingju,1,classical,1,1,5
1382,1382,datasets/audios/eastern_sliced/jingju/jingju_071_004.wav,4,jingju,1,classical,1,1,5
1383,1383,datasets/audios/eastern_sliced/jingju/jingju_072_000.wav,4,jingju,1,classical,1,1,5
1384,1384,datasets/audios/eastern_sliced/jingju/jingju_072_001.wav,4,jingju,1,classical,1,1,5
1385,1385,datasets/audios/eastern_sliced/jingju/jingju_072_002.wav,4,jingju,1,classical,1,1,5
1386,1386,datasets/audios/eastern_sliced/jingju/jingju_072_003.wav,4,jingju,1,classical,1,1,5
1387,1387,datasets/audios/eastern_sliced/jingju/jingju_072_004.wav,4,jingju,1,classical,1,1,5
1388,1388,datasets/audios/eastern_sliced/jingju/jingju_073_000.wav,4,jingju,4,hiphop,1,1,2
1389,1389,datasets/audios/eastern_sliced/jingju/jingju_073_001.wav,4,jingju,7,pop,1,1,6
1390,1390,datasets/audios/eastern_sliced/jingju/jingju_073_002.wav,4,jingju,7,pop,1,1,6
1391,1391,datasets/audios/eastern_sliced/jingju/jingju_073_003.wav,4,jingju,7,pop,1,1,6
1392,1392,datasets/audios/eastern_sliced/jingju/jingju_074_000.wav,4,jingju,1,classical,1,1,5
1393,1393,datasets/audios/eastern_sliced/jingju/jingju_074_001.wav,4,jingju,1,classical,1,1,3
1394,1394,datasets/audios/eastern_sliced/jingju/jingju_074_002.wav,4,jingju,1,classical,1,1,5
1395,1395,datasets/audios/eastern_sliced/jingju/jingju_074_003.wav,4,jingju,1,classical,1,1,5
1396,1396,datasets/audios/eastern_sliced/jingju/jingju_074_004.wav,4,jingju,1,classical,1,1,3
1397,1397,datasets/audios/eastern_sliced/jingju/jingju_075_000.wav,4,jingju,1,classical,1,1,5
1398,1398,datasets/audios/eastern_sliced/jingju/jingju_075_001.wav,4,jingju,1,classical,1,1,5
1399,1399,datasets/audios/eastern_sliced/jingju/jingju_075_002.wav,4,jingju,1,classical,1,1,5
1400,1400,datasets/audios/eastern_sliced/jingju/jingju_075_003.wav,4,jingju,1,classical,1,1,5
1401,1401,datasets/audios/eastern_sliced/jingju/jingju_075_004.wav,4,jingju,1,classical,1,1,5
1402,1402,datasets/audios/eastern_sliced/jingju/jingju_076_000.wav,4,jingju,1,classical,1,1,5
1403,1403,datasets/audios/eastern_sliced/jingju/jingju_076_001.wav,4,jingju,1,classical,1,1,3
1404,1404,datasets/audios/eastern_sliced/jingju/jingju_076_002.wav,4,jingju,1,classical,1,1,5
1405,1405,datasets/audios/eastern_sliced/jingju/jingju_076_003.wav,4,jingju,1,classical,1,1,3
1406,1406,datasets/audios/eastern_sliced/jingju/jingju_076_004.wav,4,jingju,1,classical,1,1,5
1407,1407,datasets/audios/eastern_sliced/jingju/jingju_077_000.wav,4,jingju,1,classical,1,1,5
1408,1408,datasets/audios/eastern_sliced/jingju/jingju_077_001.wav,4,jingju,1,classical,1,1,5
1409,1409,datasets/audios/eastern_sliced/jingju/jingju_077_002.wav,4,jingju,1,classical,1,1,5
1410,1410,datasets/audios/eastern_sliced/jingju/jingju_077_003.wav,4,jingju,1,classical,1,1,5
1411,1411,datasets/audios/eastern_sliced/jingju/jingju_077_004.wav,4,jingju,1,classical,1,1,5
1412,1412,datasets/audios/eastern_sliced/jingju/jingju_078_000.wav,4,jingju,7,pop,1,1,0
1413,1413,datasets/audios/eastern_sliced/jingju/jingju_078_001.wav,4,jingju,1,classical,1,1,5
1414,1414,datasets/audios/eastern_sliced/jingju/jingju_078_002.wav,4,jingju,1,classical,1,1,5
1415,1415,datasets/audios/eastern_sliced/jingju/jingju_078_003.wav,4,jingju,1,classical,1,1,3
1416,1416,datasets/audios/eastern_sliced/jingju/jingju_078_004.wav,4,jingju,4,hiphop,7,7,2
1417,1417,datasets/audios/eastern_sliced/jingju/jingju_079_000.wav,4,jingju,1,classical,7,7,3
1418,1418,datasets/audios/eastern_sliced/jingju/jingju_079_001.wav,4,jingju,1,classical,1,1,5
1419,1419,datasets/audios/eastern_sliced/jingju/jingju_079_002.wav,4,jingju,1,classical,1,1,5
1420,1420,datasets/audios/eastern_sliced/jingju/jingju_079_003.wav,4,jingju,1,classical,1,1,5
1421,1421,datasets/audios/eastern_sliced/jingju/jingju_079_004.wav,4,jingju,1,classical,1,1,5
1422,1422,datasets/audios/eastern_sliced/jingju/jingju_080_000.wav,4,jingju,1,classical,1,1,5
1423,1423,datasets/audios/eastern_sliced/jingju/jingju_080_001.wav,4,jingju,1,classical,1,1,5
1424,1424,datasets/audios/eastern_sliced/jingju/jingju_081_000.wav,4,jingju,1,classical,1,1,5
1425,1425,datasets/audios/eastern_sliced/jingju/jingju_081_001.wav,4,jingju,1,classical,1,1,5
1426,1426,datasets/audios/eastern_sliced/jingju/jingju_081_002.wav,4,jingju,1,classical,1,1,3
1427,1427,datasets/audios/eastern_sliced/jingju/jingju_082_000.wav,4,jingju,1,classical,1,1,5
1428,1428,datasets/audios/eastern_sliced/jingju/jingju_082_001.wav,4,jingju,1,classical,1,1,5
1429,1429,datasets/audios/eastern_sliced/jingju/jingju_083_000.wav,4,jingju,1,classical,1,1,5
1430,1430,datasets/audios/eastern_sliced/jingju/jingju_083_001.wav,4,jingju,1,classical,1,1,5
1431,1431,datasets/audios/eastern_sliced/jingju/jingju_083_002.wav,4,jingju,1,classical,1,1,5
1432,1432,datasets/audios/eastern_sliced/jingju/jingju_083_003.wav,4,jingju,1,classical,1,1,5
1433,1433,datasets/audios/eastern_sliced/jingju/jingju_083_004.wav,4,jingju,1,classical,1,1,0
1434,1434,datasets/audios/eastern_sliced/jingju/jingju_084_000.wav,4,jingju,1,classical,1,1,5
1435,1435,datasets/audios/eastern_sliced/jingju/jingju_084_001.wav,4,jingju,1,classical,1,1,5
1436,1436,datasets/audios/eastern_sliced/jingju/jingju_084_002.wav,4,jingju,1,classical,1,1,5
1437,1437,datasets/audios/eastern_sliced/jingju/jingju_084_003.wav,4,jingju,1,classical,1,1,5
1438,1438,datasets/audios/eastern_sliced/jingju/jingju_084_004.wav,4,jingju,1,classical,1,1,5
1439,1439,datasets/audios/eastern_sliced/jingju/jingju_085_000.wav,4,jingju,1,classical,1,1,5
1440,1440,datasets/audios/eastern_sliced/jingju/jingju_085_001.wav,4,jingju,1,classical,1,1,5
1441,1441,datasets/audios/eastern_sliced/jingju/jingju_085_002.wav,4,jingju,1,classical,1,1,5
1442,1442,datasets/audios/eastern_sliced/jingju/jingju_085_003.wav,4,jingju,1,classical,1,1,5
1443,1443,datasets/audios/eastern_sliced/jingju/jingju_086_000.wav,4,jingju,5,jazz,1,1,0
1444,1444,datasets/audios/eastern_sliced/jingju/jingju_086_001.wav,4,jingju,7,pop,1,1,0
1445,1445,datasets/audios/eastern_sliced/jingju/jingju_086_002.wav,4,jingju,1,classical,1,1,5
1446,1446,datasets/audios/eastern_sliced/jingju/jingju_086_003.wav,4,jingju,1,classical,1,1,5
1447,1447,datasets/audios/eastern_sliced/jingju/jingju_086_004.wav,4,jingju,1,classical,1,1,5
1448,1448,datasets/audios/eastern_sliced/jingju/jingju_087_000.wav,4,jingju,0,blues,1,1,3
1449,1449,datasets/audios/eastern_sliced/jingju/jingju_087_001.wav,4,jingju,0,blues,1,1,3
1450,1450,datasets/audios/eastern_sliced/jingju/jingju_087_002.wav,4,jingju,1,classical,1,1,3
1451,1451,datasets/audios/eastern_sliced/jingju/jingju_087_003.wav,4,jingju,1,classical,1,1,3
1452,1452,datasets/audios/eastern_sliced/jingju/jingju_087_004.wav,4,jingju,1,classical,1,1,3
1453,1453,datasets/audios/eastern_sliced/jingju/jingju_088_000.wav,4,jingju,7,pop,1,1,0
1454,1454,datasets/audios/eastern_sliced/jingju/jingju_088_001.wav,4,jingju,1,classical,1,1,0
1455,1455,datasets/audios/eastern_sliced/jingju/jingju_088_002.wav,4,jingju,7,pop,1,1,0
1456,1456,datasets/audios/eastern_sliced/jingju/jingju_088_003.wav,4,jingju,7,pop,1,1,0
1457,1457,datasets/audios/eastern_sliced/jingju/jingju_089_000.wav,4,jingju,1,classical,1,1,5
1458,1458,datasets/audios/eastern_sliced/jingju/jingju_089_001.wav,4,jingju,1,classical,1,1,5
1459,1459,datasets/audios/eastern_sliced/jingju/jingju_089_002.wav,4,jingju,1,classical,1,1,5
1460,1460,datasets/audios/eastern_sliced/jingju/jingju_090_000.wav,4,jingju,1,classical,1,1,5
1461,1461,datasets/audios/eastern_sliced/jingju/jingju_090_001.wav,4,jingju,1,classical,1,1,5
1462,1462,datasets/audios/eastern_sliced/jingju/jingju_090_002.wav,4,jingju,1,classical,1,1,5
1463,1463,datasets/audios/eastern_sliced/jingju/jingju_090_003.wav,4,jingju,1,classical,1,1,5
1464,1464,datasets/audios/eastern_sliced/jingju/jingju_090_004.wav,4,jingju,1,classical,1,1,5
1465,1465,datasets/audios/eastern_sliced/jingju/jingju_091_000.wav,4,jingju,1,classical,1,1,0
1466,1466,datasets/audios/eastern_sliced/jingju/jingju_091_001.wav,4,jingju,1,classical,1,1,5
1467,1467,datasets/audios/eastern_sliced/jingju/jingju_091_002.wav,4,jingju,7,pop,1,1,0
1468,1468,datasets/audios/eastern_sliced/jingju/jingju_091_003.wav,4,jingju,1,classical,1,1,0
1469,1469,datasets/audios/eastern_sliced/jingju/jingju_091_004.wav,4,jingju,1,classical,1,1,0
1470,1470,datasets/audios/eastern_sliced/jingju/jingju_092_000.wav,4,jingju,1,classical,1,1,5
1471,1471,datasets/audios/eastern_sliced/jingju/jingju_092_001.wav,4,jingju,1,classical,1,1,5
1472,1472,datasets/audios/eastern_sliced/jingju/jingju_092_002.wav,4,jingju,1,classical,1,1,5
1473,1473,datasets/audios/eastern_sliced/jingju/jingju_093_000.wav,4,jingju,1,classical,1,1,5
1474,1474,datasets/audios/eastern_sliced/jingju/jingju_093_001.wav,4,jingju,1,classical,1,1,5
1475,1475,datasets/audios/eastern_sliced/jingju/jingju_093_002.wav,4,jingju,1,classical,1,1,5
1476,1476,datasets/audios/eastern_sliced/jingju/jingju_093_003.wav,4,jingju,1,classical,1,1,5
1477,1477,datasets/audios/eastern_sliced/jingju/jingju_094_000.wav,4,jingju,1,classical,1,1,5
1478,1478,datasets/audios/eastern_sliced/jingju/jingju_094_001.wav,4,jingju,1,classical,1,1,5
1479,1479,datasets/audios/eastern_sliced/jingju/jingju_095_000.wav,4,jingju,1,classical,1,1,5
1480,1480,datasets/audios/eastern_sliced/jingju/jingju_095_001.wav,4,jingju,1,classical,1,1,5
1481,1481,datasets/audios/eastern_sliced/jingju/jingju_095_002.wav,4,jingju,1,classical,1,1,5
1482,1482,datasets/audios/eastern_sliced/jingju/jingju_095_003.wav,4,jingju,1,classical,1,1,5
1483,1483,datasets/audios/eastern_sliced/jingju/jingju_095_004.wav,4,jingju,1,classical,1,1,5
1484,1484,datasets/audios/eastern_sliced/jingju/jingju_096_000.wav,4,jingju,9,rock,4,4,2
1485,1485,datasets/audios/eastern_sliced/jingju/jingju_096_001.wav,4,jingju,1,classical,4,4,3
1486,1486,datasets/audios/eastern_sliced/jingju/jingju_096_002.wav,4,jingju,1,classical,4,4,3
1487,1487,datasets/audios/eastern_sliced/jingju/jingju_097_000.wav,4,jingju,1,classical,4,4,3
1488,1488,datasets/audios/eastern_sliced/jingju/jingju_097_001.wav,4,jingju,9,rock,4,4,3
1489,1489,datasets/audios/eastern_sliced/jingju/jingju_098_000.wav,4,jingju,1,classical,1,1,5
1490,1490,datasets/audios/eastern_sliced/jingju/jingju_098_001.wav,4,jingju,1,classical,1,1,3
1491,1491,datasets/audios/eastern_sliced/jingju/jingju_098_002.wav,4,jingju,1,classical,1,1,3
1492,1492,datasets/audios/eastern_sliced/jingju/jingju_098_003.wav,4,jingju,1,classical,1,1,3
1493,1493,datasets/audios/eastern_sliced/jingju/jingju_098_004.wav,4,jingju,1,classical,1,1,3
1494,1494,datasets/audios/eastern_sliced/jingju/jingju_099_000.wav,4,jingju,1,classical,1,1,5
1495,1495,datasets/audios/eastern_sliced/jingju/jingju_099_001.wav,4,jingju,1,classical,1,1,5
1496,1496,datasets/audios/eastern_sliced/jingju/jingju_099_002.wav,4,jingju,1,classical,1,1,5
1497,1497,datasets/audios/eastern_sliced/jingju/jingju_099_003.wav,4,jingju,1,classical,1,1,5
1498,1498,datasets/audios/eastern_sliced/jingju/jingju_099_004.wav,4,jingju,1,classical,1,1,5
1499,1499,datasets/audios/eastern_sliced/jpop/jpop_000_000.wav,5,jpop,7,pop,2,2,1
1500,1500,datasets/audios/eastern_sliced/jpop/jpop_000_001.wav,5,jpop,7,pop,2,2,7
1501,1501,datasets/audios/eastern_sliced/jpop/jpop_000_002.wav,5,jpop,7,pop,2,2,1
1502,1502,datasets/audios/eastern_sliced/jpop/jpop_001_000.wav,5,jpop,7,pop,2,2,1
1503,1503,datasets/audios/eastern_sliced/jpop/jpop_001_001.wav,5,jpop,2,country,2,2,1
1504,1504,datasets/audios/eastern_sliced/jpop/jpop_001_002.wav,5,jpop,7,pop,2,2,6
1505,1505,datasets/audios/eastern_sliced/jpop/jpop_002_000.wav,5,jpop,7,pop,2,2,2
1506,1506,datasets/audios/eastern_sliced/jpop/jpop_002_001.wav,5,jpop,7,pop,2,2,2
1507,1507,datasets/audios/eastern_sliced/jpop/jpop_002_002.wav,5,jpop,7,pop,2,2,6
1508,1508,datasets/audios/eastern_sliced/jpop/jpop_003_000.wav,5,jpop,7,pop,2,2,7
1509,1509,datasets/audios/eastern_sliced/jpop/jpop_003_001.wav,5,jpop,7,pop,2,2,7
1510,1510,datasets/audios/eastern_sliced/jpop/jpop_003_002.wav,5,jpop,3,disco,2,2,7
1511,1511,datasets/audios/eastern_sliced/jpop/jpop_004_000.wav,5,jpop,7,pop,2,2,6
1512,1512,datasets/audios/eastern_sliced/jpop/jpop_004_001.wav,5,jpop,7,pop,2,2,6
1513,1513,datasets/audios/eastern_sliced/jpop/jpop_004_002.wav,5,jpop,7,pop,2,2,6
1514,1514,datasets/audios/eastern_sliced/jpop/jpop_005_000.wav,5,jpop,7,pop,2,2,2
1515,1515,datasets/audios/eastern_sliced/jpop/jpop_005_001.wav,5,jpop,7,pop,2,2,6
1516,1516,datasets/audios/eastern_sliced/jpop/jpop_005_002.wav,5,jpop,7,pop,2,2,6
1517,1517,datasets/audios/eastern_sliced/jpop/jpop_006_000.wav,5,jpop,7,pop,2,2,6
1518,1518,datasets/audios/eastern_sliced/jpop/jpop_006_001.wav,5,jpop,7,pop,2,2,6
1519,1519,datasets/audios/eastern_sliced/jpop/jpop_006_002.wav,5,jpop,7,pop,2,2,6
1520,1520,datasets/audios/eastern_sliced/jpop/jpop_007_000.wav,5,jpop,7,pop,2,2,7
1521,1521,datasets/audios/eastern_sliced/jpop/jpop_007_001.wav,5,jpop,7,pop,2,2,0
1522,1522,datasets/audios/eastern_sliced/jpop/jpop_007_002.wav,5,jpop,7,pop,2,2,6
1523,1523,datasets/audios/eastern_sliced/jpop/jpop_008_000.wav,5,jpop,7,pop,2,2,7
1524,1524,datasets/audios/eastern_sliced/jpop/jpop_008_001.wav,5,jpop,7,pop,2,2,7
1525,1525,datasets/audios/eastern_sliced/jpop/jpop_008_002.wav,5,jpop,3,disco,2,2,7
1526,1526,datasets/audios/eastern_sliced/jpop/jpop_009_000.wav,5,jpop,2,country,2,2,7
1527,1527,datasets/audios/eastern_sliced/jpop/jpop_009_001.wav,5,jpop,2,country,2,2,7
1528,1528,datasets/audios/eastern_sliced/jpop/jpop_009_002.wav,5,jpop,2,country,2,2,7
1529,1529,datasets/audios/eastern_sliced/jpop/jpop_010_000.wav,5,jpop,7,pop,2,2,6
1530,1530,datasets/audios/eastern_sliced/jpop/jpop_010_001.wav,5,jpop,7,pop,2,2,6
1531,1531,datasets/audios/eastern_sliced/jpop/jpop_010_002.wav,5,jpop,7,pop,2,2,7
1532,1532,datasets/audios/eastern_sliced/jpop/jpop_011_000.wav,5,jpop,7,pop,2,2,6
1533,1533,datasets/audios/eastern_sliced/jpop/jpop_011_001.wav,5,jpop,7,pop,2,2,6
1534,1534,datasets/audios/eastern_sliced/jpop/jpop_011_002.wav,5,jpop,7,pop,2,2,6
1535,1535,datasets/audios/eastern_sliced/jpop/jpop_012_000.wav,5,jpop,7,pop,2,2,6
1536,1536,datasets/audios/eastern_sliced/jpop/jpop_012_001.wav,5,jpop,7,pop,2,2,6
1537,1537,datasets/audios/eastern_sliced/jpop/jpop_012_002.wav,5,jpop,7,pop,2,2,6
1538,1538,datasets/audios/eastern_sliced/jpop/jpop_013_000.wav,5,jpop,7,pop,2,2,6
1539,1539,datasets/audios/eastern_sliced/jpop/jpop_013_001.wav,5,jpop,7,pop,2,2,2
1540,1540,datasets/audios/eastern_sliced/jpop/jpop_013_002.wav,5,jpop,7,pop,2,2,6
1541,1541,datasets/audios/eastern_sliced/jpop/jpop_014_000.wav,5,jpop,7,pop,2,2,7
1542,1542,datasets/audios/eastern_sliced/jpop/jpop_014_001.wav,5,jpop,2,country,2,2,7
1543,1543,datasets/audios/eastern_sliced/jpop/jpop_014_002.wav,5,jpop,9,rock,2,2,7
1544,1544,datasets/audios/eastern_sliced/jpop/jpop_015_000.wav,5,jpop,7,pop,2,2,7
1545,1545,datasets/audios/eastern_sliced/jpop/jpop_015_001.wav,5,jpop,7,pop,2,2,7
1546,1546,datasets/audios/eastern_sliced/jpop/jpop_015_002.wav,5,jpop,7,pop,2,2,7
1547,1547,datasets/audios/eastern_sliced/jpop/jpop_016_000.wav,5,jpop,7,pop,6,6,7
1548,1548,datasets/audios/eastern_sliced/jpop/jpop_016_001.wav,5,jpop,7,pop,6,6,7
1549,1549,datasets/audios/eastern_sliced/jpop/jpop_016_002.wav,5,jpop,7,pop,6,6,7
1550,1550,datasets/audios/eastern_sliced/jpop/jpop_017_000.wav,5,jpop,7,pop,2,2,2
1551,1551,datasets/audios/eastern_sliced/jpop/jpop_017_001.wav,5,jpop,7,pop,2,2,7
1552,1552,datasets/audios/eastern_sliced/jpop/jpop_017_002.wav,5,jpop,7,pop,2,2,6
1553,1553,datasets/audios/eastern_sliced/jpop/jpop_018_000.wav,5,jpop,3,disco,2,2,7
1554,1554,datasets/audios/eastern_sliced/jpop/jpop_018_001.wav,5,jpop,3,disco,2,2,7
1555,1555,datasets/audios/eastern_sliced/jpop/jpop_018_002.wav,5,jpop,7,pop,2,2,7
1556,1556,datasets/audios/eastern_sliced/jpop/jpop_019_000.wav,5,jpop,4,hiphop,2,2,2
1557,1557,datasets/audios/eastern_sliced/jpop/jpop_019_001.wav,5,jpop,4,hiphop,2,2,2
1558,1558,datasets/audios/eastern_sliced/jpop/jpop_019_002.wav,5,jpop,4,hiphop,2,2,2
1559,1559,datasets/audios/eastern_sliced/jpop/jpop_020_000.wav,5,jpop,3,disco,2,2,7
1560,1560,datasets/audios/eastern_sliced/jpop/jpop_020_001.wav,5,jpop,3,disco,2,2,7
1561,1561,datasets/audios/eastern_sliced/jpop/jpop_020_002.wav,5,jpop,3,disco,2,2,7
1562,1562,datasets/audios/eastern_sliced/jpop/jpop_021_000.wav,5,jpop,2,country,2,2,1
1563,1563,datasets/audios/eastern_sliced/jpop/jpop_021_001.wav,5,jpop,2,country,2,2,1
1564,1564,datasets/audios/eastern_sliced/jpop/jpop_021_002.wav,5,jpop,2,country,2,2,7
1565,1565,datasets/audios/eastern_sliced/jpop/jpop_022_000.wav,5,jpop,7,pop,2,2,6
1566,1566,datasets/audios/eastern_sliced/jpop/jpop_022_001.wav,5,jpop,7,pop,2,2,6
1567,1567,datasets/audios/eastern_sliced/jpop/jpop_022_002.wav,5,jpop,7,pop,2,2,6
1568,1568,datasets/audios/eastern_sliced/jpop/jpop_023_000.wav,5,jpop,7,pop,2,2,1
1569,1569,datasets/audios/eastern_sliced/jpop/jpop_023_001.wav,5,jpop,7,pop,2,2,6
1570,1570,datasets/audios/eastern_sliced/jpop/jpop_023_002.wav,5,jpop,7,pop,2,2,6
1571,1571,datasets/audios/eastern_sliced/jpop/jpop_024_000.wav,5,jpop,7,pop,2,2,2
1572,1572,datasets/audios/eastern_sliced/jpop/jpop_024_001.wav,5,jpop,7,pop,2,2,6
1573,1573,datasets/audios/eastern_sliced/jpop/jpop_024_002.wav,5,jpop,8,reggae,2,2,2
1574,1574,datasets/audios/eastern_sliced/jpop/jpop_025_000.wav,5,jpop,3,disco,2,2,7
1575,1575,datasets/audios/eastern_sliced/jpop/jpop_025_001.wav,5,jpop,7,pop,2,2,7
1576,1576,datasets/audios/eastern_sliced/jpop/jpop_025_002.wav,5,jpop,3,disco,2,2,7
1577,1577,datasets/audios/eastern_sliced/jpop/jpop_026_000.wav,5,jpop,7,pop,2,2,6
1578,1578,datasets/audios/eastern_sliced/jpop/jpop_026_001.wav,5,jpop,7,pop,2,2,6
1579,1579,datasets/audios/eastern_sliced/jpop/jpop_026_002.wav,5,jpop,7,pop,2,2,6
1580,1580,datasets/audios/eastern_sliced/jpop/jpop_027_000.wav,5,jpop,7,pop,2,2,7
1581,1581,datasets/audios/eastern_sliced/jpop/jpop_027_001.wav,5,jpop,7,pop,2,2,7
1582,1582,datasets/audios/eastern_sliced/jpop/jpop_027_002.wav,5,jpop,7,pop,2,2,7
1583,1583,datasets/audios/eastern_sliced/jpop/jpop_028_000.wav,5,jpop,9,rock,2,2,2
1584,1584,datasets/audios/eastern_sliced/jpop/jpop_028_001.wav,5,jpop,7,pop,2,2,0
1585,1585,datasets/audios/eastern_sliced/jpop/jpop_028_002.wav,5,jpop,7,pop,2,2,0
1586,1586,datasets/audios/eastern_sliced/jpop/jpop_029_000.wav,5,jpop,7,pop,6,6,1
1587,1587,datasets/audios/eastern_sliced/jpop/jpop_029_001.wav,5,jpop,2,country,6,6,1
1588,1588,datasets/audios/eastern_sliced/jpop/jpop_029_002.wav,5,jpop,7,pop,6,6,7
1589,1589,datasets/audios/eastern_sliced/jpop/jpop_030_000.wav,5,jpop,7,pop,2,2,1
1590,1590,datasets/audios/eastern_sliced/jpop/jpop_030_001.wav,5,jpop,7,pop,2,2,1
1591,1591,datasets/audios/eastern_sliced/jpop/jpop_030_002.wav,5,jpop,7,pop,2,2,1
1592,1592,datasets/audios/eastern_sliced/jpop/jpop_031_000.wav,5,jpop,7,pop,2,2,6
1593,1593,datasets/audios/eastern_sliced/jpop/jpop_031_001.wav,5,jpop,7,pop,2,2,6
1594,1594,datasets/audios/eastern_sliced/jpop/jpop_031_002.wav,5,jpop,7,pop,2,2,6
1595,1595,datasets/audios/eastern_sliced/jpop/jpop_032_000.wav,5,jpop,7,pop,2,2,7
1596,1596,datasets/audios/eastern_sliced/jpop/jpop_032_001.wav,5,jpop,7,pop,2,2,7
1597,1597,datasets/audios/eastern_sliced/jpop/jpop_032_002.wav,5,jpop,3,disco,2,2,7
1598,1598,datasets/audios/eastern_sliced/jpop/jpop_033_000.wav,5,jpop,7,pop,2,2,7
1599,1599,datasets/audios/eastern_sliced/jpop/jpop_033_001.wav,5,jpop,3,disco,2,2,7
1600,1600,datasets/audios/eastern_sliced/jpop/jpop_033_002.wav,5,jpop,3,disco,2,2,7
1601,1601,datasets/audios/eastern_sliced/jpop/jpop_034_000.wav,5,jpop,7,pop,2,2,7
1602,1602,datasets/audios/eastern_sliced/jpop/jpop_034_001.wav,5,jpop,7,pop,6,6,1
1603,1603,datasets/audios/eastern_sliced/jpop/jpop_034_002.wav,5,jpop,7,pop,6,6,1
1604,1604,datasets/audios/eastern_sliced/jpop/jpop_035_000.wav,5,jpop,2,country,6,6,1
1605,1605,datasets/audios/eastern_sliced/jpop/jpop_035_001.wav,5,jpop,7,pop,6,6,1
1606,1606,datasets/audios/eastern_sliced/jpop/jpop_035_002.wav,5,jpop,7,pop,6,6,1
1607,1607,datasets/audios/eastern_sliced/jpop/jpop_036_000.wav,5,jpop,7,pop,6,6,7
1608,1608,datasets/audios/eastern_sliced/jpop/jpop_036_001.wav,5,jpop,7,pop,6,6,7
1609,1609,datasets/audios/eastern_sliced/jpop/jpop_036_002.wav,5,jpop,7,pop,4,4,6
1610,1610,datasets/audios/eastern_sliced/jpop/jpop_037_000.wav,5,jpop,7,pop,2,2,1
1611,1611,datasets/audios/eastern_sliced/jpop/jpop_037_001.wav,5,jpop,7,pop,2,2,1
1612,1612,datasets/audios/eastern_sliced/jpop/jpop_037_002.wav,5,jpop,2,country,6,6,1
1613,1613,datasets/audios/eastern_sliced/jpop/jpop_038_000.wav,5,jpop,3,disco,2,2,7
1614,1614,datasets/audios/eastern_sliced/jpop/jpop_038_001.wav,5,jpop,7,pop,2,2,7
1615,1615,datasets/audios/eastern_sliced/jpop/jpop_038_002.wav,5,jpop,7,pop,2,2,7
1616,1616,datasets/audios/eastern_sliced/jpop/jpop_039_000.wav,5,jpop,2,country,6,6,1
1617,1617,datasets/audios/eastern_sliced/jpop/jpop_039_001.wav,5,jpop,2,country,6,6,1
1618,1618,datasets/audios/eastern_sliced/jpop/jpop_039_002.wav,5,jpop,7,pop,4,4,0
1619,1619,datasets/audios/eastern_sliced/jpop/jpop_040_000.wav,5,jpop,3,disco,2,2,7
1620,1620,datasets/audios/eastern_sliced/jpop/jpop_040_001.wav,5,jpop,3,disco,2,2,7
1621,1621,datasets/audios/eastern_sliced/jpop/jpop_040_002.wav,5,jpop,3,disco,2,2,7
1622,1622,datasets/audios/eastern_sliced/jpop/jpop_041_000.wav,5,jpop,3,disco,2,2,7
1623,1623,datasets/audios/eastern_sliced/jpop/jpop_041_001.wav,5,jpop,3,disco,2,2,7
1624,1624,datasets/audios/eastern_sliced/jpop/jpop_041_002.wav,5,jpop,7,pop,2,2,7
1625,1625,datasets/audios/eastern_sliced/jpop/jpop_042_000.wav,5,jpop,7,pop,2,2,1
1626,1626,datasets/audios/eastern_sliced/jpop/jpop_042_001.wav,5,jpop,7,pop,2,2,1
1627,1627,datasets/audios/eastern_sliced/jpop/jpop_042_002.wav,5,jpop,2,country,2,2,1
1628,1628,datasets/audios/eastern_sliced/jpop/jpop_043_000.wav,5,jpop,9,rock,4,4,7
1629,1629,datasets/audios/eastern_sliced/jpop/jpop_043_001.wav,5,jpop,2,country,2,2,7
1630,1630,datasets/audios/eastern_sliced/jpop/jpop_043_002.wav,5,jpop,2,country,2,2,1
1631,1631,datasets/audios/eastern_sliced/jpop/jpop_044_000.wav,5,jpop,3,disco,2,2,7
1632,1632,datasets/audios/eastern_sliced/jpop/jpop_044_001.wav,5,jpop,3,disco,2,2,7
1633,1633,datasets/audios/eastern_sliced/jpop/jpop_044_002.wav,5,jpop,3,disco,2,2,7
1634,1634,datasets/audios/eastern_sliced/jpop/jpop_045_000.wav,5,jpop,3,disco,2,2,7
1635,1635,datasets/audios/eastern_sliced/jpop/jpop_045_001.wav,5,jpop,3,disco,2,2,7
1636,1636,datasets/audios/eastern_sliced/jpop/jpop_045_002.wav,5,jpop,3,disco,2,2,7
1637,1637,datasets/audios/eastern_sliced/jpop/jpop_046_000.wav,5,jpop,2,country,2,2,1
1638,1638,datasets/audios/eastern_sliced/jpop/jpop_046_001.wav,5,jpop,9,rock,2,2,7
1639,1639,datasets/audios/eastern_sliced/jpop/jpop_046_002.wav,5,jpop,9,rock,0,0,7
1640,1640,datasets/audios/eastern_sliced/jpop/jpop_047_000.wav,5,jpop,2,country,2,2,1
1641,1641,datasets/audios/eastern_sliced/jpop/jpop_047_001.wav,5,jpop,7,pop,6,6,1
1642,1642,datasets/audios/eastern_sliced/jpop/jpop_047_002.wav,5,jpop,7,pop,2,2,1
1643,1643,datasets/audios/eastern_sliced/jpop/jpop_048_000.wav,5,jpop,3,disco,2,2,7
1644,1644,datasets/audios/eastern_sliced/jpop/jpop_048_001.wav,5,jpop,3,disco,2,2,7
1645,1645,datasets/audios/eastern_sliced/jpop/jpop_048_002.wav,5,jpop,2,country,2,2,7
1646,1646,datasets/audios/eastern_sliced/jpop/jpop_049_000.wav,5,jpop,7,pop,2,2,7
1647,1647,datasets/audios/eastern_sliced/jpop/jpop_049_001.wav,5,jpop,7,pop,2,2,7
1648,1648,datasets/audios/eastern_sliced/jpop/jpop_049_002.wav,5,jpop,7,pop,2,2,7
1649,1649,datasets/audios/eastern_sliced/jpop/jpop_050_000.wav,5,jpop,9,rock,2,2,7
1650,1650,datasets/audios/eastern_sliced/jpop/jpop_050_001.wav,5,jpop,7,pop,2,2,7
1651,1651,datasets/audios/eastern_sliced/jpop/jpop_050_002.wav,5,jpop,9,rock,2,2,7
1652,1652,datasets/audios/eastern_sliced/jpop/jpop_051_000.wav,5,jpop,7,pop,6,6,6
1653,1653,datasets/audios/eastern_sliced/jpop/jpop_051_001.wav,5,jpop,7,pop,2,2,6
1654,1654,datasets/audios/eastern_sliced/jpop/jpop_051_002.wav,5,jpop,7,pop,2,2,6
1655,1655,datasets/audios/eastern_sliced/jpop/jpop_052_000.wav,5,jpop,1,classical,4,4,3
1656,1656,datasets/audios/eastern_sliced/jpop/jpop_052_001.wav,5,jpop,9,rock,4,4,3
1657,1657,datasets/audios/eastern_sliced/jpop/jpop_052_002.wav,5,jpop,1,classical,4,4,3
1658,1658,datasets/audios/eastern_sliced/jpop/jpop_053_000.wav,5,jpop,7,pop,2,2,7
1659,1659,datasets/audios/eastern_sliced/jpop/jpop_053_001.wav,5,jpop,7,pop,4,4,7
1660,1660,datasets/audios/eastern_sliced/jpop/jpop_053_002.wav,5,jpop,7,pop,4,4,3
1661,1661,datasets/audios/eastern_sliced/jpop/jpop_054_000.wav,5,jpop,3,disco,4,4,7
1662,1662,datasets/audios/eastern_sliced/jpop/jpop_054_001.wav,5,jpop,3,disco,4,4,7
1663,1663,datasets/audios/eastern_sliced/jpop/jpop_054_002.wav,5,jpop,3,disco,4,4,7
1664,1664,datasets/audios/eastern_sliced/jpop/jpop_055_000.wav,5,jpop,1,classical,4,4,3
1665,1665,datasets/audios/eastern_sliced/jpop/jpop_055_001.wav,5,jpop,1,classical,4,4,3
1666,1666,datasets/audios/eastern_sliced/jpop/jpop_055_002.wav,5,jpop,1,classical,4,4,3
1667,1667,datasets/audios/eastern_sliced/jpop/jpop_056_000.wav,5,jpop,3,disco,2,2,7
1668,1668,datasets/audios/eastern_sliced/jpop/jpop_056_001.wav,5,jpop,3,disco,2,2,7
1669,1669,datasets/audios/eastern_sliced/jpop/jpop_056_002.wav,5,jpop,3,disco,2,2,7
1670,1670,datasets/audios/eastern_sliced/jpop/jpop_057_000.wav,5,jpop,7,pop,4,4,7
1671,1671,datasets/audios/eastern_sliced/jpop/jpop_057_001.wav,5,jpop,7,pop,4,4,6
1672,1672,datasets/audios/eastern_sliced/jpop/jpop_057_002.wav,5,jpop,1,classical,4,4,3
1673,1673,datasets/audios/eastern_sliced/jpop/jpop_058_000.wav,5,jpop,9,rock,4,4,3
1674,1674,datasets/audios/eastern_sliced/jpop/jpop_058_001.wav,5,jpop,9,rock,4,4,7
1675,1675,datasets/audios/eastern_sliced/jpop/jpop_058_002.wav,5,jpop,9,rock,4,4,7
1676,1676,datasets/audios/eastern_sliced/jpop/jpop_059_000.wav,5,jpop,7,pop,2,2,7
1677,1677,datasets/audios/eastern_sliced/jpop/jpop_059_001.wav,5,jpop,7,pop,2,2,7
1678,1678,datasets/audios/eastern_sliced/jpop/jpop_059_002.wav,5,jpop,3,disco,2,2,7
1679,1679,datasets/audios/eastern_sliced/jpop/jpop_060_000.wav,5,jpop,9,rock,4,4,3
1680,1680,datasets/audios/eastern_sliced/jpop/jpop_060_001.wav,5,jpop,9,rock,4,4,3
1681,1681,datasets/audios/eastern_sliced/jpop/jpop_060_002.wav,5,jpop,9,rock,4,4,3
1682,1682,datasets/audios/eastern_sliced/jpop/jpop_061_000.wav,5,jpop,9,rock,4,4,7
1683,1683,datasets/audios/eastern_sliced/jpop/jpop_061_001.wav,5,jpop,9,rock,4,4,7
1684,1684,datasets/audios/eastern_sliced/jpop/jpop_061_002.wav,5,jpop,9,rock,4,4,7
1685,1685,datasets/audios/eastern_sliced/jpop/jpop_062_000.wav,5,jpop,9,rock,4,4,2
1686,1686,datasets/audios/eastern_sliced/jpop/jpop_062_001.wav,5,jpop,1,classical,4,4,3
1687,1687,datasets/audios/eastern_sliced/jpop/jpop_062_002.wav,5,jpop,1,classical,4,4,3
1688,1688,datasets/audios/eastern_sliced/jpop/jpop_063_000.wav,5,jpop,6,metal,4,4,2
1689,1689,datasets/audios/eastern_sliced/jpop/jpop_063_001.wav,5,jpop,6,metal,4,4,2
1690,1690,datasets/audios/eastern_sliced/jpop/jpop_063_002.wav,5,jpop,6,metal,4,4,2
1691,1691,datasets/audios/eastern_sliced/jpop/jpop_064_000.wav,5,jpop,9,rock,4,4,7
1692,1692,datasets/audios/eastern_sliced/jpop/jpop_064_001.wav,5,jpop,9,rock,4,4,3
1693,1693,datasets/audios/eastern_sliced/jpop/jpop_064_002.wav,5,jpop,9,rock,4,4,7
1694,1694,datasets/audios/eastern_sliced/jpop/jpop_065_000.wav,5,jpop,9,rock,2,2,7
1695,1695,datasets/audios/eastern_sliced/jpop/jpop_065_001.wav,5,jpop,3,disco,2,2,7
1696,1696,datasets/audios/eastern_sliced/jpop/jpop_065_002.wav,5,jpop,3,disco,2,2,7
1697,1697,datasets/audios/eastern_sliced/jpop/jpop_066_000.wav,5,jpop,9,rock,4,4,3
1698,1698,datasets/audios/eastern_sliced/jpop/jpop_066_001.wav,5,jpop,9,rock,4,4,3
1699,1699,datasets/audios/eastern_sliced/jpop/jpop_066_002.wav,5,jpop,1,classical,4,4,3
1700,1700,datasets/audios/eastern_sliced/jpop/jpop_067_000.wav,5,jpop,7,pop,4,4,3
1701,1701,datasets/audios/eastern_sliced/jpop/jpop_067_001.wav,5,jpop,7,pop,4,4,6
1702,1702,datasets/audios/eastern_sliced/jpop/jpop_067_002.wav,5,jpop,7,pop,4,4,6
1703,1703,datasets/audios/eastern_sliced/kpop/kpop_000_000.wav,6,kpop,7,pop,4,4,6
1704,1704,datasets/audios/eastern_sliced/kpop/kpop_000_001.wav,6,kpop,7,pop,4,4,6
1705,1705,datasets/audios/eastern_sliced/kpop/kpop_000_002.wav,6,kpop,7,pop,4,4,6
1706,1706,datasets/audios/eastern_sliced/kpop/kpop_001_000.wav,6,kpop,7,pop,2,2,6
1707,1707,datasets/audios/eastern_sliced/kpop/kpop_001_001.wav,6,kpop,7,pop,2,2,2
1708,1708,datasets/audios/eastern_sliced/kpop/kpop_001_002.wav,6,kpop,4,hiphop,2,2,2
1709,1709,datasets/audios/eastern_sliced/kpop/kpop_002_000.wav,6,kpop,7,pop,2,2,6
1710,1710,datasets/audios/eastern_sliced/kpop/kpop_002_001.wav,6,kpop,7,pop,4,4,6
1711,1711,datasets/audios/eastern_sliced/kpop/kpop_002_002.wav,6,kpop,7,pop,2,2,6
1712,1712,datasets/audios/eastern_sliced/kpop/kpop_003_000.wav,6,kpop,7,pop,4,4,6
1713,1713,datasets/audios/eastern_sliced/kpop/kpop_003_001.wav,6,kpop,7,pop,2,2,6
1714,1714,datasets/audios/eastern_sliced/kpop/kpop_003_002.wav,6,kpop,7,pop,2,2,6
1715,1715,datasets/audios/eastern_sliced/kpop/kpop_004_000.wav,6,kpop,7,pop,2,2,6
1716,1716,datasets/audios/eastern_sliced/kpop/kpop_004_001.wav,6,kpop,7,pop,2,2,6
1717,1717,datasets/audios/eastern_sliced/kpop/kpop_004_002.wav,6,kpop,7,pop,2,2,6
1718,1718,datasets/audios/eastern_sliced/kpop/kpop_005_000.wav,6,kpop,7,pop,2,2,2
1719,1719,datasets/audios/eastern_sliced/kpop/kpop_005_001.wav,6,kpop,7,pop,2,2,2
1720,1720,datasets/audios/eastern_sliced/kpop/kpop_005_002.wav,6,kpop,7,pop,2,2,6
1721,1721,datasets/audios/eastern_sliced/kpop/kpop_006_000.wav,6,kpop,4,hiphop,2,2,2
1722,1722,datasets/audios/eastern_sliced/kpop/kpop_006_001.wav,6,kpop,7,pop,4,4,6
1723,1723,datasets/audios/eastern_sliced/kpop/kpop_006_002.wav,6,kpop,7,pop,4,4,6
1724,1724,datasets/audios/eastern_sliced/kpop/kpop_007_000.wav,6,kpop,7,pop,4,4,6
1725,1725,datasets/audios/eastern_sliced/kpop/kpop_007_001.wav,6,kpop,7,pop,2,2,6
1726,1726,datasets/audios/eastern_sliced/kpop/kpop_007_002.wav,6,kpop,7,pop,2,2,4
1727,1727,datasets/audios/eastern_sliced/kpop/kpop_008_000.wav,6,kpop,7,pop,2,2,0
1728,1728,datasets/audios/eastern_sliced/kpop/kpop_008_001.wav,6,kpop,7,pop,2,2,2
1729,1729,datasets/audios/eastern_sliced/kpop/kpop_008_002.wav,6,kpop,7,pop,2,2,0
1730,1730,datasets/audios/eastern_sliced/kpop/kpop_009_000.wav,6,kpop,7,pop,2,2,6
1731,1731,datasets/audios/eastern_sliced/kpop/kpop_009_001.wav,6,kpop,3,disco,2,2,7
1732,1732,datasets/audios/eastern_sliced/kpop/kpop_009_002.wav,6,kpop,7,pop,2,2,6
1733,1733,datasets/audios/eastern_sliced/kpop/kpop_010_000.wav,6,kpop,7,pop,2,2,6
1734,1734,datasets/audios/eastern_sliced/kpop/kpop_010_001.wav,6,kpop,7,pop,2,2,6
1735,1735,datasets/audios/eastern_sliced/kpop/kpop_010_002.wav,6,kpop,7,pop,2,2,6
1736,1736,datasets/audios/eastern_sliced/kpop/kpop_011_000.wav,6,kpop,7,pop,2,2,6
1737,1737,datasets/audios/eastern_sliced/kpop/kpop_011_001.wav,6,kpop,7,pop,2,2,6
1738,1738,datasets/audios/eastern_sliced/kpop/kpop_011_002.wav,6,kpop,7,pop,2,2,2
1739,1739,datasets/audios/eastern_sliced/kpop/kpop_012_000.wav,6,kpop,7,pop,2,2,6
1740,1740,datasets/audios/eastern_sliced/kpop/kpop_012_001.wav,6,kpop,7,pop,2,2,6
1741,1741,datasets/audios/eastern_sliced/kpop/kpop_012_002.wav,6,kpop,7,pop,2,2,6
1742,1742,datasets/audios/eastern_sliced/kpop/kpop_013_000.wav,6,kpop,7,pop,2,2,6
1743,1743,datasets/audios/eastern_sliced/kpop/kpop_013_001.wav,6,kpop,7,pop,6,6,6
1744,1744,datasets/audios/eastern_sliced/kpop/kpop_013_002.wav,6,kpop,7,pop,6,6,6
1745,1745,datasets/audios/eastern_sliced/kpop/kpop_014_000.wav,6,kpop,7,pop,2,2,6
1746,1746,datasets/audios/eastern_sliced/kpop/kpop_014_001.wav,6,kpop,7,pop,2,2,6
1747,1747,datasets/audios/eastern_sliced/kpop/kpop_014_002.wav,6,kpop,7,pop,2,2,6
1748,1748,datasets/audios/eastern_sliced/kpop/kpop_015_000.wav,6,kpop,7,pop,2,2,2
1749,1749,datasets/audios/eastern_sliced/kpop/kpop_015_001.wav,6,kpop,7,pop,2,2,6
1750,1750,datasets/audios/eastern_sliced/kpop/kpop_015_002.wav,6,kpop,7,pop,2,2,6
1751,1751,datasets/audios/eastern_sliced/kpop/kpop_016_000.wav,6,kpop,7,pop,2,2,6
1752,1752,datasets/audios/eastern_sliced/kpop/kpop_016_001.wav,6,kpop,3,disco,2,2,7
1753,1753,datasets/audios/eastern_sliced/kpop/kpop_016_002.wav,6,kpop,3,disco,2,2,7
1754,1754,datasets/audios/eastern_sliced/kpop/kpop_017_000.wav,6,kpop,7,pop,2,2,6
1755,1755,datasets/audios/eastern_sliced/kpop/kpop_017_001.wav,6,kpop,7,pop,2,2,6
1756,1756,datasets/audios/eastern_sliced/kpop/kpop_017_002.wav,6,kpop,7,pop,2,2,6
1757,1757,datasets/audios/eastern_sliced/kpop/kpop_018_000.wav,6,kpop,7,pop,4,4,6
1758,1758,datasets/audios/eastern_sliced/kpop/kpop_018_001.wav,6,kpop,7,pop,4,4,6
1759,1759,datasets/audios/eastern_sliced/kpop/kpop_018_002.wav,6,kpop,7,pop,4,4,6
1760,1760,datasets/audios/eastern_sliced/kpop/kpop_019_000.wav,6,kpop,7,pop,4,4,6
1761,1761,datasets/audios/eastern_sliced/kpop/kpop_019_001.wav,6,kpop,7,pop,4,4,0
1762,1762,datasets/audios/eastern_sliced/kpop/kpop_019_002.wav,6,kpop,7,pop,4,4,0
1763,1763,datasets/audios/eastern_sliced/kpop/kpop_020_000.wav,6,kpop,7,pop,4,4,6
1764,1764,datasets/audios/eastern_sliced/kpop/kpop_020_001.wav,6,kpop,7,pop,4,4,6
1765,1765,datasets/audios/eastern_sliced/kpop/kpop_020_002.wav,6,kpop,7,pop,4,4,6
1766,1766,datasets/audios/eastern_sliced/kpop/kpop_021_000.wav,6,kpop,7,pop,4,4,6
1767,1767,datasets/audios/eastern_sliced/kpop/kpop_021_001.wav,6,kpop,7,pop,4,4,6
1768,1768,datasets/audios/eastern_sliced/kpop/kpop_021_002.wav,6,kpop,7,pop,4,4,6
1769,1769,datasets/audios/eastern_sliced/kpop/kpop_022_000.wav,6,kpop,7,pop,4,4,6
1770,1770,datasets/audios/eastern_sliced/kpop/kpop_022_001.wav,6,kpop,7,pop,4,4,6
1771,1771,datasets/audios/eastern_sliced/kpop/kpop_022_002.wav,6,kpop,7,pop,4,4,6
1772,1772,datasets/audios/eastern_sliced/kpop/kpop_023_000.wav,6,kpop,7,pop,4,4,2
1773,1773,datasets/audios/eastern_sliced/kpop/kpop_023_001.wav,6,kpop,7,pop,4,4,2
1774,1774,datasets/audios/eastern_sliced/kpop/kpop_023_002.wav,6,kpop,7,pop,4,4,2
1775,1775,datasets/audios/eastern_sliced/kpop/kpop_024_000.wav,6,kpop,7,pop,4,4,3
1776,1776,datasets/audios/eastern_sliced/kpop/kpop_024_001.wav,6,kpop,7,pop,4,4,3
1777,1777,datasets/audios/eastern_sliced/kpop/kpop_024_002.wav,6,kpop,7,pop,4,4,3
1778,1778,datasets/audios/eastern_sliced/kpop/kpop_025_000.wav,6,kpop,1,classical,4,4,3
1779,1779,datasets/audios/eastern_sliced/kpop/kpop_025_001.wav,6,kpop,1,classical,4,4,3
1780,1780,datasets/audios/eastern_sliced/kpop/kpop_025_002.wav,6,kpop,1,classical,4,4,3
1781,1781,datasets/audios/eastern_sliced/kpop/kpop_026_000.wav,6,kpop,1,classical,4,4,3
1782,1782,datasets/audios/eastern_sliced/kpop/kpop_026_001.wav,6,kpop,1,classical,4,4,3
1783,1783,datasets/audios/eastern_sliced/kpop/kpop_026_002.wav,6,kpop,1,classical,4,4,3
1784,1784,datasets/audios/eastern_sliced/kpop/kpop_027_000.wav,6,kpop,7,pop,6,6,6
1785,1785,datasets/audios/eastern_sliced/kpop/kpop_027_001.wav,6,kpop,7,pop,2,2,6
1786,1786,datasets/audios/eastern_sliced/kpop/kpop_027_002.wav,6,kpop,7,pop,2,2,6
1787,1787,datasets/audios/eastern_sliced/kpop/kpop_028_000.wav,6,kpop,7,pop,2,2,6
1788,1788,datasets/audios/eastern_sliced/kpop/kpop_028_001.wav,6,kpop,7,pop,2,2,6
1789,1789,datasets/audios/eastern_sliced/kpop/kpop_028_002.wav,6,kpop,7,pop,2,2,1
1790,1790,datasets/audios/eastern_sliced/kpop/kpop_029_000.wav,6,kpop,3,disco,2,2,7
1791,1791,datasets/audios/eastern_sliced/kpop/kpop_029_001.wav,6,kpop,7,pop,2,2,6
1792,1792,datasets/audios/eastern_sliced/kpop/kpop_029_002.wav,6,kpop,3,disco,2,2,7
1793,1793,datasets/audios/eastern_sliced/kpop/kpop_030_000.wav,6,kpop,7,pop,4,4,6
1794,1794,datasets/audios/eastern_sliced/kpop/kpop_030_001.wav,6,kpop,7,pop,6,6,6
1795,1795,datasets/audios/eastern_sliced/kpop/kpop_030_002.wav,6,kpop,7,pop,2,2,6
1796,1796,datasets/audios/eastern_sliced/kpop/kpop_031_000.wav,6,kpop,7,pop,4,4,6
1797,1797,datasets/audios/eastern_sliced/kpop/kpop_031_001.wav,6,kpop,1,classical,4,4,3
1798,1798,datasets/audios/eastern_sliced/kpop/kpop_031_002.wav,6,kpop,7,pop,4,4,6
1799,1799,datasets/audios/eastern_sliced/kpop/kpop_032_000.wav,6,kpop,7,pop,4,4,6
1800,1800,datasets/audios/eastern_sliced/kpop/kpop_032_001.wav,6,kpop,7,pop,4,4,6
1801,1801,datasets/audios/eastern_sliced/kpop/kpop_032_002.wav,6,kpop,7,pop,2,2,6
1802,1802,datasets/audios/eastern_sliced/kpop/kpop_033_000.wav,6,kpop,1,classical,4,4,3
1803,1803,datasets/audios/eastern_sliced/kpop/kpop_033_001.wav,6,kpop,1,classical,4,4,3
1804,1804,datasets/audios/eastern_sliced/kpop/kpop_033_002.wav,6,kpop,1,classical,4,4,3
1805,1805,datasets/audios/eastern_sliced/kpop/kpop_034_000.wav,6,kpop,7,pop,2,2,6
1806,1806,datasets/audios/eastern_sliced/kpop/kpop_034_001.wav,6,kpop,7,pop,6,6,6
1807,1807,datasets/audios/eastern_sliced/kpop/kpop_034_002.wav,6,kpop,7,pop,2,2,6
1808,1808,datasets/audios/eastern_sliced/kpop/kpop_035_000.wav,6,kpop,7,pop,4,4,6
1809,1809,datasets/audios/eastern_sliced/kpop/kpop_035_001.wav,6,kpop,7,pop,6,6,6
1810,1810,datasets/audios/eastern_sliced/kpop/kpop_035_002.wav,6,kpop,7,pop,6,6,6
1811,1811,datasets/audios/eastern_sliced/kpop/kpop_036_000.wav,6,kpop,7,pop,4,4,6
1812,1812,datasets/audios/eastern_sliced/kpop/kpop_036_001.wav,6,kpop,7,pop,2,2,7
1813,1813,datasets/audios/eastern_sliced/kpop/kpop_036_002.wav,6,kpop,3,disco,2,2,7
1814,1814,datasets/audios/eastern_sliced/kpop/kpop_037_000.wav,6,kpop,7,pop,2,2,7
1815,1815,datasets/audios/eastern_sliced/kpop/kpop_037_001.wav,6,kpop,7,pop,2,2,7
1816,1816,datasets/audios/eastern_sliced/kpop/kpop_037_002.wav,6,kpop,7,pop,2,2,7
1817,1817,datasets/audios/eastern_sliced/kpop/kpop_038_000.wav,6,kpop,7,pop,6,6,1
1818,1818,datasets/audios/eastern_sliced/kpop/kpop_038_001.wav,6,kpop,7,pop,2,2,1
1819,1819,datasets/audios/eastern_sliced/kpop/kpop_038_002.wav,6,kpop,7,pop,2,2,1
1820,1820,datasets/audios/eastern_sliced/kpop/kpop_039_000.wav,6,kpop,1,classical,4,4,3
1821,1821,datasets/audios/eastern_sliced/kpop/kpop_039_001.wav,6,kpop,7,pop,4,4,2
1822,1822,datasets/audios/eastern_sliced/kpop/kpop_039_002.wav,6,kpop,1,classical,4,4,3
1823,1823,datasets/audios/eastern_sliced/kpop/kpop_040_000.wav,6,kpop,7,pop,4,4,2
1824,1824,datasets/audios/eastern_sliced/kpop/kpop_040_001.wav,6,kpop,7,pop,4,4,2
1825,1825,datasets/audios/eastern_sliced/kpop/kpop_040_002.wav,6,kpop,7,pop,4,4,3
1826,1826,datasets/audios/eastern_sliced/kpop/kpop_041_000.wav,6,kpop,7,pop,4,4,6
1827,1827,datasets/audios/eastern_sliced/kpop/kpop_041_001.wav,6,kpop,7,pop,4,4,2
1828,1828,datasets/audios/eastern_sliced/kpop/kpop_041_002.wav,6,kpop,7,pop,4,4,3
1829,1829,datasets/audios/eastern_sliced/kpop/kpop_042_000.wav,6,kpop,7,pop,4,4,6
1830,1830,datasets/audios/eastern_sliced/kpop/kpop_042_001.wav,6,kpop,7,pop,4,4,2
1831,1831,datasets/audios/eastern_sliced/kpop/kpop_042_002.wav,6,kpop,7,pop,4,4,2
1832,1832,datasets/audios/eastern_sliced/kpop/kpop_043_000.wav,6,kpop,7,pop,4,4,6
1833,1833,datasets/audios/eastern_sliced/kpop/kpop_043_001.wav,6,kpop,7,pop,4,4,6
1834,1834,datasets/audios/eastern_sliced/kpop/kpop_043_002.wav,6,kpop,7,pop,4,4,6
1835,1835,datasets/audios/eastern_sliced/kpop/kpop_044_000.wav,6,kpop,7,pop,4,4,2
1836,1836,datasets/audios/eastern_sliced/kpop/kpop_044_001.wav,6,kpop,7,pop,4,4,6
1837,1837,datasets/audios/eastern_sliced/kpop/kpop_044_002.wav,6,kpop,7,pop,4,4,6
1838,1838,datasets/audios/eastern_sliced/kpop/kpop_045_000.wav,6,kpop,7,pop,4,4,2
1839,1839,datasets/audios/eastern_sliced/kpop/kpop_045_001.wav,6,kpop,4,hiphop,4,4,2
1840,1840,datasets/audios/eastern_sliced/kpop/kpop_045_002.wav,6,kpop,7,pop,4,4,0
1841,1841,datasets/audios/eastern_sliced/kpop/kpop_046_000.wav,6,kpop,9,rock,6,6,1
1842,1842,datasets/audios/eastern_sliced/kpop/kpop_046_001.wav,6,kpop,9,rock,4,4,1
1843,1843,datasets/audios/eastern_sliced/kpop/kpop_046_002.wav,6,kpop,7,pop,6,6,1
1844,1844,datasets/audios/eastern_sliced/kpop/kpop_047_000.wav,6,kpop,7,pop,4,4,6
1845,1845,datasets/audios/eastern_sliced/kpop/kpop_047_001.wav,6,kpop,7,pop,4,4,6
1846,1846,datasets/audios/eastern_sliced/kpop/kpop_047_002.wav,6,kpop,7,pop,4,4,6
1847,1847,datasets/audios/eastern_sliced/kpop/kpop_048_000.wav,6,kpop,7,pop,4,4,6
1848,1848,datasets/audios/eastern_sliced/kpop/kpop_048_001.wav,6,kpop,7,pop,4,4,0
1849,1849,datasets/audios/eastern_sliced/kpop/kpop_048_002.wav,6,kpop,7,pop,4,4,0
1850,1850,datasets/audios/eastern_sliced/kpop/kpop_049_000.wav,6,kpop,7,pop,4,4,2
1851,1851,datasets/audios/eastern_sliced/kpop/kpop_049_001.wav,6,kpop,7,pop,4,4,2
1852,1852,datasets/audios/eastern_sliced/kpop/kpop_049_002.wav,6,kpop,7,pop,4,4,3
1853,1853,datasets/audios/eastern_sliced/kpop/kpop_050_000.wav,6,kpop,7,pop,4,4,6
1854,1854,datasets/audios/eastern_sliced/kpop/kpop_050_001.wav,6,kpop,7,pop,4,4,6
1855,1855,datasets/audios/eastern_sliced/kpop/kpop_050_002.wav,6,kpop,7,pop,4,4,6
1856,1856,datasets/audios/eastern_sliced/kpop/kpop_051_000.wav,6,kpop,7,pop,4,4,6
1857,1857,datasets/audios/eastern_sliced/kpop/kpop_051_001.wav,6,kpop,7,pop,4,4,6
1858,1858,datasets/audios/eastern_sliced/kpop/kpop_051_002.wav,6,kpop,7,pop,4,4,6
1859,1859,datasets/audios/eastern_sliced/kpop/kpop_052_000.wav,6,kpop,7,pop,4,4,1
1860,1860,datasets/audios/eastern_sliced/kpop/kpop_052_001.wav,6,kpop,7,pop,4,4,1
1861,1861,datasets/audios/eastern_sliced/kpop/kpop_052_002.wav,6,kpop,2,country,4,4,3
1862,1862,datasets/audios/eastern_sliced/kpop/kpop_053_000.wav,6,kpop,1,classical,4,4,3
1863,1863,datasets/audios/eastern_sliced/kpop/kpop_053_001.wav,6,kpop,1,classical,4,4,3
1864,1864,datasets/audios/eastern_sliced/kpop/kpop_053_002.wav,6,kpop,7,pop,4,4,6
1865,1865,datasets/audios/eastern_sliced/kpop/kpop_054_000.wav,6,kpop,7,pop,4,4,0
1866,1866,datasets/audios/eastern_sliced/kpop/kpop_054_001.wav,6,kpop,7,pop,4,4,6
1867,1867,datasets/audios/eastern_sliced/kpop/kpop_054_002.wav,6,kpop,7,pop,4,4,6
1868,1868,datasets/audios/eastern_sliced/kpop/kpop_055_000.wav,6,kpop,7,pop,4,4,6
1869,1869,datasets/audios/eastern_sliced/kpop/kpop_055_001.wav,6,kpop,7,pop,4,4,6
1870,1870,datasets/audios/eastern_sliced/kpop/kpop_055_002.wav,6,kpop,7,pop,4,4,0
1871,1871,datasets/audios/eastern_sliced/kpop/kpop_056_000.wav,6,kpop,7,pop,4,4,6
1872,1872,datasets/audios/eastern_sliced/kpop/kpop_056_001.wav,6,kpop,7,pop,4,4,6
1873,1873,datasets/audios/eastern_sliced/kpop/kpop_056_002.wav,6,kpop,7,pop,4,4,6
1874,1874,datasets/audios/eastern_sliced/kpop/kpop_057_000.wav,6,kpop,7,pop,4,4,6
1875,1875,datasets/audios/eastern_sliced/kpop/kpop_057_001.wav,6,kpop,7,pop,4,4,6
1876,1876,datasets/audios/eastern_sliced/kpop/kpop_057_002.wav,6,kpop,7,pop,4,4,6
1877,1877,datasets/audios/eastern_sliced/kpop/kpop_058_000.wav,6,kpop,7,pop,4,4,6
1878,1878,datasets/audios/eastern_sliced/kpop/kpop_058_001.wav,6,kpop,7,pop,4,4,6
1879,1879,datasets/audios/eastern_sliced/kpop/kpop_058_002.wav,6,kpop,7,pop,4,4,6
1880,1880,datasets/audios/eastern_sliced/kpop/kpop_059_000.wav,6,kpop,7,pop,4,4,6
1881,1881,datasets/audios/eastern_sliced/kpop/kpop_059_001.wav,6,kpop,7,pop,4,4,2
1882,1882,datasets/audios/eastern_sliced/kpop/kpop_059_002.wav,6,kpop,7,pop,4,4,2
1883,1883,datasets/audios/eastern_sliced/kpop/kpop_060_000.wav,6,kpop,7,pop,4,4,2
1884,1884,datasets/audios/eastern_sliced/kpop/kpop_060_001.wav,6,kpop,7,pop,4,4,6
1885,1885,datasets/audios/eastern_sliced/kpop/kpop_060_002.wav,6,kpop,7,pop,4,4,2
1886,1886,datasets/audios/eastern_sliced/kpop/kpop_061_000.wav,6,kpop,7,pop,4,4,6
1887,1887,datasets/audios/eastern_sliced/kpop/kpop_061_001.wav,6,kpop,7,pop,4,4,6
1888,1888,datasets/audios/eastern_sliced/kpop/kpop_061_002.wav,6,kpop,7,pop,4,4,6
1889,1889,datasets/audios/eastern_sliced/kpop/kpop_062_000.wav,6,kpop,1,classical,4,4,3
1890,1890,datasets/audios/eastern_sliced/kpop/kpop_062_001.wav,6,kpop,7,pop,4,4,2
1891,1891,datasets/audios/eastern_sliced/kpop/kpop_062_002.wav,6,kpop,7,pop,4,4,6
1892,1892,datasets/audios/eastern_sliced/kpop/kpop_063_000.wav,6,kpop,7,pop,4,4,3
1893,1893,datasets/audios/eastern_sliced/kpop/kpop_063_001.wav,6,kpop,7,pop,4,4,6
1894,1894,datasets/audios/eastern_sliced/kpop/kpop_063_002.wav,6,kpop,7,pop,4,4,6
1895,1895,datasets/audios/eastern_sliced/kpop/kpop_064_000.wav,6,kpop,4,hiphop,4,4,2
1896,1896,datasets/audios/eastern_sliced/kpop/kpop_064_001.wav,6,kpop,4,hiphop,4,4,2
1897,1897,datasets/audios/eastern_sliced/kpop/kpop_064_002.wav,6,kpop,4,hiphop,4,4,2
1898,1898,datasets/audios/eastern_sliced/kpop/kpop_065_000.wav,6,kpop,7,pop,4,4,6
1899,1899,datasets/audios/eastern_sliced/kpop/kpop_065_001.wav,6,kpop,7,pop,4,4,6
1900,1900,datasets/audios/eastern_sliced/kpop/kpop_065_002.wav,6,kpop,7,pop,4,4,6
1901,1901,datasets/audios/eastern_sliced/kpop/kpop_066_000.wav,6,kpop,7,pop,4,4,6
1902,1902,datasets/audios/eastern_sliced/kpop/kpop_066_001.wav,6,kpop,7,pop,4,4,6
1903,1903,datasets/audios/eastern_sliced/kpop/kpop_066_002.wav,6,kpop,7,pop,4,4,6
1904,1904,datasets/audios/eastern_sliced/kpop/kpop_067_000.wav,6,kpop,7,pop,4,4,3
1905,1905,datasets/audios/eastern_sliced/kpop/kpop_067_001.wav,6,kpop,9,rock,4,4,3
1906,1906,datasets/audios/eastern_sliced/kpop/kpop_067_002.wav,6,kpop,9,rock,4,4,2
1907,1907,datasets/audios/eastern_sliced/kpop/kpop_068_000.wav,6,kpop,7,pop,4,4,6
1908,1908,datasets/audios/eastern_sliced/kpop/kpop_068_001.wav,6,kpop,7,pop,4,4,6
1909,1909,datasets/audios/eastern_sliced/kpop/kpop_068_002.wav,6,kpop,7,pop,4,4,6
1910,1910,datasets/audios/eastern_sliced/kpop/kpop_069_000.wav,6,kpop,4,hiphop,4,4,2
1911,1911,datasets/audios/eastern_sliced/kpop/kpop_070_000.wav,6,kpop,7,pop,4,4,6
1912,1912,datasets/audios/eastern_sliced/kpop/kpop_070_001.wav,6,kpop,7,pop,4,4,6
1913,1913,datasets/audios/eastern_sliced/kpop/kpop_070_002.wav,6,kpop,7,pop,4,4,6
1914,1914,datasets/audios/eastern_sliced/kpop/kpop_071_000.wav,6,kpop,7,pop,2,2,6
1915,1915,datasets/audios/eastern_sliced/kpop/kpop_071_001.wav,6,kpop,7,pop,2,2,6
1916,1916,datasets/audios/eastern_sliced/kpop/kpop_071_002.wav,6,kpop,7,pop,2,2,6
1917,1917,datasets/audios/eastern_sliced/kpop/kpop_072_000.wav,6,kpop,7,pop,4,4,6
1918,1918,datasets/audios/eastern_sliced/kpop/kpop_072_001.wav,6,kpop,7,pop,4,4,6
1919,1919,datasets/audios/eastern_sliced/kpop/kpop_072_002.wav,6,kpop,7,pop,4,4,6
1920,1920,datasets/audios/eastern_sliced/kpop/kpop_073_000.wav,6,kpop,7,pop,6,6,6
1921,1921,datasets/audios/eastern_sliced/kpop/kpop_073_001.wav,6,kpop,7,pop,4,4,6
1922,1922,datasets/audios/eastern_sliced/kpop/kpop_073_002.wav,6,kpop,7,pop,2,2,6
1923,1923,datasets/audios/eastern_sliced/kpop/kpop_074_000.wav,6,kpop,7,pop,6,6,6
1924,1924,datasets/audios/eastern_sliced/kpop/kpop_074_001.wav,6,kpop,7,pop,6,6,6
1925,1925,datasets/audios/eastern_sliced/kpop/kpop_074_002.wav,6,kpop,7,pop,4,4,2
1926,1926,datasets/audios/eastern_sliced/kpop/kpop_075_000.wav,6,kpop,7,pop,4,4,6
1927,1927,datasets/audios/eastern_sliced/kpop/kpop_075_001.wav,6,kpop,7,pop,4,4,6
1928,1928,datasets/audios/eastern_sliced/kpop/kpop_075_002.wav,6,kpop,7,pop,4,4,6
1929,1929,datasets/audios/eastern_sliced/kpop/kpop_076_000.wav,6,kpop,7,pop,6,6,6
1930,1930,datasets/audios/eastern_sliced/kpop/kpop_076_001.wav,6,kpop,7,pop,2,2,6
1931,1931,datasets/audios/eastern_sliced/kpop/kpop_076_002.wav,6,kpop,7,pop,2,2,6
1932,1932,datasets/audios/eastern_sliced/kpop/kpop_077_000.wav,6,kpop,7,pop,2,2,6
1933,1933,datasets/audios/eastern_sliced/kpop/kpop_077_001.wav,6,kpop,7,pop,4,4,6
1934,1934,datasets/audios/eastern_sliced/kpop/kpop_077_002.wav,6,kpop,7,pop,4,4,6
1935,1935,datasets/audios/eastern_sliced/kpop/kpop_078_000.wav,6,kpop,7,pop,2,2,6
1936,1936,datasets/audios/eastern_sliced/kpop/kpop_078_001.wav,6,kpop,7,pop,2,2,7
1937,1937,datasets/audios/eastern_sliced/kpop/kpop_078_002.wav,6,kpop,7,pop,4,4,0
1938,1938,datasets/audios/eastern_sliced/kpop/kpop_079_000.wav,6,kpop,7,pop,2,2,6
1939,1939,datasets/audios/eastern_sliced/kpop/kpop_079_001.wav,6,kpop,7,pop,2,2,6
1940,1940,datasets/audios/eastern_sliced/kpop/kpop_079_002.wav,6,kpop,7,pop,2,2,6
1941,1941,datasets/audios/eastern_sliced/kpop/kpop_080_000.wav,6,kpop,7,pop,2,2,6
1942,1942,datasets/audios/eastern_sliced/kpop/kpop_080_001.wav,6,kpop,7,pop,2,2,6
1943,1943,datasets/audios/eastern_sliced/kpop/kpop_080_002.wav,6,kpop,7,pop,2,2,6
1944,1944,datasets/audios/eastern_sliced/kpop/kpop_081_000.wav,6,kpop,7,pop,6,6,6
1945,1945,datasets/audios/eastern_sliced/kpop/kpop_081_001.wav,6,kpop,7,pop,4,4,6
1946,1946,datasets/audios/eastern_sliced/kpop/kpop_081_002.wav,6,kpop,7,pop,2,2,6
1947,1947,datasets/audios/eastern_sliced/kpop/kpop_082_000.wav,6,kpop,7,pop,6,6,6
1948,1948,datasets/audios/eastern_sliced/kpop/kpop_082_001.wav,6,kpop,7,pop,2,2,1
1949,1949,datasets/audios/eastern_sliced/kpop/kpop_082_002.wav,6,kpop,7,pop,6,6,1
1950,1950,datasets/audios/eastern_sliced/kpop/kpop_083_000.wav,6,kpop,7,pop,2,2,6
1951,1951,datasets/audios/eastern_sliced/kpop/kpop_083_001.wav,6,kpop,1,classical,7,7,3
1952,1952,datasets/audios/eastern_sliced/kpop/kpop_083_002.wav,6,kpop,1,classical,4,4,3
1953,1953,datasets/audios/eastern_sliced/kpop/kpop_084_000.wav,6,kpop,7,pop,6,6,6
1954,1954,datasets/audios/eastern_sliced/kpop/kpop_084_001.wav,6,kpop,7,pop,6,6,6
1955,1955,datasets/audios/eastern_sliced/kpop/kpop_084_002.wav,6,kpop,7,pop,2,2,6
1956,1956,datasets/audios/eastern_sliced/kpop/kpop_085_000.wav,6,kpop,7,pop,4,4,6
1957,1957,datasets/audios/eastern_sliced/kpop/kpop_085_001.wav,6,kpop,7,pop,4,4,6
1958,1958,datasets/audios/eastern_sliced/kpop/kpop_085_002.wav,6,kpop,7,pop,4,4,6
1959,1959,datasets/audios/eastern_sliced/kpop/kpop_086_000.wav,6,kpop,7,pop,4,4,6
1960,1960,datasets/audios/eastern_sliced/kpop/kpop_086_001.wav,6,kpop,7,pop,2,2,2
1961,1961,datasets/audios/eastern_sliced/kpop/kpop_086_002.wav,6,kpop,7,pop,2,2,7
1962,1962,datasets/audios/eastern_sliced/kpop/kpop_087_000.wav,6,kpop,7,pop,2,2,6
1963,1963,datasets/audios/eastern_sliced/kpop/kpop_087_001.wav,6,kpop,7,pop,4,4,6
1964,1964,datasets/audios/eastern_sliced/kpop/kpop_087_002.wav,6,kpop,7,pop,4,4,6
1965,1965,datasets/audios/eastern_sliced/kpop/kpop_088_000.wav,6,kpop,7,pop,2,2,0
1966,1966,datasets/audios/eastern_sliced/kpop/kpop_088_001.wav,6,kpop,7,pop,2,2,6
1967,1967,datasets/audios/eastern_sliced/kpop/kpop_088_002.wav,6,kpop,7,pop,2,2,6
1968,1968,datasets/audios/eastern_sliced/kpop/kpop_089_000.wav,6,kpop,9,rock,0,0,2
1969,1969,datasets/audios/eastern_sliced/kpop/kpop_089_001.wav,6,kpop,7,pop,7,7,1
1970,1970,datasets/audios/eastern_sliced/kpop/kpop_089_002.wav,6,kpop,7,pop,7,7,1
1971,1971,datasets/audios/eastern_sliced/kpop/kpop_090_000.wav,6,kpop,7,pop,2,2,3
1972,1972,datasets/audios/eastern_sliced/kpop/kpop_090_001.wav,6,kpop,4,hiphop,3,3,2
1973,1973,datasets/audios/eastern_sliced/kpop/kpop_090_002.wav,6,kpop,7,pop,3,3,2
1974,1974,datasets/audios/eastern_sliced/kpop/kpop_091_000.wav,6,kpop,7,pop,7,7,6
1975,1975,datasets/audios/eastern_sliced/kpop/kpop_091_001.wav,6,kpop,7,pop,7,7,6
1976,1976,datasets/audios/eastern_sliced/kpop/kpop_091_002.wav,6,kpop,7,pop,2,2,6
1977,1977,datasets/audios/eastern_sliced/kpop/kpop_092_000.wav,6,kpop,7,pop,2,2,6
1978,1978,datasets/audios/eastern_sliced/kpop/kpop_092_001.wav,6,kpop,7,pop,2,2,7
1979,1979,datasets/audios/eastern_sliced/kpop/kpop_092_002.wav,6,kpop,7,pop,2,2,6
1980,1980,datasets/audios/eastern_sliced/kpop/kpop_093_000.wav,6,kpop,7,pop,2,2,6
1981,1981,datasets/audios/eastern_sliced/kpop/kpop_093_001.wav,6,kpop,7,pop,2,2,6
1982,1982,datasets/audios/eastern_sliced/kpop/kpop_093_002.wav,6,kpop,7,pop,2,2,6
1983,1983,datasets/audios/eastern_sliced/kpop/kpop_094_000.wav,6,kpop,7,pop,2,2,6
1984,1984,datasets/audios/eastern_sliced/kpop/kpop_094_001.wav,6,kpop,7,pop,6,6,3
1985,1985,datasets/audios/eastern_sliced/kpop/kpop_094_002.wav,6,kpop,7,pop,6,6,3
1986,1986,datasets/audios/eastern_sliced/kpop/kpop_095_000.wav,6,kpop,7,pop,6,6,6
1987,1987,datasets/audios/eastern_sliced/kpop/kpop_095_001.wav,6,kpop,7,pop,4,4,6
1988,1988,datasets/audios/eastern_sliced/kpop/kpop_095_002.wav,6,kpop,7,pop,4,4,6
1989,1989,datasets/audios/eastern_sliced/kpop/kpop_096_000.wav,6,kpop,7,pop,2,2,6
1990,1990,datasets/audios/eastern_sliced/kpop/kpop_096_001.wav,6,kpop,7,pop,6,6,6
1991,1991,datasets/audios/eastern_sliced/kpop/kpop_096_002.wav,6,kpop,7,pop,2,2,6
1992,1992,datasets/audios/eastern_sliced/kpop/kpop_097_000.wav,6,kpop,7,pop,2,2,6
1993,1993,datasets/audios/eastern_sliced/kpop/kpop_097_001.wav,6,kpop,7,pop,2,2,6
1994,1994,datasets/audios/eastern_sliced/kpop/kpop_097_002.wav,6,kpop,7,pop,4,4,6
1995,1995,datasets/audios/eastern_sliced/kpop/kpop_098_000.wav,6,kpop,7,pop,2,2,1
1996,1996,datasets/audios/eastern_sliced/kpop/kpop_098_001.wav,6,kpop,7,pop,2,2,1
1997,1997,datasets/audios/eastern_sliced/kpop/kpop_098_002.wav,6,kpop,7,pop,2,2,7
1998,1998,datasets/audios/eastern_sliced/kpop/kpop_099_000.wav,6,kpop,7,pop,2,2,6
1999,1999,datasets/audios/eastern_sliced/kpop/kpop_099_001.wav,6,kpop,7,pop,2,2,6
2000,2000,datasets/audios/eastern_sliced/kpop/kpop_099_002.wav,6,kpop,7,pop,2,2,6
2001,2001,datasets/audios/eastern_sliced/sitar/sitar_000_000.wav,7,sitar,7,pop,5,5,0
2002,2002,datasets/audios/eastern_sliced/sitar/sitar_000_001.wav,7,sitar,7,pop,5,5,0
2003,2003,datasets/audios/eastern_sliced/sitar/sitar_001_000.wav,7,sitar,7,pop,5,5,0
2004,2004,datasets/audios/eastern_sliced/sitar/sitar_001_001.wav,7,sitar,7,pop,5,5,0
2005,2005,datasets/audios/eastern_sliced/sitar/sitar_002_000.wav,7,sitar,4,hiphop,5,5,2
2006,2006,datasets/audios/eastern_sliced/sitar/sitar_002_001.wav,7,sitar,4,hiphop,5,5,2
2007,2007,datasets/audios/eastern_sliced/sitar/sitar_003_000.wav,7,sitar,5,jazz,5,5,0
2008,2008,datasets/audios/eastern_sliced/sitar/sitar_003_001.wav,7,sitar,0,blues,5,5,4
2009,2009,datasets/audios/eastern_sliced/sitar/sitar_004_000.wav,7,sitar,7,pop,5,5,0
2010,2010,datasets/audios/eastern_sliced/sitar/sitar_004_001.wav,7,sitar,4,hiphop,5,5,2
2011,2011,datasets/audios/eastern_sliced/sitar/sitar_005_000.wav,7,sitar,7,pop,5,5,0
2012,2012,datasets/audios/eastern_sliced/sitar/sitar_005_001.wav,7,sitar,7,pop,5,5,0
2013,2013,datasets/audios/eastern_sliced/sitar/sitar_006_000.wav,7,sitar,7,pop,5,5,0
2014,2014,datasets/audios/eastern_sliced/sitar/sitar_006_001.wav,7,sitar,7,pop,5,5,6
2015,2015,datasets/audios/eastern_sliced/sitar/sitar_007_000.wav,7,sitar,5,jazz,5,5,0
2016,2016,datasets/audios/eastern_sliced/sitar/sitar_007_001.wav,7,sitar,5,jazz,5,5,0
2017,2017,datasets/audios/eastern_sliced/sitar/sitar_008_000.wav,7,sitar,4,hiphop,5,5,2
2018,2018,datasets/audios/eastern_sliced/sitar/sitar_008_001.wav,7,sitar,5,jazz,5,5,0
2019,2019,datasets/audios/eastern_sliced/sitar/sitar_009_000.wav,7,sitar,1,classical,5,5,0
2020,2020,datasets/audios/eastern_sliced/sitar/sitar_009_001.wav,7,sitar,1,classical,5,5,0
2021,2021,datasets/audios/eastern_sliced/sitar/sitar_010_000.wav,7,sitar,4,hiphop,5,5,4
2022,2022,datasets/audios/eastern_sliced/sitar/sitar_010_001.wav,7,sitar,1,classical,5,5,0
2023,2023,datasets/audios/eastern_sliced/sitar/sitar_011_000.wav,7,sitar,5,jazz,5,5,0
2024,2024,datasets/audios/eastern_sliced/sitar/sitar_011_001.wav,7,sitar,7,pop,5,5,0
2025,2025,datasets/audios/eastern_sliced/sitar/sitar_012_000.wav,7,sitar,7,pop,5,5,0
2026,2026,datasets/audios/eastern_sliced/sitar/sitar_012_001.wav,7,sitar,7,pop,5,5,0
2027,2027,datasets/audios/eastern_sliced/sitar/sitar_013_000.wav,7,sitar,7,pop,5,5,0
2028,2028,datasets/audios/eastern_sliced/sitar/sitar_013_001.wav,7,sitar,7,pop,5,5,0
2029,2029,datasets/audios/eastern_sliced/sitar/sitar_014_000.wav,7,sitar,7,pop,5,5,0
2030,2030,datasets/audios/eastern_sliced/sitar/sitar_014_001.wav,7,sitar,7,pop,5,5,0
2031,2031,datasets/audios/eastern_sliced/sitar/sitar_015_000.wav,7,sitar,4,hiphop,5,5,2
2032,2032,datasets/audios/eastern_sliced/sitar/sitar_015_001.wav,7,sitar,7,pop,5,5,2
2033,2033,datasets/audios/eastern_sliced/sitar/sitar_016_000.wav,7,sitar,5,jazz,5,5,4
2034,2034,datasets/audios/eastern_sliced/sitar/sitar_016_001.wav,7,sitar,5,jazz,5,5,0
2035,2035,datasets/audios/eastern_sliced/sitar/sitar_017_000.wav,7,sitar,1,classical,5,5,0
2036,2036,datasets/audios/eastern_sliced/sitar/sitar_017_001.wav,7,sitar,7,pop,5,5,0
2037,2037,datasets/audios/eastern_sliced/sitar/sitar_018_000.wav,7,sitar,5,jazz,5,5,0
2038,2038,datasets/audios/eastern_sliced/sitar/sitar_018_001.wav,7,sitar,7,pop,5,5,0
2039,2039,datasets/audios/eastern_sliced/sitar/sitar_019_000.wav,7,sitar,7,pop,6,6,0
2040,2040,datasets/audios/eastern_sliced/sitar/sitar_019_001.wav,7,sitar,7,pop,6,6,0
2041,2041,datasets/audios/eastern_sliced/sitar/sitar_020_000.wav,7,sitar,7,pop,6,6,0
2042,2042,datasets/audios/eastern_sliced/sitar/sitar_020_001.wav,7,sitar,7,pop,6,6,0
2043,2043,datasets/audios/eastern_sliced/sitar/sitar_021_000.wav,7,sitar,7,pop,6,6,0
2044,2044,datasets/audios/eastern_sliced/sitar/sitar_021_001.wav,7,sitar,7,pop,6,6,3
2045,2045,datasets/audios/eastern_sliced/sitar/sitar_022_000.wav,7,sitar,5,jazz,5,5,0
2046,2046,datasets/audios/eastern_sliced/sitar/sitar_022_001.wav,7,sitar,5,jazz,5,5,0
2047,2047,datasets/audios/eastern_sliced/sitar/sitar_023_000.wav,7,sitar,5,jazz,5,5,0
2048,2048,datasets/audios/eastern_sliced/sitar/sitar_023_001.wav,7,sitar,5,jazz,5,5,0
2049,2049,datasets/audios/eastern_sliced/sitar/sitar_024_000.wav,7,sitar,7,pop,5,5,0
2050,2050,datasets/audios/eastern_sliced/sitar/sitar_024_001.wav,7,sitar,7,pop,5,5,0
2051,2051,datasets/audios/eastern_sliced/sitar/sitar_025_000.wav,7,sitar,7,pop,5,5,0
2052,2052,datasets/audios/eastern_sliced/sitar/sitar_025_001.wav,7,sitar,5,jazz,5,5,0
2053,2053,datasets/audios/eastern_sliced/sitar/sitar_026_000.wav,7,sitar,5,jazz,5,5,0
2054,2054,datasets/audios/eastern_sliced/sitar/sitar_026_001.wav,7,sitar,5,jazz,5,5,4
2055,2055,datasets/audios/eastern_sliced/sitar/sitar_027_000.wav,7,sitar,7,pop,5,5,0
2056,2056,datasets/audios/eastern_sliced/sitar/sitar_027_001.wav,7,sitar,5,jazz,5,5,0
2057,2057,datasets/audios/eastern_sliced/sitar/sitar_028_000.wav,7,sitar,5,jazz,5,5,0
2058,2058,datasets/audios/eastern_sliced/sitar/sitar_028_001.wav,7,sitar,7,pop,5,5,0
2059,2059,datasets/audios/eastern_sliced/sitar/sitar_029_000.wav,7,sitar,7,pop,5,5,0
2060,2060,datasets/audios/eastern_sliced/sitar/sitar_029_001.wav,7,sitar,7,pop,5,5,0
2061,2061,datasets/audios/eastern_sliced/sitar/sitar_030_000.wav,7,sitar,1,classical,5,5,5
2062,2062,datasets/audios/eastern_sliced/sitar/sitar_030_001.wav,7,sitar,5,jazz,5,5,0
2063,2063,datasets/audios/eastern_sliced/sitar/sitar_031_000.wav,7,sitar,7,pop,5,5,0
2064,2064,datasets/audios/eastern_sliced/sitar/sitar_031_001.wav,7,sitar,5,jazz,5,5,0
2065,2065,datasets/audios/eastern_sliced/sitar/sitar_032_000.wav,7,sitar,1,classical,5,5,0
2066,2066,datasets/audios/eastern_sliced/sitar/sitar_032_001.wav,7,sitar,1,classical,5,5,0
2067,2067,datasets/audios/eastern_sliced/sitar/sitar_033_000.wav,7,sitar,7,pop,5,5,0
2068,2068,datasets/audios/eastern_sliced/sitar/sitar_033_001.wav,7,sitar,7,pop,5,5,0
2069,2069,datasets/audios/eastern_sliced/sitar/sitar_034_000.wav,7,sitar,4,hiphop,5,5,4
2070,2070,datasets/audios/eastern_sliced/sitar/sitar_034_001.wav,7,sitar,5,jazz,5,5,0
2071,2071,datasets/audios/eastern_sliced/sitar/sitar_035_000.wav,7,sitar,8,reggae,6,6,4
2072,2072,datasets/audios/eastern_sliced/sitar/sitar_035_001.wav,7,sitar,5,jazz,6,6,0
2073,2073,datasets/audios/eastern_sliced/sitar/sitar_036_000.wav,7,sitar,4,hiphop,5,5,4
2074,2074,datasets/audios/eastern_sliced/sitar/sitar_036_001.wav,7,sitar,8,reggae,5,5,2
2075,2075,datasets/audios/eastern_sliced/sitar/sitar_037_000.wav,7,sitar,7,pop,5,5,0
2076,2076,datasets/audios/eastern_sliced/sitar/sitar_037_001.wav,7,sitar,8,reggae,5,5,0
2077,2077,datasets/audios/eastern_sliced/sitar/sitar_038_000.wav,7,sitar,4,hiphop,5,5,0
2078,2078,datasets/audios/eastern_sliced/sitar/sitar_038_001.wav,7,sitar,4,hiphop,5,5,2
2079,2079,datasets/audios/eastern_sliced/sitar/sitar_039_000.wav,7,sitar,7,pop,5,5,0
2080,2080,datasets/audios/eastern_sliced/sitar/sitar_039_001.wav,7,sitar,4,hiphop,5,5,0
2081,2081,datasets/audios/eastern_sliced/sitar/sitar_040_000.wav,7,sitar,7,pop,5,5,0
2082,2082,datasets/audios/eastern_sliced/sitar/sitar_040_001.wav,7,sitar,7,pop,5,5,0
2083,2083,datasets/audios/eastern_sliced/sitar/sitar_041_000.wav,7,sitar,7,pop,5,5,0
2084,2084,datasets/audios/eastern_sliced/sitar/sitar_041_001.wav,7,sitar,7,pop,5,5,0
2085,2085,datasets/audios/eastern_sliced/sitar/sitar_042_000.wav,7,sitar,8,reggae,5,5,4
2086,2086,datasets/audios/eastern_sliced/sitar/sitar_042_001.wav,7,sitar,5,jazz,5,5,4
2087,2087,datasets/audios/eastern_sliced/sitar/sitar_043_000.wav,7,sitar,5,jazz,5,5,0
2088,2088,datasets/audios/eastern_sliced/sitar/sitar_043_001.wav,7,sitar,5,jazz,5,5,0
2089,2089,datasets/audios/eastern_sliced/sitar/sitar_044_000.wav,7,sitar,8,reggae,6,6,0
2090,2090,datasets/audios/eastern_sliced/sitar/sitar_044_001.wav,7,sitar,1,classical,5,5,0
2091,2091,datasets/audios/eastern_sliced/sitar/sitar_045_000.wav,7,sitar,5,jazz,5,5,0
2092,2092,datasets/audios/eastern_sliced/sitar/sitar_045_001.wav,7,sitar,4,hiphop,5,5,0
2093,2093,datasets/audios/eastern_sliced/sitar/sitar_046_000.wav,7,sitar,5,jazz,5,5,2
2094,2094,datasets/audios/eastern_sliced/sitar/sitar_046_001.wav,7,sitar,5,jazz,5,5,2
2095,2095,datasets/audios/eastern_sliced/sitar/sitar_047_000.wav,7,sitar,7,pop,5,5,0
2096,2096,datasets/audios/eastern_sliced/sitar/sitar_047_001.wav,7,sitar,1,classical,5,5,5
2097,2097,datasets/audios/eastern_sliced/sitar/sitar_048_000.wav,7,sitar,7,pop,5,5,0
2098,2098,datasets/audios/eastern_sliced/sitar/sitar_048_001.wav,7,sitar,5,jazz,5,5,0
2099,2099,datasets/audios/eastern_sliced/sitar/sitar_049_000.wav,7,sitar,7,pop,5,5,0
2100,2100,datasets/audios/eastern_sliced/sitar/sitar_049_001.wav,7,sitar,1,classical,5,5,0
2101,2101,datasets/audios/eastern_sliced/sitar/sitar_050_000.wav,7,sitar,7,pop,5,5,0
2102,2102,datasets/audios/eastern_sliced/sitar/sitar_050_001.wav,7,sitar,7,pop,5,5,0
2103,2103,datasets/audios/eastern_sliced/sitar/sitar_051_000.wav,7,sitar,4,hiphop,5,5,4
2104,2104,datasets/audios/eastern_sliced/sitar/sitar_051_001.wav,7,sitar,5,jazz,5,5,4
2105,2105,datasets/audios/eastern_sliced/sitar/sitar_052_000.wav,7,sitar,1,classical,7,7,3
2106,2106,datasets/audios/eastern_sliced/sitar/sitar_052_001.wav,7,sitar,8,reggae,6,6,4
2107,2107,datasets/audios/eastern_sliced/sitar/sitar_053_000.wav,7,sitar,8,reggae,5,5,4
2108,2108,datasets/audios/eastern_sliced/sitar/sitar_053_001.wav,7,sitar,8,reggae,5,5,4
2109,2109,datasets/audios/eastern_sliced/sitar/sitar_054_000.wav,7,sitar,7,pop,5,5,0
2110,2110,datasets/audios/eastern_sliced/sitar/sitar_054_001.wav,7,sitar,7,pop,5,5,0
