track_index,track_id,path,eastern_label,eastern_genre,predicted_western_label,predicted_western_genre,confidence,entropy,prob_blues,prob_classical,prob_country,prob_disco,prob_hiphop,prob_jazz,prob_metal,prob_pop,prob_reggae,prob_rock
0,0,datasets/audios/eastern_sliced/carnatic/carnatic_000_000.wav,0,carnatic,5,jazz,0.3910136818885803,1.493066668510437,0.3830840289592743,0.035009365528821945,0.03979821503162384,0.01114819385111332,0.044025592505931854,0.3910136818885803,0.003060419112443924,0.01766660436987877,0.05713750049471855,0.018056398257613182
1,1,datasets/audios/eastern_sliced/carnatic/carnatic_000_001.wav,0,carnatic,4,hiphop,0.6203367710113525,1.3251633644104004,0.12211623042821884,0.007560957223176956,0.011745160445570946,0.011232836171984673,0.6203367710113525,0.10878856480121613,0.0034153468441218138,0.03672473505139351,0.049220431596040726,0.02885894663631916
2,2,datasets/audios/eastern_sliced/carnatic/carnatic_000_002.wav,0,carnatic,5,jazz,0.47326087951660156,1.6384608745574951,0.0553283765912056,0.028317496180534363,0.06777209788560867,0.015066629275679588,0.19598768651485443,0.47326087951660156,0.0019846181385219097,0.05732347071170807,0.08856985718011856,0.016388894990086555
3,3,datasets/audios/eastern_sliced/carnatic/carnatic_000_003.wav,0,carnatic,4,hiphop,0.6658961176872253,1.2418955564498901,0.05294987931847572,0.009517812170088291,0.016612187027931213,0.013601934537291527,0.6658961176872253,0.11381467431783676,0.0017019492806866765,0.06168065592646599,0.04593172296881676,0.018292978405952454
4,4,datasets/audios/eastern_sliced/carnatic/carnatic_000_004.wav,0,carnatic,4,hiphop,0.4224933981895447,1.7094544172286987,0.06882331520318985,0.014327638782560825,0.05199692025780678,0.017485756427049637,0.4224933981895447,0.2100469470024109,0.004130227025598288,0.05166672542691231,0.12690426409244537,0.032124802470207214
5,5,datasets/audios/eastern_sliced/carnatic/carnatic_001_000.wav,0,carnatic,4,hiphop,0.5679339170455933,1.421881079673767,0.15393604338169098,0.00836380198597908,0.015368659980595112,0.010737219825387001,0.5679339170455933,0.11098586767911911,0.002200291259214282,0.06375493109226227,0.031037546694278717,0.03568170964717865
6,6,datasets/audios/eastern_sliced/carnatic/carnatic_001_001.wav,0,carnatic,4,hiphop,0.5706944465637207,1.4608004093170166,0.07735203951597214,0.010633829049766064,0.026232685893774033,0.009867864660918713,0.5706944465637207,0.14909480512142181,0.0025651692412793636,0.06211196631193161,0.05028869956731796,0.04115850105881691
7,7,datasets/audios/eastern_sliced/carnatic/carnatic_001_002.wav,0,carnatic,5,jazz,0.35572513937950134,1.7267440557479858,0.16171477735042572,0.040064845234155655,0.03264392912387848,0.022321753203868866,0.2718368470668793,0.35572513937950134,0.0030422068666666746,0.038993626832962036,0.04626195877790451,0.02739487960934639
8,8,datasets/audios/eastern_sliced/carnatic/carnatic_001_003.wav,0,carnatic,4,hiphop,0.37563005089759827,1.801154375076294,0.14964161813259125,0.043070826679468155,0.016148826107382774,0.08158902823925018,0.37563005089759827,0.19751687347888947,0.003411348443478346,0.06684370338916779,0.04375794902443886,0.022389695048332214
9,9,datasets/audios/eastern_sliced/carnatic/carnatic_001_004.wav,0,carnatic,4,hiphop,0.37296077609062195,1.798156499862671,0.22846505045890808,0.01314540021121502,0.05915100872516632,0.030136805027723312,0.37296077609062195,0.12149564921855927,0.004142009187489748,0.06835811585187912,0.039196889847517014,0.06294827163219452
10,10,datasets/audios/eastern_sliced/carnatic/carnatic_002_000.wav,0,carnatic,2,country,0.5016912817955017,1.7058098316192627,0.10047534108161926,0.03142542764544487,0.5016912817955017,0.031124113127589226,0.028345603495836258,0.09802437573671341,0.011790953576564789,0.04859831556677818,0.06201201677322388,0.08651259541511536
11,11,datasets/audios/eastern_sliced/carnatic/carnatic_002_001.wav,0,carnatic,2,country,0.5911813378334045,1.4841104745864868,0.0560615099966526,0.01233497355133295,0.5911813378334045,0.018613899126648903,0.0525520034134388,0.1067080944776535,0.004898289684206247,0.05241096392273903,0.046935830265283585,0.05830305814743042
12,12,datasets/audios/eastern_sliced/carnatic/carnatic_002_002.wav,0,carnatic,2,country,0.6776074767112732,1.2636269330978394,0.031884681433439255,0.00935513898730278,0.6776074767112732,0.01631149835884571,0.04002971574664116,0.08387302607297897,0.003577180439606309,0.05179155245423317,0.03751756250858307,0.048052094876766205
13,13,datasets/audios/eastern_sliced/carnatic/carnatic_002_003.wav,0,carnatic,5,jazz,0.6280056238174438,1.3860582113265991,0.08002956956624985,0.08911532908678055,0.014357914216816425,0.0234531182795763,0.05669420212507248,0.6280056238174438,0.0045524644665420055,0.04958701506257057,0.03788013011217117,0.016324717551469803
14,14,datasets/audios/eastern_sliced/carnatic/carnatic_002_004.wav,0,carnatic,1,classical,0.4054032862186432,1.8804144859313965,0.12288975715637207,0.4054032862186432,0.08800523728132248,0.087201327085495,0.021058080717921257,0.10050106793642044,0.016462333500385284,0.042233679443597794,0.03012515977025032,0.08612009137868881
15,15,datasets/audios/eastern_sliced/carnatic/carnatic_003_000.wav,0,carnatic,4,hiphop,0.6549433469772339,1.3041348457336426,0.08991853892803192,0.004813551437109709,0.03653102368116379,0.008919601328670979,0.6549433469772339,0.06041529029607773,0.00511275976896286,0.035120271146297455,0.05664064735174179,0.047584883868694305
16,16,datasets/audios/eastern_sliced/carnatic/carnatic_003_001.wav,0,carnatic,4,hiphop,0.7915412783622742,0.9026027917861938,0.03908538073301315,0.0026889515575021505,0.011237196624279022,0.013303483836352825,0.7915412783622742,0.030133942142128944,0.0015569123206660151,0.06141209229826927,0.031079260632395744,0.01796143315732479
17,17,datasets/audios/eastern_sliced/carnatic/carnatic_003_002.wav,0,carnatic,4,hiphop,0.7317904233932495,1.0504857301712036,0.08941883593797684,0.003770244074985385,0.012409621849656105,0.004348580725491047,0.7317904233932495,0.048957306891679764,0.0019384690094739199,0.025554200634360313,0.058796342462301254,0.023015977814793587
18,18,datasets/audios/eastern_sliced/carnatic/carnatic_003_003.wav,0,carnatic,5,jazz,0.6337794661521912,1.3234175443649292,0.06270191073417664,0.08042878657579422,0.008043778128921986,0.013403158634901047,0.0947432741522789,0.6337794661521912,0.0035199462436139584,0.024022433906793594,0.07056628912687302,0.008790952153503895
19,19,datasets/audios/eastern_sliced/carnatic/carnatic_003_004.wav,0,carnatic,5,jazz,0.4522944688796997,1.5192902088165283,0.13229447603225708,0.02520168013870716,0.008009273558855057,0.021871088072657585,0.2629188299179077,0.4522944688796997,0.002619034145027399,0.029795289039611816,0.054549697786569595,0.010446202009916306
20,20,datasets/audios/eastern_sliced/carnatic/carnatic_004_000.wav,0,carnatic,5,jazz,0.17609021067619324,2.1238620281219482,0.1521829068660736,0.026820704340934753,0.1665724813938141,0.045476172119379044,0.1477338969707489,0.17609021067619324,0.02303250879049301,0.06639605015516281,0.06850933283567429,0.12718568742275238
21,21,datasets/audios/eastern_sliced/carnatic/carnatic_004_001.wav,0,carnatic,0,blues,0.318676620721817,1.9425885677337646,0.318676620721817,0.015338825061917305,0.18792478740215302,0.03111596591770649,0.1030036136507988,0.07945685088634491,0.01739962212741375,0.032646846026182175,0.08551133424043655,0.12892557680606842
22,22,datasets/audios/eastern_sliced/carnatic/carnatic_004_002.wav,0,carnatic,4,hiphop,0.3941766321659088,1.7066600322723389,0.2666108012199402,0.006272177677601576,0.04627678170800209,0.018830804154276848,0.3941766321659088,0.08271897584199905,0.0050689964555203915,0.0647839605808258,0.05110960453748703,0.06415122747421265
23,23,datasets/audios/eastern_sliced/carnatic/carnatic_004_003.wav,0,carnatic,4,hiphop,0.4554726779460907,1.6666475534439087,0.2050199657678604,0.0075256554409861565,0.039111457765102386,0.026455556973814964,0.4554726779460907,0.07995269447565079,0.005126435775309801,0.07778257876634598,0.02901247888803482,0.07454045861959457
24,24,datasets/audios/eastern_sliced/carnatic/carnatic_004_004.wav,0,carnatic,5,jazz,0.30109867453575134,1.9812817573547363,0.20013469457626343,0.052540283650159836,0.14464420080184937,0.05807509645819664,0.08328977972269058,0.30109867453575134,0.009115258231759071,0.06323874741792679,0.037825096398591995,0.05003810673952103
25,25,datasets/audios/eastern_sliced/carnatic/carnatic_005_000.wav,0,carnatic,4,hiphop,0.6215803027153015,1.3316137790679932,0.04297678917646408,0.006508237216621637,0.026743970811367035,0.010307101532816887,0.6215803027153015,0.14545942842960358,0.0021765627898275852,0.04742995649576187,0.06720700860023499,0.02961067110300064
26,26,datasets/audios/eastern_sliced/carnatic/carnatic_005_001.wav,0,carnatic,4,hiphop,0.4697628617286682,1.7053442001342773,0.12329835444688797,0.0489974208176136,0.01703367568552494,0.02372434362769127,0.4697628617286682,0.10782594233751297,0.003469060407951474,0.0565686859190464,0.1152452677488327,0.034074436873197556
27,27,datasets/audios/eastern_sliced/carnatic/carnatic_005_002.wav,0,carnatic,4,hiphop,0.7451648712158203,1.0276373624801636,0.059426166117191315,0.008355292491614819,0.00424043508246541,0.009415486827492714,0.7451648712158203,0.07582326233386993,0.001597876544110477,0.04139678180217743,0.03144402056932449,0.02313588373363018
28,28,datasets/audios/eastern_sliced/carnatic/carnatic_005_003.wav,0,carnatic,8,reggae,0.298539936542511,2.1006791591644287,0.08948970586061478,0.06804363429546356,0.06478448212146759,0.10520756244659424,0.09955132752656937,0.07125461846590042,0.03976517915725708,0.03480048477649689,0.298539936542511,0.1285630762577057
29,29,datasets/audios/eastern_sliced/carnatic/carnatic_005_004.wav,0,carnatic,4,hiphop,0.34165987372398376,1.7924256324768066,0.1481873095035553,0.013505198992788792,0.0074114808812737465,0.031056802719831467,0.34165987372398376,0.029629932716488838,0.06453236192464828,0.012902890332043171,0.13854575157165527,0.21256843209266663
30,30,datasets/audios/eastern_sliced/carnatic/carnatic_006_000.wav,0,carnatic,5,jazz,0.7572372555732727,0.9566952586174011,0.05189650505781174,0.10108491033315659,0.006247853860259056,0.011103250086307526,0.0157706830650568,0.7572372555732727,0.0019940119236707687,0.03964369371533394,0.008058718405663967,0.006963084917515516
31,31,datasets/audios/eastern_sliced/carnatic/carnatic_006_001.wav,0,carnatic,5,jazz,0.26030591130256653,1.9473657608032227,0.10048584640026093,0.01760626770555973,0.11341382563114166,0.01289993617683649,0.23734931647777557,0.26030591130256653,0.004967397544533014,0.0848301351070404,0.09456189721822739,0.07357952743768692
32,32,datasets/audios/eastern_sliced/carnatic/carnatic_006_002.wav,0,carnatic,4,hiphop,0.48797717690467834,1.507620096206665,0.2258109301328659,0.010345540940761566,0.014431020244956017,0.012308431789278984,0.48797717690467834,0.1281922161579132,0.0023098853416740894,0.04648710414767265,0.041330140084028244,0.03080747462809086
33,33,datasets/audios/eastern_sliced/carnatic/carnatic_006_003.wav,0,carnatic,5,jazz,0.4962676763534546,1.5497877597808838,0.21329201757907867,0.032777998596429825,0.01044485718011856,0.01410221029073,0.10337864607572556,0.4962676763534546,0.005032964050769806,0.038159843534231186,0.02887277491390705,0.05767100304365158
34,34,datasets/audios/eastern_sliced/carnatic/carnatic_006_004.wav,0,carnatic,4,hiphop,0.4803256094455719,1.5348749160766602,0.09184993803501129,0.005934810731559992,0.032944582402706146,0.009629419073462486,0.4803256094455719,0.23586046695709229,0.001935928943566978,0.044306620955467224,0.06927407532930374,0.027938567101955414
35,35,datasets/audios/eastern_sliced/carnatic/carnatic_007_000.wav,0,carnatic,2,country,0.27267637848854065,1.8540583848953247,0.25976744294166565,0.007247820030897856,0.27267637848854065,0.01391956303268671,0.10144563764333725,0.14281097054481506,0.006204376462846994,0.03228332847356796,0.05688376724720001,0.10676079243421555
36,36,datasets/audios/eastern_sliced/carnatic/carnatic_007_001.wav,0,carnatic,4,hiphop,0.5963540077209473,1.4172738790512085,0.1224299892783165,0.0050734602846205235,0.03492269665002823,0.008707442320883274,0.5963540077209473,0.08073858171701431,0.0028204794507473707,0.05211043357849121,0.05225617438554764,0.04458675533533096
37,37,datasets/audios/eastern_sliced/carnatic/carnatic_007_002.wav,0,carnatic,4,hiphop,0.5724239945411682,1.4449018239974976,0.14570671319961548,0.0054084123112261295,0.018156250938773155,0.00844025518745184,0.5724239945411682,0.07925139367580414,0.004055282566696405,0.05587461218237877,0.04728379100561142,0.0633993074297905
38,38,datasets/audios/eastern_sliced/carnatic/carnatic_007_003.wav,0,carnatic,0,blues,0.5527313947677612,1.4103758335113525,0.5527313947677612,0.007814984768629074,0.03735853731632233,0.008266488090157509,0.2195356786251068,0.06350139528512955,0.0032992225605994463,0.025933925062417984,0.0431344173848629,0.03842398151755333
39,39,datasets/audios/eastern_sliced/carnatic/carnatic_007_004.wav,0,carnatic,4,hiphop,0.597745954990387,1.3765393495559692,0.13747113943099976,0.007120939437299967,0.010260535404086113,0.0067559946328401566,0.597745954990387,0.08995448052883148,0.005039101466536522,0.03416655212640762,0.060079820454120636,0.0514054000377655
40,40,datasets/audios/eastern_sliced/carnatic/carnatic_008_000.wav,0,carnatic,2,country,0.3742063045501709,1.836917519569397,0.17439329624176025,0.00918566808104515,0.3742063045501709,0.01480832602828741,0.11329486221075058,0.09159241616725922,0.003906627185642719,0.07014533877372742,0.08172456175088882,0.06674263626337051
41,41,datasets/audios/eastern_sliced/carnatic/carnatic_008_001.wav,0,carnatic,2,country,0.3758305311203003,1.7977004051208496,0.20475301146507263,0.010870033875107765,0.3758305311203003,0.01216828916221857,0.10781470686197281,0.07193248718976974,0.0040220413357019424,0.05207536369562149,0.10553573817014694,0.054997771978378296
42,42,datasets/audios/eastern_sliced/carnatic/carnatic_009_000.wav,0,carnatic,5,jazz,0.43610092997550964,1.6138615608215332,0.042251866310834885,0.04224041476845741,0.01419883780181408,0.02939639985561371,0.25593647360801697,0.43610092997550964,0.0032415546011179686,0.12214028835296631,0.02774941362440586,0.026743847876787186
43,43,datasets/audios/eastern_sliced/carnatic/carnatic_009_001.wav,0,carnatic,4,hiphop,0.5215288400650024,1.6375463008880615,0.04441553354263306,0.027031991630792618,0.026166021823883057,0.0358935110270977,0.5215288400650024,0.07552493363618851,0.009796997532248497,0.06379231065511703,0.05075374245643616,0.14509621262550354
44,44,datasets/audios/eastern_sliced/carnatic/carnatic_009_002.wav,0,carnatic,4,hiphop,0.5407037138938904,1.5967291593551636,0.03431757912039757,0.03219188004732132,0.01557984109967947,0.04004107043147087,0.5407037138938904,0.07528308033943176,0.012222147546708584,0.06854186207056046,0.04588834568858147,0.1352304220199585
45,45,datasets/audios/eastern_sliced/carnatic/carnatic_009_003.wav,0,carnatic,4,hiphop,0.6504528522491455,1.353891134262085,0.03537918999791145,0.018234973773360252,0.00942427758127451,0.03371533378958702,0.6504528522491455,0.04992155730724335,0.011701811105012894,0.07251691818237305,0.047261714935302734,0.07139138132333755
46,46,datasets/audios/eastern_sliced/carnatic/carnatic_009_004.wav,0,carnatic,4,hiphop,0.5938800573348999,1.481992483139038,0.029526041820645332,0.02191305346786976,0.009475181810557842,0.05405184254050255,0.5938800573348999,0.05522391200065613,0.014130446128547192,0.08890611678361893,0.03789520636200905,0.09499814361333847
47,47,datasets/audios/eastern_sliced/carnatic/carnatic_010_000.wav,0,carnatic,7,pop,0.38674676418304443,1.8191895484924316,0.037290386855602264,0.12403262406587601,0.013209397904574871,0.06473223865032196,0.1516280174255371,0.13344648480415344,0.006146571133285761,0.38674676418304443,0.01818178780376911,0.06458568572998047
48,48,datasets/audios/eastern_sliced/carnatic/carnatic_010_001.wav,0,carnatic,7,pop,0.3853578269481659,1.833504557609558,0.03667977452278137,0.13404417037963867,0.014121622778475285,0.07663536071777344,0.1362234503030777,0.12163273990154266,0.0062443953938782215,0.3853578269481659,0.01706644892692566,0.07199420034885406
49,49,datasets/audios/eastern_sliced/carnatic/carnatic_010_002.wav,0,carnatic,4,hiphop,0.6213933825492859,1.2494397163391113,0.028878983110189438,0.008438360877335072,0.006810178514569998,0.022834835574030876,0.6213933825492859,0.04463573545217514,0.003337819827720523,0.2003503143787384,0.016375141218304634,0.04694518446922302
50,50,datasets/audios/eastern_sliced/carnatic/carnatic_010_003.wav,0,carnatic,4,hiphop,0.2804168164730072,1.838046669960022,0.05457718297839165,0.035246577113866806,0.043678443878889084,0.02219763956964016,0.2804168164730072,0.2743076682090759,0.004012627061456442,0.1797715276479721,0.02738291583955288,0.07840858399868011
51,51,datasets/audios/eastern_sliced/carnatic/carnatic_010_004.wav,0,carnatic,4,hiphop,0.43845444917678833,1.789885401725769,0.06262873113155365,0.021589862182736397,0.03146817535161972,0.03641052544116974,0.43845444917678833,0.11533687263727188,0.00866093672811985,0.10306906700134277,0.05068892613053322,0.13169245421886444
52,52,datasets/audios/eastern_sliced/carnatic/carnatic_011_000.wav,0,carnatic,5,jazz,0.33292701840400696,1.577896237373352,0.21111373603343964,0.31093138456344604,0.009178150445222855,0.007046791259199381,0.012675680220127106,0.33292701840400696,0.004709498956799507,0.047856833785772324,0.02193167433142662,0.04162931069731712
53,53,datasets/audios/eastern_sliced/carnatic/carnatic_011_001.wav,0,carnatic,1,classical,0.6239251494407654,1.009498953819275,0.012932652607560158,0.6239251494407654,0.005833279341459274,0.009065814316272736,0.003120248904451728,0.2870490252971649,0.0016709740739315748,0.04457017034292221,0.005971555132418871,0.0058611975982785225
54,54,datasets/audios/eastern_sliced/carnatic/carnatic_011_002.wav,0,carnatic,4,hiphop,0.28529417514801025,1.9762217998504639,0.0619109570980072,0.07006636261940002,0.02833978645503521,0.04747393727302551,0.28529417514801025,0.08454225957393646,0.016102934256196022,0.13014453649520874,0.04225267097353935,0.23387238383293152
55,55,datasets/audios/eastern_sliced/carnatic/carnatic_011_003.wav,0,carnatic,4,hiphop,0.42012614011764526,1.8500546216964722,0.07852458953857422,0.059135835617780685,0.02437720261514187,0.036875829100608826,0.42012614011764526,0.1400894671678543,0.01134740561246872,0.08731409907341003,0.04670754447579384,0.0955018550157547
56,56,datasets/audios/eastern_sliced/carnatic/carnatic_011_004.wav,0,carnatic,1,classical,0.46063482761383057,1.3653391599655151,0.04176146164536476,0.46063482761383057,0.008403953164815903,0.031268343329429626,0.011728333309292793,0.35654979944229126,0.0036590625531971455,0.05132806673645973,0.007267122156918049,0.02739901654422283
57,57,datasets/audios/eastern_sliced/carnatic/carnatic_012_000.wav,0,carnatic,9,rock,0.35947486758232117,1.9982234239578247,0.07310164719820023,0.1223655715584755,0.08700986206531525,0.07306133955717087,0.05526214465498924,0.09162470698356628,0.021602550521492958,0.08670977503061295,0.029787495732307434,0.35947486758232117
58,58,datasets/audios/eastern_sliced/carnatic/carnatic_012_001.wav,0,carnatic,9,rock,0.22574831545352936,2.134321689605713,0.06976195424795151,0.14755727350711823,0.1654835343360901,0.04656759276986122,0.0717715248465538,0.0806175097823143,0.017845291644334793,0.08730601519346237,0.08734094351530075,0.22574831545352936
59,59,datasets/audios/eastern_sliced/carnatic/carnatic_012_002.wav,0,carnatic,1,classical,0.6619058847427368,1.2679730653762817,0.07754804939031601,0.6619058847427368,0.013383240438997746,0.029157541692256927,0.010201424360275269,0.09977718442678452,0.005417881533503532,0.036635711789131165,0.01133033912628889,0.05464271083474159
60,60,datasets/audios/eastern_sliced/carnatic/carnatic_012_003.wav,0,carnatic,1,classical,0.7426407337188721,1.0462669134140015,0.032713185995817184,0.7426407337188721,0.039252568036317825,0.019481580704450607,0.0022881291806697845,0.025743959471583366,0.00852793175727129,0.025466999039053917,0.009657483547925949,0.09422745555639267
61,61,datasets/audios/eastern_sliced/carnatic/carnatic_012_004.wav,0,carnatic,4,hiphop,0.21246489882469177,2.0812065601348877,0.08040298521518707,0.07307390868663788,0.038497306406497955,0.06170051544904709,0.21246489882469177,0.1341363787651062,0.012835155241191387,0.1409768909215927,0.04331175237894058,0.2026001214981079
62,62,datasets/audios/eastern_sliced/carnatic/carnatic_013_000.wav,0,carnatic,2,country,0.3529115617275238,1.8857685327529907,0.04208409786224365,0.07363121211528778,0.3529115617275238,0.028898512944579124,0.054218847304582596,0.06791059672832489,0.007117253728210926,0.18886032700538635,0.03389859199523926,0.15046903491020203
63,63,datasets/audios/eastern_sliced/carnatic/carnatic_013_001.wav,0,carnatic,4,hiphop,0.5086368918418884,1.5741300582885742,0.03368005529046059,0.01698056235909462,0.017622558400034904,0.025795938447117805,0.5086368918418884,0.05520458519458771,0.009536686353385448,0.12087427079677582,0.03382515534758568,0.1778433471918106
64,64,datasets/audios/eastern_sliced/carnatic/carnatic_013_002.wav,0,carnatic,4,hiphop,0.30272677540779114,1.8274413347244263,0.040429648011922836,0.08304735273122787,0.012983456254005432,0.06436005979776382,0.30272677540779114,0.06953810900449753,0.006664493586868048,0.2960694134235382,0.02213599532842636,0.10204470902681351
65,65,datasets/audios/eastern_sliced/carnatic/carnatic_013_003.wav,0,carnatic,4,hiphop,0.28081971406936646,1.9956510066986084,0.07234225422143936,0.1052723154425621,0.016493871808052063,0.04738574102520943,0.28081971406936646,0.17614151537418365,0.012057747691869736,0.13465145230293274,0.034282416105270386,0.12055301666259766
66,66,datasets/audios/eastern_sliced/carnatic/carnatic_013_004.wav,0,carnatic,4,hiphop,0.46503394842147827,1.7485013008117676,0.04831955209374428,0.046124015003442764,0.03021269105374813,0.029200561344623566,0.46503394842147827,0.09835688024759293,0.0073127602227032185,0.13498246669769287,0.04138587415218353,0.09907126426696777
67,67,datasets/audios/eastern_sliced/carnatic/carnatic_014_000.wav,0,carnatic,1,classical,0.8159676790237427,0.7033419013023376,0.006201164331287146,0.8159676790237427,0.006220766808837652,0.008545068092644215,0.002113100839778781,0.12013774365186691,0.0011187277268618345,0.02914472296833992,0.005484132561832666,0.005066984798759222
68,68,datasets/audios/eastern_sliced/carnatic/carnatic_014_001.wav,0,carnatic,1,classical,0.8144429326057434,0.7228893637657166,0.008376349695026875,0.8144429326057434,0.0062649985775351524,0.008921208791434765,0.002359892474487424,0.11614353209733963,0.0016499373596161604,0.029391445219516754,0.006504014600068331,0.005945723038166761
69,69,datasets/audios/eastern_sliced/carnatic/carnatic_014_002.wav,0,carnatic,4,hiphop,0.21712331473827362,2.063223361968994,0.08473895490169525,0.17879590392112732,0.015340602956712246,0.037500884383916855,0.21712331473827362,0.0535794198513031,0.04698989912867546,0.06535270065069199,0.09480860829353333,0.20576967298984528
70,70,datasets/audios/eastern_sliced/carnatic/carnatic_014_003.wav,0,carnatic,9,rock,0.21045872569084167,2.093195676803589,0.10585840791463852,0.18970675766468048,0.021198535338044167,0.03462056443095207,0.16552510857582092,0.058183468878269196,0.05146019160747528,0.05252333730459213,0.11046488583087921,0.21045872569084167
71,71,datasets/audios/eastern_sliced/carnatic/carnatic_014_004.wav,0,carnatic,9,rock,0.3319379389286041,1.8009347915649414,0.03860214352607727,0.0341176763176918,0.008490039967000484,0.022244155406951904,0.2811771333217621,0.03711666539311409,0.1301405429840088,0.03938385844230652,0.07678986340761185,0.3319379389286041
72,72,datasets/audios/eastern_sliced/carnatic/carnatic_015_000.wav,0,carnatic,4,hiphop,0.21553629636764526,1.9849066734313965,0.044792331755161285,0.10598058998584747,0.019792666658759117,0.07901950180530548,0.21553629636764526,0.21436379849910736,0.007712984923273325,0.19896988570690155,0.027279231697320938,0.08655272424221039
73,73,datasets/audios/eastern_sliced/carnatic/carnatic_015_001.wav,0,carnatic,7,pop,0.3135983943939209,1.8714526891708374,0.026568518951535225,0.07529380917549133,0.018612952902913094,0.09838006645441055,0.23275628685951233,0.1260378658771515,0.00596366124227643,0.3135983943939209,0.01928902603685856,0.08349940925836563
74,74,datasets/audios/eastern_sliced/carnatic/carnatic_015_002.wav,0,carnatic,4,hiphop,0.41448071599006653,1.8219423294067383,0.032528527081012726,0.04317320138216019,0.044127363711595535,0.04162993282079697,0.41448071599006653,0.08758427202701569,0.0071615432389080524,0.1504184454679489,0.042671121656894684,0.13622483611106873
75,75,datasets/audios/eastern_sliced/carnatic/carnatic_015_003.wav,0,carnatic,4,hiphop,0.2678729295730591,1.9478585720062256,0.030624164268374443,0.08073436468839645,0.03937053307890892,0.04884550720453262,0.2678729295730591,0.2046973705291748,0.006769830361008644,0.1999402940273285,0.03655242174863815,0.08459264039993286
76,76,datasets/audios/eastern_sliced/carnatic/carnatic_015_004.wav,0,carnatic,1,classical,0.5669927000999451,1.5437116622924805,0.0648738220334053,0.5669927000999451,0.015500333160161972,0.02529907412827015,0.038887400180101395,0.08460106700658798,0.01214996725320816,0.047360118478536606,0.030400602146983147,0.11393498629331589
77,77,datasets/audios/eastern_sliced/carnatic/carnatic_016_000.wav,0,carnatic,7,pop,0.33223608136177063,1.8284802436828613,0.08364428579807281,0.10546228289604187,0.06030837073922157,0.023061390966176987,0.025203362107276917,0.258355975151062,0.007551779504865408,0.33223608136177063,0.01702202670276165,0.08715447038412094
78,78,datasets/audios/eastern_sliced/carnatic/carnatic_016_001.wav,0,carnatic,1,classical,0.5585681796073914,1.1929551362991333,0.02190553769469261,0.5585681796073914,0.005794291850179434,0.011558358557522297,0.007141467183828354,0.2914137542247772,0.002666885731741786,0.08220293372869492,0.0066550783812999725,0.012093516997992992
79,79,datasets/audios/eastern_sliced/carnatic/carnatic_016_002.wav,0,carnatic,4,hiphop,0.4994998276233673,1.6746784448623657,0.09024906903505325,0.018360601738095284,0.01710321009159088,0.01914125308394432,0.4994998276233673,0.06313198804855347,0.013410433195531368,0.09090521931648254,0.0778595507144928,0.11033882945775986
80,80,datasets/audios/eastern_sliced/carnatic/carnatic_016_003.wav,0,carnatic,4,hiphop,0.6293290257453918,1.3568131923675537,0.04531031474471092,0.00959076453000307,0.008214278146624565,0.02050497941672802,0.6293290257453918,0.04673260822892189,0.010457329452037811,0.07627347856760025,0.038589753210544586,0.1149975135922432
81,81,datasets/audios/eastern_sliced/carnatic/carnatic_016_004.wav,0,carnatic,1,classical,0.7730623483657837,0.8765809535980225,0.022912688553333282,0.7730623483657837,0.0035445017274469137,0.005947222001850605,0.00403122091665864,0.1127655878663063,0.0030268619302660227,0.046227917075157166,0.003832032438367605,0.024649539962410927
82,82,datasets/audios/eastern_sliced/carnatic/carnatic_017_000.wav,0,carnatic,4,hiphop,0.4271039068698883,1.8161753416061401,0.07386977970600128,0.06949271261692047,0.013121443800628185,0.04149433225393295,0.4271039068698883,0.12684088945388794,0.009681612253189087,0.1230839192867279,0.037074215710163116,0.07823717594146729
83,83,datasets/audios/eastern_sliced/carnatic/carnatic_017_001.wav,0,carnatic,4,hiphop,0.33637237548828125,1.8995888233184814,0.08895057439804077,0.04673467203974724,0.019851164892315865,0.033514149487018585,0.33637237548828125,0.13056834042072296,0.008072679862380028,0.17644886672496796,0.03167230263352394,0.1278148889541626
84,84,datasets/audios/eastern_sliced/carnatic/carnatic_017_002.wav,0,carnatic,5,jazz,0.20696690678596497,2.081094980239868,0.07558907568454742,0.1599774807691574,0.01916722021996975,0.08717688918113708,0.1271742582321167,0.20696690678596497,0.017131997272372246,0.12853509187698364,0.026612021028995514,0.15166912972927094
85,85,datasets/audios/eastern_sliced/carnatic/carnatic_018_000.wav,0,carnatic,2,country,0.6800012588500977,1.1966462135314941,0.03179623931646347,0.034845657646656036,0.6800012588500977,0.008918769657611847,0.005908443126827478,0.0798182561993599,0.003439787309616804,0.04495871439576149,0.009106948971748352,0.10120586305856705
86,86,datasets/audios/eastern_sliced/carnatic/carnatic_018_001.wav,0,carnatic,1,classical,0.3073767125606537,1.810472846031189,0.08315553516149521,0.3073767125606537,0.09566456824541092,0.019199294969439507,0.014271756634116173,0.28823304176330566,0.00550105469301343,0.10555265843868256,0.027377353981137276,0.05366802588105202
87,87,datasets/audios/eastern_sliced/carnatic/carnatic_018_002.wav,0,carnatic,5,jazz,0.2503786087036133,1.847277283668518,0.034995969384908676,0.23063208162784576,0.1763973981142044,0.0363209992647171,0.016570888459682465,0.2503786087036133,0.0040741488337516785,0.1835455596446991,0.01501344982534647,0.052070848643779755
88,88,datasets/audios/eastern_sliced/carnatic/carnatic_018_003.wav,0,carnatic,7,pop,0.28028276562690735,1.929904818534851,0.08379684388637543,0.1486315280199051,0.12514089047908783,0.01282619871199131,0.02226160280406475,0.20768731832504272,0.005613495130091906,0.28028276562690735,0.05740733817219734,0.05635194852948189
89,89,datasets/audios/eastern_sliced/carnatic/carnatic_018_004.wav,0,carnatic,2,country,0.6000577807426453,1.4383482933044434,0.056230559945106506,0.06887993961572647,0.6000577807426453,0.021275609731674194,0.009928075596690178,0.04037987440824509,0.006283440627157688,0.04858626797795296,0.024537406861782074,0.12384111434221268
90,90,datasets/audios/eastern_sliced/carnatic/carnatic_019_000.wav,0,carnatic,4,hiphop,0.33903947472572327,1.8863718509674072,0.10267901420593262,0.033820606768131256,0.016079582273960114,0.029313325881958008,0.33903947472572327,0.1383851170539856,0.01672215946018696,0.07746326178312302,0.04429328069090843,0.20220419764518738
91,91,datasets/audios/eastern_sliced/carnatic/carnatic_019_001.wav,0,carnatic,4,hiphop,0.399934858083725,1.7625067234039307,0.09280961751937866,0.020319579169154167,0.013148010708391666,0.03738916665315628,0.399934858083725,0.0681108608841896,0.014286604709923267,0.09168659150600433,0.03474586457014084,0.2275688499212265
92,92,datasets/audios/eastern_sliced/carnatic/carnatic_019_002.wav,0,carnatic,4,hiphop,0.3844851851463318,1.8909106254577637,0.0720461830496788,0.04981262609362602,0.012022621929645538,0.07526157796382904,0.3844851851463318,0.11037581413984299,0.012927954085171223,0.12308992445468903,0.03666919842362404,0.12330886721611023
93,93,datasets/audios/eastern_sliced/carnatic/carnatic_019_003.wav,0,carnatic,4,hiphop,0.4612889587879181,1.760745882987976,0.08418654650449753,0.04038671404123306,0.013043312355875969,0.02587871626019478,0.4612889587879181,0.08852358162403107,0.016827549785375595,0.0895506739616394,0.0499262809753418,0.13038760423660278
94,94,datasets/audios/eastern_sliced/carnatic/carnatic_020_000.wav,0,carnatic,4,hiphop,0.35845229029655457,1.9051287174224854,0.06106133759021759,0.03255772963166237,0.017044702544808388,0.08500940352678299,0.35845229029655457,0.09825789928436279,0.016040585935115814,0.142164409160614,0.03420395776629448,0.15520766377449036
95,95,datasets/audios/eastern_sliced/carnatic/carnatic_021_000.wav,0,carnatic,4,hiphop,0.4164872467517853,1.7631564140319824,0.04669959470629692,0.023220976814627647,0.10252269357442856,0.016073694452643394,0.4164872467517853,0.09556850790977478,0.003143939422443509,0.19152195751667023,0.053360067307949066,0.051401298493146896
96,96,datasets/audios/eastern_sliced/carnatic/carnatic_021_001.wav,0,carnatic,4,hiphop,0.6401135921478271,1.3163238763809204,0.026086319237947464,0.019383706152439117,0.01564454659819603,0.017955604940652847,0.6401135921478271,0.11655201762914658,0.0030463251750916243,0.07037201523780823,0.0698203518986702,0.021025434136390686
97,97,datasets/audios/eastern_sliced/carnatic/carnatic_021_002.wav,0,carnatic,4,hiphop,0.36142513155937195,1.9463400840759277,0.032158657908439636,0.09807725250720978,0.0401693657040596,0.048334814608097076,0.36142513155937195,0.14609885215759277,0.012282384559512138,0.08552888035774231,0.11480361968278885,0.06112100929021835
98,98,datasets/audios/eastern_sliced/carnatic/carnatic_021_003.wav,0,carnatic,4,hiphop,0.32608819007873535,2.0076076984405518,0.032994598150253296,0.1308092325925827,0.03142064809799194,0.05156439170241356,0.32608819007873535,0.1271795630455017,0.020235760137438774,0.07766009122133255,0.1103099137544632,0.09173766523599625
99,99,datasets/audios/eastern_sliced/carnatic/carnatic_021_004.wav,0,carnatic,1,classical,0.28397780656814575,1.9717625379562378,0.029628129675984383,0.28397780656814575,0.026627305895090103,0.04405766725540161,0.1543743759393692,0.18786200881004333,0.012627651914954185,0.1342022866010666,0.07065175473690033,0.05599106475710869
100,100,datasets/audios/eastern_sliced/carnatic/carnatic_022_000.wav,0,carnatic,7,pop,0.2642327845096588,2.0523295402526855,0.028141330927610397,0.099522165954113,0.08052832633256912,0.04831666499376297,0.15228016674518585,0.16500428318977356,0.011899039149284363,0.2642327845096588,0.05777769535779953,0.09229757636785507
101,101,datasets/audios/eastern_sliced/carnatic/carnatic_022_001.wav,0,carnatic,4,hiphop,0.3549768328666687,1.9410384893417358,0.05125553533434868,0.03644799068570137,0.048006389290094376,0.031122317537665367,0.3549768328666687,0.16254553198814392,0.015369902364909649,0.10902538150548935,0.11357072740793228,0.07767937332391739
102,102,datasets/audios/eastern_sliced/carnatic/carnatic_022_002.wav,0,carnatic,7,pop,0.3141339123249054,1.9588916301727295,0.053385984152555466,0.11185216903686523,0.01995457150042057,0.04851299896836281,0.2077247053384781,0.09148240089416504,0.01713736169040203,0.3141339123249054,0.040445033460855484,0.09537096321582794
103,103,datasets/audios/eastern_sliced/carnatic/carnatic_022_003.wav,0,carnatic,1,classical,0.3986676335334778,1.9557061195373535,0.05190211907029152,0.3986676335334778,0.05888102948665619,0.06564226746559143,0.04450230300426483,0.07118883728981018,0.03239059075713158,0.0734187588095665,0.08066843450069427,0.1227380633354187
104,104,datasets/audios/eastern_sliced/carnatic/carnatic_022_004.wav,0,carnatic,4,hiphop,0.40430545806884766,1.8710627555847168,0.04209071770310402,0.05359889566898346,0.03963872790336609,0.03201152756810188,0.40430545806884766,0.045028213411569595,0.022015796974301338,0.10882497578859329,0.08940917253494263,0.1630765199661255
105,105,datasets/audios/eastern_sliced/carnatic/carnatic_023_000.wav,0,carnatic,4,hiphop,0.3950159549713135,1.8273396492004395,0.027315715327858925,0.046268247067928314,0.04823985695838928,0.03659617900848389,0.3950159549713135,0.1372598260641098,0.006268415134400129,0.18016983568668365,0.07567733526229858,0.04718862846493721
106,106,datasets/audios/eastern_sliced/carnatic/carnatic_023_001.wav,0,carnatic,4,hiphop,0.31277960538864136,1.9712156057357788,0.038896992802619934,0.0755862221121788,0.04971415176987648,0.037841614335775375,0.31277960538864136,0.1619137078523636,0.010151215828955173,0.17683260142803192,0.0753859207034111,0.06089797616004944
107,107,datasets/audios/eastern_sliced/carnatic/carnatic_023_002.wav,0,carnatic,7,pop,0.2873985469341278,1.9494596719741821,0.09577029943466187,0.04603182151913643,0.032113317400217056,0.021826278418302536,0.24530702829360962,0.09893669933080673,0.011599681340157986,0.2873985469341278,0.08336351066827774,0.07765278965234756
108,108,datasets/audios/eastern_sliced/carnatic/carnatic_023_003.wav,0,carnatic,4,hiphop,0.4125399887561798,1.7118324041366577,0.04093964025378227,0.044063717126846313,0.0167144276201725,0.02297971397638321,0.4125399887561798,0.12129520624876022,0.007977526634931564,0.23960375785827637,0.053318317979574203,0.040567778050899506
109,109,datasets/audios/eastern_sliced/carnatic/carnatic_023_004.wav,0,carnatic,4,hiphop,0.4230382740497589,1.6887446641921997,0.0320306271314621,0.03265251964330673,0.04129496216773987,0.02009163238108158,0.4230382740497589,0.240946426987648,0.003975604195147753,0.11277668923139572,0.06017179414629936,0.0330214649438858
110,110,datasets/audios/eastern_sliced/carnatic/carnatic_024_000.wav,0,carnatic,5,jazz,0.4706573188304901,1.66556978225708,0.029716039076447487,0.03034566529095173,0.10945160686969757,0.017111675813794136,0.17017771303653717,0.4706573188304901,0.002468632534146309,0.09220677614212036,0.03650636970996857,0.04135820269584656
111,111,datasets/audios/eastern_sliced/carnatic/carnatic_024_001.wav,0,carnatic,5,jazz,0.31330907344818115,1.8541860580444336,0.044719621539115906,0.24129465222358704,0.02672354131937027,0.030989576131105423,0.12217866629362106,0.31330907344818115,0.005219970364123583,0.1391211301088333,0.050676360726356506,0.02576739527285099
112,112,datasets/audios/eastern_sliced/carnatic/carnatic_024_002.wav,0,carnatic,7,pop,0.3953365683555603,1.7413787841796875,0.04567728191614151,0.222819522023201,0.02451205626130104,0.030567551031708717,0.036261726170778275,0.15857625007629395,0.011263621039688587,0.3953365683555603,0.02092391438782215,0.05406156927347183
113,113,datasets/audios/eastern_sliced/carnatic/carnatic_024_003.wav,0,carnatic,1,classical,0.44397756457328796,1.6210768222808838,0.03140481561422348,0.44397756457328796,0.011660056188702583,0.030325887724757195,0.06898438930511475,0.2597472667694092,0.00867436919361353,0.08676926791667938,0.03275693207979202,0.025699375197291374
114,114,datasets/audios/eastern_sliced/carnatic/carnatic_024_004.wav,0,carnatic,5,jazz,0.5775797963142395,1.2756783962249756,0.07063966989517212,0.24535922706127167,0.005892313551157713,0.013140784576535225,0.020994393154978752,0.5775797963142395,0.0037985756061971188,0.03190961852669716,0.018969060853123665,0.011716571636497974
115,115,datasets/audios/eastern_sliced/carnatic/carnatic_025_000.wav,0,carnatic,1,classical,0.4510059654712677,1.3126084804534912,0.01724400743842125,0.4510059654712677,0.0071702636778354645,0.017536716535687447,0.030027488246560097,0.39039745926856995,0.002796764485538006,0.03991403803229332,0.03478386625647545,0.009123414754867554
116,116,datasets/audios/eastern_sliced/carnatic/carnatic_025_001.wav,0,carnatic,2,country,0.5555059313774109,1.4377937316894531,0.0137266730889678,0.024218259379267693,0.5555059313774109,0.01754908636212349,0.026684900745749474,0.05736348405480385,0.0026559073012322187,0.19620829820632935,0.024511225521564484,0.08157629519701004
117,117,datasets/audios/eastern_sliced/carnatic/carnatic_025_002.wav,0,carnatic,7,pop,0.31786271929740906,1.9504629373550415,0.0782642737030983,0.21346884965896606,0.029558492824435234,0.028289223089814186,0.06715278327465057,0.11173330992460251,0.013906511478126049,0.31786271929740906,0.0505039319396019,0.08925990760326385
118,118,datasets/audios/eastern_sliced/carnatic/carnatic_025_003.wav,0,carnatic,7,pop,0.2706770896911621,2.0353994369506836,0.04242679104208946,0.08246588706970215,0.08698279410600662,0.0354226678609848,0.17755833268165588,0.15097743272781372,0.00823955237865448,0.2706770896911621,0.06148889288306236,0.08376049995422363
119,119,datasets/audios/eastern_sliced/carnatic/carnatic_025_004.wav,0,carnatic,2,country,0.2414235770702362,1.9438447952270508,0.034072309732437134,0.03226185590028763,0.2414235770702362,0.02547501213848591,0.17366263270378113,0.15500785410404205,0.003629135899245739,0.21182367205619812,0.04737524688243866,0.07526864856481552
120,120,datasets/audios/eastern_sliced/carnatic/carnatic_026_000.wav,0,carnatic,5,jazz,0.3154577910900116,1.7921239137649536,0.033203743398189545,0.22136138379573822,0.05487896874547005,0.014134611003100872,0.01948711834847927,0.3154577910900116,0.0054747313261032104,0.2089051902294159,0.09889955073595047,0.028196942061185837
121,121,datasets/audios/eastern_sliced/carnatic/carnatic_026_001.wav,0,carnatic,2,country,0.33707642555236816,1.8785033226013184,0.13931335508823395,0.01955660991370678,0.33707642555236816,0.012087084352970123,0.12636969983577728,0.07587067037820816,0.003208362264558673,0.06778410822153091,0.1694696694612503,0.04926401004195213
122,122,datasets/audios/eastern_sliced/carnatic/carnatic_026_002.wav,0,carnatic,7,pop,0.4949660301208496,1.7035784721374512,0.04207690432667732,0.10944107919931412,0.06257293373346329,0.02816271036863327,0.04048279672861099,0.1227458193898201,0.00684352545067668,0.4949660301208496,0.04471305385231972,0.047995153814554214
123,123,datasets/audios/eastern_sliced/carnatic/carnatic_026_003.wav,0,carnatic,7,pop,0.3860659897327423,1.698811650276184,0.020040908828377724,0.039761338382959366,0.055618178099393845,0.020614566281437874,0.14866024255752563,0.25219467282295227,0.0024379976093769073,0.3860659897327423,0.052894335240125656,0.021711770445108414
124,124,datasets/audios/eastern_sliced/carnatic/carnatic_026_004.wav,0,carnatic,5,jazz,0.4498630166053772,1.3953299522399902,0.02978181466460228,0.36399978399276733,0.008847598917782307,0.025037387385964394,0.034088414162397385,0.4498630166053772,0.003940360154956579,0.03862174227833748,0.03470604866743088,0.011113862507045269
125,125,datasets/audios/eastern_sliced/carnatic/carnatic_027_000.wav,0,carnatic,4,hiphop,0.22652743756771088,2.0733768939971924,0.15165172517299652,0.10152262449264526,0.01955716870725155,0.0247549656778574,0.22652743756771088,0.13654708862304688,0.015723777934908867,0.1377153843641281,0.10573770850896835,0.08026222884654999
126,126,datasets/audios/eastern_sliced/carnatic/carnatic_027_001.wav,0,carnatic,4,hiphop,0.21384431421756744,2.069692373275757,0.1792551875114441,0.1020025908946991,0.021544717252254486,0.022867243736982346,0.21384431421756744,0.14257720112800598,0.014827183447778225,0.10680653154850006,0.11998989433050156,0.07628516852855682
127,127,datasets/audios/eastern_sliced/carnatic/carnatic_027_002.wav,0,carnatic,4,hiphop,0.6305654048919678,1.378128170967102,0.059008024632930756,0.010232802480459213,0.022002367302775383,0.012669282034039497,0.6305654048919678,0.06617306917905807,0.006746231112629175,0.0635823905467987,0.08713185042142868,0.04188865050673485
128,128,datasets/audios/eastern_sliced/carnatic/carnatic_027_003.wav,0,carnatic,4,hiphop,0.490871787071228,1.5318727493286133,0.058985743671655655,0.01624252274632454,0.015495110303163528,0.009211784228682518,0.490871787071228,0.230909526348114,0.0041502490639686584,0.049453962594270706,0.0922483503818512,0.032431017607450485
129,129,datasets/audios/eastern_sliced/carnatic/carnatic_028_000.wav,0,carnatic,2,country,0.3445127308368683,1.8761838674545288,0.04582777991890907,0.020163705572485924,0.3445127308368683,0.01845652610063553,0.14019063115119934,0.1545887440443039,0.003369726939126849,0.14418451488018036,0.06093062460422516,0.06777498871088028
130,130,datasets/audios/eastern_sliced/carnatic/carnatic_028_001.wav,0,carnatic,1,classical,0.4758783280849457,1.6836251020431519,0.03670268878340721,0.4758783280849457,0.017339546233415604,0.039966195821762085,0.07651440799236298,0.18376493453979492,0.008850710466504097,0.053790852427482605,0.07718943804502487,0.030002860352396965
131,131,datasets/audios/eastern_sliced/carnatic/carnatic_028_002.wav,0,carnatic,1,classical,0.7561460137367249,0.9482888579368591,0.009668727405369282,0.7561460137367249,0.011180747300386429,0.014785434119403362,0.005118531174957752,0.10889546573162079,0.0033948777709156275,0.06380198150873184,0.014529481530189514,0.012478728778660297
132,132,datasets/audios/eastern_sliced/carnatic/carnatic_028_003.wav,0,carnatic,4,hiphop,0.3878217339515686,1.7865874767303467,0.11140460520982742,0.05160912126302719,0.019503025338053703,0.019954558461904526,0.3878217339515686,0.14462921023368835,0.006114004645496607,0.041230782866477966,0.18470722436904907,0.03302576392889023
133,133,datasets/audios/eastern_sliced/carnatic/carnatic_028_004.wav,0,carnatic,4,hiphop,0.3310377597808838,1.7027771472930908,0.024729685857892036,0.02192738465964794,0.006467120256274939,0.06110212206840515,0.3310377597808838,0.012565895915031433,0.12006804347038269,0.030491190031170845,0.06443499028682709,0.3271757960319519
134,134,datasets/audios/eastern_sliced/carnatic/carnatic_029_000.wav,0,carnatic,2,country,0.5006999373435974,1.6462795734405518,0.0373292937874794,0.05883823707699776,0.5006999373435974,0.0235447958111763,0.02249843068420887,0.03720087558031082,0.006106219254434109,0.1407173126935959,0.049700506031513214,0.12336434423923492
135,135,datasets/audios/eastern_sliced/carnatic/carnatic_029_001.wav,0,carnatic,2,country,0.5350280404090881,1.6424223184585571,0.05271472781896591,0.03237327188253403,0.5350280404090881,0.021655892953276634,0.06752736121416092,0.08315040171146393,0.00441774632781744,0.06035958230495453,0.06559867411851883,0.07717430591583252
136,136,datasets/audios/eastern_sliced/carnatic/carnatic_029_002.wav,0,carnatic,4,hiphop,0.39201146364212036,1.7244137525558472,0.17169538140296936,0.01574322208762169,0.031746115535497665,0.009238919243216515,0.39201146364212036,0.18379350006580353,0.003128209849819541,0.060174960643053055,0.10288824886083603,0.029579883441329002
137,137,datasets/audios/eastern_sliced/carnatic/carnatic_029_003.wav,0,carnatic,4,hiphop,0.4093692898750305,1.7945029735565186,0.10855317860841751,0.025178058072924614,0.03639115020632744,0.014628666453063488,0.4093692898750305,0.15785087645053864,0.004802729934453964,0.06933453679084778,0.1214311495423317,0.05246030166745186
138,138,datasets/audios/eastern_sliced/carnatic/carnatic_029_004.wav,0,carnatic,4,hiphop,0.30896061658859253,1.9263787269592285,0.06506609171628952,0.032041482627391815,0.1305747926235199,0.020436927676200867,0.30896061658859253,0.2147558629512787,0.00400495994836092,0.08967775106430054,0.07765274494886398,0.05682879686355591
139,139,datasets/audios/eastern_sliced/carnatic/carnatic_030_000.wav,0,carnatic,2,country,0.21442581713199615,2.049286365509033,0.08991730958223343,0.07522962987422943,0.21442581713199615,0.016179049387574196,0.09153203666210175,0.18848858773708344,0.004279519896954298,0.17231346666812897,0.08945335447788239,0.058181192725896835
140,140,datasets/audios/eastern_sliced/carnatic/carnatic_030_001.wav,0,carnatic,7,pop,0.2609052360057831,1.9695839881896973,0.039628081023693085,0.08166944235563278,0.16570879518985748,0.02330782637000084,0.11329346150159836,0.1938924789428711,0.0031056019943207502,0.2609052360057831,0.08980879932641983,0.028680328279733658
141,141,datasets/audios/eastern_sliced/carnatic/carnatic_031_000.wav,0,carnatic,5,jazz,0.3856942355632782,1.808753252029419,0.02676529996097088,0.03810681775212288,0.19891223311424255,0.03027741238474846,0.12741892039775848,0.3856942355632782,0.0036857922095805407,0.09712967276573181,0.048866432160139084,0.04314328730106354
142,142,datasets/audios/eastern_sliced/carnatic/carnatic_031_001.wav,0,carnatic,5,jazz,0.5481436848640442,1.49856436252594,0.03753095492720604,0.10093700140714645,0.01395969558507204,0.016275668516755104,0.0702047199010849,0.5481436848640442,0.00479291332885623,0.15770919620990753,0.03099566139280796,0.019450506195425987
143,143,datasets/audios/eastern_sliced/carnatic/carnatic_031_002.wav,0,carnatic,5,jazz,0.8214288353919983,0.8062430620193481,0.022932011634111404,0.03855648264288902,0.006255796644836664,0.007896838709712029,0.03558346629142761,0.8214288353919983,0.0018628109246492386,0.04512753710150719,0.013382673263549805,0.006973616313189268
144,144,datasets/audios/eastern_sliced/carnatic/carnatic_031_003.wav,0,carnatic,5,jazz,0.42021822929382324,1.5637696981430054,0.028210079297423363,0.024786049500107765,0.03353840857744217,0.015745127573609352,0.311020165681839,0.42021822929382324,0.0024782000109553337,0.0959656611084938,0.04706791788339615,0.020970217883586884
145,145,datasets/audios/eastern_sliced/carnatic/carnatic_031_004.wav,0,carnatic,5,jazz,0.6662435531616211,1.2358423471450806,0.03886919468641281,0.050608132034540176,0.008516078814864159,0.011648100800812244,0.09592961519956589,0.6662435531616211,0.0021134561393409967,0.09022951126098633,0.025681138038635254,0.010161209851503372
146,146,datasets/audios/eastern_sliced/carnatic/carnatic_032_000.wav,0,carnatic,7,pop,0.30198970437049866,1.9838404655456543,0.06184111163020134,0.11044798791408539,0.11394099146127701,0.020214170217514038,0.10050708800554276,0.1451335847377777,0.003610009793192148,0.30198970437049866,0.11355464160442352,0.028760777786374092
147,147,datasets/audios/eastern_sliced/carnatic/carnatic_033_000.wav,0,carnatic,5,jazz,0.6007538437843323,1.2559095621109009,0.04407862573862076,0.014611347578465939,0.01435528788715601,0.007969924248754978,0.22611238062381744,0.6007538437843323,0.0011546319583430886,0.043179262429475784,0.03658098354935646,0.011203788220882416
148,148,datasets/audios/eastern_sliced/carnatic/carnatic_033_001.wav,0,carnatic,5,jazz,0.6069746613502502,1.3629529476165771,0.04669327661395073,0.09617574512958527,0.008268283680081367,0.01702701859176159,0.05275329574942589,0.6069746613502502,0.003928873222321272,0.13531896471977234,0.01664554513990879,0.016214439645409584
149,149,datasets/audios/eastern_sliced/carnatic/carnatic_033_002.wav,0,carnatic,5,jazz,0.5719855427742004,1.4354276657104492,0.04837760329246521,0.10924801975488663,0.009985779412090778,0.020438317209482193,0.056633129715919495,0.5719855427742004,0.003921854309737682,0.14598554372787476,0.017508506774902344,0.015915747731924057
150,150,datasets/audios/eastern_sliced/carnatic/carnatic_033_003.wav,0,carnatic,5,jazz,0.4424684941768646,1.5996586084365845,0.2373904585838318,0.028209106996655464,0.013712525367736816,0.01280705351382494,0.12829260528087616,0.4424684941768646,0.0024181907065212727,0.06045917794108391,0.05590032786130905,0.018342047929763794
151,151,datasets/audios/eastern_sliced/carnatic/carnatic_033_004.wav,0,carnatic,5,jazz,0.6629251837730408,1.1143267154693604,0.03404621407389641,0.013164215721189976,0.008450333029031754,0.005971913691610098,0.1966789960861206,0.6629251837730408,0.0008899851236492395,0.04042748361825943,0.0289838295429945,0.00846186839044094
152,152,datasets/audios/eastern_sliced/carnatic/carnatic_034_000.wav,0,carnatic,4,hiphop,0.5777854323387146,1.4064810276031494,0.0393056720495224,0.015990927815437317,0.01334243081510067,0.013712767511606216,0.5777854323387146,0.17296618223190308,0.002673017093911767,0.07903258502483368,0.06181880831718445,0.023372245952486992
153,153,datasets/audios/eastern_sliced/carnatic/carnatic_034_001.wav,0,carnatic,4,hiphop,0.5036318302154541,1.635986328125,0.08722221106290817,0.013349941931664944,0.026750987395644188,0.01245159562677145,0.5036318302154541,0.12360719591379166,0.005397371016442776,0.08753304183483124,0.08567023277282715,0.05438557267189026
154,154,datasets/audios/eastern_sliced/carnatic/carnatic_034_002.wav,0,carnatic,4,hiphop,0.4381957948207855,1.7712643146514893,0.05641380324959755,0.01777777634561062,0.06834891438484192,0.016120627522468567,0.4381957948207855,0.14135241508483887,0.005982829723507166,0.11521560698747635,0.0858786329627037,0.05471362546086311
155,155,datasets/audios/eastern_sliced/carnatic/carnatic_034_003.wav,0,carnatic,4,hiphop,0.4115414321422577,1.8220961093902588,0.06465686112642288,0.020411506295204163,0.06740034371614456,0.015849245712161064,0.4115414321422577,0.14642252027988434,0.006759078241884708,0.1182246282696724,0.0842353105545044,0.06449902802705765
156,156,datasets/audios/eastern_sliced/carnatic/carnatic_034_004.wav,0,carnatic,4,hiphop,0.4781423509120941,1.4970639944076538,0.037124622613191605,0.020944129675626755,0.011982285417616367,0.012905688025057316,0.4781423509120941,0.24462974071502686,0.0023546135053038597,0.13154226541519165,0.042260751128196716,0.018113425001502037
157,157,datasets/audios/eastern_sliced/carnatic/carnatic_035_000.wav,0,carnatic,7,pop,0.325762003660202,1.9214107990264893,0.10384915769100189,0.0425606369972229,0.19961071014404297,0.016296327114105225,0.10383020341396332,0.04961033910512924,0.00444524921476841,0.325762003660202,0.09732098877429962,0.05671441927552223
158,158,datasets/audios/eastern_sliced/carnatic/carnatic_035_001.wav,0,carnatic,5,jazz,0.20399273931980133,2.017221212387085,0.19369792938232422,0.044886257499456406,0.17701877653598785,0.020799782127141953,0.1251685619354248,0.20399273931980133,0.002816172316670418,0.11660564690828323,0.07746347784996033,0.03755069896578789
159,159,datasets/audios/eastern_sliced/carnatic/carnatic_036_000.wav,0,carnatic,2,country,0.5485627055168152,1.5587708950042725,0.04783649370074272,0.026574119925498962,0.5485627055168152,0.021143348887562752,0.05561871454119682,0.1503506898880005,0.0033616567961871624,0.05734095722436905,0.0463067926466465,0.04290449246764183
160,160,datasets/audios/eastern_sliced/carnatic/carnatic_036_001.wav,0,carnatic,1,classical,0.30033597350120544,2.038604259490967,0.08303945511579514,0.30033597350120544,0.08055093139410019,0.03275114670395851,0.04756820574402809,0.0933988094329834,0.021420374512672424,0.15498225390911102,0.04727485403418541,0.13867798447608948
161,161,datasets/audios/eastern_sliced/carnatic/carnatic_036_002.wav,0,carnatic,5,jazz,0.48901137709617615,1.6341334581375122,0.03778361901640892,0.10824129730463028,0.031209327280521393,0.027447739616036415,0.06900851428508759,0.48901137709617615,0.005769514013081789,0.1791934221982956,0.025589561089873314,0.026745622977614403
162,162,datasets/audios/eastern_sliced/carnatic/carnatic_036_003.wav,0,carnatic,5,jazz,0.6175373196601868,1.3984060287475586,0.06710951030254364,0.03213351592421532,0.04659107327461243,0.013501104898750782,0.11178035289049149,0.6175373196601868,0.002213679486885667,0.058467380702495575,0.033542294055223465,0.01712373085319996
163,163,datasets/audios/eastern_sliced/carnatic/carnatic_036_004.wav,0,carnatic,5,jazz,0.43683478236198425,1.782055377960205,0.10405924916267395,0.029373470693826675,0.136030912399292,0.02123236656188965,0.09380805492401123,0.43683478236198425,0.004660950507968664,0.09246323257684708,0.03937665745615959,0.042160406708717346
164,164,datasets/audios/eastern_sliced/carnatic/carnatic_037_000.wav,0,carnatic,4,hiphop,0.4393008053302765,1.6296253204345703,0.05249960720539093,0.035969264805316925,0.014644517563283443,0.01671205461025238,0.4393008053302765,0.2674865126609802,0.006504355929791927,0.05730229243636131,0.06924805045127869,0.04033254086971283
165,165,datasets/audios/eastern_sliced/carnatic/carnatic_037_001.wav,0,carnatic,4,hiphop,0.5029443502426147,1.582729697227478,0.03378979489207268,0.024954838678240776,0.024316664785146713,0.01995174214243889,0.5029443502426147,0.2087622433900833,0.006091642193496227,0.06852938234806061,0.057355593889951706,0.05330368131399155
166,166,datasets/audios/eastern_sliced/carnatic/carnatic_037_002.wav,0,carnatic,4,hiphop,0.6173282265663147,1.3459129333496094,0.03714470565319061,0.012956351041793823,0.013150581158697605,0.012531064450740814,0.6173282265663147,0.1437353789806366,0.004912320524454117,0.05113685131072998,0.07919793576002121,0.027906587347388268
167,167,datasets/audios/eastern_sliced/carnatic/carnatic_038_000.wav,0,carnatic,4,hiphop,0.4864974319934845,1.439449667930603,0.06029954180121422,0.014170857146382332,0.008946213871240616,0.00833437591791153,0.4864974319934845,0.2877909243106842,0.0025653536431491375,0.0543191060423851,0.05328751727938652,0.023788753896951675
168,168,datasets/audios/eastern_sliced/carnatic/carnatic_039_000.wav,0,carnatic,1,classical,0.31938984990119934,1.71653413772583,0.22582538425922394,0.31938984990119934,0.014825206249952316,0.015627175569534302,0.022812193259596825,0.2542412281036377,0.010796588845551014,0.06907437741756439,0.01772504672408104,0.04968293011188507
169,169,datasets/audios/eastern_sliced/carnatic/carnatic_039_001.wav,0,carnatic,5,jazz,0.4401623606681824,1.6251364946365356,0.23109790682792664,0.051979679614305496,0.011796281673014164,0.008033625781536102,0.0859312042593956,0.4401623606681824,0.00313005642965436,0.10699515044689178,0.028827596455812454,0.03204614669084549
170,170,datasets/audios/eastern_sliced/carnatic/carnatic_039_002.wav,0,carnatic,4,hiphop,0.47751015424728394,1.5573076009750366,0.19595009088516235,0.0078557338565588,0.013706418685615063,0.010128273628652096,0.47751015424728394,0.12648779153823853,0.001931216917000711,0.08495733141899109,0.05026606470346451,0.03120695799589157
171,171,datasets/audios/eastern_sliced/carnatic/carnatic_039_003.wav,0,carnatic,4,hiphop,0.48369938135147095,1.5184102058410645,0.2263130247592926,0.006507018115371466,0.012499486096203327,0.009388442151248455,0.48369938135147095,0.09234011918306351,0.0019943658262491226,0.09075389802455902,0.04192368686199188,0.03458049148321152
172,172,datasets/audios/eastern_sliced/carnatic/carnatic_039_004.wav,0,carnatic,0,blues,0.4184488356113434,1.672879934310913,0.4184488356113434,0.024461979046463966,0.013698289170861244,0.013542238622903824,0.1412947028875351,0.22331511974334717,0.003932846710085869,0.07109794020652771,0.043774403631687164,0.046433571726083755
173,173,datasets/audios/eastern_sliced/carnatic/carnatic_040_000.wav,0,carnatic,4,hiphop,0.5356213450431824,1.5637015104293823,0.04821905866265297,0.009164052084088326,0.03414492309093475,0.015728436410427094,0.5356213450431824,0.14489531517028809,0.005289027467370033,0.07893142849206924,0.058703985065221786,0.06930244714021683
174,174,datasets/audios/eastern_sliced/carnatic/carnatic_040_001.wav,0,carnatic,4,hiphop,0.43657442927360535,1.7182931900024414,0.02504352480173111,0.009732099249958992,0.11156150698661804,0.015473397448658943,0.43657442927360535,0.1621786653995514,0.0032297098077833652,0.07625027000904083,0.09772365540266037,0.062232717871665955
175,175,datasets/audios/eastern_sliced/carnatic/carnatic_040_002.wav,0,carnatic,4,hiphop,0.26771485805511475,1.9696886539459229,0.052148379385471344,0.04708823189139366,0.035939645022153854,0.026408659294247627,0.26771485805511475,0.16587166488170624,0.01904185861349106,0.03634584695100784,0.17159654200077057,0.17784443497657776
176,176,datasets/audios/eastern_sliced/carnatic/carnatic_040_003.wav,0,carnatic,4,hiphop,0.5442025065422058,1.4604852199554443,0.032436493784189224,0.007939686998724937,0.025539884343743324,0.010579528287053108,0.5442025065422058,0.20300616323947906,0.0042731608264148235,0.06331335753202438,0.050059717148542404,0.05864955484867096
177,177,datasets/audios/eastern_sliced/carnatic/carnatic_040_004.wav,0,carnatic,4,hiphop,0.5187152028083801,1.558924674987793,0.02976623736321926,0.010102824307978153,0.05480269715189934,0.014457677491009235,0.5187152028083801,0.18385055661201477,0.003778875805437565,0.06234873831272125,0.0607764758169651,0.06140075623989105
178,178,datasets/audios/eastern_sliced/carnatic/carnatic_041_000.wav,0,carnatic,4,hiphop,0.3413991630077362,1.8900830745697021,0.07748100161552429,0.015586179681122303,0.06881856918334961,0.015657074749469757,0.3413991630077362,0.15862949192523956,0.0064719729125499725,0.051062971353530884,0.14505304396152496,0.11984051764011383
179,179,datasets/audios/eastern_sliced/carnatic/carnatic_041_001.wav,0,carnatic,4,hiphop,0.4078011214733124,1.822102665901184,0.07644975185394287,0.019550153985619545,0.0516994409263134,0.01619269698858261,0.4078011214733124,0.1495843082666397,0.006032472942024469,0.08120226860046387,0.11804039776325226,0.07344727963209152
180,180,datasets/audios/eastern_sliced/carnatic/carnatic_041_002.wav,0,carnatic,4,hiphop,0.30909615755081177,1.9204860925674438,0.06887498497962952,0.02053919807076454,0.0818597748875618,0.01579280197620392,0.30909615755081177,0.15731680393218994,0.0069856359623372555,0.054488204419612885,0.190412700176239,0.09463367611169815
181,181,datasets/audios/eastern_sliced/carnatic/carnatic_041_003.wav,0,carnatic,5,jazz,0.26238277554512024,1.9753258228302002,0.10718241333961487,0.05366610735654831,0.027967428788542747,0.022401636466383934,0.24372491240501404,0.26238277554512024,0.009927458129823208,0.08018284291028976,0.09352395683526993,0.09904039651155472
182,182,datasets/audios/eastern_sliced/carnatic/carnatic_041_004.wav,0,carnatic,7,pop,0.22728003561496735,2.003211498260498,0.07072992622852325,0.10847430676221848,0.02696983702480793,0.036115944385528564,0.16930662095546722,0.21137811243534088,0.006905346643179655,0.22728003561496735,0.03476020693778992,0.1080797091126442
183,183,datasets/audios/eastern_sliced/carnatic/carnatic_042_000.wav,0,carnatic,4,hiphop,0.3838614821434021,1.8143929243087769,0.034536585211753845,0.04586176574230194,0.0656493529677391,0.02183566428720951,0.3838614821434021,0.14726199209690094,0.0038365358486771584,0.1912948340177536,0.06730952858924866,0.03855222836136818
184,184,datasets/audios/eastern_sliced/carnatic/carnatic_042_001.wav,0,carnatic,4,hiphop,0.34755849838256836,1.903346061706543,0.04080912098288536,0.04588402435183525,0.11962445825338364,0.01962936855852604,0.34755849838256836,0.1775926649570465,0.004424269776791334,0.10935487598180771,0.08415267616510391,0.05097004398703575
185,185,datasets/audios/eastern_sliced/carnatic/carnatic_042_002.wav,0,carnatic,4,hiphop,0.4140323996543884,1.7355057001113892,0.027576586231589317,0.041907671838998795,0.06332875788211823,0.019102852791547775,0.4140323996543884,0.20213791728019714,0.0028265928849577904,0.14156781136989594,0.05374061316251755,0.033778879791498184
186,186,datasets/audios/eastern_sliced/carnatic/carnatic_042_003.wav,0,carnatic,4,hiphop,0.3284575641155243,1.8924505710601807,0.07064662128686905,0.03472645580768585,0.07217175513505936,0.020117251202464104,0.3284575641155243,0.23453959822654724,0.0055872779339551926,0.1033872589468956,0.08334220945835114,0.04702399671077728
187,187,datasets/audios/eastern_sliced/carnatic/carnatic_042_004.wav,0,carnatic,4,hiphop,0.366690069437027,1.8263050317764282,0.06665127724409103,0.030654825270175934,0.05904427915811539,0.017006123438477516,0.366690069437027,0.2155890166759491,0.006110236048698425,0.05121247097849846,0.13855090737342834,0.04849082604050636
188,188,datasets/audios/eastern_sliced/carnatic/carnatic_043_000.wav,0,carnatic,4,hiphop,0.22436514496803284,2.0875558853149414,0.11808022111654282,0.036140237003564835,0.1432834416627884,0.035142600536346436,0.22436514496803284,0.11296238750219345,0.011996874585747719,0.12364866584539413,0.047137096524238586,0.14724336564540863
189,189,datasets/audios/eastern_sliced/carnatic/carnatic_043_001.wav,0,carnatic,4,hiphop,0.23878519237041473,2.0852813720703125,0.12903229892253876,0.07440070062875748,0.07093808054924011,0.029584279283881187,0.23878519237041473,0.17870834469795227,0.01245084498077631,0.08753077685832977,0.05557585507631302,0.12299352884292603
190,190,datasets/audios/eastern_sliced/carnatic/carnatic_043_002.wav,0,carnatic,7,pop,0.18589380383491516,2.147819757461548,0.08138176053762436,0.11592257022857666,0.09156443923711777,0.04152160510420799,0.13563817739486694,0.18574471771717072,0.01473180577158928,0.18589380383491516,0.06830289214849472,0.07929816842079163
191,191,datasets/audios/eastern_sliced/carnatic/carnatic_043_003.wav,0,carnatic,4,hiphop,0.22944246232509613,2.0279979705810547,0.06722041964530945,0.06979573518037796,0.0688026025891304,0.031925953924655914,0.22944246232509613,0.2013818472623825,0.0089940270408988,0.19931796193122864,0.0692463293671608,0.05387267842888832
192,192,datasets/audios/eastern_sliced/carnatic/carnatic_043_004.wav,0,carnatic,2,country,0.20490647852420807,2.0586647987365723,0.16394437849521637,0.02958202175796032,0.20490647852420807,0.03907094895839691,0.14453445374965668,0.09234489500522614,0.010876838117837906,0.10873528569936752,0.03329092636704445,0.1727137267589569
193,193,datasets/audios/eastern_sliced/carnatic/carnatic_044_000.wav,0,carnatic,4,hiphop,0.4307217597961426,1.5392961502075195,0.04860780015587807,0.006790779531002045,0.03918955475091934,0.011029619723558426,0.4307217597961426,0.13966259360313416,0.0014059633249416947,0.27390167117118835,0.019905339926481247,0.028784917667508125
194,194,datasets/audios/eastern_sliced/carnatic/carnatic_044_001.wav,0,carnatic,4,hiphop,0.40405553579330444,1.6172139644622803,0.1318189650774002,0.005352521315217018,0.030012020841240883,0.013044402003288269,0.40405553579330444,0.07569524645805359,0.0029090428724884987,0.2673128843307495,0.021711289882659912,0.04808814451098442
195,195,datasets/audios/eastern_sliced/carnatic/carnatic_044_002.wav,0,carnatic,0,blues,0.324052095413208,1.8977223634719849,0.324052095413208,0.011690969578921795,0.08303385972976685,0.01749146357178688,0.14576835930347443,0.13196004927158356,0.006946738809347153,0.1598896086215973,0.03728383406996727,0.08188292384147644
196,196,datasets/audios/eastern_sliced/carnatic/carnatic_044_003.wav,0,carnatic,0,blues,0.302063524723053,1.9504573345184326,0.302063524723053,0.031275756657123566,0.06517672538757324,0.01795625127851963,0.08613597601652145,0.16422894597053528,0.012321801856160164,0.18764559924602509,0.04593345522880554,0.08726197481155396
197,197,datasets/audios/eastern_sliced/carnatic/carnatic_044_004.wav,0,carnatic,7,pop,0.22958962619304657,2.0068745613098145,0.10508263111114502,0.024572251364588737,0.22454893589019775,0.022141743451356888,0.10857908427715302,0.06196403503417969,0.01579945906996727,0.22958962619304657,0.05125916749238968,0.15646302700042725
198,198,datasets/audios/eastern_sliced/carnatic/carnatic_045_000.wav,0,carnatic,5,jazz,0.2840772569179535,1.664373755455017,0.08343510329723358,0.023918086662888527,0.01857106387615204,0.010964124463498592,0.2650045156478882,0.2840772569179535,0.002304490189999342,0.2674981951713562,0.019152570515871048,0.02507464960217476
199,199,datasets/audios/eastern_sliced/carnatic/carnatic_045_001.wav,0,carnatic,5,jazz,0.3050609230995178,1.8447277545928955,0.19115762412548065,0.019260980188846588,0.14815197885036469,0.009092188440263271,0.1586901992559433,0.3050609230995178,0.0015107443323358893,0.09524181485176086,0.03918108716607094,0.03265247121453285
200,200,datasets/audios/eastern_sliced/carnatic/carnatic_045_002.wav,0,carnatic,5,jazz,0.2718445956707001,1.6806102991104126,0.11856204271316528,0.01896091364324093,0.021325303241610527,0.012101965956389904,0.24689117074012756,0.2718445956707001,0.0018011482898145914,0.2695958614349365,0.01669064164161682,0.022226329892873764
201,201,datasets/audios/eastern_sliced/carnatic/carnatic_045_003.wav,0,carnatic,5,jazz,0.4535689949989319,1.602622151374817,0.18332526087760925,0.02501615695655346,0.020320894196629524,0.008883261121809483,0.13206136226654053,0.4535689949989319,0.001915173837915063,0.1273309588432312,0.02447577193379402,0.023102154955267906
202,202,datasets/audios/eastern_sliced/carnatic/carnatic_045_004.wav,0,carnatic,5,jazz,0.5651178956031799,1.4196711778640747,0.11357433348894119,0.02070416323840618,0.01576046645641327,0.007543428335338831,0.12929685413837433,0.5651178956031799,0.0014890156453475356,0.1074909046292305,0.020129716023802757,0.01889323815703392
203,203,datasets/audios/eastern_sliced/carnatic/carnatic_046_000.wav,0,carnatic,2,country,0.2831675708293915,1.8454368114471436,0.030220896005630493,0.03731345757842064,0.2831675708293915,0.016737015917897224,0.15076979994773865,0.12342407554388046,0.0026663190219551325,0.2637140452861786,0.05724380165338516,0.03474296256899834
204,204,datasets/audios/eastern_sliced/carnatic/carnatic_046_001.wav,0,carnatic,7,pop,0.5543414950370789,1.407336950302124,0.018113169819116592,0.12726092338562012,0.03388010710477829,0.015840597450733185,0.03079310804605484,0.18589644134044647,0.0030062648002058268,0.5543414950370789,0.011107752099633217,0.019760126248002052
205,205,datasets/audios/eastern_sliced/carnatic/carnatic_046_002.wav,0,carnatic,5,jazz,0.3499549329280853,1.6457792520523071,0.017466319724917412,0.24408112466335297,0.026961341500282288,0.02974569797515869,0.04551602527499199,0.3499549329280853,0.00427513662725687,0.24290502071380615,0.020648738369345665,0.018445638939738274
206,206,datasets/audios/eastern_sliced/carnatic/carnatic_046_003.wav,0,carnatic,0,blues,0.273578017950058,1.95116126537323,0.273578017950058,0.03299455717206001,0.248409241437912,0.014013753272593021,0.06533865630626678,0.11383167654275894,0.009201300330460072,0.07267402112483978,0.08277039974927902,0.08718842267990112
207,207,datasets/audios/eastern_sliced/carnatic/carnatic_046_004.wav,0,carnatic,5,jazz,0.4738629460334778,1.5450209379196167,0.21032968163490295,0.06772342324256897,0.007945241406559944,0.012523684650659561,0.05762331560254097,0.4738629460334778,0.0034498777240514755,0.13160519301891327,0.008617604151368141,0.026319041848182678
208,208,datasets/audios/eastern_sliced/carnatic/carnatic_047_000.wav,0,carnatic,0,blues,0.6267057061195374,1.3423693180084229,0.6267057061195374,0.034367699176073074,0.017563240602612495,0.00650746701285243,0.040956880897283554,0.031476594507694244,0.01405878271907568,0.01342536136507988,0.0800827294588089,0.13485556840896606
209,209,datasets/audios/eastern_sliced/carnatic/carnatic_047_001.wav,0,carnatic,7,pop,0.42568346858024597,1.5313055515289307,0.06626444309949875,0.038161296397447586,0.006917165592312813,0.012438745237886906,0.1396527886390686,0.2753218710422516,0.0016263070283457637,0.42568346858024597,0.008414886891841888,0.025518985465168953
210,210,datasets/audios/eastern_sliced/carnatic/carnatic_047_002.wav,0,carnatic,4,hiphop,0.3315539062023163,1.6798733472824097,0.1752384454011917,0.01775335520505905,0.007705966010689735,0.02410971000790596,0.3315539062023163,0.17023634910583496,0.0023022950626909733,0.23038379848003387,0.013457611203193665,0.027258604764938354
211,211,datasets/audios/eastern_sliced/carnatic/carnatic_047_003.wav,0,carnatic,4,hiphop,0.7145949006080627,1.066529631614685,0.08200103044509888,0.0040000989101827145,0.004642612766474485,0.009607546962797642,0.7145949006080627,0.030702784657478333,0.0018777074292302132,0.10664434731006622,0.017938651144504547,0.027990322560071945
212,212,datasets/audios/eastern_sliced/carnatic/carnatic_047_004.wav,0,carnatic,0,blues,0.4180122911930084,1.8027896881103516,0.4180122911930084,0.04677151143550873,0.022251373156905174,0.024280088022351265,0.10361779481172562,0.1483892947435379,0.0073584155179560184,0.11193965375423431,0.03248479962348938,0.08489474654197693
213,213,datasets/audios/eastern_sliced/carnatic/carnatic_048_000.wav,0,carnatic,5,jazz,0.3745894134044647,1.5624160766601562,0.04600885882973671,0.37056005001068115,0.01613553799688816,0.029729919508099556,0.03510686010122299,0.3745894134044647,0.005427113268524408,0.07453332096338272,0.0338742733001709,0.014034689404070377
214,214,datasets/audios/eastern_sliced/carnatic/carnatic_048_001.wav,0,carnatic,1,classical,0.49043044447898865,1.5079745054244995,0.019799653440713882,0.49043044447898865,0.03717786818742752,0.034224651753902435,0.019266372546553612,0.26284149289131165,0.005871632136404514,0.08104062080383301,0.029056230559945107,0.02029104344546795
215,215,datasets/audios/eastern_sliced/carnatic/carnatic_048_002.wav,0,carnatic,9,rock,0.530004620552063,1.5058294534683228,0.05658886954188347,0.22614917159080505,0.030860252678394318,0.013764005154371262,0.023802751675248146,0.023532958701252937,0.04014505818486214,0.028172636404633522,0.026979709044098854,0.530004620552063
216,216,datasets/audios/eastern_sliced/carnatic/carnatic_048_003.wav,0,carnatic,0,blues,0.43066057562828064,1.6570775508880615,0.43066057562828064,0.0767582431435585,0.01106308400630951,0.01931808516383171,0.048526931554079056,0.22434042394161224,0.004065846558660269,0.12192153930664062,0.015549156814813614,0.047796159982681274
217,217,datasets/audios/eastern_sliced/carnatic/carnatic_048_004.wav,0,carnatic,5,jazz,0.39344942569732666,1.7563039064407349,0.13286319375038147,0.07960589230060577,0.011348164640367031,0.024753974750638008,0.1246270015835762,0.39344942569732666,0.00497407466173172,0.17832732200622559,0.02093656361103058,0.02911435440182686
218,218,datasets/audios/eastern_sliced/carnatic/carnatic_049_000.wav,0,carnatic,0,blues,0.8340477347373962,0.7512102723121643,0.8340477347373962,0.00611873297020793,0.004273222293704748,0.006381422746926546,0.03699043020606041,0.031825944781303406,0.0030029553454369307,0.0037453717086464167,0.03757841885089874,0.0360356867313385
219,219,datasets/audios/eastern_sliced/carnatic/carnatic_049_001.wav,0,carnatic,0,blues,0.561612069606781,1.522085428237915,0.561612069606781,0.029676921665668488,0.0898786261677742,0.005275494884699583,0.053798675537109375,0.04931465908885002,0.007080259267240763,0.01591716706752777,0.0846109613776207,0.10283519327640533
220,220,datasets/audios/eastern_sliced/carnatic/carnatic_049_002.wav,0,carnatic,7,pop,0.4143581688404083,1.6974049806594849,0.09868177026510239,0.07906532287597656,0.017338575795292854,0.019410261884331703,0.06890583783388138,0.23851731419563293,0.004900118336081505,0.4143581688404083,0.01962466724216938,0.039197955280542374
221,221,datasets/audios/eastern_sliced/carnatic/carnatic_049_003.wav,0,carnatic,0,blues,0.45611122250556946,1.62943434715271,0.45611122250556946,0.0656631663441658,0.008749408647418022,0.010155715048313141,0.05618232116103172,0.20322440564632416,0.006420713383704424,0.11485853791236877,0.014759094454348087,0.06387545168399811
222,222,datasets/audios/eastern_sliced/carnatic/carnatic_049_004.wav,0,carnatic,0,blues,0.6730925440788269,1.2769759893417358,0.6730925440788269,0.0501137413084507,0.01453483011573553,0.01117528323084116,0.03562400862574577,0.06920241564512253,0.005669255740940571,0.04045659676194191,0.024437932297587395,0.07569339871406555
223,223,datasets/audios/eastern_sliced/carnatic/carnatic_050_000.wav,0,carnatic,0,blues,0.29803895950317383,1.8833339214324951,0.29803895950317383,0.12341329455375671,0.021094582974910736,0.025802593678236008,0.0616232305765152,0.24447579681873322,0.009201972745358944,0.12851296365261078,0.024519657716155052,0.06331699341535568
224,224,datasets/audios/eastern_sliced/carnatic/carnatic_050_001.wav,0,carnatic,9,rock,0.32089972496032715,1.9053616523742676,0.1270235925912857,0.21196722984313965,0.05874093621969223,0.010084325447678566,0.07231219112873077,0.041358400136232376,0.020367134362459183,0.02377033606171608,0.11347611248493195,0.32089972496032715
225,225,datasets/audios/eastern_sliced/carnatic/carnatic_050_002.wav,0,carnatic,4,hiphop,0.43426668643951416,1.7291680574417114,0.1277194768190384,0.014293610118329525,0.023195447400212288,0.01588851772248745,0.43426668643951416,0.08658719807863235,0.005454935133457184,0.16331492364406586,0.06576327979564667,0.06351596862077713
226,226,datasets/audios/eastern_sliced/carnatic/carnatic_050_003.wav,0,carnatic,0,blues,0.5083368420600891,1.6025521755218506,0.5083368420600891,0.04285164177417755,0.016345269978046417,0.01643557846546173,0.09085022658109665,0.16674475371837616,0.005294379778206348,0.06048205867409706,0.025396427139639854,0.06726276874542236
227,227,datasets/audios/eastern_sliced/carnatic/carnatic_050_004.wav,0,carnatic,4,hiphop,0.3300049901008606,1.824100375175476,0.182206392288208,0.025570036843419075,0.015212872996926308,0.027049614116549492,0.3300049901008606,0.1031167060136795,0.005599778611212969,0.20948494970798492,0.04422390088438988,0.0575307235121727
228,228,datasets/audios/eastern_sliced/carnatic/carnatic_051_000.wav,0,carnatic,2,country,0.22011159360408783,2.060337781906128,0.14485694468021393,0.037720687687397,0.22011159360408783,0.020390423014760017,0.1748417466878891,0.12598229944705963,0.007064945064485073,0.0856625959277153,0.06991226226091385,0.11345640569925308
229,229,datasets/audios/eastern_sliced/carnatic/carnatic_051_001.wav,0,carnatic,4,hiphop,0.24370893836021423,2.0319271087646484,0.21376098692417145,0.04171471670269966,0.0930342972278595,0.022890405729413033,0.24370893836021423,0.1126977950334549,0.008293441496789455,0.05746743083000183,0.09544563293457031,0.1109863743185997
230,230,datasets/audios/eastern_sliced/carnatic/carnatic_051_002.wav,0,carnatic,4,hiphop,0.2907286286354065,1.9776325225830078,0.17607511579990387,0.05352294445037842,0.058753788471221924,0.03752076253294945,0.2907286286354065,0.18381038308143616,0.0040488638915121555,0.07442250102758408,0.05579633265733719,0.06532067805528641
231,231,datasets/audios/eastern_sliced/carnatic/carnatic_051_003.wav,0,carnatic,4,hiphop,0.23183724284172058,2.0790514945983887,0.1092158854007721,0.04644639045000076,0.08479330688714981,0.03415124863386154,0.23183724284172058,0.18072284758090973,0.006070442497730255,0.09141802787780762,0.07923746854066849,0.1361071765422821
232,232,datasets/audios/eastern_sliced/carnatic/carnatic_051_004.wav,0,carnatic,4,hiphop,0.25724807381629944,2.0188684463500977,0.17212814092636108,0.08842554688453674,0.042013559490442276,0.025173896923661232,0.25724807381629944,0.16627515852451324,0.00451319944113493,0.10612140595912933,0.05361117795109749,0.08448977768421173
233,233,datasets/audios/eastern_sliced/carnatic/carnatic_052_000.wav,0,carnatic,4,hiphop,0.37299689650535583,1.9344260692596436,0.097969651222229,0.041415829211473465,0.05511951446533203,0.03886791691184044,0.37299689650535583,0.14443369209766388,0.008279445581138134,0.1051630973815918,0.06989393383264542,0.06585998088121414
234,234,datasets/audios/eastern_sliced/carnatic/carnatic_052_001.wav,0,carnatic,4,hiphop,0.2727987766265869,2.0459587574005127,0.09400351345539093,0.07723021507263184,0.07336688786745071,0.04971171170473099,0.2727987766265869,0.18264466524124146,0.00566841010004282,0.1316053420305252,0.06286913901567459,0.05010130628943443
235,235,datasets/audios/eastern_sliced/carnatic/carnatic_052_002.wav,0,carnatic,7,pop,0.26683565974235535,1.9754095077514648,0.11136860400438309,0.04057178646326065,0.06451744586229324,0.04261453077197075,0.18629440665245056,0.185023695230484,0.004525362513959408,0.26683565974235535,0.028864651918411255,0.06938385963439941
236,236,datasets/audios/eastern_sliced/carnatic/carnatic_052_003.wav,0,carnatic,4,hiphop,0.34150266647338867,1.9028077125549316,0.09076838940382004,0.04745806008577347,0.04006199538707733,0.041528936475515366,0.34150266647338867,0.15551035106182098,0.004643766675144434,0.18421514332294464,0.038505323231220245,0.05580531060695648
237,237,datasets/audios/eastern_sliced/carnatic/carnatic_052_004.wav,0,carnatic,4,hiphop,0.2608676552772522,2.050151824951172,0.08998661488294601,0.055616676807403564,0.1032094806432724,0.03973894938826561,0.2608676552772522,0.13456864655017853,0.0052652969025075436,0.1815505474805832,0.05454009771347046,0.07465607672929764
238,238,datasets/audios/eastern_sliced/carnatic/carnatic_053_000.wav,0,carnatic,4,hiphop,0.2767236828804016,2.0088937282562256,0.0666675940155983,0.04891187697649002,0.09981051087379456,0.028856011107563972,0.2767236828804016,0.15585274994373322,0.006280599161982536,0.17673547565937042,0.047364309430122375,0.0927971825003624
239,239,datasets/audios/eastern_sliced/carnatic/carnatic_053_001.wav,0,carnatic,4,hiphop,0.23870225250720978,2.063547372817993,0.09749750792980194,0.06675072759389877,0.1130252256989479,0.023408249020576477,0.23870225250720978,0.1893274486064911,0.006120918318629265,0.1200658455491066,0.0611063577234745,0.08399558067321777
240,240,datasets/audios/eastern_sliced/carnatic/carnatic_053_002.wav,0,carnatic,4,hiphop,0.25296497344970703,2.059908628463745,0.11630060523748398,0.06468959152698517,0.09236274659633636,0.023264748975634575,0.25296497344970703,0.1792309731245041,0.0070634703151881695,0.11613285541534424,0.0648987665772438,0.08309131860733032
241,241,datasets/audios/eastern_sliced/carnatic/carnatic_053_003.wav,0,carnatic,4,hiphop,0.21945780515670776,2.0533578395843506,0.15198764204978943,0.03542974963784218,0.17330971360206604,0.019724901765584946,0.21945780515670776,0.13515740633010864,0.006087688263505697,0.09687910974025726,0.08436817675828934,0.07759782671928406
242,242,datasets/audios/eastern_sliced/carnatic/carnatic_053_004.wav,0,carnatic,2,country,0.23129484057426453,1.9834377765655518,0.07996693253517151,0.02975614182651043,0.23129484057426453,0.01906621642410755,0.22357545793056488,0.15233874320983887,0.003986988682299852,0.1306169629096985,0.0565161369740963,0.07288161665201187
243,243,datasets/audios/eastern_sliced/carnatic/carnatic_054_000.wav,0,carnatic,2,country,0.609798014163971,1.4549776315689087,0.05872625112533569,0.020063653588294983,0.609798014163971,0.014061608351767063,0.06385290622711182,0.05370458588004112,0.004411689005792141,0.03743826970458031,0.06801025569438934,0.06993270665407181
244,244,datasets/audios/eastern_sliced/carnatic/carnatic_054_001.wav,0,carnatic,2,country,0.25634336471557617,1.9708434343338013,0.037706490606069565,0.04323422908782959,0.25634336471557617,0.02011118270456791,0.16486456990242004,0.15024253726005554,0.003952548373490572,0.18077678978443146,0.09192325919866562,0.05084509402513504
245,245,datasets/audios/eastern_sliced/carnatic/carnatic_054_002.wav,0,carnatic,5,jazz,0.5517920851707458,1.6063188314437866,0.06636364012956619,0.04313226044178009,0.06314073503017426,0.014103194698691368,0.08426489681005478,0.5517920851707458,0.006318415980786085,0.06788022816181183,0.04661117121577263,0.05639344081282616
246,246,datasets/audios/eastern_sliced/carnatic/carnatic_054_003.wav,0,carnatic,2,country,0.29559075832366943,2.004899501800537,0.09457193315029144,0.019423941150307655,0.29559075832366943,0.02653701975941658,0.14758798480033875,0.10667397826910019,0.009365127421915531,0.07393504679203033,0.09880537539720535,0.12750886380672455
247,247,datasets/audios/eastern_sliced/carnatic/carnatic_054_004.wav,0,carnatic,2,country,0.2947250306606293,2.017052173614502,0.03781432658433914,0.07644528895616531,0.2947250306606293,0.04393927752971649,0.06394857168197632,0.13341818749904633,0.013956311158835888,0.15335874259471893,0.04098253697156906,0.1414116472005844
248,248,datasets/audios/eastern_sliced/carnatic/carnatic_055_000.wav,0,carnatic,4,hiphop,0.3993476927280426,1.7053102254867554,0.04228239133954048,0.07355266064405441,0.019437044858932495,0.018043983727693558,0.3993476927280426,0.25490444898605347,0.0032629789784550667,0.10931732505559921,0.04938919469714165,0.03046238049864769
249,249,datasets/audios/eastern_sliced/carnatic/carnatic_055_001.wav,0,carnatic,4,hiphop,0.48270946741104126,1.5519212484359741,0.02639043517410755,0.021807098761200905,0.04132676497101784,0.016279833391308784,0.48270946741104126,0.1498935967683792,0.0014145432505756617,0.20168496668338776,0.0345713309943676,0.023921912536025047
250,250,datasets/audios/eastern_sliced/carnatic/carnatic_055_002.wav,0,carnatic,4,hiphop,0.5760678648948669,1.372685194015503,0.026160502806305885,0.01344697829335928,0.027369575574994087,0.014043664559721947,0.5760678648948669,0.11740178614854813,0.0012021447764709592,0.17673636972904205,0.02690746821463108,0.020663678646087646
251,251,datasets/audios/eastern_sliced/carnatic/carnatic_055_003.wav,0,carnatic,4,hiphop,0.3821660280227661,1.812253713607788,0.07302568107843399,0.05296266824007034,0.03537720441818237,0.02483520470559597,0.3821660280227661,0.23888160288333893,0.005346041172742844,0.06447311490774155,0.07168584316968918,0.05124661698937416
252,252,datasets/audios/eastern_sliced/carnatic/carnatic_055_004.wav,0,carnatic,4,hiphop,0.2752608060836792,2.0561306476593018,0.09001894295215607,0.08997123688459396,0.0852736309170723,0.031109796836972237,0.2752608060836792,0.16906413435935974,0.007471454329788685,0.06607451289892197,0.06526835262775421,0.12048710137605667
253,253,datasets/audios/eastern_sliced/carnatic/carnatic_056_000.wav,0,carnatic,2,country,0.26958978176116943,2.0356757640838623,0.09968554228544235,0.03616957366466522,0.26958978176116943,0.022563673555850983,0.10123972594738007,0.09028874337673187,0.012721543200314045,0.180561825633049,0.06304901093244553,0.12413060665130615
254,254,datasets/audios/eastern_sliced/carnatic/carnatic_056_001.wav,0,carnatic,4,hiphop,0.45254385471343994,1.7610249519348145,0.07757139950990677,0.03467341512441635,0.04389320686459541,0.01677132397890091,0.45254385471343994,0.12600310146808624,0.004746614024043083,0.12501297891139984,0.05608878284692764,0.06269543617963791
255,255,datasets/audios/eastern_sliced/carnatic/carnatic_056_002.wav,0,carnatic,5,jazz,0.2851172983646393,1.867781162261963,0.04488411173224449,0.06590606272220612,0.05045134946703911,0.025157902389764786,0.2640722990036011,0.2851172983646393,0.0034344608429819345,0.17295336723327637,0.036217283457517624,0.05180596187710762
256,256,datasets/audios/eastern_sliced/carnatic/carnatic_056_003.wav,0,carnatic,5,jazz,0.3308965861797333,1.8835880756378174,0.04390593618154526,0.10473208874464035,0.07285551726818085,0.031956158578395844,0.10116400569677353,0.3308965861797333,0.003965918440371752,0.23140747845172882,0.026047304272651672,0.053069040179252625
257,257,datasets/audios/eastern_sliced/carnatic/carnatic_056_004.wav,0,carnatic,7,pop,0.3296397924423218,1.9205152988433838,0.11074972152709961,0.05278958007693291,0.04339173808693886,0.027165642008185387,0.18999885022640228,0.12544019520282745,0.006053335033357143,0.3296397924423218,0.03035685047507286,0.0844142958521843
258,258,datasets/audios/eastern_sliced/carnatic/carnatic_057_000.wav,0,carnatic,7,pop,0.34099483489990234,1.8405649662017822,0.018802674487233162,0.13066719472408295,0.03645511716604233,0.030891912057995796,0.19979731738567352,0.15149612724781036,0.006061349529772997,0.34099483489990234,0.03371225669980049,0.051121246069669724
259,259,datasets/audios/eastern_sliced/carnatic/carnatic_057_001.wav,0,carnatic,7,pop,0.28826960921287537,1.898594617843628,0.021807720884680748,0.137279212474823,0.03576446324586868,0.03400447964668274,0.20936881005764008,0.17316505312919617,0.007088109385222197,0.28826960921287537,0.036806486546993256,0.05644599348306656
260,260,datasets/audios/eastern_sliced/carnatic/carnatic_057_002.wav,0,carnatic,5,jazz,0.1982622593641281,2.1584811210632324,0.13431547582149506,0.12151975184679031,0.06159040704369545,0.04867444932460785,0.13880181312561035,0.1982622593641281,0.013597441837191582,0.08346738666296005,0.12603996694087982,0.07373103499412537
261,261,datasets/audios/eastern_sliced/carnatic/carnatic_057_003.wav,0,carnatic,4,hiphop,0.5102066397666931,1.6562827825546265,0.05396011844277382,0.02927558869123459,0.038289789110422134,0.017422376200556755,0.5102066397666931,0.10686562955379486,0.005010110791772604,0.10808584839105606,0.08557330071926117,0.04531068354845047
262,262,datasets/audios/eastern_sliced/carnatic/carnatic_058_000.wav,0,carnatic,5,jazz,0.5084813833236694,1.7061057090759277,0.07284596562385559,0.054892897605895996,0.0574360154569149,0.07579106837511063,0.03233278915286064,0.5084813833236694,0.010594235733151436,0.10948052257299423,0.029789576306939125,0.04835547134280205
263,263,datasets/audios/eastern_sliced/carnatic/carnatic_058_001.wav,0,carnatic,4,hiphop,0.2886047065258026,2.0088069438934326,0.1321907937526703,0.05356960743665695,0.05033242329955101,0.03544098138809204,0.2886047065258026,0.14956578612327576,0.006868526805192232,0.1479802429676056,0.04367007687687874,0.09177688509225845
264,264,datasets/audios/eastern_sliced/carnatic/carnatic_058_002.wav,0,carnatic,5,jazz,0.5265677571296692,1.6058852672576904,0.08585596084594727,0.04263967648148537,0.01314400602132082,0.09656581282615662,0.10471236705780029,0.5265677571296692,0.0027976336423307657,0.04853847622871399,0.06321213394403458,0.015966203063726425
265,265,datasets/audios/eastern_sliced/carnatic/carnatic_058_003.wav,0,carnatic,0,blues,0.4640713632106781,1.5960674285888672,0.4640713632106781,0.02126854844391346,0.014474357478320599,0.044536616653203964,0.07178172469139099,0.13124629855155945,0.0052564507350325584,0.008499828167259693,0.2078169733285904,0.0310478787869215
266,266,datasets/audios/eastern_sliced/carnatic/carnatic_058_004.wav,0,carnatic,4,hiphop,0.34204477071762085,1.8948314189910889,0.11028150469064713,0.023887701332569122,0.045834291726350784,0.03452127054333687,0.34204477071762085,0.1508861780166626,0.004806691315025091,0.17302322387695312,0.04152558743953705,0.07318879663944244
267,267,datasets/audios/eastern_sliced/carnatic/carnatic_059_000.wav,0,carnatic,2,country,0.6874552369117737,1.239057183265686,0.02072283625602722,0.014601866714656353,0.6874552369117737,0.016019117087125778,0.03313884884119034,0.05959184840321541,0.003176487749442458,0.06335725635290146,0.03626294806599617,0.06567356735467911
268,268,datasets/audios/eastern_sliced/carnatic/carnatic_059_001.wav,0,carnatic,5,jazz,0.5047587752342224,1.7216557264328003,0.04439324513077736,0.06286542117595673,0.06963737308979034,0.041818734258413315,0.04912055656313896,0.5047587752342224,0.011205490678548813,0.11822777986526489,0.05230700597167015,0.04566562920808792
269,269,datasets/audios/eastern_sliced/carnatic/carnatic_059_002.wav,0,carnatic,2,country,0.38869744539260864,1.8652417659759521,0.04035293310880661,0.02691151201725006,0.38869744539260864,0.017499122768640518,0.12142818421125412,0.11865497380495071,0.006229891441762447,0.08819101750850677,0.11647069454193115,0.07556424289941788
270,270,datasets/audios/eastern_sliced/carnatic/carnatic_059_003.wav,0,carnatic,2,country,0.5568335056304932,1.4961446523666382,0.029820138588547707,0.03299318999052048,0.5568335056304932,0.022710097953677177,0.018379906192421913,0.04331523925065994,0.006506309378892183,0.17717857658863068,0.039064567536115646,0.07319845259189606
271,271,datasets/audios/eastern_sliced/carnatic/carnatic_059_004.wav,0,carnatic,2,country,0.5893101096153259,1.4959299564361572,0.04056403785943985,0.03078499063849449,0.5893101096153259,0.01605735346674919,0.042375583201646805,0.08472195267677307,0.0030536216218024492,0.09255919605493546,0.04333655536174774,0.057236671447753906
272,272,datasets/audios/eastern_sliced/carnatic/carnatic_060_000.wav,0,carnatic,4,hiphop,0.33792823553085327,1.935567855834961,0.11594535410404205,0.04077355936169624,0.047478608787059784,0.01763753779232502,0.33792823553085327,0.140290305018425,0.0061102197505533695,0.14590299129486084,0.0746847465634346,0.07324843853712082
273,273,datasets/audios/eastern_sliced/carnatic/carnatic_060_001.wav,0,carnatic,4,hiphop,0.4047863483428955,1.7929763793945312,0.043081965297460556,0.03514138236641884,0.06282676011323929,0.016633911058306694,0.4047863483428955,0.1362418532371521,0.003170602722093463,0.17927423119544983,0.06951804459095001,0.04932486265897751
274,274,datasets/audios/eastern_sliced/carnatic/carnatic_060_002.wav,0,carnatic,4,hiphop,0.22833940386772156,2.064941883087158,0.18692602217197418,0.039643675088882446,0.09731914103031158,0.02236943691968918,0.22833940386772156,0.12164222449064255,0.007122331764549017,0.08043275773525238,0.09967008978128433,0.11653487384319305
275,275,datasets/audios/eastern_sliced/carnatic/carnatic_060_003.wav,0,carnatic,5,jazz,0.21857202053070068,1.9993549585342407,0.2073541134595871,0.08552604168653488,0.044512249529361725,0.019827738404273987,0.1299820840358734,0.21857202053070068,0.004487920086830854,0.1781066358089447,0.03969813883304596,0.07193302363157272
276,276,datasets/audios/eastern_sliced/carnatic/carnatic_060_004.wav,0,carnatic,5,jazz,0.3455747663974762,1.8907971382141113,0.14853954315185547,0.09416244179010391,0.045281607657670975,0.012103384360671043,0.14812356233596802,0.3455747663974762,0.002354932250455022,0.11309868842363358,0.045922283083200455,0.044838797301054
277,277,datasets/audios/eastern_sliced/carnatic/carnatic_061_000.wav,0,carnatic,0,blues,0.21877390146255493,2.0328612327575684,0.21877390146255493,0.0347587987780571,0.08145208656787872,0.01638263836503029,0.15355221927165985,0.2083587795495987,0.007329379208385944,0.07878444343805313,0.10259917378425598,0.09800859540700912
278,278,datasets/audios/eastern_sliced/carnatic/carnatic_061_001.wav,0,carnatic,0,blues,0.22133807837963104,2.025343894958496,0.22133807837963104,0.034980639815330505,0.08202773332595825,0.015482824295759201,0.14755578339099884,0.21485990285873413,0.007482554297894239,0.07395462691783905,0.11073518544435501,0.09158265590667725
279,279,datasets/audios/eastern_sliced/carnatic/carnatic_061_002.wav,0,carnatic,5,jazz,0.26754164695739746,1.9787755012512207,0.044555578380823135,0.07069284468889236,0.10131778568029404,0.025013430044054985,0.1951834112405777,0.26754164695739746,0.005683462601155043,0.17987076938152313,0.05122481659054756,0.05891619250178337
280,280,datasets/audios/eastern_sliced/carnatic/carnatic_061_003.wav,0,carnatic,5,jazz,0.35388264060020447,1.8873690366744995,0.09002405405044556,0.092960886657238,0.02604939416050911,0.026599416509270668,0.1835845708847046,0.35388264060020447,0.005831256043165922,0.12620429694652557,0.05403275042772293,0.04083076864480972
281,281,datasets/audios/eastern_sliced/carnatic/carnatic_061_004.wav,0,carnatic,7,pop,0.3190701901912689,1.84459388256073,0.024206388741731644,0.0431649312376976,0.13722553849220276,0.03808384761214256,0.11067179590463638,0.24362152814865112,0.003257633186876774,0.3190701901912689,0.022709902375936508,0.05798820033669472
282,282,datasets/audios/eastern_sliced/carnatic/carnatic_062_000.wav,0,carnatic,4,hiphop,0.2052001804113388,2.0795445442199707,0.059265583753585815,0.08169405162334442,0.08873412758111954,0.05009092018008232,0.2052001804113388,0.15415266156196594,0.006316076032817364,0.19362983107566833,0.03594299405813217,0.12497353553771973
283,283,datasets/audios/eastern_sliced/carnatic/carnatic_062_001.wav,0,carnatic,7,pop,0.27676111459732056,1.9231473207473755,0.038004323840141296,0.11042684316635132,0.03882038593292236,0.03751365467905998,0.25326770544052124,0.13427458703517914,0.005071447696536779,0.27676111459732056,0.03749244287610054,0.06836752593517303
284,284,datasets/audios/eastern_sliced/carnatic/carnatic_062_002.wav,0,carnatic,7,pop,0.3604881167411804,1.7646715641021729,0.033022187650203705,0.07168732583522797,0.024542931467294693,0.03286416083574295,0.26232895255088806,0.12512578070163727,0.0032856969628483057,0.3604881167411804,0.023104336112737656,0.06355051696300507
285,285,datasets/audios/eastern_sliced/carnatic/carnatic_063_000.wav,0,carnatic,5,jazz,0.2311292290687561,2.032839775085449,0.16430449485778809,0.03916004300117493,0.051098376512527466,0.02106747217476368,0.1580560952425003,0.2311292290687561,0.013508179225027561,0.04598846659064293,0.13165238499641418,0.144035205245018
286,286,datasets/audios/eastern_sliced/carnatic/carnatic_063_001.wav,0,carnatic,9,rock,0.20921121537685394,1.992308259010315,0.1499517410993576,0.019896920770406723,0.0465853288769722,0.016205480322241783,0.18778538703918457,0.15688253939151764,0.01576676405966282,0.042063359171152115,0.15565122663974762,0.20921121537685394
287,287,datasets/audios/eastern_sliced/carnatic/carnatic_063_002.wav,0,carnatic,5,jazz,0.19538187980651855,2.0514299869537354,0.15772952139377594,0.11914568394422531,0.024641122668981552,0.023379988968372345,0.1392667293548584,0.19538187980651855,0.005431310273706913,0.1766582727432251,0.09224630892276764,0.06611916422843933
288,288,datasets/audios/eastern_sliced/carnatic/carnatic_063_003.wav,0,carnatic,5,jazz,0.40174341201782227,1.8025025129318237,0.0526399202644825,0.067088283598423,0.018423723056912422,0.030365046113729477,0.17481938004493713,0.40174341201782227,0.008530092425644398,0.14625124633312225,0.03245103359222412,0.06768783181905746
289,289,datasets/audios/eastern_sliced/carnatic/carnatic_063_004.wav,0,carnatic,4,hiphop,0.2827221155166626,1.8581466674804688,0.12918345630168915,0.027185140177607536,0.03247968107461929,0.013850267045199871,0.2827221155166626,0.2797902226448059,0.004457176197320223,0.09641432017087936,0.06916720420122147,0.06475051492452621
290,290,datasets/audios/eastern_sliced/carnatic/carnatic_064_000.wav,0,carnatic,4,hiphop,0.2773591876029968,2.00474214553833,0.10974856466054916,0.036030590534210205,0.039590369910001755,0.018291950225830078,0.2773591876029968,0.1607603281736374,0.014157500118017197,0.10477180033922195,0.08089560270309448,0.15839402377605438
291,291,datasets/audios/eastern_sliced/carnatic/carnatic_064_001.wav,0,carnatic,1,classical,0.4472772479057312,1.7204254865646362,0.0798984169960022,0.4472772479057312,0.019980771467089653,0.02628294751048088,0.03629881516098976,0.20138458907604218,0.01196663174778223,0.08153834193944931,0.031168000772595406,0.06420422345399857
292,292,datasets/audios/eastern_sliced/carnatic/carnatic_064_002.wav,0,carnatic,0,blues,0.30375516414642334,1.9968547821044922,0.30375516414642334,0.09765961021184921,0.07234446704387665,0.011466911993920803,0.06477593630552292,0.06560199707746506,0.008451603353023529,0.08531598001718521,0.13761353492736816,0.15301483869552612
293,293,datasets/audios/eastern_sliced/carnatic/carnatic_064_003.wav,0,carnatic,4,hiphop,0.43267497420310974,1.6711088418960571,0.12215068191289902,0.016776900738477707,0.00996418483555317,0.008666378445923328,0.43267497420310974,0.20664016902446747,0.0073474389500916,0.06700297445058823,0.06685813516378403,0.061918165534734726
294,294,datasets/audios/eastern_sliced/carnatic/carnatic_064_004.wav,0,carnatic,5,jazz,0.6755641102790833,1.2535905838012695,0.0923825055360794,0.036102913320064545,0.021294262260198593,0.0061952960677444935,0.06585202366113663,0.6755641102790833,0.002872556447982788,0.03503185510635376,0.030132310464978218,0.03457218408584595
295,295,datasets/audios/eastern_sliced/carnatic/carnatic_065_000.wav,0,carnatic,7,pop,0.43840935826301575,1.7120411396026611,0.021305931732058525,0.029723644256591797,0.1941215991973877,0.023164045065641403,0.12060555070638657,0.06475455313920975,0.00512709841132164,0.43840935826301575,0.03415283188223839,0.06863544881343842
296,296,datasets/audios/eastern_sliced/carnatic/carnatic_065_001.wav,0,carnatic,7,pop,0.39081111550331116,1.7247885465621948,0.015570065006613731,0.20935989916324615,0.08158900588750839,0.027390506118535995,0.04392501339316368,0.16978536546230316,0.0037515859585255384,0.39081111550331116,0.021805478259921074,0.03601198270916939
297,297,datasets/audios/eastern_sliced/carnatic/carnatic_065_002.wav,0,carnatic,9,rock,0.3129408657550812,1.899044394493103,0.16050593554973602,0.07265770435333252,0.022603442892432213,0.012693168595433235,0.09274590015411377,0.21310967206954956,0.020953387022018433,0.033174898475408554,0.05861508846282959,0.3129408657550812
298,298,datasets/audios/eastern_sliced/carnatic/carnatic_065_003.wav,0,carnatic,5,jazz,0.2507198750972748,1.993383526802063,0.041278302669525146,0.05751163884997368,0.16717198491096497,0.033302608877420425,0.060681626200675964,0.2507198750972748,0.00860330369323492,0.19921205937862396,0.04045388102531433,0.1410646289587021
299,299,datasets/audios/eastern_sliced/carnatic/carnatic_065_004.wav,0,carnatic,2,country,0.30903327465057373,1.9970371723175049,0.0933564081788063,0.03950455039739609,0.30903327465057373,0.027453647926449776,0.0780920758843422,0.16286088526248932,0.009354892186820507,0.09670230001211166,0.05357664078474045,0.13006530702114105
300,300,datasets/audios/eastern_sliced/carnatic/carnatic_066_000.wav,0,carnatic,5,jazz,0.3086172938346863,1.7611656188964844,0.06000540405511856,0.01458798162639141,0.029629845172166824,0.0187503881752491,0.29908108711242676,0.3086172938346863,0.005796454846858978,0.158440500497818,0.03935590758919716,0.06573516875505447
301,301,datasets/audios/eastern_sliced/carnatic/carnatic_066_001.wav,0,carnatic,5,jazz,0.30120256543159485,1.8665730953216553,0.09971870481967926,0.28891226649284363,0.032904986292123795,0.02221624180674553,0.044484782963991165,0.30120256543159485,0.007854304276406765,0.08350107818841934,0.054634831845760345,0.06457029283046722
302,302,datasets/audios/eastern_sliced/carnatic/carnatic_066_002.wav,0,carnatic,4,hiphop,0.3916829526424408,1.76398766040802,0.09189920872449875,0.010476574301719666,0.04741650074720383,0.012780762277543545,0.3916829526424408,0.21508008241653442,0.0030350314918905497,0.10015349090099335,0.0657644048333168,0.06171102449297905
303,303,datasets/audios/eastern_sliced/carnatic/carnatic_066_003.wav,0,carnatic,4,hiphop,0.3279535174369812,1.935396432876587,0.11532176285982132,0.028598178178071976,0.027957648038864136,0.020887866616249084,0.3279535174369812,0.13740883767604828,0.010217610746622086,0.14494688808918,0.07396550476551056,0.11274218559265137
304,304,datasets/audios/eastern_sliced/carnatic/carnatic_066_004.wav,0,carnatic,5,jazz,0.33487266302108765,1.8339056968688965,0.06880500912666321,0.015511412173509598,0.045766763389110565,0.021610872820019722,0.21717481315135956,0.33487266302108765,0.005587402265518904,0.15743336081504822,0.03294438123703003,0.10029326379299164
305,305,datasets/audios/eastern_sliced/carnatic/carnatic_067_000.wav,0,carnatic,7,pop,0.7429586052894592,1.0641130208969116,0.01336423959583044,0.08507954329252243,0.022061394527554512,0.024181552231311798,0.029290445148944855,0.042804159224033356,0.0027493322268128395,0.7429586052894592,0.013065773993730545,0.024444930255413055
306,306,datasets/audios/eastern_sliced/carnatic/carnatic_067_001.wav,0,carnatic,5,jazz,0.39567306637763977,1.7715210914611816,0.12326553463935852,0.07222332805395126,0.010920049622654915,0.014786402694880962,0.14470532536506653,0.39567306637763977,0.005265349056571722,0.15318900346755981,0.023491092026233673,0.05648084357380867
307,307,datasets/audios/eastern_sliced/carnatic/carnatic_067_002.wav,0,carnatic,9,rock,0.511590838432312,1.504065752029419,0.21379661560058594,0.0834069550037384,0.010360931977629662,0.01009764987975359,0.033904068171978,0.015370245091617107,0.038019198924303055,0.0053748078644275665,0.07807864248752594,0.511590838432312
308,308,datasets/audios/eastern_sliced/carnatic/carnatic_067_003.wav,0,carnatic,9,rock,0.6181483268737793,1.3174834251403809,0.1511940211057663,0.025348277762532234,0.006643239408731461,0.009710398502647877,0.04898475855588913,0.011636964976787567,0.07586139440536499,0.0036161334719508886,0.048856448382139206,0.6181483268737793
309,309,datasets/audios/eastern_sliced/carnatic/carnatic_067_004.wav,0,carnatic,9,rock,0.5996055603027344,1.5010753870010376,0.07867174595594406,0.0340718999505043,0.027070151641964912,0.013312176801264286,0.05527208372950554,0.08077948540449142,0.04025537148118019,0.021693287417292595,0.049268294125795364,0.5996055603027344
310,310,datasets/audios/eastern_sliced/carnatic/carnatic_068_000.wav,0,carnatic,9,rock,0.22128406167030334,2.060342788696289,0.021284982562065125,0.07111821323633194,0.161513552069664,0.0753689706325531,0.08943501859903336,0.15514276921749115,0.016025511547923088,0.15963761508464813,0.029189368709921837,0.22128406167030334
311,311,datasets/audios/eastern_sliced/carnatic/carnatic_068_001.wav,0,carnatic,9,rock,0.19322346150875092,2.064512014389038,0.0273029375821352,0.05230366811156273,0.10288494825363159,0.0587291456758976,0.18000370264053345,0.14423367381095886,0.017192211002111435,0.18690483272075653,0.037221428006887436,0.19322346150875092
312,312,datasets/audios/eastern_sliced/carnatic/carnatic_068_002.wav,0,carnatic,5,jazz,0.302199125289917,1.8771567344665527,0.04095690697431564,0.06502366811037064,0.039332080632448196,0.015529929660260677,0.22890332341194153,0.302199125289917,0.005741938482969999,0.1791127771139145,0.04691382125020027,0.07628637552261353
313,313,datasets/audios/eastern_sliced/carnatic/carnatic_068_003.wav,0,carnatic,5,jazz,0.29871097207069397,2.0227911472320557,0.0855119526386261,0.10444881021976471,0.03653908148407936,0.03349073603749275,0.1379348337650299,0.29871097207069397,0.01202728133648634,0.12636980414390564,0.04419131204485893,0.12077527493238449
314,314,datasets/audios/eastern_sliced/carnatic/carnatic_068_004.wav,0,carnatic,7,pop,0.29699182510375977,1.9625707864761353,0.08207089453935623,0.08437328040599823,0.028576606884598732,0.03658401221036911,0.1314222812652588,0.21605467796325684,0.01059470884501934,0.29699182510375977,0.03889548406004906,0.0744362622499466
315,315,datasets/audios/eastern_sliced/carnatic/carnatic_069_000.wav,0,carnatic,5,jazz,0.16906078159809113,2.037087917327881,0.15305247902870178,0.14099395275115967,0.013823471963405609,0.020606480538845062,0.16749095916748047,0.16906078159809113,0.010723276995122433,0.16372258961200714,0.04591401293873787,0.11461201310157776
316,316,datasets/audios/eastern_sliced/carnatic/carnatic_069_001.wav,0,carnatic,4,hiphop,0.359443336725235,1.8684991598129272,0.09480848908424377,0.04384157806634903,0.012143139727413654,0.03039257600903511,0.359443336725235,0.1497449427843094,0.008304125629365444,0.1580071747303009,0.041712164878845215,0.10160250216722488
317,317,datasets/audios/eastern_sliced/carnatic/carnatic_069_002.wav,0,carnatic,5,jazz,0.22803965210914612,1.9958419799804688,0.18744026124477386,0.18975019454956055,0.016082055866718292,0.023820264264941216,0.07260801643133163,0.22803965210914612,0.014356499537825584,0.06363574415445328,0.059257034212350845,0.14501038193702698
318,318,datasets/audios/eastern_sliced/carnatic/carnatic_069_003.wav,0,carnatic,4,hiphop,0.23387208580970764,2.0047545433044434,0.13926196098327637,0.07598166912794113,0.016218796372413635,0.02315293438732624,0.23387208580970764,0.22399893403053284,0.013386478647589684,0.07703879475593567,0.07334885001182556,0.12373951822519302
319,319,datasets/audios/eastern_sliced/carnatic/carnatic_069_004.wav,0,carnatic,4,hiphop,0.2736654281616211,1.9855583906173706,0.12516352534294128,0.06470149755477905,0.016348853707313538,0.023768721148371696,0.2736654281616211,0.20565761625766754,0.013454113155603409,0.08032306283712387,0.07700509577989578,0.11991217732429504
320,320,datasets/audios/eastern_sliced/carnatic/carnatic_070_000.wav,0,carnatic,7,pop,0.3169749677181244,1.990853190422058,0.07932180166244507,0.04891056567430496,0.07972105592489243,0.023745829239487648,0.166232630610466,0.11068014055490494,0.008432367816567421,0.3169749677181244,0.05790328234434128,0.10807737708091736
321,321,datasets/audios/eastern_sliced/carnatic/carnatic_070_001.wav,0,carnatic,4,hiphop,0.24869035184383392,1.974275827407837,0.22743962705135345,0.03474726900458336,0.03283054009079933,0.01809634268283844,0.24869035184383392,0.08659441769123077,0.010401979088783264,0.07736863940954208,0.11625643074512482,0.14757448434829712
322,322,datasets/audios/eastern_sliced/carnatic/carnatic_070_002.wav,0,carnatic,4,hiphop,0.3329576253890991,1.9053409099578857,0.1698835790157318,0.021425969898700714,0.03201013058423996,0.014209198765456676,0.3329576253890991,0.10138862580060959,0.009029552340507507,0.10293824970722198,0.08620530366897583,0.12995165586471558
323,323,datasets/audios/eastern_sliced/carnatic/carnatic_070_003.wav,0,carnatic,4,hiphop,0.25628724694252014,2.020691394805908,0.08650999516248703,0.0506073497235775,0.03262893110513687,0.024593347683548927,0.25628724694252014,0.12568466365337372,0.019329071044921875,0.13426510989665985,0.06253406405448914,0.20756015181541443
324,324,datasets/audios/eastern_sliced/carnatic/carnatic_071_000.wav,0,carnatic,4,hiphop,0.37962469458580017,1.787941336631775,0.0338529534637928,0.019003335386514664,0.03155481815338135,0.03597249090671539,0.37962469458580017,0.11738903820514679,0.00924113392829895,0.20946910977363586,0.033531904220581055,0.13036049902439117
325,325,datasets/audios/eastern_sliced/carnatic/carnatic_071_001.wav,0,carnatic,9,rock,0.2775493562221527,1.9205403327941895,0.0411410927772522,0.048107896000146866,0.020873015746474266,0.06487612426280975,0.2181897908449173,0.06740936636924744,0.023156754672527313,0.210736945271492,0.027959631755948067,0.2775493562221527
326,326,datasets/audios/eastern_sliced/carnatic/carnatic_072_000.wav,0,carnatic,2,country,0.8807637691497803,0.5936722159385681,0.01617881841957569,0.0029808967374265194,0.8807637691497803,0.008201751857995987,0.006395427044481039,0.015144502744078636,0.0018017193069681525,0.024085285142064095,0.009534426964819431,0.03491336107254028
327,327,datasets/audios/eastern_sliced/carnatic/carnatic_072_001.wav,0,carnatic,4,hiphop,0.6146762371063232,1.3089655637741089,0.02263003960251808,0.00607982138171792,0.04349147528409958,0.016970152035355568,0.6146762371063232,0.09258651733398438,0.0012263517128303647,0.15851517021656036,0.02490546554327011,0.01891873963177204
328,328,datasets/audios/eastern_sliced/carnatic/carnatic_072_002.wav,0,carnatic,4,hiphop,0.6977783441543579,1.0564591884613037,0.016671545803546906,0.004171045497059822,0.01380564458668232,0.015799332410097122,0.6977783441543579,0.0571594312787056,0.001111913938075304,0.16476289927959442,0.017283933237195015,0.011456027626991272
329,329,datasets/audios/eastern_sliced/carnatic/carnatic_072_003.wav,0,carnatic,4,hiphop,0.7549648880958557,0.9285367727279663,0.03816019371151924,0.0015244471142068505,0.0064539359882473946,0.020582234486937523,0.7549648880958557,0.01731714978814125,0.0010102646192535758,0.12918268144130707,0.018900474533438683,0.011903662234544754
330,330,datasets/audios/eastern_sliced/carnatic/carnatic_072_004.wav,0,carnatic,4,hiphop,0.8174035549163818,0.7811683416366577,0.04704907163977623,0.0012180674821138382,0.007448316086083651,0.010146880522370338,0.8174035549163818,0.018315648660063744,0.0005701785557903349,0.0678802952170372,0.023152422159910202,0.006815542466938496
331,331,datasets/audios/eastern_sliced/carnatic/carnatic_073_000.wav,0,carnatic,4,hiphop,0.378213107585907,1.7925962209701538,0.12667198479175568,0.015479677356779575,0.037330251187086105,0.027142034843564034,0.378213107585907,0.10810576379299164,0.005746752489358187,0.20999448001384735,0.05456869304180145,0.03674717992544174
332,332,datasets/audios/eastern_sliced/carnatic/carnatic_073_001.wav,0,carnatic,4,hiphop,0.42764973640441895,1.5402603149414062,0.10526838898658752,0.007602682802826166,0.01777462475001812,0.021433813497424126,0.42764973640441895,0.10153815895318985,0.0016465005464851856,0.2788531482219696,0.024068612605333328,0.01416434533894062
333,333,datasets/audios/eastern_sliced/carnatic/carnatic_073_002.wav,0,carnatic,7,pop,0.38262009620666504,1.6982614994049072,0.06955241411924362,0.011913539841771126,0.03846457600593567,0.03182898461818695,0.25097909569740295,0.1519053429365158,0.002494502579793334,0.38262009620666504,0.03727973997592926,0.022961726412177086
334,334,datasets/audios/eastern_sliced/carnatic/carnatic_073_003.wav,0,carnatic,7,pop,0.49657678604125977,1.58716881275177,0.06929691880941391,0.012888997793197632,0.04229366034269333,0.04298517107963562,0.1733980029821396,0.12000182271003723,0.002306204056367278,0.49657678604125977,0.02091207168996334,0.019340306520462036
335,335,datasets/audios/eastern_sliced/carnatic/carnatic_073_004.wav,0,carnatic,4,hiphop,0.5056825876235962,1.5054420232772827,0.07808426022529602,0.00541661074385047,0.034587301313877106,0.019526734948158264,0.5056825876235962,0.07872887700796127,0.0016801765887066722,0.22031953930854797,0.03872797638177872,0.017245929688215256
336,336,datasets/audios/eastern_sliced/carnatic/carnatic_074_000.wav,0,carnatic,2,country,0.5600362420082092,1.3501505851745605,0.021075623109936714,0.012517811730504036,0.5600362420082092,0.0163505170494318,0.029991677030920982,0.038499876856803894,0.0028839879669249058,0.24820098280906677,0.01979270577430725,0.050650615245103836
337,337,datasets/audios/eastern_sliced/carnatic/carnatic_074_001.wav,0,carnatic,7,pop,0.42855340242385864,1.678882360458374,0.016151046380400658,0.036313511431217194,0.18068043887615204,0.027728360146284103,0.04918980970978737,0.18585143983364105,0.004245934542268515,0.42855340242385864,0.028039760887622833,0.043246276676654816
338,338,datasets/audios/eastern_sliced/carnatic/carnatic_074_002.wav,0,carnatic,2,country,0.8822287917137146,0.5912283062934875,0.007411041297018528,0.0034736969973891973,0.8822287917137146,0.008905705064535141,0.012269202619791031,0.014936232939362526,0.0012291402090340853,0.030641891062259674,0.012585122138261795,0.02631918154656887
339,339,datasets/audios/eastern_sliced/carnatic/carnatic_074_003.wav,0,carnatic,5,jazz,0.3828946053981781,1.6957693099975586,0.03777912259101868,0.1526373028755188,0.021002432331442833,0.040941111743450165,0.049067139625549316,0.3828946053981781,0.005971139762550592,0.2625468969345093,0.019302701577544212,0.027857573702931404
340,340,datasets/audios/eastern_sliced/carnatic/carnatic_074_004.wav,0,carnatic,4,hiphop,0.4054158926010132,1.586593747138977,0.03401070460677147,0.003076808527112007,0.3065270483493805,0.019651981070637703,0.4054158926010132,0.06686802953481674,0.0013452372513711452,0.08390393853187561,0.05395553261041641,0.025244738906621933
341,341,datasets/audios/eastern_sliced/carnatic/carnatic_075_000.wav,0,carnatic,7,pop,0.3162517845630646,1.6354752779006958,0.10076245665550232,0.009181416593492031,0.011291380040347576,0.036634575575590134,0.27713170647621155,0.21645952761173248,0.0015757776563987136,0.3162517845630646,0.015154680237174034,0.015556729398667812
342,342,datasets/audios/eastern_sliced/carnatic/carnatic_075_001.wav,0,carnatic,7,pop,0.33394911885261536,1.8176100254058838,0.09682558476924896,0.015789862722158432,0.047633685171604156,0.035695239901542664,0.20385602116584778,0.19336505234241486,0.004650169052183628,0.33394911885261536,0.02675171010196209,0.041483618319034576
343,343,datasets/audios/eastern_sliced/carnatic/carnatic_075_002.wav,0,carnatic,4,hiphop,0.36813247203826904,1.8238492012023926,0.12803120911121368,0.016808556392788887,0.035973306745290756,0.03411577269434929,0.36813247203826904,0.12325415760278702,0.007513186428695917,0.1986956149339676,0.03979947417974472,0.047676194459199905
344,344,datasets/audios/eastern_sliced/carnatic/carnatic_075_003.wav,0,carnatic,4,hiphop,0.7851166725158691,0.878398597240448,0.02578236162662506,0.0019690347835421562,0.010096972808241844,0.00996722187846899,0.7851166725158691,0.03045469895005226,0.0007700416026636958,0.08666889369487762,0.043494369834661484,0.005679736845195293
345,345,datasets/audios/eastern_sliced/carnatic/carnatic_075_004.wav,0,carnatic,4,hiphop,0.6851682662963867,1.105505108833313,0.029325159266591072,0.0035233567468822002,0.01081239152699709,0.014233585447072983,0.6851682662963867,0.04774334654211998,0.0009209457202814519,0.1572594940662384,0.04464562609791756,0.006367929745465517
346,346,datasets/audios/eastern_sliced/carnatic/carnatic_076_000.wav,0,carnatic,2,country,0.4023458957672119,1.715495228767395,0.03495040163397789,0.007213567849248648,0.4023458957672119,0.032593995332717896,0.18113143742084503,0.06863433867692947,0.0024070634972304106,0.1883203089237213,0.03780855983495712,0.04459444060921669
347,347,datasets/audios/eastern_sliced/carnatic/carnatic_076_001.wav,0,carnatic,2,country,0.4184603691101074,1.6407575607299805,0.029173944145441055,0.00413780240342021,0.4184603691101074,0.01641467958688736,0.2233734279870987,0.06378776580095291,0.0017147319158539176,0.15627498924732208,0.038887057453393936,0.04777523875236511
348,348,datasets/audios/eastern_sliced/carnatic/carnatic_076_002.wav,0,carnatic,2,country,0.53490149974823,1.5068392753601074,0.016650209203362465,0.006005639210343361,0.53490149974823,0.017612649127840996,0.11494144797325134,0.07098378986120224,0.002063472056761384,0.15135762095451355,0.03277746960520744,0.052706215530633926
349,349,datasets/audios/eastern_sliced/carnatic/carnatic_076_003.wav,0,carnatic,7,pop,0.33862897753715515,1.9023668766021729,0.0397772416472435,0.03013516403734684,0.19345462322235107,0.03571002557873726,0.11603253334760666,0.13246048986911774,0.007622760254889727,0.33862897753715515,0.04425830394029617,0.06191984936594963
350,350,datasets/audios/eastern_sliced/carnatic/carnatic_076_004.wav,0,carnatic,2,country,0.6156176328659058,1.4314625263214111,0.043863411992788315,0.007648566737771034,0.6156176328659058,0.023706765845417976,0.0629730224609375,0.03617919608950615,0.006044986192137003,0.06675072759389877,0.0526546835899353,0.08456089347600937
351,351,datasets/audios/eastern_sliced/carnatic/carnatic_077_000.wav,0,carnatic,7,pop,0.31225869059562683,1.7533382177352905,0.08966504782438278,0.017010578885674477,0.019539717584848404,0.2697867751121521,0.15206411480903625,0.10340645909309387,0.002787685254588723,0.31225869059562683,0.019243231043219566,0.014237725175917149
352,352,datasets/audios/eastern_sliced/carnatic/carnatic_077_001.wav,0,carnatic,4,hiphop,0.50227952003479,1.2818150520324707,0.029557036235928535,0.005855122115463018,0.012262997217476368,0.026843758299946785,0.50227952003479,0.04771881550550461,0.00138642149977386,0.342989444732666,0.017107956111431122,0.013999002985656261
353,353,datasets/audios/eastern_sliced/carnatic/carnatic_077_002.wav,0,carnatic,7,pop,0.39360398054122925,1.8547989130020142,0.06951596587896347,0.03175973892211914,0.07265011966228485,0.056604500859975815,0.14995238184928894,0.14677786827087402,0.006655233446508646,0.39360398054122925,0.038429707288742065,0.034050457179546356
354,354,datasets/audios/eastern_sliced/carnatic/carnatic_077_003.wav,0,carnatic,4,hiphop,0.49191612005233765,1.438138484954834,0.030041564255952835,0.011849625036120415,0.007518471218645573,0.03830112889409065,0.49191612005233765,0.16551589965820312,0.0017743862699717283,0.2222260981798172,0.021358443424105644,0.009498248808085918
355,355,datasets/audios/eastern_sliced/carnatic/carnatic_078_000.wav,0,carnatic,7,pop,0.6152615547180176,1.3768950700759888,0.025898883119225502,0.024228107184171677,0.12424921244382858,0.015516372397542,0.06056849658489227,0.08457249402999878,0.002101708436384797,0.6152615547180176,0.02231399156153202,0.02528911642730236
356,356,datasets/audios/eastern_sliced/carnatic/carnatic_078_001.wav,0,carnatic,5,jazz,0.4797075092792511,1.5530511140823364,0.017985163256525993,0.08861754089593887,0.04655253514647484,0.03893646225333214,0.03693385049700737,0.4797075092792511,0.00403559859842062,0.24775083363056183,0.017474744468927383,0.02200574055314064
357,357,datasets/audios/eastern_sliced/carnatic/carnatic_078_002.wav,0,carnatic,1,classical,0.4155735373497009,1.7521404027938843,0.029814546927809715,0.4155735373497009,0.030436130240559578,0.06509546935558319,0.038567569106817245,0.17358314990997314,0.009305103681981564,0.17224615812301636,0.02631431259214878,0.03906397148966789
358,358,datasets/audios/eastern_sliced/carnatic/carnatic_078_003.wav,0,carnatic,7,pop,0.4540046751499176,1.4716219902038574,0.0523967407643795,0.00924548041075468,0.028959602117538452,0.0363304540514946,0.32043424248695374,0.059712737798690796,0.002096477197483182,0.4540046751499176,0.021960103884339333,0.014859499409794807
359,359,datasets/audios/eastern_sliced/carnatic/carnatic_078_004.wav,0,carnatic,4,hiphop,0.3902382254600525,1.8391122817993164,0.10704608261585236,0.024961672723293304,0.019780892878770828,0.04963618889451027,0.3902382254600525,0.06017277389764786,0.029225025326013565,0.058831311762332916,0.21195410192012787,0.04815370589494705
360,360,datasets/audios/eastern_sliced/carnatic/carnatic_079_000.wav,0,carnatic,7,pop,0.2601342797279358,1.9479126930236816,0.08336358517408371,0.015080434270203114,0.11654428392648697,0.026104185730218887,0.2213902771472931,0.1492389440536499,0.0050682183355093,0.2601342797279358,0.08068455010652542,0.04239119589328766
361,361,datasets/audios/eastern_sliced/carnatic/carnatic_079_001.wav,0,carnatic,2,country,0.2832810878753662,1.8571350574493408,0.03420717641711235,0.015019071288406849,0.2832810878753662,0.02624153345823288,0.1489488184452057,0.20148514211177826,0.0034912037663161755,0.19558757543563843,0.03572526574134827,0.0560130849480629
362,362,datasets/audios/eastern_sliced/carnatic/carnatic_079_002.wav,0,carnatic,7,pop,0.3737559914588928,1.7298215627670288,0.09023141860961914,0.02495124749839306,0.03140726685523987,0.04395661875605583,0.14068672060966492,0.2483859807252884,0.003342198673635721,0.3737559914588928,0.021953893825411797,0.021328696981072426
363,363,datasets/audios/eastern_sliced/carnatic/carnatic_079_003.wav,0,carnatic,7,pop,0.4668894410133362,1.607324481010437,0.04921073839068413,0.028017666190862656,0.0598754845559597,0.03803185373544693,0.0805659070611,0.23720920085906982,0.0033140049781650305,0.4668894410133362,0.018403278663754463,0.01848246157169342
364,364,datasets/audios/eastern_sliced/carnatic/carnatic_079_004.wav,0,carnatic,7,pop,0.37478435039520264,1.7839046716690063,0.05286766588687897,0.030756840482354164,0.07679420709609985,0.029645703732967377,0.12503260374069214,0.23927032947540283,0.004357058554887772,0.37478435039520264,0.03353843837976456,0.03295273706316948
365,365,datasets/audios/eastern_sliced/carnatic/carnatic_080_000.wav,0,carnatic,7,pop,0.4460398554801941,1.5926663875579834,0.07117202877998352,0.011314301751554012,0.026689564809203148,0.056659258902072906,0.25152936577796936,0.09714818000793457,0.0019316555699333549,0.4460398554801941,0.021800901740789413,0.01571490801870823
366,366,datasets/audios/eastern_sliced/carnatic/carnatic_080_001.wav,0,carnatic,7,pop,0.23438900709152222,2.110342502593994,0.07340551167726517,0.045256346464157104,0.11833452433347702,0.038367919623851776,0.1014719232916832,0.13572317361831665,0.02032330632209778,0.23438900709152222,0.06639724969863892,0.1663309782743454
367,367,datasets/audios/eastern_sliced/carnatic/carnatic_081_000.wav,0,carnatic,7,pop,0.6585839986801147,1.2019373178482056,0.06225046515464783,0.031072020530700684,0.005167111288756132,0.01732035167515278,0.08870314061641693,0.1208076924085617,0.0008953465730883181,0.6585839986801147,0.0038246200419962406,0.01137532852590084
368,368,datasets/audios/eastern_sliced/carnatic/carnatic_081_001.wav,0,carnatic,7,pop,0.4907330274581909,1.5107210874557495,0.08579931408166885,0.07150238752365112,0.007783930283039808,0.019908715039491653,0.07327674329280853,0.22397856414318085,0.0021373089402914047,0.4907330274581909,0.0068341526202857494,0.018045887351036072
369,369,datasets/audios/eastern_sliced/carnatic/carnatic_081_002.wav,0,carnatic,7,pop,0.359421968460083,1.7613825798034668,0.13387788832187653,0.045901693403720856,0.012919110246002674,0.02636488899588585,0.22145791351795197,0.13903020322322845,0.004527737386524677,0.359421968460083,0.01883205771446228,0.0376666821539402
370,370,datasets/audios/eastern_sliced/carnatic/carnatic_081_003.wav,0,carnatic,7,pop,0.36444592475891113,1.6063072681427002,0.09923055768013,0.027543172240257263,0.007898467592895031,0.025656672194600105,0.3204009234905243,0.11355450749397278,0.0024181862827390432,0.36444592475891113,0.014318394474685192,0.024533124640583992
371,371,datasets/audios/eastern_sliced/carnatic/carnatic_081_004.wav,0,carnatic,7,pop,0.36250320076942444,1.595571517944336,0.10505189746618271,0.023631829768419266,0.00681911688297987,0.02280813828110695,0.31991368532180786,0.11866908520460129,0.002471770392730832,0.36250320076942444,0.014502361416816711,0.023628946393728256
372,372,datasets/audios/eastern_sliced/carnatic/carnatic_082_000.wav,0,carnatic,7,pop,0.5351412892341614,1.600741982460022,0.09131620079278946,0.04233299568295479,0.03262055665254593,0.027759850025177002,0.08680691570043564,0.1179986372590065,0.0062168356962502,0.5351412892341614,0.02014542743563652,0.03966135531663895
373,373,datasets/audios/eastern_sliced/carnatic/carnatic_082_001.wav,0,carnatic,7,pop,0.8391649723052979,0.7105834484100342,0.010526379570364952,0.022609049454331398,0.0025542390067130327,0.012049428187310696,0.05207167938351631,0.05040942505002022,0.0008658982114866376,0.8391649723052979,0.0025520671624690294,0.007196833845227957
374,374,datasets/audios/eastern_sliced/carnatic/carnatic_082_002.wav,0,carnatic,7,pop,0.427211731672287,1.6015945672988892,0.1390390396118164,0.030221333727240562,0.006756142247468233,0.01710934191942215,0.1613134741783142,0.1819772869348526,0.002353982999920845,0.427211731672287,0.010721194557845592,0.023296428844332695
375,375,datasets/audios/eastern_sliced/carnatic/carnatic_082_003.wav,0,carnatic,7,pop,0.7007695436477661,1.1313599348068237,0.04905353859066963,0.036314062774181366,0.0050113508477807045,0.016939440742135048,0.06674718111753464,0.101656973361969,0.0016798358410596848,0.7007695436477661,0.004406566731631756,0.01742149330675602
376,376,datasets/audios/eastern_sliced/carnatic/carnatic_082_004.wav,0,carnatic,7,pop,0.6171371936798096,1.3018525838851929,0.035851020365953445,0.02952895499765873,0.008315234445035458,0.022800657898187637,0.14788182079792023,0.10917223244905472,0.002462901407852769,0.6171371936798096,0.01118540670722723,0.01566454768180847
377,377,datasets/audios/eastern_sliced/carnatic/carnatic_083_000.wav,0,carnatic,7,pop,0.3807068169116974,1.8172359466552734,0.11982464045286179,0.05088751018047333,0.03376949205994606,0.027438268065452576,0.19657203555107117,0.11725394427776337,0.0064514451660215855,0.3807068169116974,0.028730517253279686,0.03836532309651375
378,378,datasets/audios/eastern_sliced/carnatic/carnatic_083_001.wav,0,carnatic,7,pop,0.4201948940753937,1.7632811069488525,0.08304256200790405,0.18657204508781433,0.020880451425909996,0.028007086366415024,0.042773760855197906,0.12708871066570282,0.012769860215485096,0.4201948940753937,0.02082379348576069,0.057846732437610626
379,379,datasets/audios/eastern_sliced/carnatic/carnatic_083_002.wav,0,carnatic,7,pop,0.36081090569496155,1.8537795543670654,0.14697393774986267,0.09136231988668442,0.019412493333220482,0.018241019919514656,0.1085566058754921,0.16270655393600464,0.008007753640413284,0.36081090569496155,0.027187341824173927,0.056741178035736084
380,380,datasets/audios/eastern_sliced/carnatic/carnatic_083_003.wav,0,carnatic,7,pop,0.746737003326416,1.04523766040802,0.02796965464949608,0.07911435514688492,0.009281104430556297,0.028824331238865852,0.02812611311674118,0.046897951513528824,0.003123318077996373,0.746737003326416,0.005182415246963501,0.024743828922510147
381,381,datasets/audios/eastern_sliced/carnatic/carnatic_083_004.wav,0,carnatic,7,pop,0.7248589396476746,1.106535792350769,0.030449338257312775,0.08404906839132309,0.008573298342525959,0.03273236006498337,0.03396375849843025,0.05253927409648895,0.0031293812207877636,0.7248589396476746,0.0053040203638374805,0.024400541558861732
382,382,datasets/audios/eastern_sliced/carnatic/carnatic_084_000.wav,0,carnatic,7,pop,0.8078271746635437,0.878836452960968,0.01565301977097988,0.025427721440792084,0.04093215987086296,0.013894862495362759,0.03371680527925491,0.03170974552631378,0.00209289463236928,0.8078271746635437,0.010960003361105919,0.017785634845495224
383,383,datasets/audios/eastern_sliced/carnatic/carnatic_084_001.wav,0,carnatic,7,pop,0.8143604397773743,0.8433603048324585,0.011658216826617718,0.019570911303162575,0.029596269130706787,0.016817044466733932,0.04684346541762352,0.0386347696185112,0.0016204921994358301,0.8143604397773743,0.008257399313151836,0.012640925124287605
384,384,datasets/audios/eastern_sliced/carnatic/carnatic_084_002.wav,0,carnatic,7,pop,0.4891343414783478,1.631734013557434,0.02707522362470627,0.0677090510725975,0.035296469926834106,0.023695584386587143,0.14342640340328217,0.14834356307983398,0.004461072850972414,0.4891343414783478,0.04001757502555847,0.020840760320425034
385,385,datasets/audios/eastern_sliced/carnatic/carnatic_084_003.wav,0,carnatic,7,pop,0.355423241853714,1.9427748918533325,0.051512446254491806,0.13068780303001404,0.08681298047304153,0.017769288271665573,0.10169938206672668,0.12528136372566223,0.007374665699899197,0.355423241853714,0.06416963785886765,0.05926913395524025
386,386,datasets/audios/eastern_sliced/carnatic/carnatic_084_004.wav,0,carnatic,7,pop,0.5325323343276978,1.46830153465271,0.023874495178461075,0.20856505632400513,0.008113335818052292,0.02040821872651577,0.04462851956486702,0.09636892378330231,0.007030432112514973,0.5325323343276978,0.014777304604649544,0.04370133951306343
387,387,datasets/audios/eastern_sliced/carnatic/carnatic_085_000.wav,0,carnatic,0,blues,0.27057957649230957,1.888346791267395,0.27057957649230957,0.05633889511227608,0.016213862225413322,0.019661808386445045,0.12908843159675598,0.15460334718227386,0.0076956115663051605,0.2402227222919464,0.025311142206192017,0.08028470724821091
388,388,datasets/audios/eastern_sliced/carnatic/carnatic_085_001.wav,0,carnatic,7,pop,0.3042307198047638,1.9057554006576538,0.20780859887599945,0.06764529645442963,0.015862518921494484,0.02057669311761856,0.1413949728012085,0.1175708994269371,0.008694108575582504,0.3042307198047638,0.033416058868169785,0.08280020207166672
389,389,datasets/audios/eastern_sliced/carnatic/carnatic_085_002.wav,0,carnatic,7,pop,0.60365229845047,1.223175048828125,0.03903123736381531,0.01999291032552719,0.006338232662528753,0.015887396410107613,0.23935244977474213,0.045044898986816406,0.002598934108391404,0.60365229845047,0.009616043418645859,0.018485521897673607
390,390,datasets/audios/eastern_sliced/carnatic/carnatic_085_003.wav,0,carnatic,7,pop,0.5738770961761475,1.2504551410675049,0.03916679322719574,0.01675238646566868,0.00712457625195384,0.01677224040031433,0.2711070775985718,0.03891150280833244,0.003105542389675975,0.5738770961761475,0.011536773294210434,0.021646082401275635
391,391,datasets/audios/eastern_sliced/carnatic/carnatic_085_004.wav,0,carnatic,7,pop,0.35492631793022156,1.7765663862228394,0.12408146262168884,0.09198272973299026,0.009280362166464329,0.018300242722034454,0.12124022096395493,0.21831539273262024,0.006130710709840059,0.35492631793022156,0.016246797516942024,0.03949575871229172
392,392,datasets/audios/eastern_sliced/carnatic/carnatic_086_000.wav,0,carnatic,7,pop,0.8897259831428528,0.5657444596290588,0.006960330065339804,0.017179233953356743,0.012697312980890274,0.009784610942006111,0.025489848107099533,0.02302505075931549,0.0011446969583630562,0.8897259831428528,0.00454739248380065,0.009445524774491787
393,393,datasets/audios/eastern_sliced/carnatic/carnatic_086_001.wav,0,carnatic,7,pop,0.713362991809845,1.125014305114746,0.012987098656594753,0.04021216556429863,0.01929166167974472,0.019871598109602928,0.08323763310909271,0.08070574700832367,0.0027287835255265236,0.713362991809845,0.013684602454304695,0.013917711563408375
394,394,datasets/audios/eastern_sliced/carnatic/carnatic_086_002.wav,0,carnatic,7,pop,0.8207072615623474,0.8202064633369446,0.024152420461177826,0.02351662702858448,0.007383751682937145,0.018171679228544235,0.0453682579100132,0.035447631031274796,0.00216504349373281,0.8207072615623474,0.004844666924327612,0.018242644146084785
395,395,datasets/audios/eastern_sliced/carnatic/carnatic_086_003.wav,0,carnatic,7,pop,0.460755318403244,1.571437954902649,0.08872232586145401,0.074750617146492,0.006862294394522905,0.022018946707248688,0.08484702557325363,0.22976332902908325,0.0035403354559093714,0.460755318403244,0.009450375102460384,0.019289376214146614
396,396,datasets/audios/eastern_sliced/carnatic/carnatic_086_004.wav,0,carnatic,7,pop,0.8575490117073059,0.6637756824493408,0.008933129720389843,0.033155567944049835,0.002205923432484269,0.009143521077930927,0.03734683245420456,0.03453507274389267,0.0011110686464235187,0.8575490117073059,0.0029696784913539886,0.013050141744315624
397,397,datasets/audios/eastern_sliced/carnatic/carnatic_087_000.wav,0,carnatic,7,pop,0.4349771738052368,1.7463337182998657,0.08128446340560913,0.11166637390851974,0.015565135516226292,0.03808436915278435,0.09374134242534637,0.1631079614162445,0.006956552155315876,0.4349771738052368,0.018770433962345123,0.035846222192049026
398,398,datasets/audios/eastern_sliced/carnatic/carnatic_087_001.wav,0,carnatic,7,pop,0.5028350949287415,1.5443614721298218,0.11326004564762115,0.028401777148246765,0.010961472056806087,0.022797102108597755,0.17642167210578918,0.0989321693778038,0.003129746066406369,0.5028350949287415,0.012849818915128708,0.030411073938012123
399,399,datasets/audios/eastern_sliced/carnatic/carnatic_087_002.wav,0,carnatic,5,jazz,0.2807086408138275,1.7980717420578003,0.11036019772291183,0.16147346794605255,0.011622168123722076,0.02244114689528942,0.09390580654144287,0.2807086408138275,0.003811541711911559,0.271017462015152,0.020323393866419792,0.024336181581020355
400,400,datasets/audios/eastern_sliced/carnatic/carnatic_087_003.wav,0,carnatic,7,pop,0.3456500768661499,1.8370800018310547,0.13911879062652588,0.08902111649513245,0.015425440855324268,0.020941590890288353,0.1416795253753662,0.17724382877349854,0.005018781870603561,0.3456500768661499,0.03055090829730034,0.03534992039203644
401,401,datasets/audios/eastern_sliced/carnatic/carnatic_087_004.wav,0,carnatic,7,pop,0.6938217282295227,1.189517617225647,0.026199406012892723,0.057276371866464615,0.010645981878042221,0.01942337676882744,0.06805607676506042,0.08800891786813736,0.004081312101334333,0.6938217282295227,0.011640560813248158,0.02084621600806713
402,402,datasets/audios/eastern_sliced/carnatic/carnatic_088_000.wav,0,carnatic,7,pop,0.21627867221832275,2.051821231842041,0.07891982048749924,0.14252391457557678,0.08299999684095383,0.01397843286395073,0.10258952528238297,0.199594646692276,0.007659238763153553,0.21627867221832275,0.1094808578491211,0.04597490653395653
403,403,datasets/audios/eastern_sliced/carnatic/carnatic_088_001.wav,0,carnatic,7,pop,0.696282684803009,1.1878632307052612,0.026873871684074402,0.05802060663700104,0.013854644261300564,0.029479194432497025,0.07374261319637299,0.07352741807699203,0.002555340761318803,0.696282684803009,0.009359223768115044,0.016304312273859978
404,404,datasets/audios/eastern_sliced/carnatic/carnatic_088_002.wav,0,carnatic,7,pop,0.5662232041358948,1.477160930633545,0.05835336074233055,0.06599032878875732,0.018215076997876167,0.027745069935917854,0.09368845075368881,0.1364215910434723,0.002923115622252226,0.5662232041358948,0.012419174425303936,0.018020659685134888
405,405,datasets/audios/eastern_sliced/carnatic/carnatic_088_003.wav,0,carnatic,7,pop,0.7975789308547974,0.910766065120697,0.016628338024020195,0.05227242037653923,0.018358459696173668,0.025554319843649864,0.029261961579322815,0.026681389659643173,0.003056194866076112,0.7975789308547974,0.006992010865360498,0.023616010323166847
406,406,datasets/audios/eastern_sliced/carnatic/carnatic_088_004.wav,0,carnatic,7,pop,0.49423423409461975,1.6221786737442017,0.09395738691091537,0.082395538687706,0.01377531886100769,0.019637523218989372,0.09640256315469742,0.1474791020154953,0.004954510368406773,0.49423423409461975,0.018646322190761566,0.028517520055174828
407,407,datasets/audios/eastern_sliced/carnatic/carnatic_089_000.wav,0,carnatic,7,pop,0.6728854179382324,1.2229095697402954,0.033368490636348724,0.04560856521129608,0.01211964339017868,0.014652412384748459,0.10168005526065826,0.08725610375404358,0.002941553480923176,0.6728854179382324,0.013850112445652485,0.01563766971230507
408,408,datasets/audios/eastern_sliced/carnatic/carnatic_089_001.wav,0,carnatic,7,pop,0.7763981223106384,0.9616609215736389,0.020309433341026306,0.04581120237708092,0.009960970841348171,0.02130844071507454,0.03823781758546829,0.06015697866678238,0.0027061004657298326,0.7763981223106384,0.006579904817044735,0.018531115725636482
409,409,datasets/audios/eastern_sliced/carnatic/carnatic_089_002.wav,0,carnatic,7,pop,0.7175176739692688,1.1676914691925049,0.045214198529720306,0.053691230714321136,0.01892179250717163,0.014114235527813435,0.04734267294406891,0.047342799603939056,0.004565747920423746,0.7175176739692688,0.015598880127072334,0.03569076955318451
410,410,datasets/audios/eastern_sliced/carnatic/carnatic_089_003.wav,0,carnatic,7,pop,0.732138991355896,1.1201339960098267,0.04570009559392929,0.04351824149489403,0.017029860988259315,0.013705162331461906,0.050548240542411804,0.04735630005598068,0.00372436479665339,0.732138991355896,0.013479872606694698,0.03279882296919823
411,411,datasets/audios/eastern_sliced/carnatic/carnatic_089_004.wav,0,carnatic,7,pop,0.6415771842002869,1.3243160247802734,0.042798273265361786,0.06450355052947998,0.015028571709990501,0.02065812423825264,0.05858898535370827,0.11583539098501205,0.0036654409486800432,0.6415771842002869,0.015686852857470512,0.021657669916749
412,412,datasets/audios/eastern_sliced/carnatic/carnatic_090_000.wav,0,carnatic,7,pop,0.693071722984314,1.164184808731079,0.04795362427830696,0.022701876237988472,0.010989333502948284,0.023618759587407112,0.1187785267829895,0.04956132173538208,0.002229684265330434,0.693071722984314,0.007306218147277832,0.023788969963788986
413,413,datasets/audios/eastern_sliced/carnatic/carnatic_090_001.wav,0,carnatic,7,pop,0.607852578163147,1.3397395610809326,0.05307720974087715,0.05303441733121872,0.005122943315654993,0.010614161379635334,0.11325804889202118,0.12124989926815033,0.0028107231482863426,0.607852578163147,0.008422436192631721,0.024557527154684067
414,414,datasets/audios/eastern_sliced/carnatic/carnatic_091_000.wav,0,carnatic,5,jazz,0.3170575797557831,1.7762609720230103,0.039526622742414474,0.04736154526472092,0.06692354381084442,0.020984267815947533,0.25251415371894836,0.3170575797557831,0.0014141647843644023,0.19548921287059784,0.04157575964927673,0.017153140157461166
415,415,datasets/audios/eastern_sliced/carnatic/carnatic_091_001.wav,0,carnatic,5,jazz,0.28003814816474915,1.8672183752059937,0.04793091490864754,0.04131517931818962,0.12909787893295288,0.024936793372035027,0.2422504723072052,0.28003814816474915,0.0015984701458364725,0.16551698744297028,0.04293527826666832,0.02437984012067318
416,416,datasets/audios/eastern_sliced/carnatic/carnatic_091_002.wav,0,carnatic,5,jazz,0.3471740484237671,1.770330548286438,0.044207923114299774,0.04336203634738922,0.28281211853027344,0.018846411257982254,0.11725190281867981,0.3471740484237671,0.001950582372955978,0.06327719986438751,0.047150637954473495,0.03396717458963394
417,417,datasets/audios/eastern_sliced/carnatic/carnatic_091_003.wav,0,carnatic,5,jazz,0.29349285364151,1.8065162897109985,0.03806691989302635,0.031359605491161346,0.11896073073148727,0.021622134372591972,0.25639253854751587,0.29349285364151,0.0014611821388825774,0.17704129219055176,0.03830801695585251,0.023294730111956596
418,418,datasets/audios/eastern_sliced/carnatic/carnatic_092_000.wav,0,carnatic,2,country,0.35230252146720886,1.918357491493225,0.04101612791419029,0.08369729667901993,0.35230252146720886,0.02846764586865902,0.06034214794635773,0.16208994388580322,0.0071550519205629826,0.1383982002735138,0.03637465834617615,0.09015633165836334
419,419,datasets/audios/eastern_sliced/carnatic/carnatic_092_001.wav,0,carnatic,1,classical,0.5033408403396606,1.6459816694259644,0.16182762384414673,0.5033408403396606,0.06098664924502373,0.02750205807387829,0.01631171815097332,0.052739594131708145,0.015805406495928764,0.02434486895799637,0.04329738765954971,0.09384391456842422
420,420,datasets/audios/eastern_sliced/carnatic/carnatic_092_002.wav,0,carnatic,2,country,0.2646240293979645,1.9957425594329834,0.07903647422790527,0.06515216082334518,0.2646240293979645,0.02338513545691967,0.1918012946844101,0.17904619872570038,0.0048980312421917915,0.07259523868560791,0.06312056630849838,0.05634080991148949
421,421,datasets/audios/eastern_sliced/carnatic/carnatic_092_003.wav,0,carnatic,4,hiphop,0.24341481924057007,1.9773261547088623,0.10167580842971802,0.038142163306474686,0.1706247627735138,0.023461801931262016,0.24341481924057007,0.2144029140472412,0.003575294977054,0.10391858220100403,0.04807720705866814,0.05270667001605034
422,422,datasets/audios/eastern_sliced/carnatic/carnatic_092_004.wav,0,carnatic,4,hiphop,0.3585346043109894,1.815382719039917,0.10401163250207901,0.02124197408556938,0.10564596951007843,0.015630105510354042,0.3585346043109894,0.22061756253242493,0.0020037933718413115,0.07894067466259003,0.061046455055475235,0.032327283173799515
423,423,datasets/audios/eastern_sliced/carnatic/carnatic_093_000.wav,0,carnatic,2,country,0.34183210134506226,1.754523515701294,0.01878485083580017,0.023740319535136223,0.34183210134506226,0.032250773161649704,0.11858600378036499,0.2668914198875427,0.002190754748880863,0.12634548544883728,0.035204555839300156,0.03417380526661873
424,424,datasets/audios/eastern_sliced/carnatic/carnatic_093_001.wav,0,carnatic,5,jazz,0.4950505495071411,1.5393712520599365,0.016511743888258934,0.029820935800671577,0.05240383744239807,0.021936675533652306,0.18614239990711212,0.4950505495071411,0.0013954374007880688,0.15027250349521637,0.028639519587159157,0.017826374620199203
425,425,datasets/audios/eastern_sliced/carnatic/carnatic_093_002.wav,0,carnatic,5,jazz,0.5742824673652649,1.3818672895431519,0.020507298409938812,0.015550978481769562,0.0708438828587532,0.013540043495595455,0.1694718301296234,0.5742824673652649,0.0005784441600553691,0.10254620760679245,0.0170269887894392,0.015651799738407135
426,426,datasets/audios/eastern_sliced/carnatic/carnatic_093_003.wav,0,carnatic,5,jazz,0.4513852298259735,1.6676578521728516,0.04697703942656517,0.03196469694375992,0.08631845563650131,0.016104646027088165,0.2086416631937027,0.4513852298259735,0.0018450943753123283,0.09502851963043213,0.03023676387965679,0.03149786219000816
427,427,datasets/audios/eastern_sliced/carnatic/carnatic_093_004.wav,0,carnatic,5,jazz,0.6658875942230225,1.2221930027008057,0.014596098102629185,0.01719582825899124,0.1101534441113472,0.011057626456022263,0.08736120909452438,0.6658875942230225,0.000691634020768106,0.05564258620142937,0.021878503262996674,0.015535421669483185
428,428,datasets/audios/eastern_sliced/carnatic/carnatic_094_000.wav,0,carnatic,5,jazz,0.4466208517551422,1.7283319234848022,0.05261887237429619,0.04469427466392517,0.10154956579208374,0.02360977604985237,0.18563073873519897,0.4466208517551422,0.0028965838719159365,0.0728585496544838,0.032645247876644135,0.03687561675906181
429,429,datasets/audios/eastern_sliced/carnatic/carnatic_094_001.wav,0,carnatic,5,jazz,0.754977285861969,1.0235599279403687,0.022098040208220482,0.06326907873153687,0.022817272692918777,0.00852284673601389,0.05466359108686447,0.754977285861969,0.001051373197697103,0.03394979611039162,0.0312143974006176,0.007436297833919525
430,430,datasets/audios/eastern_sliced/carnatic/carnatic_094_002.wav,0,carnatic,4,hiphop,0.6746760606765747,1.213165283203125,0.08444984257221222,0.012637813575565815,0.017422175034880638,0.008871324360370636,0.6746760606765747,0.0890241265296936,0.0008864199626259506,0.04041861742734909,0.06034661829471588,0.011266922578215599
431,431,datasets/audios/eastern_sliced/carnatic/carnatic_094_003.wav,0,carnatic,5,jazz,0.3665747344493866,1.6641589403152466,0.2775742709636688,0.16242632269859314,0.009299267083406448,0.03713436797261238,0.057380083948373795,0.3665747344493866,0.0034171321894973516,0.048498719930648804,0.021421026438474655,0.01627400889992714
432,432,datasets/audios/eastern_sliced/carnatic/carnatic_094_004.wav,0,carnatic,5,jazz,0.3108404278755188,1.9289608001708984,0.04384462907910347,0.19105306267738342,0.08299697935581207,0.027418728917837143,0.07360941171646118,0.3108404278755188,0.0037807365879416466,0.15471410751342773,0.08586017787456512,0.02588174305856228
433,433,datasets/audios/eastern_sliced/carnatic/carnatic_095_000.wav,0,carnatic,1,classical,0.33291515707969666,1.9721245765686035,0.16275709867477417,0.33291515707969666,0.05533415824174881,0.03225988894701004,0.03341773524880409,0.1019548624753952,0.020003508776426315,0.06482475996017456,0.05641547963023186,0.1401173323392868
434,434,datasets/audios/eastern_sliced/carnatic/carnatic_095_001.wav,0,carnatic,1,classical,0.5658939480781555,1.4108446836471558,0.04214305803179741,0.5658939480781555,0.017467087134718895,0.0277820136398077,0.01873389445245266,0.20994560420513153,0.006407374981790781,0.0659504383802414,0.028778376057744026,0.01689814031124115
435,435,datasets/audios/eastern_sliced/carnatic/carnatic_095_002.wav,0,carnatic,1,classical,0.5248284339904785,1.4890921115875244,0.04296587407588959,0.5248284339904785,0.01791992597281933,0.028195615857839584,0.020572500303387642,0.21615929901599884,0.006556458305567503,0.09705540537834167,0.025636496022343636,0.02010994218289852
436,436,datasets/audios/eastern_sliced/carnatic/carnatic_095_003.wav,0,carnatic,5,jazz,0.33827078342437744,1.5917073488235474,0.019546058028936386,0.012940158136188984,0.07066605985164642,0.014536858536303043,0.33465805649757385,0.33827078342437744,0.0006005660980008543,0.15725389122962952,0.03896068036556244,0.012566881254315376
437,437,datasets/audios/eastern_sliced/carnatic/carnatic_095_004.wav,0,carnatic,5,jazz,0.42352965474128723,1.7146406173706055,0.03100140020251274,0.03319608047604561,0.15920506417751312,0.022708825767040253,0.1468537300825119,0.42352965474128723,0.0015603386564180255,0.1268557757139206,0.02629687637090683,0.02879224345088005
438,438,datasets/audios/eastern_sliced/carnatic/carnatic_096_000.wav,0,carnatic,5,jazz,0.5959029197692871,1.3598884344100952,0.07169753313064575,0.014402139000594616,0.05021752789616585,0.00982094556093216,0.16797824203968048,0.5959029197692871,0.0007100570946931839,0.052117619663476944,0.02307434007525444,0.014078673906624317
439,439,datasets/audios/eastern_sliced/carnatic/carnatic_096_001.wav,0,carnatic,5,jazz,0.7109372019767761,1.1000725030899048,0.052518606185913086,0.11367583274841309,0.007392471190541983,0.007032410707324743,0.0484946146607399,0.7109372019767761,0.0016674456419423223,0.02752244845032692,0.01738276518881321,0.013376237824559212
440,440,datasets/audios/eastern_sliced/carnatic/carnatic_096_002.wav,0,carnatic,5,jazz,0.7871159315109253,0.9075908660888672,0.030090970918536186,0.054313238710165024,0.01137586310505867,0.006334051955491304,0.05943261459469795,0.7871159315109253,0.0007876786985434592,0.02948506362736225,0.013168680481612682,0.007895788177847862
441,441,datasets/audios/eastern_sliced/carnatic/carnatic_096_003.wav,0,carnatic,5,jazz,0.31468334794044495,1.7794049978256226,0.1887366771697998,0.11557420343160629,0.01046081818640232,0.02200455591082573,0.23228617012500763,0.31468334794044495,0.002698503201827407,0.04457787424325943,0.04885295778512955,0.02012484334409237
442,442,datasets/audios/eastern_sliced/carnatic/carnatic_096_004.wav,0,carnatic,4,hiphop,0.3921910226345062,1.6430565118789673,0.12368708848953247,0.038152989000082016,0.007702775299549103,0.019267119467258453,0.3921910226345062,0.27463844418525696,0.0022588057909160852,0.08665221184492111,0.029822763055562973,0.025626789778470993
443,443,datasets/audios/eastern_sliced/carnatic/carnatic_097_000.wav,0,carnatic,5,jazz,0.347503125667572,1.8844935894012451,0.08423646539449692,0.14074689149856567,0.17501787841320038,0.03217922896146774,0.03050297126173973,0.347503125667572,0.004829226993024349,0.04530579224228859,0.11177975684404373,0.027898650616407394
444,444,datasets/audios/eastern_sliced/carnatic/carnatic_097_001.wav,0,carnatic,5,jazz,0.8327025771141052,0.7556276321411133,0.032479122281074524,0.01621989905834198,0.014550135470926762,0.00545900221914053,0.056124452501535416,0.8327025771141052,0.00035354215651750565,0.02699909172952175,0.009969433769583702,0.00514272041618824
445,445,datasets/audios/eastern_sliced/carnatic/carnatic_097_002.wav,0,carnatic,5,jazz,0.848507285118103,0.7068085670471191,0.029185926541686058,0.011949659325182438,0.019182344898581505,0.005146863870322704,0.0445496067404747,0.848507285118103,0.0003074806008953601,0.026798876002430916,0.00926264189183712,0.005109280813485384
446,446,datasets/audios/eastern_sliced/carnatic/carnatic_097_003.wav,0,carnatic,5,jazz,0.5668837428092957,1.3295550346374512,0.15447314083576202,0.1782119870185852,0.006794606801122427,0.018967078998684883,0.016675811260938644,0.5668837428092957,0.0035926331765949726,0.011544553562998772,0.015066154301166534,0.02779030054807663
447,447,datasets/audios/eastern_sliced/carnatic/carnatic_097_004.wav,0,carnatic,5,jazz,0.43840014934539795,1.6970032453536987,0.03934165835380554,0.019020264968276024,0.1683010309934616,0.01911187916994095,0.15218472480773926,0.43840014934539795,0.0023325702641159296,0.08753472566604614,0.036173466593027115,0.03759947419166565
448,448,datasets/audios/eastern_sliced/carnatic/carnatic_098_000.wav,0,carnatic,5,jazz,0.41865652799606323,1.5982555150985718,0.04172486066818237,0.0494232177734375,0.026030348613858223,0.018071969971060753,0.2926632761955261,0.41865652799606323,0.001499520381912589,0.10283920168876648,0.02683599479496479,0.022255055606365204
449,449,datasets/audios/eastern_sliced/carnatic/carnatic_098_001.wav,0,carnatic,4,hiphop,0.5242295265197754,1.4144806861877441,0.041769348084926605,0.010371788404881954,0.03339480236172676,0.010659254156053066,0.5242295265197754,0.24589285254478455,0.000795047904830426,0.08825148642063141,0.026032743975520134,0.01860307715833187
450,450,datasets/audios/eastern_sliced/carnatic/carnatic_098_002.wav,0,carnatic,4,hiphop,0.5150358080863953,1.424584150314331,0.03754900395870209,0.010338596068322659,0.0374450720846653,0.010434912517666817,0.5150358080863953,0.24762549996376038,0.0006949589005671442,0.09870599210262299,0.023497670888900757,0.018672341480851173
451,451,datasets/audios/eastern_sliced/carnatic/carnatic_098_003.wav,0,carnatic,4,hiphop,0.5317708253860474,1.4135501384735107,0.0276893712580204,0.007395160850137472,0.06629204005002975,0.007714864797890186,0.5317708253860474,0.2365138977766037,0.0006498596630990505,0.06238624453544617,0.0399310328066349,0.01965673640370369
452,452,datasets/audios/eastern_sliced/carnatic/carnatic_098_004.wav,0,carnatic,4,hiphop,0.7698880434036255,0.9453423619270325,0.041963204741477966,0.0034940598998218775,0.010121932253241539,0.004645638633519411,0.7698880434036255,0.07943223416805267,0.0009799730032682419,0.03788558766245842,0.03071376495063305,0.020875470712780952
453,453,datasets/audios/eastern_sliced/carnatic/carnatic_099_000.wav,0,carnatic,5,jazz,0.515750527381897,1.6444543600082397,0.04801862686872482,0.05768788233399391,0.09496895223855972,0.019343623891472816,0.07010700553655624,0.515750527381897,0.0018870559288188815,0.11772098392248154,0.046781715005636215,0.027733687311410904
454,454,datasets/audios/eastern_sliced/carnatic/carnatic_099_001.wav,0,carnatic,2,country,0.6382390260696411,1.3522169589996338,0.019742121919989586,0.01977488026022911,0.6382390260696411,0.024602117016911507,0.042258597910404205,0.10715605318546295,0.003281211480498314,0.05868275836110115,0.022804372012615204,0.0634588748216629
455,455,datasets/audios/eastern_sliced/carnatic/carnatic_099_002.wav,0,carnatic,5,jazz,0.34450429677963257,1.8903236389160156,0.1352616250514984,0.041600678116083145,0.12885653972625732,0.03765721991658211,0.17168432474136353,0.34450429677963257,0.0018292688764631748,0.06812382489442825,0.0366528145968914,0.03382933884859085
456,456,datasets/audios/eastern_sliced/carnatic/carnatic_099_003.wav,0,carnatic,0,blues,0.3408965766429901,1.8220057487487793,0.3408965766429901,0.17248035967350006,0.009697428904473782,0.03253819793462753,0.11741146445274353,0.17509067058563232,0.004946359433233738,0.018446777015924454,0.0932929590344429,0.03519916161894798
457,457,datasets/audios/eastern_sliced/carnatic/carnatic_099_004.wav,0,carnatic,4,hiphop,0.3163602352142334,1.6327571868896484,0.23853792250156403,0.03575718775391579,0.010030758567154408,0.013407242484390736,0.3163602352142334,0.28489652276039124,0.0023068017326295376,0.027505256235599518,0.04789839684963226,0.02329961583018303
458,458,datasets/audios/eastern_sliced/cpop/cpop_000_000.wav,1,cpop,7,pop,0.4316600561141968,1.2092236280441284,0.014018869027495384,0.01057763397693634,0.43125179409980774,0.009096650406718254,0.008031409233808517,0.01155252568423748,0.00246926280669868,0.4316600561141968,0.007048958912491798,0.07429283112287521
459,459,datasets/audios/eastern_sliced/cpop/cpop_001_000.wav,1,cpop,7,pop,0.4938046932220459,1.230338215827942,0.004404701292514801,0.01314385887235403,0.34198498725891113,0.012059925124049187,0.005940083879977465,0.005777278449386358,0.010203713551163673,0.4938046932220459,0.007600642740726471,0.10508009791374207
460,460,datasets/audios/eastern_sliced/cpop/cpop_002_000.wav,1,cpop,2,country,0.48925113677978516,1.1478413343429565,0.004414719995111227,0.001599277020432055,0.48925113677978516,0.10751964151859283,0.003437207080423832,0.0012513472465798259,0.0013786439085379243,0.35873129963874817,0.0022619753144681454,0.030154826119542122
461,461,datasets/audios/eastern_sliced/cpop/cpop_003_000.wav,1,cpop,7,pop,0.8463480472564697,0.5651824474334717,0.0009691580780781806,0.002760539995506406,0.11436878144741058,0.01240708027034998,0.0010532543528825045,0.0005715211154893041,0.00027860142290592194,0.8463480472564697,0.0006650867871940136,0.020578010007739067
462,462,datasets/audios/eastern_sliced/cpop/cpop_004_000.wav,1,cpop,7,pop,0.9708824753761292,0.18890175223350525,0.0011425175471231341,0.002934045623987913,0.0034088019747287035,0.004636881407350302,0.008163685910403728,0.002018900355324149,0.0004871747805736959,0.9708824753761292,0.0015813467325642705,0.004744131118059158
463,463,datasets/audios/eastern_sliced/cpop/cpop_005_000.wav,1,cpop,7,pop,0.5611836910247803,1.4734821319580078,0.015606165863573551,0.030939117074012756,0.17860788106918335,0.05413242429494858,0.030749984085559845,0.047543223947286606,0.006090089678764343,0.5611836910247803,0.012508373707532883,0.06263907998800278
464,464,datasets/audios/eastern_sliced/cpop/cpop_006_000.wav,1,cpop,7,pop,0.5111832618713379,1.3414907455444336,0.006856983993202448,0.012430844828486443,0.2676931619644165,0.06991434842348099,0.008865052834153175,0.008793963119387627,0.0048456876538693905,0.5111832618713379,0.0047424971126019955,0.10467417538166046
465,465,datasets/audios/eastern_sliced/cpop/cpop_007_000.wav,1,cpop,7,pop,0.6732456684112549,0.9834146499633789,0.0013223695568740368,0.011744523420929909,0.11895346641540527,0.011195912957191467,0.001639646477997303,0.0019412378314882517,0.00254843570291996,0.6732456684112549,0.001341085648164153,0.17606760561466217
466,466,datasets/audios/eastern_sliced/cpop/cpop_008_000.wav,1,cpop,7,pop,0.44443079829216003,1.3259830474853516,0.009163854643702507,0.008831302635371685,0.3229485750198364,0.01154245249927044,0.0033862527925521135,0.007036407012492418,0.024694761261343956,0.44443079829216003,0.00405215285718441,0.1639135181903839
467,467,datasets/audios/eastern_sliced/cpop/cpop_009_000.wav,1,cpop,7,pop,0.7187613248825073,0.9421364665031433,0.012424133718013763,0.007961392402648926,0.17221476137638092,0.007930713705718517,0.004645278677344322,0.005788971669971943,0.0038764465134590864,0.7187613248825073,0.003643776522949338,0.06275316327810287
468,468,datasets/audios/eastern_sliced/cpop/cpop_010_000.wav,1,cpop,7,pop,0.7418264746665955,1.0864906311035156,0.028282571583986282,0.06401999294757843,0.037633296102285385,0.014497478492558002,0.013787920586764812,0.032115157693624496,0.007771768607199192,0.7418264746665955,0.010077952407300472,0.04998733103275299
469,469,datasets/audios/eastern_sliced/cpop/cpop_011_000.wav,1,cpop,7,pop,0.9463350176811218,0.3018587529659271,0.0017145025776699185,0.0023184786550700665,0.011444550938904285,0.007436224725097418,0.009689217433333397,0.001433354103937745,0.000480921589769423,0.9463350176811218,0.0008058699895627797,0.018341831862926483
470,470,datasets/audios/eastern_sliced/cpop/cpop_012_000.wav,1,cpop,7,pop,0.8702409863471985,0.6239564418792725,0.005794611293822527,0.013276051729917526,0.014470717869699001,0.0394626148045063,0.011203116737306118,0.0034701579716056585,0.004168846644461155,0.8702409863471985,0.002821210538968444,0.03509177267551422
471,471,datasets/audios/eastern_sliced/cpop/cpop_013_000.wav,1,cpop,2,country,0.6283199787139893,1.1337463855743408,0.012046698480844498,0.006824105978012085,0.6283199787139893,0.013792548328638077,0.002968487096950412,0.00960755255073309,0.005178088787943125,0.18674609065055847,0.005523631349205971,0.12899278104305267
472,472,datasets/audios/eastern_sliced/cpop/cpop_014_000.wav,1,cpop,7,pop,0.5339744687080383,0.9199973940849304,0.00311259925365448,0.0025322658475488424,0.4153083264827728,0.006059751845896244,0.0016904069343581796,0.0020306038204580545,0.0008422026294283569,0.5339744687080383,0.0031819352880120277,0.031267330050468445
473,473,datasets/audios/eastern_sliced/cpop/cpop_015_000.wav,1,cpop,7,pop,0.34774959087371826,1.6285722255706787,0.035056427121162415,0.014724267646670341,0.30627503991127014,0.013121867552399635,0.016607174649834633,0.012730578891932964,0.051102131605148315,0.34774959087371826,0.019131125882267952,0.18350180983543396
474,474,datasets/audios/eastern_sliced/cpop/cpop_016_000.wav,1,cpop,2,country,0.6780338883399963,0.9100794196128845,0.004748545121401548,0.006194052752107382,0.6780338883399963,0.007113300729542971,0.0012437088880687952,0.005138053093105555,0.00818024855107069,0.034481797367334366,0.0027769217267632484,0.2520895302295685
475,475,datasets/audios/eastern_sliced/cpop/cpop_017_000.wav,1,cpop,7,pop,0.9793413281440735,0.13369975984096527,0.0004864900838583708,0.0008148690685629845,0.00837861467152834,0.0038836654275655746,0.0015208086697384715,0.0006300956010818481,0.000134178320877254,0.9793413281440735,0.00017315892910119146,0.004636665340512991
476,476,datasets/audios/eastern_sliced/cpop/cpop_018_000.wav,1,cpop,7,pop,0.5003596544265747,1.332110047340393,0.00710851326584816,0.018545404076576233,0.30030208826065063,0.021771304309368134,0.008934574201703072,0.015653610229492188,0.00887398049235344,0.5003596544265747,0.008321734145283699,0.11012919992208481
477,477,datasets/audios/eastern_sliced/cpop/cpop_019_000.wav,1,cpop,9,rock,0.3684185743331909,1.5813385248184204,0.00633648969233036,0.04979535564780235,0.2047690898180008,0.028927819803357124,0.003249129746109247,0.010638809762895107,0.05380254611372948,0.2688407003879547,0.005221545230597258,0.3684185743331909
478,478,datasets/audios/eastern_sliced/cpop/cpop_020_000.wav,1,cpop,7,pop,0.9667457938194275,0.21132098138332367,0.0016413233242928982,0.002006563125178218,0.00693311495706439,0.004762518219649792,0.007475898135453463,0.002822259673848748,0.0006306318682618439,0.9667457938194275,0.001215085620060563,0.005766828544437885
479,479,datasets/audios/eastern_sliced/cpop/cpop_021_000.wav,1,cpop,7,pop,0.5864558219909668,1.245487928390503,0.01400916650891304,0.00525815412402153,0.17268700897693634,0.13898557424545288,0.006123949773609638,0.005358237773180008,0.002403293503448367,0.5864558219909668,0.002233077073469758,0.06648577749729156
480,480,datasets/audios/eastern_sliced/cpop/cpop_022_000.wav,1,cpop,7,pop,0.9299893379211426,0.35428088903427124,0.001567185390740633,0.005220793187618256,0.03548067808151245,0.0037508963141590357,0.0021660481579601765,0.0016037044115364552,0.0005338024348020554,0.9299893379211426,0.001323106698691845,0.01836443319916725
481,481,datasets/audios/eastern_sliced/cpop/cpop_023_000.wav,1,cpop,7,pop,0.9631076455116272,0.22446376085281372,0.0011101153213530779,0.002880786545574665,0.009708289057016373,0.0030751358717679977,0.0072428216226398945,0.0012875880347564816,0.0004931575967930257,0.9631076455116272,0.000898074998985976,0.010196341201663017
482,482,datasets/audios/eastern_sliced/cpop/cpop_024_000.wav,1,cpop,7,pop,0.6444448232650757,1.043398141860962,0.007467496208846569,0.00537981279194355,0.24361565709114075,0.04324866086244583,0.006000856403261423,0.0036046127788722515,0.0024417201057076454,0.6444448232650757,0.003852422349154949,0.039943989366292953
483,483,datasets/audios/eastern_sliced/cpop/cpop_025_000.wav,1,cpop,2,country,0.5566016435623169,1.178734302520752,0.008280983194708824,0.006168326362967491,0.5566016435623169,0.011909901164472103,0.0026403863448649645,0.004378919024020433,0.006192279513925314,0.23546329140663147,0.003582857782021165,0.16478140652179718
484,484,datasets/audios/eastern_sliced/cpop/cpop_026_000.wav,1,cpop,7,pop,0.4552057981491089,1.2427985668182373,0.009685968048870564,0.010871529579162598,0.3904576897621155,0.016353953629732132,0.007679095957428217,0.008163044229149818,0.004361061379313469,0.4552057981491089,0.0086000245064497,0.08862187713384628
485,485,datasets/audios/eastern_sliced/cpop/cpop_027_000.wav,1,cpop,7,pop,0.6050612926483154,1.1359891891479492,0.0036926032043993473,0.014178944751620293,0.22990107536315918,0.008600138127803802,0.0043638525530695915,0.009553886950016022,0.0067212325520813465,0.6050612926483154,0.004226405639201403,0.1137005090713501
486,486,datasets/audios/eastern_sliced/cpop/cpop_028_000.wav,1,cpop,2,country,0.6452835202217102,0.9724501371383667,0.003755099605768919,0.003426826326176524,0.6452835202217102,0.011314686387777328,0.0038288594223558903,0.005553963594138622,0.0022137316409498453,0.2667691707611084,0.0052416217513382435,0.05261258780956268
487,487,datasets/audios/eastern_sliced/cpop/cpop_029_000.wav,1,cpop,7,pop,0.9072772860527039,0.41876599192619324,0.0009764321148395538,0.004229350946843624,0.05706486850976944,0.004935234785079956,0.0016065194504335523,0.0011148583143949509,0.0006226719706319273,0.9072772860527039,0.0009783010464161634,0.021194398403167725
488,488,datasets/audios/eastern_sliced/cpop/cpop_030_000.wav,1,cpop,9,rock,0.3992164433002472,1.3639450073242188,0.0048599024303257465,0.03575114533305168,0.210832417011261,0.01714596524834633,0.0015057370765134692,0.003326212055981159,0.01055936235934496,0.3145287334918976,0.0022741167340427637,0.3992164433002472
489,489,datasets/audios/eastern_sliced/cpop/cpop_031_000.wav,1,cpop,2,country,0.5871656537055969,1.23163640499115,0.0184219591319561,0.007319599390029907,0.5871656537055969,0.01938101090490818,0.004542238544672728,0.008880228735506535,0.008779563009738922,0.19539505243301392,0.004807966761291027,0.1453067660331726
490,490,datasets/audios/eastern_sliced/cpop/cpop_032_000.wav,1,cpop,7,pop,0.9826531410217285,0.11380083113908768,0.0004293505335226655,0.0006343235727399588,0.0010028922697529197,0.00421261228621006,0.008412029594182968,0.0005419792723841965,0.00013945234240964055,0.9826531410217285,0.00029796993476338685,0.0016762263840064406
491,491,datasets/audios/eastern_sliced/cpop/cpop_033_000.wav,1,cpop,7,pop,0.9844282269477844,0.10811561346054077,0.00034977978793904185,0.0015834046062082052,0.0015168708050623536,0.003602990647777915,0.0028362832963466644,0.000434654182754457,0.00024143770860973746,0.9844282269477844,0.000260990927927196,0.00474546616896987
492,492,datasets/audios/eastern_sliced/cpop/cpop_034_000.wav,1,cpop,7,pop,0.6555745005607605,1.0056836605072021,0.0018321670359000564,0.009156271815299988,0.20166750252246857,0.012251460924744606,0.0015957981813699007,0.003864609869197011,0.001543695107102394,0.6555745005607605,0.0019829387310892344,0.11053108423948288
493,493,datasets/audios/eastern_sliced/cpop/cpop_035_000.wav,1,cpop,2,country,0.612581193447113,1.0417087078094482,0.0045377654023468494,0.005413384642452002,0.612581193447113,0.013919724151492119,0.002116906689479947,0.01136264018714428,0.0014271960826590657,0.2779596745967865,0.003144720569252968,0.06753672659397125
494,494,datasets/audios/eastern_sliced/cpop/cpop_036_000.wav,1,cpop,2,country,0.6775701642036438,0.9924450516700745,0.009127511642873287,0.006851309910416603,0.6775701642036438,0.0077131022699177265,0.004122935235500336,0.00634838966652751,0.0027196896262466908,0.21275576949119568,0.007142153102904558,0.06564896553754807
495,495,datasets/audios/eastern_sliced/cpop/cpop_037_000.wav,1,cpop,7,pop,0.7408804297447205,0.8927384614944458,0.012119092047214508,0.005778071470558643,0.17001955211162567,0.012101479806005955,0.007796484511345625,0.006794380489736795,0.0020905165001749992,0.7408804297447205,0.0042903246358036995,0.038129664957523346
496,496,datasets/audios/eastern_sliced/cpop/cpop_038_000.wav,1,cpop,7,pop,0.9023715257644653,0.47295907139778137,0.005329915322363377,0.0023110127076506615,0.04502551630139351,0.014330587349832058,0.006556880194693804,0.0025042779743671417,0.0006727143190801144,0.9023715257644653,0.0010556357447057962,0.019841918721795082
497,497,datasets/audios/eastern_sliced/cpop/cpop_039_000.wav,1,cpop,7,pop,0.972396194934845,0.1736544966697693,0.0006024311878718436,0.0019734748639166355,0.006651613861322403,0.002520850859582424,0.002705157967284322,0.001226500142365694,0.0005610982771031559,0.972396194934845,0.00047071673907339573,0.01089185755699873
498,498,datasets/audios/eastern_sliced/cpop/cpop_040_000.wav,1,cpop,7,pop,0.5657442808151245,1.3194321393966675,0.011098849587142467,0.01655765250325203,0.2235269844532013,0.011096056550741196,0.024199455976486206,0.01737150177359581,0.0070189787074923515,0.5657442808151245,0.012762569822371006,0.11062375456094742
499,499,datasets/audios/eastern_sliced/cpop/cpop_041_000.wav,1,cpop,9,rock,0.6645578145980835,1.1050593852996826,0.0031536866445094347,0.006302626337856054,0.1683303415775299,0.007662907708436251,0.003443608758971095,0.007418593391776085,0.0758516862988472,0.05723142996430397,0.006047285161912441,0.6645578145980835
500,500,datasets/audios/eastern_sliced/cpop/cpop_042_000.wav,1,cpop,7,pop,0.8489084839820862,0.631511926651001,0.0009271135786548257,0.03321302682161331,0.020921317860484123,0.008336665108799934,0.0021970041561871767,0.003752400865778327,0.0017062085680663586,0.8489084839820862,0.0008463176200166345,0.0791914314031601
501,501,datasets/audios/eastern_sliced/cpop/cpop_043_000.wav,1,cpop,7,pop,0.3904326558113098,1.5055558681488037,0.006127421744167805,0.33869361877441406,0.06319314241409302,0.04916359484195709,0.0034962526988238096,0.10050427168607712,0.00199518003500998,0.3904326558113098,0.0034457447472959757,0.04294811561703682
502,502,datasets/audios/eastern_sliced/cpop/cpop_044_000.wav,1,cpop,7,pop,0.8765355348587036,0.5919671058654785,0.0020604575984179974,0.01389155350625515,0.022435151040554047,0.01890816166996956,0.005635890644043684,0.00467116991057992,0.0068972473964095116,0.8765355348587036,0.0018270876025781035,0.047137726098299026
503,503,datasets/audios/eastern_sliced/cpop/cpop_045_000.wav,1,cpop,7,pop,0.612508237361908,1.1216145753860474,0.004489457234740257,0.028279799968004227,0.05754882097244263,0.013426365330815315,0.004415178205817938,0.007002829108387232,0.010332287289202213,0.612508237361908,0.0031878810841590166,0.2588091194629669
504,504,datasets/audios/eastern_sliced/cpop/cpop_046_000.wav,1,cpop,7,pop,0.662402868270874,0.9603996276855469,0.008309482596814632,0.00507599301636219,0.2507106363773346,0.014428160153329372,0.003889667335897684,0.006516803056001663,0.0009074944537132978,0.662402868270874,0.0015791516052559018,0.04617975279688835
505,505,datasets/audios/eastern_sliced/cpop/cpop_047_000.wav,1,cpop,7,pop,0.6329046487808228,1.3460798263549805,0.014890169724822044,0.019991420209407806,0.02242995984852314,0.11490030586719513,0.09502315521240234,0.010705055668950081,0.04193013906478882,0.6329046487808228,0.021490463986992836,0.025734690949320793
506,506,datasets/audios/eastern_sliced/cpop/cpop_048_000.wav,1,cpop,7,pop,0.8891079425811768,0.4937804937362671,0.0034659772645682096,0.0024576191790401936,0.057658493518829346,0.004618311300873756,0.003508289810270071,0.001620209077373147,0.0013117524795234203,0.8891079425811768,0.001525585656054318,0.0347258523106575
507,507,datasets/audios/eastern_sliced/cpop/cpop_049_000.wav,1,cpop,7,pop,0.5247015953063965,1.6629081964492798,0.09479346871376038,0.027337487787008286,0.08814964443445206,0.02568107657134533,0.07761800289154053,0.044708993285894394,0.009016907773911953,0.5247015953063965,0.049614693969488144,0.05837814882397652
508,508,datasets/audios/eastern_sliced/cpop/cpop_050_000.wav,1,cpop,7,pop,0.9499611258506775,0.280857115983963,0.0012908120406791568,0.004667852073907852,0.01732204109430313,0.00271402089856565,0.0023639004211872816,0.0033572784159332514,0.0003950602258555591,0.9499611258506775,0.000892644573468715,0.01703520119190216
509,509,datasets/audios/eastern_sliced/cpop/cpop_051_000.wav,1,cpop,7,pop,0.6912608742713928,0.9661242961883545,0.003938707988709211,0.012270133011043072,0.20726273953914642,0.008886916562914848,0.006168754305690527,0.007474147714674473,0.0018203484360128641,0.6912608742713928,0.0048780739307403564,0.05603930354118347
510,510,datasets/audios/eastern_sliced/cpop/cpop_052_000.wav,1,cpop,7,pop,0.8855905532836914,0.5728554725646973,0.005571126472204924,0.014179876074194908,0.026470649987459183,0.0173795223236084,0.007247920613735914,0.005593848880380392,0.0014981033746153116,0.8855905532836914,0.004801834933459759,0.03166649490594864
511,511,datasets/audios/eastern_sliced/cpop/cpop_053_000.wav,1,cpop,7,pop,0.7876864075660706,0.761186420917511,0.0024071647785604,0.003701593028381467,0.0937221422791481,0.0076380642130970955,0.0021768545266240835,0.00197032792493701,0.004218751564621925,0.7876864075660706,0.0007839673198759556,0.09569472819566727
512,512,datasets/audios/eastern_sliced/cpop/cpop_054_000.wav,1,cpop,7,pop,0.526199221611023,1.4081501960754395,0.006495486944913864,0.024403370916843414,0.13726887106895447,0.01118564698845148,0.008913256227970123,0.00897983182221651,0.060625821352005005,0.526199221611023,0.009450490586459637,0.20647796988487244
513,513,datasets/audios/eastern_sliced/cpop/cpop_055_000.wav,1,cpop,7,pop,0.4409581124782562,1.2546075582504272,0.004654779098927975,0.010285738855600357,0.2518146336078644,0.009222437627613544,0.0038730220403522253,0.002921272534877062,0.004404344130307436,0.4409581124782562,0.0025506557431071997,0.2693150043487549
514,514,datasets/audios/eastern_sliced/cpop/cpop_056_000.wav,1,cpop,7,pop,0.6759402751922607,1.1402009725570679,0.007740651722997427,0.015461776405572891,0.13265244662761688,0.07642652094364166,0.007473066449165344,0.006731752771884203,0.006668940186500549,0.6759402751922607,0.004805741365998983,0.0660988837480545
515,515,datasets/audios/eastern_sliced/cpop/cpop_057_000.wav,1,cpop,7,pop,0.6576292514801025,1.0317163467407227,0.007254917640239,0.004841380752623081,0.2267511934041977,0.0052465456537902355,0.01296902634203434,0.004587114322930574,0.007174951024353504,0.6576292514801025,0.006557810585945845,0.06698786467313766
516,516,datasets/audios/eastern_sliced/cpop/cpop_058_000.wav,1,cpop,9,rock,0.7766423225402832,0.8486744165420532,0.0025052884593605995,0.007264545187354088,0.05920659378170967,0.008450890891253948,0.0016089285491034389,0.002084106905385852,0.10311584174633026,0.036507848650217056,0.0026135845109820366,0.7766423225402832
517,517,datasets/audios/eastern_sliced/cpop/cpop_059_000.wav,1,cpop,7,pop,0.43958571553230286,1.2617956399917603,0.003407165640965104,0.011560251004993916,0.3119966685771942,0.01350580994039774,0.002967243082821369,0.005479648243635893,0.0025435956194996834,0.43958571553230286,0.004026039969176054,0.20492787659168243
518,518,datasets/audios/eastern_sliced/cpop/cpop_060_000.wav,1,cpop,2,country,0.9541892409324646,0.25226742029190063,0.0017064969288185239,0.0005485416040755808,0.9541892409324646,0.0013444217620417476,0.00040171234286390245,0.0013896875316277146,0.0011889053275808692,0.01358607318252325,0.003938210196793079,0.021706704050302505
519,519,datasets/audios/eastern_sliced/cpop/cpop_061_000.wav,1,cpop,2,country,0.8434373736381531,0.6734812259674072,0.003830865491181612,0.006965997628867626,0.8434373736381531,0.010558909736573696,0.002365272957831621,0.004935824312269688,0.0030884197913110256,0.0647888332605362,0.006880679167807102,0.053147777915000916
520,520,datasets/audios/eastern_sliced/cpop/cpop_062_000.wav,1,cpop,7,pop,0.36124056577682495,1.565032720565796,0.005700364708900452,0.008428364992141724,0.05224096402525902,0.3551158905029297,0.1192348524928093,0.011659516952931881,0.015358236618340015,0.36124056577682495,0.0415688194334507,0.02945244312286377
521,521,datasets/audios/eastern_sliced/cpop/cpop_063_000.wav,1,cpop,7,pop,0.7677472233772278,0.7500780820846558,0.0011122452560812235,0.003457185812294483,0.1605759561061859,0.005083995405584574,0.0011548304464668036,0.0031546824611723423,0.0005734681617468596,0.7677472233772278,0.0011568996123969555,0.05598358437418938
522,522,datasets/audios/eastern_sliced/cpop/cpop_064_000.wav,1,cpop,7,pop,0.9533509016036987,0.251213937997818,0.00033413461642339826,0.0015068355714902282,0.004599763546139002,0.027513856068253517,0.00502234511077404,0.0008082157000899315,0.00020592317741829902,0.9533509016036987,0.000650863628834486,0.006007031537592411
523,523,datasets/audios/eastern_sliced/cpop/cpop_065_000.wav,1,cpop,7,pop,0.9275811314582825,0.39310893416404724,0.0018189954571425915,0.008288517594337463,0.012772949412465096,0.012682351283729076,0.006758584640920162,0.0037197379861027002,0.0012034509563818574,0.9275811314582825,0.0015156185254454613,0.023658623918890953
524,524,datasets/audios/eastern_sliced/cpop/cpop_066_000.wav,1,cpop,7,pop,0.828137993812561,0.6825783848762512,0.0012814468936994672,0.006427887361496687,0.06294307857751846,0.02391534112393856,0.0017161093419417739,0.0015719711082056165,0.0008645366760902107,0.828137993812561,0.0006291365716606379,0.07251249253749847
525,525,datasets/audios/eastern_sliced/cpop/cpop_067_000.wav,1,cpop,7,pop,0.933801531791687,0.36290958523750305,0.0020828626584261656,0.0032043515238910913,0.0080610616132617,0.021035825833678246,0.01771283894777298,0.0025492168497294188,0.0015492321690544486,0.933801531791687,0.0018872692016884685,0.008115840144455433
526,526,datasets/audios/eastern_sliced/cpop/cpop_068_000.wav,1,cpop,7,pop,0.8609979152679443,0.6442410945892334,0.003280657110735774,0.013658381998538971,0.047770384699106216,0.016015345230698586,0.005700995679944754,0.0048613641411066055,0.0042009614408016205,0.8609979152679443,0.0033212504349648952,0.040192700922489166
527,527,datasets/audios/eastern_sliced/cpop/cpop_069_000.wav,1,cpop,7,pop,0.960034191608429,0.23913751542568207,0.0010992903262376785,0.0025959054473787546,0.015560801140964031,0.006013919599354267,0.004495763219892979,0.0032041294034570456,0.0002923467254731804,0.960034191608429,0.0010276713874191046,0.005675919819623232
528,528,datasets/audios/eastern_sliced/cpop/cpop_070_000.wav,1,cpop,7,pop,0.8234919905662537,0.7541707754135132,0.006448214873671532,0.013693402521312237,0.03172159194946289,0.004527148324996233,0.011120317503809929,0.00988086685538292,0.005623701959848404,0.8234919905662537,0.006163065787404776,0.08732975274324417
529,529,datasets/audios/eastern_sliced/cpop/cpop_071_000.wav,1,cpop,7,pop,0.8516488075256348,0.7191500663757324,0.007940616458654404,0.013821836560964584,0.013256954029202461,0.031138310208916664,0.0405232235789299,0.011215774342417717,0.0077575198374688625,0.8516488075256348,0.01004424411803484,0.012652660720050335
530,530,datasets/audios/eastern_sliced/cpop/cpop_072_000.wav,1,cpop,7,pop,0.48944056034088135,1.276449203491211,0.01267472468316555,0.011894079856574535,0.3253864645957947,0.011014551855623722,0.008954513818025589,0.011806597001850605,0.0029065811540931463,0.48944056034088135,0.008512540720403194,0.11740931123495102
531,531,datasets/audios/eastern_sliced/cpop/cpop_073_000.wav,1,cpop,2,country,0.5139485597610474,1.029084324836731,0.007048313971608877,0.003423547139391303,0.5139485597610474,0.011312870308756828,0.0036944029852747917,0.0067459335550665855,0.0008246339275501668,0.40998438000679016,0.00806380994617939,0.034953523427248
532,532,datasets/audios/eastern_sliced/cpop/cpop_074_000.wav,1,cpop,7,pop,0.927520215511322,0.40086907148361206,0.0027515459805727005,0.007113694213330746,0.013571538962423801,0.005923108663409948,0.010576728731393814,0.006461572367697954,0.00166191509924829,0.927520215511322,0.002930271439254284,0.02148941159248352
533,533,datasets/audios/eastern_sliced/cpop/cpop_075_000.wav,1,cpop,7,pop,0.7272748351097107,1.1132675409317017,0.02225213497877121,0.014904539100825787,0.08905211836099625,0.01981237903237343,0.022130081430077553,0.024855414405465126,0.0031983782537281513,0.7272748351097107,0.02757810801267624,0.048942118883132935
534,534,datasets/audios/eastern_sliced/cpop/cpop_076_000.wav,1,cpop,7,pop,0.9624488353729248,0.22704827785491943,0.0010762453312054276,0.0027467638719826937,0.003173159435391426,0.012316389940679073,0.006269322708249092,0.0023872379679232836,0.0002585226611699909,0.9624488353729248,0.000632290611974895,0.008691327646374702
535,535,datasets/audios/eastern_sliced/cpop/cpop_077_000.wav,1,cpop,7,pop,0.9228906631469727,0.3848026990890503,0.0010507880942896008,0.004233121871948242,0.035627152770757675,0.006791512481868267,0.0026367062237113714,0.0026100093964487314,0.00042977111297659576,0.9228906631469727,0.0010854415595531464,0.02264491282403469
536,536,datasets/audios/eastern_sliced/cpop/cpop_078_000.wav,1,cpop,7,pop,0.8598035573959351,0.6145873069763184,0.002087857574224472,0.008722002618014812,0.06251706182956696,0.008743043057620525,0.0030304291285574436,0.01143015455454588,0.0010683791479095817,0.8598035573959351,0.0011490556644275784,0.0414484478533268
537,537,datasets/audios/eastern_sliced/cpop/cpop_079_000.wav,1,cpop,7,pop,0.9395722150802612,0.32616978883743286,0.0019243996357545257,0.005685059819370508,0.023216303437948227,0.0029867514967918396,0.0031392110977321863,0.002213244093582034,0.0008868047152645886,0.9395722150802612,0.0010956948390230536,0.019280293956398964
538,538,datasets/audios/eastern_sliced/cpop/cpop_080_000.wav,1,cpop,7,pop,0.727242112159729,0.8936119675636292,0.006540187168866396,0.004676037933677435,0.18213538825511932,0.013548203743994236,0.005448336713016033,0.0048992871306836605,0.0017132471548393369,0.727242112159729,0.003503286512568593,0.05029388517141342
539,539,datasets/audios/eastern_sliced/cpop/cpop_081_000.wav,1,cpop,7,pop,0.8621503114700317,0.5697100162506104,0.0031467091757804155,0.0016710165655240417,0.07206887006759644,0.008334149606525898,0.0036473008804023266,0.0017266749637201428,0.0008368548005819321,0.8621503114700317,0.0007096661138348281,0.04570842906832695
540,540,datasets/audios/eastern_sliced/cpop/cpop_082_000.wav,1,cpop,7,pop,0.9870032668113708,0.09023869782686234,0.00023762435012031347,0.0004082800296600908,0.0013362643076106906,0.004311441443860531,0.0040915547870099545,0.00027141981991007924,9.774868522072211e-05,0.9870032668113708,0.00013980823860038072,0.0021025557070970535
541,541,datasets/audios/eastern_sliced/cpop/cpop_083_000.wav,1,cpop,7,pop,0.9756138920783997,0.1585456132888794,0.0008608102798461914,0.0017533052014186978,0.006937694735825062,0.005200373940169811,0.003178680781275034,0.0004316438571549952,0.000275898608379066,0.9756138920783997,0.000581568107008934,0.005166115239262581
542,542,datasets/audios/eastern_sliced/cpop/cpop_084_000.wav,1,cpop,2,country,0.5543312430381775,1.0777473449707031,0.008456996642053127,0.012569952756166458,0.5543312430381775,0.00936770811676979,0.0034350198693573475,0.004433723632246256,0.0013151837047189474,0.3456134498119354,0.007399390451610088,0.05307736247777939
543,543,datasets/audios/eastern_sliced/cpop/cpop_085_000.wav,1,cpop,2,country,0.7075783014297485,0.9678350687026978,0.0061958893202245235,0.008944532833993435,0.7075783014297485,0.006634432356804609,0.002816194901242852,0.00834092777222395,0.0027659053448587656,0.1448243409395218,0.004368485417217016,0.10753098875284195
544,544,datasets/audios/eastern_sliced/cpop/cpop_086_000.wav,1,cpop,7,pop,0.8225846290588379,0.7196173667907715,0.0037197740748524666,0.0065313586965203285,0.07876977324485779,0.006748654413968325,0.00574684701859951,0.002386244712397456,0.006953443866223097,0.8225846290588379,0.0030664310324937105,0.06349281966686249
545,545,datasets/audios/eastern_sliced/cpop/cpop_087_000.wav,1,cpop,7,pop,0.900090754032135,0.4589778780937195,0.002206553937867284,0.002082723891362548,0.0047849612310528755,0.014393218792974949,0.060782697051763535,0.0014497220981866121,0.002253570593893528,0.900090754032135,0.0017183234449476004,0.010237476788461208
546,546,datasets/audios/eastern_sliced/cpop/cpop_088_000.wav,1,cpop,7,pop,0.9258335828781128,0.39137521386146545,0.0020803152583539486,0.0056315828114748,0.01406060066074133,0.020765522494912148,0.005782010965049267,0.001523965853266418,0.0006324962596409023,0.9258335828781128,0.0011488350573927164,0.022541094571352005
547,547,datasets/audios/eastern_sliced/cpop/cpop_089_000.wav,1,cpop,7,pop,0.7310292720794678,1.1120575666427612,0.007146092597395182,0.02414344809949398,0.03497036546468735,0.08134004473686218,0.03264973312616348,0.01145083736628294,0.013449638150632381,0.7310292720794678,0.02038964070379734,0.043430913239717484
548,548,datasets/audios/eastern_sliced/cpop/cpop_090_000.wav,1,cpop,7,pop,0.8335669636726379,0.7814150452613831,0.007208717986941338,0.01185730379074812,0.030476978048682213,0.042182356119155884,0.025587912648916245,0.0087480703368783,0.006456053350120783,0.8335669636726379,0.008438239805400372,0.025477474555373192
549,549,datasets/audios/eastern_sliced/cpop/cpop_091_000.wav,1,cpop,7,pop,0.7349318861961365,0.7691808938980103,0.001546763232909143,0.0014019631780683994,0.20901702344417572,0.004791304003447294,0.0017951392801478505,0.0019966005347669125,0.0009020826546475291,0.7349318861961365,0.0008367366972379386,0.04278041794896126
550,550,datasets/audios/eastern_sliced/cpop/cpop_092_000.wav,1,cpop,7,pop,0.8465206027030945,0.6527385115623474,0.0028468742966651917,0.009872441180050373,0.06450407952070236,0.005303845275193453,0.003433520905673504,0.005935455672442913,0.0033638528548181057,0.8465206027030945,0.002462755423039198,0.05575650557875633
551,551,datasets/audios/eastern_sliced/cpop/cpop_093_000.wav,1,cpop,7,pop,0.861289381980896,0.578376293182373,0.007806386798620224,0.003536381758749485,0.08934946358203888,0.004832468926906586,0.005488473456352949,0.00375604210421443,0.0009107813239097595,0.861289381980896,0.0023491992615163326,0.02068142406642437
552,552,datasets/audios/eastern_sliced/cpop/cpop_094_000.wav,1,cpop,9,rock,0.5532572269439697,1.2403061389923096,0.0061828200705349445,0.0070982202887535095,0.22649794816970825,0.005108231212943792,0.00228602415882051,0.009206525050103664,0.04076839238405228,0.14745238423347473,0.002142154611647129,0.5532572269439697
553,553,datasets/audios/eastern_sliced/cpop/cpop_095_000.wav,1,cpop,7,pop,0.3375137150287628,1.6111923456192017,0.00476559903472662,0.13577254116535187,0.13292784988880157,0.034791648387908936,0.0029930558521300554,0.01269496139138937,0.02634003385901451,0.3375137150287628,0.006313728634268045,0.3058868646621704
554,554,datasets/audios/eastern_sliced/cpop/cpop_096_000.wav,1,cpop,7,pop,0.7762641310691833,0.8580207824707031,0.008387522771954536,0.010340346023440361,0.09415769577026367,0.009201057255268097,0.0050742169842123985,0.008791511878371239,0.003577509196475148,0.7762641310691833,0.0025669194292277098,0.08163918554782867
555,555,datasets/audios/eastern_sliced/cpop/cpop_097_000.wav,1,cpop,7,pop,0.9711946249008179,0.179632768034935,0.0005466262809932232,0.004738816060125828,0.008556763641536236,0.0022100755013525486,0.0012245787074789405,0.0018277614144608378,0.0002793650492094457,0.9711946249008179,0.00036858327803201973,0.009052853100001812
556,556,datasets/audios/eastern_sliced/cpop/cpop_098_000.wav,1,cpop,7,pop,0.7614367008209229,0.814011812210083,0.005325302481651306,0.008305651135742664,0.15776169300079346,0.0050803585909307,0.0034750874619930983,0.003392887767404318,0.0015880285063758492,0.7614367008209229,0.0041190143674612045,0.04951535537838936
557,557,datasets/audios/eastern_sliced/cpop/cpop_099_000.wav,1,cpop,7,pop,0.8554128408432007,0.578548014163971,0.002230356214568019,0.006128489971160889,0.09169445186853409,0.002284472808241844,0.001814101473428309,0.0030916507821530104,0.0024192379787564278,0.8554128408432007,0.0014681481989100575,0.03345624729990959
558,558,datasets/audios/eastern_sliced/enka/enka_000_000.wav,2,enka,2,country,0.5780759453773499,1.2608500719070435,0.013512595556676388,0.012737901881337166,0.5780759453773499,0.023133613169193268,0.008286546915769577,0.017859933897852898,0.005812942516058683,0.25099602341651917,0.013834052719175816,0.07575048506259918
559,559,datasets/audios/eastern_sliced/enka/enka_000_001.wav,2,enka,2,country,0.5810850858688354,1.2524127960205078,0.007701144088059664,0.027657901868224144,0.5810850858688354,0.02051991969347,0.006134160328656435,0.017721591517329216,0.003929763566702604,0.24001148343086243,0.008901341818273067,0.08633767068386078
560,560,datasets/audios/eastern_sliced/enka/enka_000_002.wav,2,enka,2,country,0.47353771328926086,1.1338543891906738,0.008356399834156036,0.008069613948464394,0.47353771328926086,0.013825756497681141,0.005981757305562496,0.01036886963993311,0.0021981261670589447,0.4189172685146332,0.0059907943941652775,0.05275368317961693
561,561,datasets/audios/eastern_sliced/enka/enka_001_000.wav,2,enka,2,country,0.38951557874679565,1.584144949913025,0.011802319437265396,0.021040551364421844,0.38951557874679565,0.07064894586801529,0.007922559045255184,0.059390004724264145,0.005719128530472517,0.30677297711372375,0.010274775326251984,0.11691316217184067
562,562,datasets/audios/eastern_sliced/enka/enka_001_001.wav,2,enka,2,country,0.3994846045970917,1.644952654838562,0.010715187527239323,0.026751691475510597,0.3994846045970917,0.08600668609142303,0.007814133539795876,0.07179702073335648,0.006835721433162689,0.24894163012504578,0.010653232224285603,0.13100013136863708
563,563,datasets/audios/eastern_sliced/enka/enka_001_002.wav,2,enka,2,country,0.5375335216522217,1.451040506362915,0.05281401425600052,0.01029570959508419,0.5375335216522217,0.023856060579419136,0.0060129547491669655,0.03257054090499878,0.0081956060603261,0.19946648180484772,0.021477432921528816,0.10777775198221207
564,564,datasets/audios/eastern_sliced/enka/enka_002_000.wav,2,enka,7,pop,0.5778412222862244,1.1745229959487915,0.004974547307938337,0.030857309699058533,0.28205105662345886,0.018932485952973366,0.004071141593158245,0.01605592854321003,0.0012885585892945528,0.5778412222862244,0.005471660289913416,0.05845600366592407
565,565,datasets/audios/eastern_sliced/enka/enka_002_001.wav,2,enka,7,pop,0.4922299385070801,1.2115834951400757,0.005020804703235626,0.018878329545259476,0.3691730797290802,0.02408521994948387,0.003811504924669862,0.015085713937878609,0.0015959880547598004,0.4922299385070801,0.006841258145868778,0.06327812373638153
566,566,datasets/audios/eastern_sliced/enka/enka_002_002.wav,2,enka,7,pop,0.5257756114006042,1.0921242237091064,0.004842477384954691,0.009600339457392693,0.3748567998409271,0.018404336646199226,0.003418615786358714,0.010882096365094185,0.0010402044281363487,0.5257756114006042,0.00418125232681632,0.04699820652604103
567,567,datasets/audios/eastern_sliced/enka/enka_003_000.wav,2,enka,2,country,0.8077833652496338,0.7562084794044495,0.00691193388774991,0.003780317958444357,0.8077833652496338,0.00549682229757309,0.0025561011862009764,0.012266787700355053,0.001366080716252327,0.0946042612195015,0.006115340627729893,0.05911901220679283
568,568,datasets/audios/eastern_sliced/enka/enka_003_001.wav,2,enka,2,country,0.7543953061103821,0.8704913854598999,0.006671875715255737,0.005799667909741402,0.7543953061103821,0.007564982865005732,0.003917660564184189,0.014170163311064243,0.001262566656805575,0.15310928225517273,0.008866791613399982,0.04424178600311279
569,569,datasets/audios/eastern_sliced/enka/enka_003_002.wav,2,enka,2,country,0.8216519355773926,0.7286485433578491,0.007110492791980505,0.0062652467750012875,0.8216519355773926,0.006800530012696981,0.002661143196746707,0.00915050320327282,0.0013537289341911674,0.08896935731172562,0.007437025662511587,0.048600003123283386
570,570,datasets/audios/eastern_sliced/enka/enka_004_000.wav,2,enka,1,classical,0.4136839210987091,1.620229721069336,0.016781842336058617,0.4136839210987091,0.03138473257422447,0.03792732208967209,0.0298285111784935,0.12810586392879486,0.004394156858325005,0.27848052978515625,0.039117585867643356,0.020295489579439163
571,571,datasets/audios/eastern_sliced/enka/enka_004_001.wav,2,enka,1,classical,0.32002347707748413,1.8491644859313965,0.045852307230234146,0.32002347707748413,0.04861891642212868,0.04501205310225487,0.037409234791994095,0.15322409570217133,0.005664563737809658,0.251833975315094,0.07121770083904266,0.02114366739988327
572,572,datasets/audios/eastern_sliced/enka/enka_004_002.wav,2,enka,1,classical,0.3758152425289154,1.811768651008606,0.044037941843271255,0.3758152425289154,0.05285106226801872,0.0479181669652462,0.027308929711580276,0.13980908691883087,0.006917829159647226,0.21564915776252747,0.06715978682041168,0.022532790899276733
573,573,datasets/audios/eastern_sliced/enka/enka_005_000.wav,2,enka,7,pop,0.906624436378479,0.4896664619445801,0.0024960266891866922,0.014068465679883957,0.02672552689909935,0.008690779097378254,0.008068514987826347,0.012306577526032925,0.0014447864377871156,0.906624436378479,0.0029790070839226246,0.016595875844359398
574,574,datasets/audios/eastern_sliced/enka/enka_005_001.wav,2,enka,7,pop,0.5007746815681458,1.6995551586151123,0.025002725422382355,0.08360845595598221,0.07179193198680878,0.05579012632369995,0.029554737731814384,0.12276605516672134,0.010743595659732819,0.5007746815681458,0.03229011967778206,0.06767761707305908
575,575,datasets/audios/eastern_sliced/enka/enka_005_002.wav,2,enka,7,pop,0.8055658936500549,0.8199309706687927,0.003692169673740864,0.01666080392897129,0.08800138533115387,0.016577983275055885,0.009729589335620403,0.017534520477056503,0.0024056897964328527,0.8055658936500549,0.005587238818407059,0.034244686365127563
576,576,datasets/audios/eastern_sliced/enka/enka_006_000.wav,2,enka,7,pop,0.6658403277397156,1.204609990119934,0.01395860780030489,0.05685289576649666,0.14501182734966278,0.01294331531971693,0.01203927118331194,0.02485477365553379,0.003712181467562914,0.6658403277397156,0.012503820471465588,0.052282918244600296
577,577,datasets/audios/eastern_sliced/enka/enka_006_001.wav,2,enka,7,pop,0.6904438138008118,0.9693454504013062,0.009668068028986454,0.01316051185131073,0.21950069069862366,0.006340274587273598,0.008987012319266796,0.010502954013645649,0.0014812754234299064,0.6904438138008118,0.006911397911608219,0.033003948628902435
578,578,datasets/audios/eastern_sliced/enka/enka_006_002.wav,2,enka,7,pop,0.5994253754615784,0.9991776347160339,0.010546672157943249,0.004847334232181311,0.3237815499305725,0.005147257819771767,0.00643880246207118,0.007790520321577787,0.0011396892368793488,0.5994253754615784,0.006304976996034384,0.03457784280180931
579,579,datasets/audios/eastern_sliced/enka/enka_007_000.wav,2,enka,7,pop,0.8197134137153625,0.7386494874954224,0.0032304723281413317,0.015725258737802505,0.10081947594881058,0.007082603871822357,0.007010122761130333,0.010964752174913883,0.0019545170944184065,0.8197134137153625,0.005687982775270939,0.027811376377940178
580,580,datasets/audios/eastern_sliced/enka/enka_007_001.wav,2,enka,7,pop,0.8350303769111633,0.7062880992889404,0.00326870521530509,0.01265095453709364,0.08479330688714981,0.007340950891375542,0.006978217046707869,0.013218015432357788,0.0021504866890609264,0.8350303769111633,0.005464149173349142,0.029104813933372498
581,581,datasets/audios/eastern_sliced/enka/enka_007_002.wav,2,enka,7,pop,0.8505522608757019,0.6521248817443848,0.0029737555887550116,0.012890761718153954,0.0774901732802391,0.008725250139832497,0.005316341761499643,0.010594978928565979,0.0015711876330897212,0.8505522608757019,0.003318558679893613,0.026566801592707634
582,582,datasets/audios/eastern_sliced/enka/enka_008_000.wav,2,enka,8,reggae,0.17788755893707275,2.1650073528289795,0.07910177111625671,0.06463316082954407,0.1678030788898468,0.08201602101325989,0.05756605044007301,0.16750407218933105,0.021527104079723358,0.11591159552335739,0.17788755893707275,0.06604956090450287
583,583,datasets/audios/eastern_sliced/enka/enka_008_001.wav,2,enka,5,jazz,0.19888243079185486,2.142972707748413,0.06256727129220963,0.05774613842368126,0.1786801964044571,0.08960132300853729,0.04885473847389221,0.19888243079185486,0.021539609879255295,0.12059629708528519,0.14816103875637054,0.07337091118097305
584,584,datasets/audios/eastern_sliced/enka/enka_008_002.wav,2,enka,5,jazz,0.36866599321365356,1.9610285758972168,0.03610220551490784,0.0635664090514183,0.13153789937496185,0.07753291726112366,0.03953029215335846,0.36866599321365356,0.018425283953547478,0.07871216535568237,0.12327388674020767,0.06265296787023544
585,585,datasets/audios/eastern_sliced/enka/enka_009_000.wav,2,enka,7,pop,0.7267964482307434,1.021533727645874,0.007545963861048222,0.01509932056069374,0.0991973727941513,0.019197894260287285,0.007758962921798229,0.011153940111398697,0.008613021112978458,0.7267964482307434,0.0047499253414571285,0.09988722205162048
586,586,datasets/audios/eastern_sliced/enka/enka_009_001.wav,2,enka,7,pop,0.4058951735496521,1.4679920673370361,0.013774137012660503,0.022791525349020958,0.3175457715988159,0.027133725583553314,0.007239660248160362,0.02261931635439396,0.007719740737229586,0.4058951735496521,0.007351710926741362,0.16792921721935272
587,587,datasets/audios/eastern_sliced/enka/enka_009_002.wav,2,enka,7,pop,0.4951910078525543,1.424516201019287,0.008633521385490894,0.026803888380527496,0.20615124702453613,0.02711537666618824,0.007492825388908386,0.02035938762128353,0.011088610626757145,0.4951910078525543,0.006650492548942566,0.19051364064216614
588,588,datasets/audios/eastern_sliced/enka/enka_010_000.wav,2,enka,7,pop,0.4818976819515228,1.6608326435089111,0.02224242500960827,0.16465020179748535,0.05266718938946724,0.017363321036100388,0.03821183741092682,0.1294812560081482,0.011264507658779621,0.4818976819515228,0.036917757242918015,0.04530386999249458
589,589,datasets/audios/eastern_sliced/enka/enka_010_001.wav,2,enka,7,pop,0.43933582305908203,1.7302272319793701,0.02593081444501877,0.16047514975070953,0.04646176099777222,0.01797305978834629,0.046256598085165024,0.16471219062805176,0.013059879653155804,0.43933582305908203,0.03916117176413536,0.04663356766104698
590,590,datasets/audios/eastern_sliced/enka/enka_010_002.wav,2,enka,7,pop,0.3031141459941864,1.8757225275039673,0.040882088243961334,0.23015190660953522,0.04315846413373947,0.029550595209002495,0.04650251567363739,0.20466811954975128,0.01743520051240921,0.3031141459941864,0.041733819991350174,0.042803216725587845
591,591,datasets/audios/eastern_sliced/enka/enka_011_000.wav,2,enka,5,jazz,0.4736158549785614,1.1584752798080444,0.011599874123930931,0.4061589539051056,0.007767742965370417,0.0044257682748138905,0.011559921316802502,0.4736158549785614,0.002209614496678114,0.06540489196777344,0.010284315794706345,0.006973113864660263
592,592,datasets/audios/eastern_sliced/enka/enka_011_001.wav,2,enka,5,jazz,0.4574117660522461,1.1930546760559082,0.013635854236781597,0.41162681579589844,0.007382525596767664,0.004794648848474026,0.01466184388846159,0.4574117660522461,0.0025401017628610134,0.06902000308036804,0.011177588254213333,0.007748875301331282
593,593,datasets/audios/eastern_sliced/enka/enka_011_002.wav,2,enka,5,jazz,0.5381995439529419,1.1275322437286377,0.013326499611139297,0.3517516851425171,0.00624602846801281,0.004511169623583555,0.014764320105314255,0.5381995439529419,0.0024350015446543694,0.050364792346954346,0.011739622801542282,0.006661464460194111
594,594,datasets/audios/eastern_sliced/enka/enka_012_000.wav,2,enka,1,classical,0.4103434383869171,1.700848937034607,0.03425784781575203,0.4103434383869171,0.02985536865890026,0.02310524508357048,0.025503337383270264,0.14784198999404907,0.015912529081106186,0.23893152177333832,0.03169100731611252,0.04255782440304756
595,595,datasets/audios/eastern_sliced/enka/enka_012_001.wav,2,enka,5,jazz,0.3581134080886841,1.5764163732528687,0.039006736129522324,0.12479942291975021,0.009562111459672451,0.009791119955480099,0.0741710439324379,0.3581134080886841,0.004416672978550196,0.3422068953514099,0.013481900095939636,0.024450773373246193
596,596,datasets/audios/eastern_sliced/enka/enka_012_002.wav,2,enka,7,pop,0.3782578706741333,1.5319114923477173,0.024996228516101837,0.14715006947517395,0.00849305558949709,0.01033184677362442,0.0632159560918808,0.3286759555339813,0.0037952144630253315,0.3782578706741333,0.013314593583345413,0.021769259124994278
597,597,datasets/audios/eastern_sliced/enka/enka_013_000.wav,2,enka,7,pop,0.733647346496582,1.0688986778259277,0.027737706899642944,0.05233358219265938,0.0044500757940113544,0.012094725854694843,0.06499771028757095,0.07010515034198761,0.003829753492027521,0.733647346496582,0.008194709196686745,0.022609278559684753
598,598,datasets/audios/eastern_sliced/enka/enka_013_001.wav,2,enka,7,pop,0.5489981174468994,1.5761308670043945,0.01873370260000229,0.05791642516851425,0.034652162343263626,0.07824663817882538,0.0773206427693367,0.035002123564481735,0.01158940326422453,0.5489981174468994,0.017158417031168938,0.12038235366344452
599,599,datasets/audios/eastern_sliced/enka/enka_013_002.wav,2,enka,7,pop,0.5475704669952393,1.5768285989761353,0.017664752900600433,0.06162162497639656,0.033843398094177246,0.07641258090734482,0.07698559015989304,0.03413936123251915,0.011769745498895645,0.5475704669952393,0.017473144456744194,0.12251923233270645
600,600,datasets/audios/eastern_sliced/enka/enka_014_000.wav,2,enka,7,pop,0.38997387886047363,1.946684718132019,0.03198055177927017,0.0877266600728035,0.07775956392288208,0.05216985195875168,0.13822981715202332,0.0787021666765213,0.028730252757668495,0.38997387886047363,0.06167596951127052,0.05305129662156105
601,601,datasets/audios/eastern_sliced/enka/enka_014_001.wav,2,enka,7,pop,0.40209072828292847,1.6640796661376953,0.06332488358020782,0.22389112412929535,0.0199578907340765,0.02227800153195858,0.03004022128880024,0.1858009546995163,0.009240112267434597,0.40209072828292847,0.01452284213155508,0.02885330840945244
602,602,datasets/audios/eastern_sliced/enka/enka_014_002.wav,2,enka,7,pop,0.5683237314224243,1.4962586164474487,0.046541545540094376,0.12250535190105438,0.014361023902893066,0.027617385610938072,0.05526131018996239,0.11290677636861801,0.010733853094279766,0.5683237314224243,0.01546549890190363,0.026283521205186844
603,603,datasets/audios/eastern_sliced/enka/enka_015_000.wav,2,enka,1,classical,0.3561432361602783,1.7599736452102661,0.033727169036865234,0.3561432361602783,0.19383984804153442,0.02740277536213398,0.01130081620067358,0.03217899426817894,0.01058926247060299,0.19187749922275543,0.019593792036175728,0.12334650009870529
604,604,datasets/audios/eastern_sliced/enka/enka_015_001.wav,2,enka,1,classical,0.29132282733917236,1.846858263015747,0.030448488891124725,0.29132282733917236,0.23266129195690155,0.03527803719043732,0.013351749628782272,0.03977194428443909,0.015488144010305405,0.15396490693092346,0.02385716885328293,0.1638554483652115
605,605,datasets/audios/eastern_sliced/enka/enka_015_002.wav,2,enka,7,pop,0.4506003260612488,1.7749543190002441,0.0487094447016716,0.16372163593769073,0.04232313856482506,0.07919350266456604,0.04049083963036537,0.07991122454404831,0.013532700948417187,0.4506003260612488,0.018185032531619072,0.0633322149515152
606,606,datasets/audios/eastern_sliced/enka/enka_016_000.wav,2,enka,5,jazz,0.542989194393158,1.500663161277771,0.0459674634039402,0.1355229914188385,0.010289914906024933,0.013167545199394226,0.056845489889383316,0.542989194393158,0.010313263162970543,0.141782745718956,0.02048032358288765,0.022641049697995186
607,607,datasets/audios/eastern_sliced/enka/enka_016_001.wav,2,enka,5,jazz,0.3584901988506317,1.8071210384368896,0.05636908486485481,0.1685122400522232,0.020968640223145485,0.022107070311903954,0.04708598554134369,0.3584901988506317,0.022565769031643867,0.2264176458120346,0.02397937700152397,0.053503990173339844
608,608,datasets/audios/eastern_sliced/enka/enka_016_002.wav,2,enka,5,jazz,0.36148348450660706,1.8432066440582275,0.06262226402759552,0.160105362534523,0.02215728722512722,0.022299615666270256,0.062346480786800385,0.36148348450660706,0.022217370569705963,0.20660088956356049,0.03135121241211891,0.048816028982400894
609,609,datasets/audios/eastern_sliced/enka/enka_017_000.wav,2,enka,1,classical,0.36238545179367065,1.582884669303894,0.02908238023519516,0.36238545179367065,0.019191838800907135,0.014732486568391323,0.016933903098106384,0.25445494055747986,0.008386475965380669,0.24961592257022858,0.01780124008655548,0.027415398508310318
610,610,datasets/audios/eastern_sliced/enka/enka_017_001.wav,2,enka,5,jazz,0.40779024362564087,1.4989272356033325,0.030842198058962822,0.29705750942230225,0.013230307027697563,0.013561013154685497,0.023817671462893486,0.40779024362564087,0.004408117849379778,0.17815005779266357,0.017161618918180466,0.013981262221932411
611,611,datasets/audios/eastern_sliced/enka/enka_017_002.wav,2,enka,5,jazz,0.5725856423377991,1.3567607402801514,0.03072083555161953,0.15143287181854248,0.008709946647286415,0.012606239877641201,0.041710007935762405,0.5725856423377991,0.002678643213585019,0.15297828614711761,0.018647577613592148,0.007929975166916847
612,612,datasets/audios/eastern_sliced/enka/enka_018_000.wav,2,enka,5,jazz,0.39573225378990173,1.6289938688278198,0.045365408062934875,0.21892960369586945,0.02285470999777317,0.013378565199673176,0.018179280683398247,0.39573225378990173,0.009106785990297794,0.22171860933303833,0.03350607305765152,0.02122867852449417
613,613,datasets/audios/eastern_sliced/enka/enka_018_001.wav,2,enka,1,classical,0.2871837615966797,1.753838300704956,0.04523732140660286,0.2871837615966797,0.025571072474122047,0.016381802037358284,0.024043340235948563,0.28070762753486633,0.014813241548836231,0.23027759790420532,0.04208075627684593,0.03370342403650284
614,614,datasets/audios/eastern_sliced/enka/enka_018_002.wav,2,enka,7,pop,0.499051570892334,1.5533127784729004,0.02577138878405094,0.09378331899642944,0.024323366582393646,0.016341911628842354,0.060263779014348984,0.2165970653295517,0.006116694305092096,0.499051570892334,0.03940027579665184,0.018350625410676003
615,615,datasets/audios/eastern_sliced/enka/enka_019_000.wav,2,enka,7,pop,0.48084619641304016,1.659807801246643,0.028012437745928764,0.10793326795101166,0.030957546085119247,0.0225658155977726,0.05706482380628586,0.18112778663635254,0.008737417869269848,0.48084619641304016,0.053670693188905716,0.02908407896757126
616,616,datasets/audios/eastern_sliced/enka/enka_019_001.wav,2,enka,5,jazz,0.4369165003299713,1.5809071063995361,0.06694235652685165,0.2750670611858368,0.007473847363144159,0.0334099605679512,0.04685838520526886,0.4369165003299713,0.007389793638139963,0.0937127098441124,0.021238069981336594,0.010991333052515984
617,617,datasets/audios/eastern_sliced/enka/enka_019_002.wav,2,enka,5,jazz,0.36439070105552673,1.7601709365844727,0.05128583684563637,0.15146011114120483,0.005809473339468241,0.03472595289349556,0.15295030176639557,0.36439070105552673,0.007897368632256985,0.18352501094341278,0.037401583045721054,0.010553570464253426
618,618,datasets/audios/eastern_sliced/enka/enka_020_000.wav,2,enka,5,jazz,0.5580905675888062,1.4830260276794434,0.06141912564635277,0.12819090485572815,0.024726903066039085,0.01658358983695507,0.057267867028713226,0.5580905675888062,0.002704659942537546,0.11983033269643784,0.01814252883195877,0.013043544255197048
619,619,datasets/audios/eastern_sliced/enka/enka_020_001.wav,2,enka,4,hiphop,0.3496032953262329,1.731916904449463,0.01946139708161354,0.07321249693632126,0.009988552890717983,0.04839586466550827,0.3496032953262329,0.24657540023326874,0.0027382378466427326,0.15219996869564056,0.0894678607583046,0.008356895297765732
620,620,datasets/audios/eastern_sliced/enka/enka_020_002.wav,2,enka,4,hiphop,0.4091668725013733,1.5836354494094849,0.01943986862897873,0.027764182537794113,0.007800195831805468,0.07593373209238052,0.4091668725013733,0.11684393137693405,0.002673135604709387,0.2838570177555084,0.049229010939598083,0.00729209091514349
621,621,datasets/audios/eastern_sliced/enka/enka_021_000.wav,2,enka,5,jazz,0.43405231833457947,1.6912397146224976,0.11263454705476761,0.02563185803592205,0.010874627158045769,0.027709050104022026,0.13447712361812592,0.43405231833457947,0.0033397008664906025,0.1530657708644867,0.08617948740720749,0.012035522609949112
622,622,datasets/audios/eastern_sliced/enka/enka_021_001.wav,2,enka,5,jazz,0.35482412576675415,1.7798999547958374,0.11954676359891891,0.023091591894626617,0.012998290359973907,0.03821604326367378,0.1413399577140808,0.35482412576675415,0.003354715183377266,0.20680218935012817,0.08688579499721527,0.01294048223644495
623,623,datasets/audios/eastern_sliced/enka/enka_021_002.wav,2,enka,5,jazz,0.34587764739990234,1.8786653280258179,0.09739542752504349,0.043294768780469894,0.019438104704022408,0.05650109797716141,0.1302957385778427,0.34587764739990234,0.005366143770515919,0.17041751742362976,0.11580045521259308,0.015613085590302944
624,624,datasets/audios/eastern_sliced/enka/enka_022_000.wav,2,enka,7,pop,0.5629556179046631,1.4321444034576416,0.01309980545192957,0.1349094808101654,0.037019651383161545,0.021322650834918022,0.0256729144603014,0.15620151162147522,0.005244136322289705,0.5629556179046631,0.01785917952656746,0.025715038180351257
625,625,datasets/audios/eastern_sliced/enka/enka_022_001.wav,2,enka,7,pop,0.6999738812446594,1.1242059469223022,0.010840496979653835,0.09370645880699158,0.011081739328801632,0.01637917570769787,0.03627721592783928,0.1011555939912796,0.0034827766939997673,0.6999738812446594,0.008420073427259922,0.018682628870010376
626,626,datasets/audios/eastern_sliced/enka/enka_022_002.wav,2,enka,7,pop,0.6633782982826233,1.1531628370285034,0.008367744274437428,0.13568921387195587,0.010108564980328083,0.011906938627362251,0.028732074424624443,0.11609905958175659,0.0027500472497195005,0.6633782982826233,0.010220963507890701,0.01274709403514862
627,627,datasets/audios/eastern_sliced/enka/enka_023_000.wav,2,enka,7,pop,0.5510901212692261,1.5843522548675537,0.024775180965662003,0.07555514574050903,0.12828369438648224,0.04430181905627251,0.031082386150956154,0.04633796960115433,0.012375235557556152,0.5510901212692261,0.02492576651275158,0.061272673308849335
628,628,datasets/audios/eastern_sliced/enka/enka_023_001.wav,2,enka,7,pop,0.6007158160209656,1.4712074995040894,0.007770563941448927,0.0957597866654396,0.05863223969936371,0.04653642699122429,0.040326427668333054,0.06665629893541336,0.006480838637799025,0.6007158160209656,0.036496661603450775,0.040625013411045074
629,629,datasets/audios/eastern_sliced/enka/enka_023_002.wav,2,enka,7,pop,0.6217198371887207,1.4130597114562988,0.009014256298542023,0.09436166286468506,0.05618945509195328,0.040854692459106445,0.03513222187757492,0.0705866739153862,0.005770926363766193,0.6217198371887207,0.028793545439839363,0.037576835602521896
630,630,datasets/audios/eastern_sliced/enka/enka_024_000.wav,2,enka,7,pop,0.2627194821834564,1.961540699005127,0.04332266002893448,0.18557345867156982,0.02506396733224392,0.029283324256539345,0.11813101172447205,0.21184079349040985,0.02244277112185955,0.2627194821834564,0.06321938335895538,0.03840307146310806
631,631,datasets/audios/eastern_sliced/enka/enka_024_001.wav,2,enka,7,pop,0.2537354528903961,1.9947433471679688,0.04191787913441658,0.16790272295475006,0.02498338744044304,0.03153776004910469,0.14572133123874664,0.1929265409708023,0.022535711526870728,0.2537354528903961,0.07793725281953812,0.04080184921622276
632,632,datasets/audios/eastern_sliced/enka/enka_024_002.wav,2,enka,7,pop,0.3448033034801483,2.025747537612915,0.04760415107011795,0.1277560442686081,0.05292163044214249,0.048585306853055954,0.11419885605573654,0.08423277735710144,0.02901194617152214,0.3448033034801483,0.06907621026039124,0.08180978149175644
633,633,datasets/audios/eastern_sliced/enka/enka_025_000.wav,2,enka,7,pop,0.4459625780582428,1.7103146314620972,0.026342272758483887,0.1778564453125,0.09558671712875366,0.019733745604753494,0.031705133616924286,0.12191759049892426,0.008587653748691082,0.4459625780582428,0.028813472017645836,0.04349437728524208
634,634,datasets/audios/eastern_sliced/enka/enka_025_001.wav,2,enka,7,pop,0.4556182026863098,1.6524749994277954,0.02867671474814415,0.16154812276363373,0.048508260399103165,0.018452977761626244,0.04130834341049194,0.18341566622257233,0.008161911740899086,0.4556182026863098,0.024308321997523308,0.030001480132341385
635,635,datasets/audios/eastern_sliced/enka/enka_025_002.wav,2,enka,7,pop,0.5539296269416809,1.5120643377304077,0.018695369362831116,0.11324482411146164,0.04320083558559418,0.020514627918601036,0.03988603129982948,0.14625133574008942,0.007331512402743101,0.5539296269416809,0.02956324629485607,0.02738254703581333
636,636,datasets/audios/eastern_sliced/enka/enka_026_000.wav,2,enka,7,pop,0.9503147602081299,0.28271862864494324,0.0007492224685847759,0.006736462470144033,0.0185870211571455,0.00436758017167449,0.0018873598892241716,0.0057529062032699585,0.00035224438761360943,0.9503147602081299,0.0006928183720447123,0.01055959053337574
637,637,datasets/audios/eastern_sliced/enka/enka_026_001.wav,2,enka,7,pop,0.9321233034133911,0.36609339714050293,0.0012579482281580567,0.010129605419933796,0.024183860048651695,0.005884793121367693,0.0020529136527329683,0.009735352359712124,0.00044497958151623607,0.9321233034133911,0.0010783072793856263,0.013109053485095501
638,638,datasets/audios/eastern_sliced/enka/enka_026_002.wav,2,enka,7,pop,0.9350659847259521,0.360297292470932,0.0016637889202684164,0.013584397733211517,0.015376252122223377,0.005838118493556976,0.0026158716063946486,0.01079084724187851,0.0005424105329439044,0.9350659847259521,0.0012619514018297195,0.013260372914373875
639,639,datasets/audios/eastern_sliced/enka/enka_027_000.wav,2,enka,7,pop,0.8990607261657715,0.5121026635169983,0.005127074662595987,0.023733356967568398,0.014278403483331203,0.004784251097589731,0.003680780529975891,0.022096630185842514,0.0009268867434002459,0.8990607261657715,0.002103831386193633,0.024208104237914085
640,640,datasets/audios/eastern_sliced/enka/enka_027_001.wav,2,enka,7,pop,0.8941170573234558,0.5352092981338501,0.00704743480309844,0.0162295401096344,0.02046501450240612,0.0038129983004182577,0.006120296195149422,0.011512781493365765,0.0015592947602272034,0.8941170573234558,0.004051214084029198,0.035084318369627
641,641,datasets/audios/eastern_sliced/enka/enka_027_002.wav,2,enka,7,pop,0.8771423697471619,0.5880414247512817,0.005407894495874643,0.013533152639865875,0.04209831357002258,0.004680202808231115,0.004364682361483574,0.02051715739071369,0.0010920866625383496,0.8771423697471619,0.0026821119245141745,0.02848217822611332
642,642,datasets/audios/eastern_sliced/enka/enka_028_000.wav,2,enka,0,blues,0.2730250656604767,2.017244815826416,0.2730250656604767,0.13760021328926086,0.020997408777475357,0.015120664611458778,0.08928966522216797,0.07092902809381485,0.02904626913368702,0.1230272501707077,0.06304598599672318,0.17791852355003357
643,643,datasets/audios/eastern_sliced/enka/enka_028_001.wav,2,enka,0,blues,0.23918373882770538,2.0341994762420654,0.23918373882770538,0.11880733072757721,0.01769809052348137,0.015184699557721615,0.11511214822530746,0.06137358397245407,0.03615488111972809,0.12319112569093704,0.06620967388153076,0.20708467066287994
644,644,datasets/audios/eastern_sliced/enka/enka_028_002.wav,2,enka,0,blues,0.37164437770843506,1.8811159133911133,0.37164437770843506,0.17551787197589874,0.019614534452557564,0.01500177662819624,0.05649815499782562,0.07423903048038483,0.01875997520983219,0.10564500838518143,0.055444128811359406,0.10763511806726456
645,645,datasets/audios/eastern_sliced/enka/enka_029_000.wav,2,enka,1,classical,0.42650285363197327,1.729493498802185,0.16947078704833984,0.42650285363197327,0.02454252541065216,0.012837974354624748,0.019109366461634636,0.04497326537966728,0.026307282969355583,0.03660096600651741,0.06924779713153839,0.17040714621543884
646,646,datasets/audios/eastern_sliced/enka/enka_029_001.wav,2,enka,1,classical,0.5560363531112671,1.5257608890533447,0.12675796449184418,0.5560363531112671,0.015948431566357613,0.013693938963115215,0.011964348144829273,0.05601820722222328,0.016451315954327583,0.059114549309015274,0.03949025645852089,0.10452459007501602
647,647,datasets/audios/eastern_sliced/enka/enka_029_002.wav,2,enka,1,classical,0.47816357016563416,1.66716468334198,0.14262576401233673,0.47816357016563416,0.017597055062651634,0.015356909483671188,0.01499889139086008,0.05513768270611763,0.021895242854952812,0.06219447776675224,0.045649848878383636,0.14638055860996246
648,648,datasets/audios/eastern_sliced/enka/enka_030_000.wav,2,enka,7,pop,0.7809205651283264,0.7332060933113098,0.003626557532697916,0.0064936475828289986,0.16780507564544678,0.004743744153529406,0.0049774968065321445,0.004480627365410328,0.0007097334018908441,0.7809205651283264,0.0037692401092499495,0.02247338555753231
649,649,datasets/audios/eastern_sliced/enka/enka_030_001.wav,2,enka,2,country,0.6898881196975708,0.9079176783561707,0.00789589248597622,0.004927803296595812,0.6898881196975708,0.005426319781690836,0.0024184887297451496,0.0050680311396718025,0.0014556623063981533,0.23097367584705353,0.004852659069001675,0.04709330573678017
650,650,datasets/audios/eastern_sliced/enka/enka_030_002.wav,2,enka,2,country,0.6186680793762207,1.048539638519287,0.008836615830659866,0.010931736789643764,0.6186680793762207,0.010078263469040394,0.0028392053209245205,0.006639903411269188,0.002247261581942439,0.2765696048736572,0.006230198312550783,0.056959137320518494
651,651,datasets/audios/eastern_sliced/enka/enka_031_000.wav,2,enka,2,country,0.9524078965187073,0.25594931840896606,0.0018865022575482726,0.0009493246325291693,0.9524078965187073,0.002820288995280862,0.0004144824924878776,0.0019148968858644366,0.00039622283657081425,0.012148724868893623,0.0012054734397679567,0.025856120511889458
652,652,datasets/audios/eastern_sliced/enka/enka_031_001.wav,2,enka,2,country,0.6075688004493713,1.1236613988876343,0.013429934158921242,0.015797395259141922,0.6075688004493713,0.011249794624745846,0.004725409671664238,0.009036342613399029,0.0011166551848873496,0.25312820076942444,0.003923690412193537,0.08002381771802902
653,653,datasets/audios/eastern_sliced/enka/enka_031_002.wav,2,enka,2,country,0.6966943144798279,0.8708051443099976,0.004802115727216005,0.003351189661771059,0.6966943144798279,0.006909559015184641,0.002400703029707074,0.005292376969009638,0.0006052239914424717,0.23308539390563965,0.0027010368648916483,0.04415810853242874
654,654,datasets/audios/eastern_sliced/enka/enka_032_000.wav,2,enka,7,pop,0.8756376504898071,0.582761824131012,0.005534806754440069,0.00984121486544609,0.060421787202358246,0.00402951380237937,0.01180978398770094,0.007043519057333469,0.001054749358445406,0.8756376504898071,0.006971720606088638,0.017655253410339355
655,655,datasets/audios/eastern_sliced/enka/enka_032_001.wav,2,enka,7,pop,0.8655091524124146,0.5786483287811279,0.0037052363622933626,0.009877159260213375,0.08267991244792938,0.002828921191394329,0.005488739348948002,0.005949564278125763,0.0007666058954782784,0.8655091524124146,0.005518572870641947,0.017676159739494324
656,656,datasets/audios/eastern_sliced/enka/enka_032_002.wav,2,enka,7,pop,0.909073531627655,0.4255245327949524,0.002895899349823594,0.0044875675812363625,0.0572468563914299,0.002065473236143589,0.0048924218863248825,0.003217833349481225,0.00040277058724313974,0.909073531627655,0.0034250570461153984,0.01229263935238123
657,657,datasets/audios/eastern_sliced/enka/enka_033_000.wav,2,enka,7,pop,0.9103859066963196,0.41718560457229614,0.001972256461158395,0.004004592075943947,0.047374427318573,0.00385840586386621,0.00195691199041903,0.0015645608073100448,0.0005287592066451907,0.9103859066963196,0.0009250367293134332,0.02742907591164112
658,658,datasets/audios/eastern_sliced/enka/enka_033_001.wav,2,enka,7,pop,0.6961948871612549,1.0098443031311035,0.004650829825550318,0.03031589649617672,0.1479622721672058,0.011122393421828747,0.002078440971672535,0.004113053437322378,0.0018009685445576906,0.6961948871612549,0.0033278893679380417,0.09843339771032333
659,659,datasets/audios/eastern_sliced/enka/enka_033_002.wav,2,enka,7,pop,0.7264300584793091,0.9173426032066345,0.0038109119050204754,0.01858636736869812,0.1564868986606598,0.006288658361881971,0.002162771997973323,0.005470349453389645,0.0012752271723002195,0.7264300584793091,0.004118666984140873,0.07537001371383667
660,660,datasets/audios/eastern_sliced/enka/enka_034_000.wav,2,enka,2,country,0.6815617084503174,1.099876046180725,0.009829699993133545,0.00637213047593832,0.6815617084503174,0.028335046023130417,0.010199347510933876,0.018819499760866165,0.002271767007187009,0.16681323945522308,0.01040437538176775,0.06539325416088104
661,661,datasets/audios/eastern_sliced/enka/enka_034_001.wav,2,enka,7,pop,0.7463692426681519,0.9720954895019531,0.0042187864892184734,0.016555137932300568,0.11626134812831879,0.032979462295770645,0.008132345043122768,0.015982169657945633,0.002143960213288665,0.7463692426681519,0.005321997217833996,0.05203567445278168
662,662,datasets/audios/eastern_sliced/enka/enka_034_002.wav,2,enka,7,pop,0.4072948098182678,1.4115403890609741,0.007954066619277,0.019525444135069847,0.3817703425884247,0.06066467985510826,0.009060749784111977,0.01718246378004551,0.004220362287014723,0.4072948098182678,0.012868830934166908,0.07945825904607773
663,663,datasets/audios/eastern_sliced/enka/enka_035_000.wav,2,enka,2,country,0.7280324101448059,0.9845790863037109,0.0042103431187570095,0.00356019614264369,0.7280324101448059,0.09913990646600723,0.0026280072052031755,0.004067427013069391,0.002440058160573244,0.09792669117450714,0.017975207418203354,0.04001975432038307
664,664,datasets/audios/eastern_sliced/enka/enka_035_001.wav,2,enka,2,country,0.3815249800682068,1.4239206314086914,0.004656776785850525,0.008781027980148792,0.3815249800682068,0.16605795919895172,0.005710580386221409,0.007441515102982521,0.003466609865427017,0.3419687747955322,0.013485642150044441,0.06690610200166702
665,665,datasets/audios/eastern_sliced/enka/enka_035_002.wav,2,enka,3,disco,0.47823286056518555,1.3738453388214111,0.004099395126104355,0.010025495663285255,0.2237243801355362,0.47823286056518555,0.005434712860733271,0.005658568348735571,0.0051138680428266525,0.2013651728630066,0.011186669580638409,0.05515884608030319
666,666,datasets/audios/eastern_sliced/enka/enka_036_000.wav,2,enka,1,classical,0.7574126124382019,0.9885696768760681,0.010866809636354446,0.7574126124382019,0.0772072821855545,0.014421770349144936,0.0017963817808777094,0.028562072664499283,0.004025481175631285,0.0580502450466156,0.01016081590205431,0.03749656304717064
667,667,datasets/audios/eastern_sliced/enka/enka_036_001.wav,2,enka,1,classical,0.8558025360107422,0.6964166164398193,0.01201569102704525,0.8558025360107422,0.023832332342863083,0.011484866961836815,0.0018758501391857862,0.038084324449300766,0.003751617856323719,0.020297598093748093,0.011314857751131058,0.021540313959121704
668,668,datasets/audios/eastern_sliced/enka/enka_036_002.wav,2,enka,7,pop,0.6602749824523926,1.282619595527649,0.03174082934856415,0.014521264471113682,0.12025604397058487,0.018788954243063927,0.02312253788113594,0.03887905180454254,0.005042252130806446,0.6602749824523926,0.028502123430371284,0.058872003108263016
669,669,datasets/audios/eastern_sliced/enka/enka_037_000.wav,2,enka,7,pop,0.5320397615432739,1.5519609451293945,0.022412588819861412,0.16805703938007355,0.04506555199623108,0.035667140036821365,0.016429923474788666,0.09865904599428177,0.006926157511770725,0.5320397615432739,0.02631043829023838,0.04843230918049812
670,670,datasets/audios/eastern_sliced/enka/enka_037_001.wav,2,enka,1,classical,0.5118595361709595,1.4574854373931885,0.025494074448943138,0.5118595361709595,0.023868964985013008,0.019737951457500458,0.007967209443449974,0.10567353665828705,0.005396094638854265,0.23974506556987762,0.02055809274315834,0.039699479937553406
671,671,datasets/audios/eastern_sliced/enka/enka_037_002.wav,2,enka,5,jazz,0.5336326956748962,1.235522747039795,0.016959773376584053,0.02736099809408188,0.32793372869491577,0.013168659061193466,0.009910385124385357,0.5336326956748962,0.0011123795993626118,0.03466684743762016,0.011620982550084591,0.02363363653421402
672,672,datasets/audios/eastern_sliced/enka/enka_038_000.wav,2,enka,1,classical,0.31138065457344055,1.7666327953338623,0.016550878062844276,0.31138065457344055,0.1999097466468811,0.019332515075802803,0.009704173542559147,0.051607899367809296,0.0030554819386452436,0.18658047914505005,0.030329113826155663,0.1715490221977234
673,673,datasets/audios/eastern_sliced/enka/enka_038_001.wav,2,enka,1,classical,0.23700998723506927,1.7889626026153564,0.03427845612168312,0.23700998723506927,0.21535544097423553,0.021063202992081642,0.006550288293510675,0.036245301365852356,0.00560724176466465,0.20761778950691223,0.02089531347155571,0.21537691354751587
674,674,datasets/audios/eastern_sliced/enka/enka_038_002.wav,2,enka,9,rock,0.31979572772979736,1.655577540397644,0.02015295997262001,0.12447060644626617,0.19082583487033844,0.017094213515520096,0.005860728677362204,0.02078181318938732,0.004159756004810333,0.27682751417160034,0.020030850544571877,0.31979572772979736
675,675,datasets/audios/eastern_sliced/guqinguzheng/guqinguzheng_000_000.wav,3,guqinguzheng,1,classical,0.9485601782798767,0.3014060854911804,0.01089281216263771,0.9485601782798767,0.0022323308512568474,0.002810139674693346,0.0006235298351384699,0.010906844399869442,0.001468161353841424,0.009885297156870365,0.003732600947842002,0.008888126350939274
676,676,datasets/audios/eastern_sliced/guqinguzheng/guqinguzheng_000_001.wav,3,guqinguzheng,1,classical,0.9147077202796936,0.45944029092788696,0.010268482379615307,0.9147077202796936,0.005179659463465214,0.009151474572718143,0.0013361485907807946,0.011490891687572002,0.0027610675897449255,0.01977577805519104,0.005727151874452829,0.019601672887802124
677,677,datasets/audios/eastern_sliced/guqinguzheng/guqinguzheng_000_002.wav,3,guqinguzheng,1,classical,0.9475184082984924,0.30832454562187195,0.005266488995403051,0.9475184082984924,0.0033614891581237316,0.0038984103593975306,0.0007089721621014178,0.008685696870088577,0.001480752951465547,0.01354998629540205,0.00515242014080286,0.01037734653800726
678,678,datasets/audios/eastern_sliced/guqinguzheng/guqinguzheng_000_003.wav,3,guqinguzheng,1,classical,0.9516456723213196,0.288324773311615,0.00650967750698328,0.9516456723213196,0.0024129468947649,0.003531603142619133,0.0005779080674983561,0.008951165713369846,0.001910034567117691,0.009852872230112553,0.003608727129176259,0.010999438352882862
679,679,datasets/audios/eastern_sliced/guqinguzheng/guqinguzheng_000_004.wav,3,guqinguzheng,1,classical,0.8935676217079163,0.5384860634803772,0.01010648999363184,0.8935676217079163,0.005433628801256418,0.012366409413516521,0.0013346158666536212,0.010355951264500618,0.003159296466037631,0.032288309186697006,0.005780248437076807,0.02560749463737011
680,680,datasets/audios/eastern_sliced/guqinguzheng/guqinguzheng_001_000.wav,3,guqinguzheng,7,pop,0.3694385588169098,1.6889660358428955,0.014404624700546265,0.276906818151474,0.10251660645008087,0.022499240934848785,0.018187610432505608,0.03104325197637081,0.012743290513753891,0.3694385588169098,0.021907268092036247,0.1303526610136032
681,681,datasets/audios/eastern_sliced/guqinguzheng/guqinguzheng_001_001.wav,3,guqinguzheng,2,country,0.313295841217041,1.725904941558838,0.01447751559317112,0.25566354393959045,0.313295841217041,0.021995291113853455,0.011825205758213997,0.03499322384595871,0.005036954302340746,0.21018895506858826,0.03471251204609871,0.09781087189912796
682,682,datasets/audios/eastern_sliced/guqinguzheng/guqinguzheng_001_002.wav,3,guqinguzheng,1,classical,0.41548359394073486,1.6245957612991333,0.02244429849088192,0.41548359394073486,0.19923798739910126,0.03431156650185585,0.006699118297547102,0.01695762202143669,0.007935660891234875,0.08507638424634933,0.016462048515677452,0.1953916847705841
683,683,datasets/audios/eastern_sliced/guqinguzheng/guqinguzheng_001_003.wav,3,guqinguzheng,2,country,0.3667699992656708,1.7546979188919067,0.021347057074308395,0.1085839569568634,0.3667699992656708,0.027029547840356827,0.01311905961483717,0.04477357864379883,0.023141680285334587,0.11456315964460373,0.02239983156323433,0.2582721710205078
684,684,datasets/audios/eastern_sliced/guqinguzheng/guqinguzheng_001_004.wav,3,guqinguzheng,1,classical,0.48162195086479187,1.4243323802947998,0.020905280485749245,0.48162195086479187,0.02391866222023964,0.030860744416713715,0.007875333540141582,0.0573461540043354,0.005931660067290068,0.3098435401916504,0.010147608816623688,0.05154900625348091
685,685,datasets/audios/eastern_sliced/guqinguzheng/guqinguzheng_002_000.wav,3,guqinguzheng,1,classical,0.9266414642333984,0.4086962342262268,0.016528451815247536,0.9266414642333984,0.007508541457355022,0.006307747680693865,0.0010322235757485032,0.008296377025544643,0.002047046786174178,0.0065952492877841,0.009494786150753498,0.015548046678304672
686,686,datasets/audios/eastern_sliced/guqinguzheng/guqinguzheng_002_001.wav,3,guqinguzheng,1,classical,0.9057027697563171,0.5031313300132751,0.01826521009206772,0.9057027697563171,0.01112086046487093,0.008033881895244122,0.0013751562219113111,0.012539959512650967,0.0024461974389851093,0.00872048083692789,0.014159414917230606,0.01763611100614071
687,687,datasets/audios/eastern_sliced/guqinguzheng/guqinguzheng_002_002.wav,3,guqinguzheng,1,classical,0.8641999959945679,0.6559697389602661,0.009927789680659771,0.8641999959945679,0.012236096896231174,0.01388683170080185,0.0020647242199629545,0.011518149636685848,0.004055429250001907,0.03875643387436867,0.009058862924575806,0.0342957004904747
688,688,datasets/audios/eastern_sliced/guqinguzheng/guqinguzheng_002_003.wav,3,guqinguzheng,1,classical,0.7100356817245483,1.0698357820510864,0.010098587721586227,0.7100356817245483,0.022337298840284348,0.023298973217606544,0.005034625995904207,0.014270837418735027,0.0037160140927881002,0.14074009656906128,0.01525393221527338,0.05521394684910774
689,689,datasets/audios/eastern_sliced/guqinguzheng/guqinguzheng_002_004.wav,3,guqinguzheng,1,classical,0.7363073825836182,1.0226738452911377,0.011201747693121433,0.7363073825836182,0.024563629180192947,0.02204502560198307,0.0038634936790913343,0.012320694513618946,0.003725553397089243,0.11095880717039108,0.01470162533223629,0.06031211093068123
690,690,datasets/audios/eastern_sliced/guqinguzheng/guqinguzheng_003_000.wav,3,guqinguzheng,1,classical,0.8745092749595642,0.6304832696914673,0.028440088033676147,0.8745092749595642,0.009350007399916649,0.01010716613382101,0.0030864884611219168,0.025286778807640076,0.003848179941996932,0.01217641681432724,0.015247181057929993,0.017948444932699203
691,691,datasets/audios/eastern_sliced/guqinguzheng/guqinguzheng_003_001.wav,3,guqinguzheng,1,classical,0.8107175230979919,0.859535813331604,0.04165733605623245,0.8107175230979919,0.011801608838140965,0.014642535708844662,0.004639326129108667,0.0461856909096241,0.0049902526661753654,0.018297353759407997,0.02620881050825119,0.020859453827142715
692,692,datasets/audios/eastern_sliced/guqinguzheng/guqinguzheng_003_002.wav,3,guqinguzheng,1,classical,0.8293929696083069,0.8116761445999146,0.02109239436686039,0.8293929696083069,0.017146581783890724,0.020830120891332626,0.0047918930649757385,0.031369782984256744,0.006147571839392185,0.023464994505047798,0.01681157946586609,0.02895214408636093
693,693,datasets/audios/eastern_sliced/guqinguzheng/guqinguzheng_003_003.wav,3,guqinguzheng,1,classical,0.8905547261238098,0.5356929898262024,0.008814075030386448,0.8905547261238098,0.0034305464942008257,0.007177538238465786,0.002124207094311714,0.03293712064623833,0.002214741427451372,0.03745461627840996,0.00531761534512043,0.009974818676710129
694,694,datasets/audios/eastern_sliced/guqinguzheng/guqinguzheng_003_004.wav,3,guqinguzheng,1,classical,0.8829783797264099,0.5717016458511353,0.01566591113805771,0.8829783797264099,0.0034805266186594963,0.006155094597488642,0.0019478903850540519,0.04024559259414673,0.002434708643704653,0.02561933919787407,0.006542903836816549,0.01492978259921074
695,695,datasets/audios/eastern_sliced/guqinguzheng/guqinguzheng_004_000.wav,3,guqinguzheng,1,classical,0.9413291811943054,0.33579400181770325,0.005503298249095678,0.9413291811943054,0.00410348130390048,0.0068727522157132626,0.0006848073098808527,0.015487173572182655,0.0013575617922469974,0.013686294667422771,0.0033041397109627724,0.007671365514397621
696,696,datasets/audios/eastern_sliced/guqinguzheng/guqinguzheng_004_001.wav,3,guqinguzheng,1,classical,0.938890278339386,0.34183046221733093,0.004042303189635277,0.938890278339386,0.004263419192284346,0.00608904380351305,0.0006772385095246136,0.01616143248975277,0.001048291102051735,0.018505621701478958,0.002951333299279213,0.007371117360889912
697,697,datasets/audios/eastern_sliced/guqinguzheng/guqinguzheng_005_000.wav,3,guqinguzheng,1,classical,0.8374949097633362,0.7676945924758911,0.041792888194322586,0.8374949097633362,0.015410779044032097,0.023981796577572823,0.0018282087985426188,0.020030099898576736,0.005745654925704002,0.020099550485610962,0.010202026925981045,0.023414134979248047
698,698,datasets/audios/eastern_sliced/guqinguzheng/guqinguzheng_005_001.wav,3,guqinguzheng,1,classical,0.7093355655670166,1.181138277053833,0.05056498199701309,0.7093355655670166,0.034224871546030045,0.04251047968864441,0.004045540001243353,0.022787652909755707,0.008986230939626694,0.06304417550563812,0.01502738893032074,0.04947318881750107
699,699,datasets/audios/eastern_sliced/guqinguzheng/guqinguzheng_005_002.wav,3,guqinguzheng,1,classical,0.8162481188774109,0.8499587178230286,0.03432915732264519,0.8162481188774109,0.02498030476272106,0.023743612691760063,0.00268880114890635,0.018139680847525597,0.005273934919387102,0.031061500310897827,0.013436573557555676,0.030098244547843933
700,700,datasets/audios/eastern_sliced/guqinguzheng/guqinguzheng_005_003.wav,3,guqinguzheng,1,classical,0.854849636554718,0.6998602747917175,0.038412079215049744,0.854849636554718,0.01608116924762726,0.017885031178593636,0.0012854522792622447,0.016836535185575485,0.004470259882509708,0.020489616319537163,0.00736010167747736,0.022330202162265778
701,701,datasets/audios/eastern_sliced/guqinguzheng/guqinguzheng_005_004.wav,3,guqinguzheng,1,classical,0.813072681427002,0.8617472052574158,0.03819815069437027,0.813072681427002,0.019283264875411987,0.031023912131786346,0.0026450064033269882,0.026561880484223366,0.008556554093956947,0.019772838801145554,0.010985481552779675,0.02990025468170643
702,702,datasets/audios/eastern_sliced/guqinguzheng/guqinguzheng_006_000.wav,3,guqinguzheng,7,pop,0.947727382183075,0.2950439453125,0.002369007794186473,0.005485205445438623,0.009209309704601765,0.006557891611009836,0.004201461561024189,0.001261199009604752,0.0006095541757531464,0.947727382183075,0.000854398007504642,0.021724624559283257
703,703,datasets/audios/eastern_sliced/guqinguzheng/guqinguzheng_006_001.wav,3,guqinguzheng,7,pop,0.9552144408226013,0.2607218027114868,0.001947590266354382,0.004586727824062109,0.008976790122687817,0.0054565840400755405,0.0038751300889998674,0.0010967582929879427,0.0004767024947796017,0.9552144408226013,0.0008018746157176793,0.01756748929619789
704,704,datasets/audios/eastern_sliced/guqinguzheng/guqinguzheng_006_002.wav,3,guqinguzheng,7,pop,0.9157974720001221,0.4303532540798187,0.003141416935250163,0.009919418022036552,0.017263682559132576,0.0073975566774606705,0.005014259368181229,0.0023150236811488867,0.0009736375650390983,0.9157974720001221,0.0018957230495288968,0.036281734704971313
705,705,datasets/audios/eastern_sliced/guqinguzheng/guqinguzheng_006_003.wav,3,guqinguzheng,7,pop,0.9047548174858093,0.46826648712158203,0.00328599545173347,0.016214538365602493,0.013253794983029366,0.006672334391623735,0.004476514644920826,0.002625113818794489,0.0012393230572342873,0.9047548174858093,0.0020864999387413263,0.04539097845554352
706,706,datasets/audios/eastern_sliced/guqinguzheng/guqinguzheng_007_000.wav,3,guqinguzheng,1,classical,0.49214133620262146,1.5266292095184326,0.013395175337791443,0.49214133620262146,0.08104533702135086,0.04720388352870941,0.006961716338992119,0.015102872624993324,0.005416074767708778,0.22105132043361664,0.02475147135555744,0.09293090552091599
707,707,datasets/audios/eastern_sliced/guqinguzheng/guqinguzheng_007_001.wav,3,guqinguzheng,1,classical,0.3478245437145233,1.7823035717010498,0.02127644792199135,0.3478245437145233,0.14087125658988953,0.07818804681301117,0.009760605171322823,0.014304674230515957,0.009546215645968914,0.18040145933628082,0.026466144248843193,0.17136070132255554
708,708,datasets/audios/eastern_sliced/guqinguzheng/guqinguzheng_007_002.wav,3,guqinguzheng,1,classical,0.49643567204475403,1.5198390483856201,0.011805273592472076,0.49643567204475403,0.06950801610946655,0.04535777494311333,0.006379203870892525,0.01747954450547695,0.006309710908681154,0.21395756304264069,0.023004578426480293,0.10976268351078033
709,709,datasets/audios/eastern_sliced/guqinguzheng/guqinguzheng_008_000.wav,3,guqinguzheng,1,classical,0.4529702663421631,1.7393953800201416,0.03795178234577179,0.4529702663421631,0.05980808660387993,0.057282377034425735,0.012515556998550892,0.030163045972585678,0.021529847756028175,0.13642889261245728,0.03632332384586334,0.15502683818340302
710,710,datasets/audios/eastern_sliced/guqinguzheng/guqinguzheng_008_001.wav,3,guqinguzheng,1,classical,0.5472415089607239,1.6005265712738037,0.038126517087221146,0.5472415089607239,0.04924863576889038,0.051647379994392395,0.014702137559652328,0.04320473223924637,0.013213793747127056,0.08656837046146393,0.039323870092630386,0.11672303825616837
711,711,datasets/audios/eastern_sliced/guqinguzheng/guqinguzheng_008_002.wav,3,guqinguzheng,7,pop,0.31039854884147644,1.8801683187484741,0.031504787504673004,0.23536446690559387,0.10336142033338547,0.0815427303314209,0.015269748866558075,0.0275897029787302,0.012733698822557926,0.31039854884147644,0.043298084288835526,0.1389368325471878
712,712,datasets/audios/eastern_sliced/guqinguzheng/guqinguzheng_008_003.wav,3,guqinguzheng,7,pop,0.42037102580070496,1.702820897102356,0.019956771284341812,0.07753868401050568,0.22992464900016785,0.060901522636413574,0.01415145955979824,0.022181248292326927,0.00692693330347538,0.42037102580070496,0.04599642753601074,0.1020512804389
713,713,datasets/audios/eastern_sliced/guqinguzheng/guqinguzheng_009_000.wav,3,guqinguzheng,1,classical,0.71915203332901,1.0747753381729126,0.015526492148637772,0.71915203332901,0.058541156351566315,0.041213564574718475,0.0015152869746088982,0.010587304830551147,0.004485504236072302,0.036474328488111496,0.007153614424169064,0.10535067319869995
714,714,datasets/audios/eastern_sliced/guqinguzheng/guqinguzheng_009_001.wav,3,guqinguzheng,1,classical,0.49890199303627014,1.5590524673461914,0.017140109091997147,0.49890199303627014,0.11287178099155426,0.08669190853834152,0.0034310701303184032,0.012860164977610111,0.01568526215851307,0.0629192590713501,0.015790360048413277,0.17370817065238953
715,715,datasets/audios/eastern_sliced/guqinguzheng/guqinguzheng_009_002.wav,3,guqinguzheng,1,classical,0.6081525087356567,1.348481297492981,0.01726982742547989,0.6081525087356567,0.021639563143253326,0.04797450453042984,0.005386196076869965,0.04453790560364723,0.007702253758907318,0.1485486477613449,0.009447507560253143,0.08934112638235092
716,716,datasets/audios/eastern_sliced/guqinguzheng/guqinguzheng_009_003.wav,3,guqinguzheng,1,classical,0.6290732622146606,1.338208556175232,0.018372900784015656,0.6290732622146606,0.04825589805841446,0.06143135577440262,0.003820940386503935,0.01878410391509533,0.009598067961633205,0.0851784497499466,0.014421319589018822,0.1110636368393898
717,717,datasets/audios/eastern_sliced/guqinguzheng/guqinguzheng_009_004.wav,3,guqinguzheng,1,classical,0.4785670340061188,1.520330786705017,0.012075972743332386,0.4785670340061188,0.05463684722781181,0.07351134717464447,0.0037699562963098288,0.009771286509931087,0.009273787029087543,0.144609272480011,0.011385086923837662,0.20239941775798798
718,718,datasets/audios/eastern_sliced/guqinguzheng/guqinguzheng_010_000.wav,3,guqinguzheng,7,pop,0.5940592885017395,1.3693004846572876,0.01284396555274725,0.1862185150384903,0.033062491565942764,0.017018022015690804,0.014583894051611423,0.05203962326049805,0.006992966402322054,0.5940592885017395,0.026322688907384872,0.056858472526073456
719,719,datasets/audios/eastern_sliced/guqinguzheng/guqinguzheng_010_001.wav,3,guqinguzheng,7,pop,0.4837593734264374,1.7304588556289673,0.019913649186491966,0.11532022058963776,0.08148765563964844,0.028661103919148445,0.03185418248176575,0.08319422602653503,0.01128627359867096,0.4837593734264374,0.06361274421215057,0.0809105634689331
720,720,datasets/audios/eastern_sliced/guqinguzheng/guqinguzheng_010_002.wav,3,guqinguzheng,7,pop,0.4502163231372833,1.8122895956039429,0.022856391966342926,0.09683436900377274,0.08278552442789078,0.03283925727009773,0.04752647876739502,0.10077584534883499,0.012004519812762737,0.4502163231372833,0.08986647427082062,0.06429482251405716
721,721,datasets/audios/eastern_sliced/guqinguzheng/guqinguzheng_010_003.wav,3,guqinguzheng,7,pop,0.7548055648803711,1.0062413215637207,0.00598439434543252,0.09656984359025955,0.017604539170861244,0.01354788988828659,0.014702408574521542,0.030222246423363686,0.007161890156567097,0.7548055648803711,0.019068622961640358,0.0403326191008091
722,722,datasets/audios/eastern_sliced/guqinguzheng/guqinguzheng_010_004.wav,3,guqinguzheng,7,pop,0.6847098469734192,1.1955862045288086,0.010060369037091732,0.12442752718925476,0.04010820388793945,0.026693329215049744,0.008948078379034996,0.02284340001642704,0.007688560523092747,0.6847098469734192,0.02231580764055252,0.05220482125878334
723,723,datasets/audios/eastern_sliced/guqinguzheng/guqinguzheng_011_000.wav,3,guqinguzheng,1,classical,0.9532063603401184,0.27716854214668274,0.0039449045434594154,0.9532063603401184,0.0031074960716068745,0.002122121397405863,0.00036204635398462415,0.01126340962946415,0.002135310787707567,0.008694981224834919,0.0028600769583135843,0.01230316236615181
724,724,datasets/audios/eastern_sliced/guqinguzheng/guqinguzheng_011_001.wav,3,guqinguzheng,1,classical,0.9266884326934814,0.4009828567504883,0.005118559580296278,0.9266884326934814,0.005933594424277544,0.0036026532761752605,0.0007164598209783435,0.020016463473439217,0.0027326529379934072,0.01508904155343771,0.005032715387642384,0.015069455839693546
725,725,datasets/audios/eastern_sliced/guqinguzheng/guqinguzheng_011_002.wav,3,guqinguzheng,1,classical,0.9192889332771301,0.4372919201850891,0.008353732526302338,0.9192889332771301,0.008097607642412186,0.0047767069190740585,0.0010055324528366327,0.022983845323324203,0.0021702677477151155,0.011745679192245007,0.006853722967207432,0.014723876491189003
726,726,datasets/audios/eastern_sliced/guqinguzheng/guqinguzheng_011_003.wav,3,guqinguzheng,1,classical,0.7401541471481323,1.0095162391662598,0.012587168253958225,0.7401541471481323,0.021941065788269043,0.011655895970761776,0.0026546462904661894,0.028486739844083786,0.004645953420549631,0.09745760262012482,0.007254451513290405,0.07316238433122635
727,727,datasets/audios/eastern_sliced/guqinguzheng/guqinguzheng_011_004.wav,3,guqinguzheng,1,classical,0.7845067381858826,0.8783182501792908,0.011863254941999912,0.7845067381858826,0.01167463231831789,0.009688053280115128,0.002613054122775793,0.029727552086114883,0.004336295183748007,0.09345397353172302,0.006327243521809578,0.04580927640199661
728,728,datasets/audios/eastern_sliced/guqinguzheng/guqinguzheng_012_000.wav,3,guqinguzheng,1,classical,0.4457874000072479,1.7508196830749512,0.03200739622116089,0.4457874000072479,0.08831574767827988,0.11791921406984329,0.01135849580168724,0.029796725139021873,0.010642225854098797,0.10808046162128448,0.0324733667075634,0.12361903488636017
729,729,datasets/audios/eastern_sliced/guqinguzheng/guqinguzheng_012_001.wav,3,guqinguzheng,1,classical,0.30066829919815063,1.8306305408477783,0.02025756798684597,0.30066829919815063,0.1311206966638565,0.10931803286075592,0.010456571355462074,0.015120687894523144,0.010365230962634087,0.18444591760635376,0.02591545693576336,0.1923314929008484
730,730,datasets/audios/eastern_sliced/guqinguzheng/guqinguzheng_012_002.wav,3,guqinguzheng,1,classical,0.520510733127594,1.687325358390808,0.050696954131126404,0.520510733127594,0.06901245564222336,0.06370974332094193,0.01076197624206543,0.07211588323116302,0.013781793415546417,0.06585565954446793,0.07733664661645889,0.05621815845370293
731,731,datasets/audios/eastern_sliced/guqinguzheng/guqinguzheng_013_000.wav,3,guqinguzheng,1,classical,0.33356714248657227,1.715840458869934,0.018207700923085213,0.33356714248657227,0.2999207079410553,0.08847562968730927,0.006831926293671131,0.014735275879502296,0.007659429684281349,0.08098825812339783,0.033555712550878525,0.11605829745531082
732,732,datasets/audios/eastern_sliced/guqinguzheng/guqinguzheng_013_001.wav,3,guqinguzheng,1,classical,0.3856111466884613,1.6682273149490356,0.019998764619231224,0.3856111466884613,0.25844892859458923,0.0919279009103775,0.004369329661130905,0.013406787998974323,0.010467891581356525,0.05748140811920166,0.0244876928627491,0.13380013406276703
733,733,datasets/audios/eastern_sliced/guqinguzheng/guqinguzheng_013_002.wav,3,guqinguzheng,1,classical,0.3218029737472534,1.7718651294708252,0.013536282815039158,0.3218029737472534,0.18655014038085938,0.12473296374082565,0.0077603948302567005,0.010839175432920456,0.00823960267007351,0.15825702250003815,0.018339982256293297,0.1499415636062622
734,734,datasets/audios/eastern_sliced/guqinguzheng/guqinguzheng_013_003.wav,3,guqinguzheng,1,classical,0.3258614242076874,1.7650082111358643,0.012051541358232498,0.3258614242076874,0.15440568327903748,0.11842288821935654,0.009408156387507915,0.011232452467083931,0.007716325111687183,0.19499149918556213,0.017831092700362206,0.14807890355587006
735,735,datasets/audios/eastern_sliced/guqinguzheng/guqinguzheng_013_004.wav,3,guqinguzheng,1,classical,0.39800673723220825,1.7561349868774414,0.01544668897986412,0.39800673723220825,0.1577482372522354,0.10740769654512405,0.010467336513102055,0.016160300001502037,0.011435252614319324,0.11604467779397964,0.0305448267608881,0.13673825562000275
736,736,datasets/audios/eastern_sliced/guqinguzheng/guqinguzheng_014_000.wav,3,guqinguzheng,1,classical,0.4482208788394928,1.5774321556091309,0.0323081910610199,0.4482208788394928,0.2708612084388733,0.050267770886421204,0.0047211055643856525,0.024605900049209595,0.009516289457678795,0.043224483728408813,0.02174283377826214,0.09453136473894119
737,737,datasets/audios/eastern_sliced/guqinguzheng/guqinguzheng_014_001.wav,3,guqinguzheng,2,country,0.4939931333065033,1.46636962890625,0.029146185144782066,0.26082155108451843,0.4939931333065033,0.04286563768982887,0.003986375406384468,0.014590631239116192,0.005628406535834074,0.04916485771536827,0.012907164171338081,0.0868961289525032
738,738,datasets/audios/eastern_sliced/guqinguzheng/guqinguzheng_014_002.wav,3,guqinguzheng,2,country,0.3859262764453888,1.4996347427368164,0.03313333913683891,0.3710554540157318,0.3859262764453888,0.04418817535042763,0.002802162664011121,0.0137627013027668,0.0070248255506157875,0.040996961295604706,0.013997809030115604,0.08711230754852295
739,739,datasets/audios/eastern_sliced/guqinguzheng/guqinguzheng_014_003.wav,3,guqinguzheng,1,classical,0.4453514516353607,1.5175788402557373,0.04394318908452988,0.4453514516353607,0.29620790481567383,0.04411790147423744,0.0030997961293905973,0.016392182558774948,0.006900106091052294,0.03284180536866188,0.01608046516776085,0.09506513178348541
740,740,datasets/audios/eastern_sliced/guqinguzheng/guqinguzheng_015_000.wav,3,guqinguzheng,1,classical,0.8472064733505249,0.7191224694252014,0.019698476418852806,0.8472064733505249,0.009051104076206684,0.01198021974414587,0.0022212171461433172,0.01914735697209835,0.004353589843958616,0.03818277269601822,0.008188504725694656,0.03997034952044487
741,741,datasets/audios/eastern_sliced/guqinguzheng/guqinguzheng_015_001.wav,3,guqinguzheng,1,classical,0.761301577091217,1.011491060256958,0.0374770388007164,0.761301577091217,0.017523281276226044,0.015207731164991856,0.003909698687493801,0.025047454982995987,0.00764439394697547,0.050911303609609604,0.015709128230810165,0.06526844948530197
742,742,datasets/audios/eastern_sliced/guqinguzheng/guqinguzheng_015_002.wav,3,guqinguzheng,1,classical,0.7972180843353271,0.8866159915924072,0.022378383204340935,0.7972180843353271,0.01257997378706932,0.012582032009959221,0.003091805847361684,0.020293815061450005,0.0077126529067754745,0.04984355717897415,0.01252687256783247,0.061772800981998444
743,743,datasets/audios/eastern_sliced/guqinguzheng/guqinguzheng_015_003.wav,3,guqinguzheng,1,classical,0.698330283164978,1.174740195274353,0.031278423964977264,0.698330283164978,0.032963767647743225,0.01961810328066349,0.00400304701179266,0.018218830227851868,0.010268784128129482,0.052690718322992325,0.0228252112865448,0.10980278253555298
744,744,datasets/audios/eastern_sliced/guqinguzheng/guqinguzheng_016_000.wav,3,guqinguzheng,1,classical,0.7643492817878723,1.0138946771621704,0.023868892341852188,0.7643492817878723,0.05380723252892494,0.029424704611301422,0.0034548782277852297,0.02380075864493847,0.006134234834462404,0.03080248273909092,0.014876815490424633,0.0494808591902256
745,745,datasets/audios/eastern_sliced/guqinguzheng/guqinguzheng_016_001.wav,3,guqinguzheng,1,classical,0.8325991630554199,0.7664378881454468,0.010011013597249985,0.8325991630554199,0.034301575273275375,0.02612375281751156,0.0017221164889633656,0.011157979257404804,0.0035046027041971684,0.023355508223176003,0.008777267299592495,0.04844703897833824
746,746,datasets/audios/eastern_sliced/guqinguzheng/guqinguzheng_016_002.wav,3,guqinguzheng,1,classical,0.8368916511535645,0.770014762878418,0.011687308549880981,0.8368916511535645,0.023315628990530968,0.021110547706484795,0.0024058520793914795,0.03227034583687782,0.003590433159843087,0.032798800617456436,0.011880037374794483,0.024049272760748863
747,747,datasets/audios/eastern_sliced/guqinguzheng/guqinguzheng_016_003.wav,3,guqinguzheng,1,classical,0.8302183151245117,0.7884031534194946,0.009452220983803272,0.8302183151245117,0.03133790194988251,0.02492036484181881,0.0019932847935706377,0.02202349156141281,0.0037949311081320047,0.029868772253394127,0.010201944969594479,0.036188650876283646
748,748,datasets/audios/eastern_sliced/guqinguzheng/guqinguzheng_016_004.wav,3,guqinguzheng,1,classical,0.8367365598678589,0.7627204060554504,0.01117763202637434,0.8367365598678589,0.01623973809182644,0.020375702530145645,0.0034362038131803274,0.03868730738759041,0.003013406414538622,0.03973844647407532,0.01014694757759571,0.020447947084903717
749,749,datasets/audios/eastern_sliced/guqinguzheng/guqinguzheng_017_000.wav,3,guqinguzheng,1,classical,0.6899811029434204,1.2265629768371582,0.031974587589502335,0.6899811029434204,0.04020196944475174,0.033601146191358566,0.006339779123663902,0.022315479815006256,0.01088337879627943,0.07464121282100677,0.015010843984782696,0.0750504657626152
750,750,datasets/audios/eastern_sliced/guqinguzheng/guqinguzheng_017_001.wav,3,guqinguzheng,1,classical,0.5735824108123779,1.5121878385543823,0.06958208233118057,0.5735824108123779,0.10934417694807053,0.05268241465091705,0.005187810864299536,0.026589825749397278,0.012214364483952522,0.0441332682967186,0.023952504619956017,0.08273112028837204
751,751,datasets/audios/eastern_sliced/guqinguzheng/guqinguzheng_017_002.wav,3,guqinguzheng,1,classical,0.46617403626441956,1.7165968418121338,0.06917095184326172,0.46617403626441956,0.15407921373844147,0.06957748532295227,0.007117984816431999,0.03153489902615547,0.015146316029131413,0.05532724782824516,0.027450745925307274,0.10442109405994415
752,752,datasets/audios/eastern_sliced/guqinguzheng/guqinguzheng_017_003.wav,3,guqinguzheng,1,classical,0.5279747247695923,1.5875662565231323,0.024596473202109337,0.5279747247695923,0.11876638978719711,0.09267484396696091,0.0067805578000843525,0.04182656481862068,0.00994826853275299,0.08733871579170227,0.016880374401807785,0.07321309298276901
753,753,datasets/audios/eastern_sliced/guqinguzheng/guqinguzheng_018_000.wav,3,guqinguzheng,1,classical,0.8166916966438293,0.7245389223098755,0.0066416384652256966,0.8166916966438293,0.00800585001707077,0.008007625117897987,0.001596810994669795,0.03180154412984848,0.0013951469445601106,0.10828518867492676,0.0027957232668995857,0.01477875281125307
754,754,datasets/audios/eastern_sliced/guqinguzheng/guqinguzheng_018_001.wav,3,guqinguzheng,1,classical,0.41804540157318115,1.7304737567901611,0.03848728910088539,0.41804540157318115,0.1327422708272934,0.06072571501135826,0.005474734120070934,0.032604776322841644,0.011133124120533466,0.1476113498210907,0.012106969021260738,0.14106830954551697
755,755,datasets/audios/eastern_sliced/guqinguzheng/guqinguzheng_018_002.wav,3,guqinguzheng,2,country,0.3474700450897217,1.6094636917114258,0.029854899272322655,0.12398817390203476,0.3474700450897217,0.0241356510668993,0.0046334173530340195,0.00974328350275755,0.007455499842762947,0.1311512440443039,0.011869808658957481,0.3096980154514313
756,756,datasets/audios/eastern_sliced/guqinguzheng/guqinguzheng_018_003.wav,3,guqinguzheng,1,classical,0.5267820358276367,1.245696783065796,0.010394010692834854,0.5267820358276367,0.02589781954884529,0.023128794506192207,0.0028737576212733984,0.016722841188311577,0.004319562576711178,0.3186251223087311,0.004748827777802944,0.0665072649717331
757,757,datasets/audios/eastern_sliced/guqinguzheng/guqinguzheng_018_004.wav,3,guqinguzheng,1,classical,0.5911938548088074,1.1759154796600342,0.0095679871737957,0.5911938548088074,0.022744493559002876,0.020852655172348022,0.002551410812884569,0.016905449330806732,0.004523283801972866,0.26769161224365234,0.0046373275108635426,0.0593319796025753
758,758,datasets/audios/eastern_sliced/guqinguzheng/guqinguzheng_019_000.wav,3,guqinguzheng,2,country,0.2824907600879669,1.8885302543640137,0.15740180015563965,0.13883242011070251,0.2824907600879669,0.03020772896707058,0.009161236695945263,0.2276274710893631,0.008705331943929195,0.04548768326640129,0.056888312101364136,0.043197259306907654
759,759,datasets/audios/eastern_sliced/guqinguzheng/guqinguzheng_019_001.wav,3,guqinguzheng,1,classical,0.2943495512008667,1.8272169828414917,0.11565188318490982,0.2943495512008667,0.1460472047328949,0.020386839285492897,0.010615173727273941,0.2593233585357666,0.005809273105114698,0.04013775289058685,0.08105741441249847,0.02662147767841816
760,760,datasets/audios/eastern_sliced/guqinguzheng/guqinguzheng_019_002.wav,3,guqinguzheng,7,pop,0.29995742440223694,1.884429931640625,0.05880105867981911,0.14325712621212006,0.24295197427272797,0.031855594366788864,0.011053171008825302,0.06828906387090683,0.017709529027342796,0.29995742440223694,0.022446250542998314,0.10367883741855621
761,761,datasets/audios/eastern_sliced/guqinguzheng/guqinguzheng_019_003.wav,3,guqinguzheng,7,pop,0.3346656858921051,1.8318122625350952,0.055824995040893555,0.14573021233081818,0.20005695521831512,0.028125733137130737,0.007302057463675737,0.048825737088918686,0.017156947404146194,0.3346656858921051,0.01639995537698269,0.14591173827648163
762,762,datasets/audios/eastern_sliced/guqinguzheng/guqinguzheng_019_004.wav,3,guqinguzheng,1,classical,0.41290128231048584,1.73958158493042,0.08479159325361252,0.41290128231048584,0.22492456436157227,0.026337280869483948,0.006238512694835663,0.04598585143685341,0.010630515404045582,0.05653092637658119,0.04250244051218033,0.08915706723928452
763,763,datasets/audios/eastern_sliced/guqinguzheng/guqinguzheng_020_000.wav,3,guqinguzheng,1,classical,0.49526727199554443,1.5583091974258423,0.02625998482108116,0.49526727199554443,0.1375872641801834,0.050314538180828094,0.004495988599956036,0.01691681332886219,0.02193610928952694,0.02933492511510849,0.02556292712688446,0.19232425093650818
764,764,datasets/audios/eastern_sliced/guqinguzheng/guqinguzheng_020_001.wav,3,guqinguzheng,1,classical,0.38117703795433044,1.876635193824768,0.03129058703780174,0.38117703795433044,0.11616262048482895,0.10422975569963455,0.013227710500359535,0.03457825630903244,0.02163487672805786,0.07093269377946854,0.06319015473127365,0.16357629001140594
765,765,datasets/audios/eastern_sliced/guqinguzheng/guqinguzheng_020_002.wav,3,guqinguzheng,1,classical,0.32662704586982727,1.9296938180923462,0.0292569100856781,0.32662704586982727,0.12531188130378723,0.10304278135299683,0.015035178512334824,0.035444531589746475,0.0208949763327837,0.10767149180173874,0.05080191791057587,0.1859133094549179
766,766,datasets/audios/eastern_sliced/guqinguzheng/guqinguzheng_020_003.wav,3,guqinguzheng,2,country,0.21470214426517487,2.0681610107421875,0.04026424139738083,0.16209982335567474,0.21470214426517487,0.12026849389076233,0.022471636533737183,0.04223508760333061,0.020343763753771782,0.1486579179763794,0.06855177879333496,0.16040503978729248
767,767,datasets/audios/eastern_sliced/guqinguzheng/guqinguzheng_020_004.wav,3,guqinguzheng,2,country,0.24395611882209778,1.989017128944397,0.02719622664153576,0.1915254145860672,0.24395611882209778,0.1019153892993927,0.01927170716226101,0.03244718909263611,0.019197383895516396,0.14763754606246948,0.05284557119011879,0.16400742530822754
768,768,datasets/audios/eastern_sliced/guqinguzheng/guqinguzheng_021_000.wav,3,guqinguzheng,1,classical,0.7922129034996033,0.9011145830154419,0.012840747833251953,0.7922129034996033,0.019799651578068733,0.017864923924207687,0.0021965119522064924,0.04775791987776756,0.004342649597674608,0.04629179462790489,0.008419754914939404,0.048273179680109024
769,769,datasets/audios/eastern_sliced/guqinguzheng/guqinguzheng_021_001.wav,3,guqinguzheng,2,country,0.3733000159263611,1.4551355838775635,0.006897890008985996,0.03977496549487114,0.3733000159263611,0.009733431041240692,0.004707979038357735,0.011301807127892971,0.006357551086694002,0.3437076807022095,0.027178063988685608,0.177040696144104
770,770,datasets/audios/eastern_sliced/guqinguzheng/guqinguzheng_021_002.wav,3,guqinguzheng,2,country,0.6519436240196228,1.1929264068603516,0.00668343435972929,0.02703038416802883,0.6519436240196228,0.015037104487419128,0.00436842255294323,0.007748219184577465,0.004468278028070927,0.1481875479221344,0.039537277072668076,0.09499569982290268
771,771,datasets/audios/eastern_sliced/guqinguzheng/guqinguzheng_021_003.wav,3,guqinguzheng,2,country,0.42799150943756104,1.3815171718597412,0.006514003034681082,0.03187152370810509,0.42799150943756104,0.012207621708512306,0.004876446444541216,0.012739590369164944,0.004732583649456501,0.35761719942092896,0.028185445815324783,0.11326400935649872
772,772,datasets/audios/eastern_sliced/guqinguzheng/guqinguzheng_022_000.wav,3,guqinguzheng,1,classical,0.7656989693641663,1.0186512470245361,0.05058910325169563,0.7656989693641663,0.023395318537950516,0.042323362082242966,0.0048527526669204235,0.036605361849069595,0.007408912759274244,0.020602770149707794,0.017122013494372368,0.0314013846218586
773,773,datasets/audios/eastern_sliced/guqinguzheng/guqinguzheng_022_001.wav,3,guqinguzheng,1,classical,0.5970408916473389,1.4911770820617676,0.05474655330181122,0.5970408916473389,0.05309636890888214,0.08594337105751038,0.00882725603878498,0.04433390125632286,0.013503670692443848,0.05096517503261566,0.020601190626621246,0.07094171643257141
774,774,datasets/audios/eastern_sliced/guqinguzheng/guqinguzheng_022_002.wav,3,guqinguzheng,1,classical,0.6695446372032166,1.2552589178085327,0.03886464983224869,0.6695446372032166,0.01209530420601368,0.04896065592765808,0.010241003707051277,0.03126629814505577,0.007528301794081926,0.090880386531353,0.01013188622891903,0.08048698306083679
775,775,datasets/audios/eastern_sliced/guqinguzheng/guqinguzheng_022_003.wav,3,guqinguzheng,1,classical,0.6432921886444092,1.3794889450073242,0.04942557215690613,0.6432921886444092,0.0463736318051815,0.07736419886350632,0.00833615567535162,0.03287006542086601,0.013422910124063492,0.03945878893136978,0.025135666131973267,0.06432076543569565
776,776,datasets/audios/eastern_sliced/guqinguzheng/guqinguzheng_023_000.wav,3,guqinguzheng,1,classical,0.6431663632392883,1.3736910820007324,0.07680363953113556,0.6431663632392883,0.057312317192554474,0.04413467273116112,0.007251814007759094,0.048499077558517456,0.010090288706123829,0.020697690546512604,0.03806649148464203,0.05397755280137062
777,777,datasets/audios/eastern_sliced/guqinguzheng/guqinguzheng_023_001.wav,3,guqinguzheng,1,classical,0.6757646799087524,1.2373571395874023,0.03678617626428604,0.6757646799087524,0.03833535686135292,0.02538217045366764,0.006354496348649263,0.1196083053946495,0.00635886425152421,0.033670518547296524,0.01773124188184738,0.040008168667554855
778,778,datasets/audios/eastern_sliced/guqinguzheng/guqinguzheng_024_000.wav,3,guqinguzheng,1,classical,0.5244815349578857,1.5556740760803223,0.00839965045452118,0.5244815349578857,0.09382899850606918,0.02252713032066822,0.009527945891022682,0.09961307048797607,0.005194484256207943,0.13933244347572327,0.051454439759254456,0.04564035311341286
779,779,datasets/audios/eastern_sliced/guqinguzheng/guqinguzheng_024_001.wav,3,guqinguzheng,1,classical,0.6109244227409363,1.1628319025039673,0.0026735367719084024,0.6109244227409363,0.045428574085235596,0.009565719403326511,0.0012126559158787131,0.01099131815135479,0.002733017550781369,0.21329917013645172,0.006134985946118832,0.09703660756349564
780,780,datasets/audios/eastern_sliced/guqinguzheng/guqinguzheng_024_002.wav,3,guqinguzheng,1,classical,0.724553644657135,1.0852134227752686,0.013479230925440788,0.724553644657135,0.017528943717479706,0.01114601455628872,0.007345742546021938,0.06503557413816452,0.005679961293935776,0.09887603670358658,0.031609609723091125,0.02474522963166237
781,781,datasets/audios/eastern_sliced/guqinguzheng/guqinguzheng_024_003.wav,3,guqinguzheng,1,classical,0.8993541598320007,0.5146766304969788,0.006112602073699236,0.8993541598320007,0.008056784979999065,0.005397297907620668,0.0014344908995553851,0.030793193727731705,0.002481438685208559,0.02445857971906662,0.010384676046669483,0.011526803486049175
782,782,datasets/audios/eastern_sliced/guqinguzheng/guqinguzheng_024_004.wav,3,guqinguzheng,7,pop,0.5497183203697205,1.4407496452331543,0.006298489402979612,0.13828861713409424,0.15121716260910034,0.012226789258420467,0.008040731772780418,0.05195238068699837,0.0043057347647845745,0.5497183203697205,0.03016357310116291,0.04778812453150749
783,783,datasets/audios/eastern_sliced/guqinguzheng/guqinguzheng_025_000.wav,3,guqinguzheng,0,blues,0.4018116891384125,1.8430145978927612,0.4018116891384125,0.1149660274386406,0.1655266284942627,0.05503644049167633,0.01706446148455143,0.05091509595513344,0.01941748708486557,0.025924399495124817,0.048835333436727524,0.10050241649150848
784,784,datasets/audios/eastern_sliced/guqinguzheng/guqinguzheng_025_001.wav,3,guqinguzheng,1,classical,0.6815471053123474,1.1467803716659546,0.05660177022218704,0.6815471053123474,0.018074393272399902,0.024517705664038658,0.005691156256943941,0.15578725934028625,0.0064452700316905975,0.019408665597438812,0.012624235823750496,0.019302425906062126
785,785,datasets/audios/eastern_sliced/guqinguzheng/guqinguzheng_025_002.wav,3,guqinguzheng,1,classical,0.5037644505500793,1.5087263584136963,0.030981214717030525,0.5037644505500793,0.2208104133605957,0.07256059348583221,0.0027631402481347322,0.04481903836131096,0.005749547388404608,0.029562849551439285,0.00818044412881136,0.08080826699733734
786,786,datasets/audios/eastern_sliced/guqinguzheng/guqinguzheng_025_003.wav,3,guqinguzheng,1,classical,0.41486337780952454,1.584360122680664,0.03099171817302704,0.41486337780952454,0.29063746333122253,0.07563257217407227,0.0031687356531620026,0.041535407304763794,0.0062078265473246574,0.030667908489704132,0.008755982853472233,0.0975390076637268
787,787,datasets/audios/eastern_sliced/guqinguzheng/guqinguzheng_025_004.wav,3,guqinguzheng,1,classical,0.5444560050964355,1.4229038953781128,0.024126632139086723,0.5444560050964355,0.21520614624023438,0.0354093499481678,0.00259878346696496,0.037677422165870667,0.01068184059113264,0.031686022877693176,0.008299184031784534,0.08985858410596848
788,788,datasets/audios/eastern_sliced/guqinguzheng/guqinguzheng_026_000.wav,3,guqinguzheng,7,pop,0.3530908524990082,1.6603913307189941,0.01700783148407936,0.2810582220554352,0.12851613759994507,0.03317687660455704,0.008808182552456856,0.014316581189632416,0.006333948578685522,0.3530908524990082,0.022332163527607918,0.13535915315151215
789,789,datasets/audios/eastern_sliced/guqinguzheng/guqinguzheng_026_001.wav,3,guqinguzheng,7,pop,0.505077064037323,1.421619176864624,0.009856106713414192,0.23447304964065552,0.07548342645168304,0.027788784354925156,0.005999259650707245,0.01002514362335205,0.0036120263393968344,0.505077064037323,0.010571317747235298,0.11711379140615463
790,790,datasets/audios/eastern_sliced/guqinguzheng/guqinguzheng_026_002.wav,3,guqinguzheng,7,pop,0.4968644380569458,1.4589649438858032,0.011578484438359737,0.23251020908355713,0.08252599835395813,0.024132588878273964,0.008062233217060566,0.010777966119349003,0.004670498892664909,0.4968644380569458,0.01585814170539379,0.11301932483911514
791,791,datasets/audios/eastern_sliced/guqinguzheng/guqinguzheng_026_003.wav,3,guqinguzheng,7,pop,0.4805518388748169,1.5030114650726318,0.011382284574210644,0.19041651487350464,0.12353597581386566,0.027899013832211494,0.006800763309001923,0.008436404168605804,0.004863140173256397,0.4805518388748169,0.013382873497903347,0.13273116946220398
792,792,datasets/audios/eastern_sliced/guqinguzheng/guqinguzheng_026_004.wav,3,guqinguzheng,7,pop,0.363790899515152,1.5680066347122192,0.014102078042924404,0.33915430307388306,0.08954775333404541,0.029737384989857674,0.0077677839435637,0.013735184445977211,0.005600653123110533,0.363790899515152,0.01903604529798031,0.11752784252166748
793,793,datasets/audios/eastern_sliced/guqinguzheng/guqinguzheng_027_000.wav,3,guqinguzheng,8,reggae,0.4896419048309326,1.4910938739776611,0.0190337635576725,0.03899448364973068,0.008180552162230015,0.019051097333431244,0.19867417216300964,0.17752806842327118,0.007239333353936672,0.022518986836075783,0.4896419048309326,0.01913762092590332
794,794,datasets/audios/eastern_sliced/guqinguzheng/guqinguzheng_027_001.wav,3,guqinguzheng,8,reggae,0.7477307319641113,0.8458293080329895,0.00619047787040472,0.005066342186182737,0.0029070298187434673,0.006986445747315884,0.16743071377277374,0.05134328454732895,0.002013308694586158,0.0047248005867004395,0.7477307319641113,0.005606817081570625
795,795,datasets/audios/eastern_sliced/guqinguzheng/guqinguzheng_027_002.wav,3,guqinguzheng,8,reggae,0.6761612892150879,1.113060474395752,0.010761289857327938,0.00906581711024046,0.009783340618014336,0.011912843212485313,0.1688445508480072,0.0757439136505127,0.007763746660202742,0.012644350528717041,0.6761612892150879,0.017318841069936752
796,796,datasets/audios/eastern_sliced/guqinguzheng/guqinguzheng_027_003.wav,3,guqinguzheng,8,reggae,0.7067576050758362,1.0738484859466553,0.012125545181334019,0.004914640448987484,0.012959946878254414,0.008621732704341412,0.12462332844734192,0.08363598585128784,0.013472883962094784,0.005133732687681913,0.7067576050758362,0.02775455452501774
797,797,datasets/audios/eastern_sliced/guqinguzheng/guqinguzheng_027_004.wav,3,guqinguzheng,1,classical,0.6289017796516418,1.2607136964797974,0.01082703098654747,0.6289017796516418,0.015216374769806862,0.014767874963581562,0.01742505468428135,0.16545936465263367,0.0025429902598261833,0.06749629229307175,0.06685604155063629,0.010507216677069664
798,798,datasets/audios/eastern_sliced/guqinguzheng/guqinguzheng_028_000.wav,3,guqinguzheng,7,pop,0.2973610758781433,1.9080003499984741,0.029319439083337784,0.282492071390152,0.04500056803226471,0.05296335741877556,0.044183846563100815,0.08357346057891846,0.012753410264849663,0.2973610758781433,0.06536072492599487,0.08699203282594681
799,799,datasets/audios/eastern_sliced/guqinguzheng/guqinguzheng_028_001.wav,3,guqinguzheng,7,pop,0.3007173240184784,1.9331437349319458,0.028431566432118416,0.2610842287540436,0.04889338091015816,0.059584226459264755,0.04749346524477005,0.08967281877994537,0.011497676372528076,0.3007173240184784,0.06924315541982651,0.08338221162557602
800,800,datasets/audios/eastern_sliced/guqinguzheng/guqinguzheng_029_000.wav,3,guqinguzheng,2,country,0.35928550362586975,1.5240638256072998,0.019367363303899765,0.030892150476574898,0.35928550362586975,0.0229153074324131,0.007586407475173473,0.017001884058117867,0.010135741904377937,0.3570663630962372,0.018815690651535988,0.15693353116512299
801,801,datasets/audios/eastern_sliced/guqinguzheng/guqinguzheng_029_001.wav,3,guqinguzheng,7,pop,0.45281079411506653,1.4278416633605957,0.018830042332410812,0.026497866958379745,0.27305537462234497,0.02289276383817196,0.006899731233716011,0.008262131363153458,0.006589023862034082,0.45281079411506653,0.009885404258966446,0.17427681386470795
802,802,datasets/audios/eastern_sliced/guqinguzheng/guqinguzheng_029_002.wav,3,guqinguzheng,7,pop,0.45725908875465393,1.3891189098358154,0.006923761684447527,0.29597634077072144,0.03423362225294113,0.02547895535826683,0.004407611675560474,0.00936805922538042,0.00679586548358202,0.45725908875465393,0.008461137302219868,0.15109555423259735
803,803,datasets/audios/eastern_sliced/guqinguzheng/guqinguzheng_029_003.wav,3,guqinguzheng,7,pop,0.42115503549575806,1.4081757068634033,0.010952872224152088,0.03905891999602318,0.3408886790275574,0.011970492079854012,0.006205307319760323,0.008830373175442219,0.004714326933026314,0.42115503549575806,0.01983923837542534,0.1363847255706787
804,804,datasets/audios/eastern_sliced/guqinguzheng/guqinguzheng_030_000.wav,3,guqinguzheng,1,classical,0.49123984575271606,1.745272159576416,0.07394599914550781,0.49123984575271606,0.08783593028783798,0.05324709787964821,0.016712917014956474,0.039776988327503204,0.015214156359434128,0.0772968977689743,0.054257627576589584,0.09047252684831619
805,805,datasets/audios/eastern_sliced/guqinguzheng/guqinguzheng_030_001.wav,3,guqinguzheng,1,classical,0.5566712617874146,1.596617341041565,0.04977898299694061,0.5566712617874146,0.05976748839020729,0.034993976354599,0.014853211119771004,0.04239249229431152,0.01268959790468216,0.09404739737510681,0.05483996495604515,0.07996571809053421
806,806,datasets/audios/eastern_sliced/guqinguzheng/guqinguzheng_030_002.wav,3,guqinguzheng,1,classical,0.34480398893356323,1.9507348537445068,0.04379560053348541,0.34480398893356323,0.12917713820934296,0.08350647240877151,0.027937915176153183,0.06007232517004013,0.0141746262088418,0.1074051633477211,0.035326533019542694,0.15380018949508667
807,807,datasets/audios/eastern_sliced/guqinguzheng/guqinguzheng_030_003.wav,3,guqinguzheng,1,classical,0.419104665517807,1.8421833515167236,0.0409620963037014,0.419104665517807,0.09225933253765106,0.08614201843738556,0.024354277178645134,0.03583194315433502,0.013963737525045872,0.1207379475235939,0.04057969152927399,0.12606428563594818
808,808,datasets/audios/eastern_sliced/guqinguzheng/guqinguzheng_030_004.wav,3,guqinguzheng,1,classical,0.48617640137672424,1.6799947023391724,0.030318234115839005,0.48617640137672424,0.08338800072669983,0.06420499831438065,0.015888622030615807,0.02465696446597576,0.010525969788432121,0.14321522414684296,0.03550547733902931,0.10612019896507263
809,809,datasets/audios/eastern_sliced/guqinguzheng/guqinguzheng_031_000.wav,3,guqinguzheng,1,classical,0.645301103591919,1.2237056493759155,0.023390967398881912,0.645301103591919,0.014856921508908272,0.02314412221312523,0.0034351113718003035,0.03730897232890129,0.006288198288530111,0.15628623962402344,0.006237805355340242,0.08375056087970734
810,810,datasets/audios/eastern_sliced/guqinguzheng/guqinguzheng_031_001.wav,3,guqinguzheng,1,classical,0.31909313797950745,1.847403883934021,0.05014955624938011,0.31909313797950745,0.029143061488866806,0.03569578379392624,0.02622177079319954,0.12487515062093735,0.01600307784974575,0.26611101627349854,0.028532596305012703,0.10417488217353821
811,811,datasets/audios/eastern_sliced/guqinguzheng/guqinguzheng_031_002.wav,3,guqinguzheng,1,classical,0.3738497495651245,1.6618534326553345,0.02196080982685089,0.3738497495651245,0.029732689261436462,0.02339942753314972,0.016449298709630966,0.033935729414224625,0.02080402337014675,0.2582949995994568,0.02181524969637394,0.19975809752941132
812,812,datasets/audios/eastern_sliced/guqinguzheng/guqinguzheng_031_003.wav,3,guqinguzheng,7,pop,0.2842715084552765,2.0060031414031982,0.05284947529435158,0.18728701770305634,0.044140078127384186,0.06930451095104218,0.042005982249975204,0.15884315967559814,0.02021588198840618,0.2842715084552765,0.03240245208144188,0.10867996513843536
813,813,datasets/audios/eastern_sliced/guqinguzheng/guqinguzheng_031_004.wav,3,guqinguzheng,1,classical,0.42230936884880066,1.635060429573059,0.037539657205343246,0.42230936884880066,0.029070841148495674,0.047854021191596985,0.010429894551634789,0.09684974700212479,0.007173024117946625,0.2682344615459442,0.012364760041236877,0.06817420572042465
814,814,datasets/audios/eastern_sliced/guqinguzheng/guqinguzheng_032_000.wav,3,guqinguzheng,1,classical,0.3452717065811157,1.9849315881729126,0.02855152077972889,0.3452717065811157,0.061070725321769714,0.10451668500900269,0.04881082475185394,0.059393394738435745,0.017017094418406487,0.1508861929178238,0.09115012735128403,0.09333174675703049
815,815,datasets/audios/eastern_sliced/guqinguzheng/guqinguzheng_032_001.wav,3,guqinguzheng,1,classical,0.31034135818481445,1.9423601627349854,0.021431781351566315,0.31034135818481445,0.06473436951637268,0.1109752282500267,0.04280225932598114,0.05297503247857094,0.01122563797980547,0.23040995001792908,0.07679986953735352,0.07830453664064407
816,816,datasets/audios/eastern_sliced/guqinguzheng/guqinguzheng_033_000.wav,3,guqinguzheng,7,pop,0.35805314779281616,1.9509577751159668,0.058155789971351624,0.16753967106342316,0.07460169494152069,0.05239756032824516,0.03405219316482544,0.05530809983611107,0.02041037566959858,0.35805314779281616,0.0512930303812027,0.12818852066993713
817,817,datasets/audios/eastern_sliced/guqinguzheng/guqinguzheng_033_001.wav,3,guqinguzheng,7,pop,0.24035106599330902,2.1276981830596924,0.07005409151315689,0.1837719976902008,0.0969715341925621,0.057113420218229294,0.04315514490008354,0.08438930660486221,0.0263210479170084,0.24035106599330902,0.10067351162433624,0.09719884395599365
818,818,datasets/audios/eastern_sliced/guqinguzheng/guqinguzheng_033_002.wav,3,guqinguzheng,7,pop,0.2151167392730713,2.142728328704834,0.0751907229423523,0.18983058631420135,0.11146832257509232,0.05951130390167236,0.037528183311223984,0.07752851396799088,0.02810361608862877,0.2151167392730713,0.10201998054981232,0.10370208323001862
819,819,datasets/audios/eastern_sliced/guqinguzheng/guqinguzheng_033_003.wav,3,guqinguzheng,7,pop,0.28049319982528687,1.9950963258743286,0.10187744349241257,0.24267657101154327,0.062081556767225266,0.050977397710084915,0.02858283556997776,0.06263820827007294,0.017922500148415565,0.28049319982528687,0.06352504342794418,0.08922524005174637
820,820,datasets/audios/eastern_sliced/guqinguzheng/guqinguzheng_033_004.wav,3,guqinguzheng,1,classical,0.21502606570720673,2.1610445976257324,0.11552172154188156,0.21502606570720673,0.09152822941541672,0.0558864027261734,0.043807756155729294,0.09949644654989243,0.02583959698677063,0.1670626401901245,0.09912823140621185,0.08670289069414139
821,821,datasets/audios/eastern_sliced/guqinguzheng/guqinguzheng_034_000.wav,3,guqinguzheng,1,classical,0.40503203868865967,1.5262504816055298,0.03191223368048668,0.40503203868865967,0.014367274940013885,0.01155439205467701,0.015753863379359245,0.3395250141620636,0.01138497143983841,0.10633444786071777,0.04364383593201637,0.02049187570810318
822,822,datasets/audios/eastern_sliced/guqinguzheng/guqinguzheng_034_001.wav,3,guqinguzheng,7,pop,0.2087407410144806,2.0406835079193115,0.023900790140032768,0.19178421795368195,0.027825534343719482,0.012498519383370876,0.04748496413230896,0.13512356579303741,0.1668975055217743,0.2087407410144806,0.07884221524000168,0.10690195113420486
823,823,datasets/audios/eastern_sliced/guqinguzheng/guqinguzheng_034_002.wav,3,guqinguzheng,7,pop,0.25407159328460693,1.9000725746154785,0.008294881321489811,0.20827749371528625,0.12184396386146545,0.026013648137450218,0.01351388730108738,0.03302338719367981,0.1230706200003624,0.25407159328460693,0.024866092950105667,0.18702441453933716
824,824,datasets/audios/eastern_sliced/guqinguzheng/guqinguzheng_034_003.wav,3,guqinguzheng,1,classical,0.4060688018798828,1.7132644653320312,0.042859818786382675,0.4060688018798828,0.01614759862422943,0.015091919340193272,0.04024723544716835,0.13865448534488678,0.019340282306075096,0.23888155817985535,0.030893100425601006,0.05181518942117691
825,825,datasets/audios/eastern_sliced/guqinguzheng/guqinguzheng_034_004.wav,3,guqinguzheng,1,classical,0.6058647632598877,1.3980741500854492,0.046198077499866486,0.6058647632598877,0.02389843761920929,0.027317428961396217,0.01181265152990818,0.15851780772209167,0.012714751064777374,0.054787229746580124,0.022244593128561974,0.036644212901592255
826,826,datasets/audios/eastern_sliced/guqinguzheng/guqinguzheng_035_000.wav,3,guqinguzheng,1,classical,0.3988721966743469,1.8854734897613525,0.07448253035545349,0.3988721966743469,0.12103591114282608,0.043700989335775375,0.021727070212364197,0.0823763906955719,0.023693719878792763,0.05121952295303345,0.037362486124038696,0.14552921056747437
827,827,datasets/audios/eastern_sliced/guqinguzheng/guqinguzheng_035_001.wav,3,guqinguzheng,1,classical,0.5503752827644348,1.6280571222305298,0.040703531354665756,0.5503752827644348,0.05538296326994896,0.04331912100315094,0.022838586941361427,0.08169786632061005,0.022444112226366997,0.03721585124731064,0.04914538189768791,0.0968773141503334
828,828,datasets/audios/eastern_sliced/guqinguzheng/guqinguzheng_035_002.wav,3,guqinguzheng,1,classical,0.5693230032920837,1.5758508443832397,0.053159888833761215,0.5693230032920837,0.05108406022191048,0.027750276029109955,0.027246272191405296,0.09255136549472809,0.015482076443731785,0.03281836956739426,0.049810707569122314,0.08077394217252731
829,829,datasets/audios/eastern_sliced/guqinguzheng/guqinguzheng_035_003.wav,3,guqinguzheng,1,classical,0.35838013887405396,1.9767348766326904,0.0745963454246521,0.35838013887405396,0.0528101846575737,0.04138839617371559,0.08904552459716797,0.15094736218452454,0.016314273700118065,0.04519873112440109,0.07811874896287918,0.09320035576820374
830,830,datasets/audios/eastern_sliced/guqinguzheng/guqinguzheng_035_004.wav,3,guqinguzheng,1,classical,0.5061635971069336,1.7379809617996216,0.08387259393930435,0.5061635971069336,0.053797587752342224,0.03783804178237915,0.029229644685983658,0.07942067831754684,0.02558225393295288,0.03819744661450386,0.06664908677339554,0.07924903929233551
831,831,datasets/audios/eastern_sliced/guqinguzheng/guqinguzheng_036_000.wav,3,guqinguzheng,1,classical,0.818209171295166,0.845024049282074,0.03605027124285698,0.818209171295166,0.020157543942332268,0.018088141456246376,0.0038165426813066006,0.02140098065137863,0.0052688634023070335,0.022012241184711456,0.018485888838768005,0.03651038184762001
832,832,datasets/audios/eastern_sliced/guqinguzheng/guqinguzheng_036_001.wav,3,guqinguzheng,1,classical,0.8333214521408081,0.7777128219604492,0.024334542453289032,0.8333214521408081,0.01530284434556961,0.014668847434222698,0.0026031015440821648,0.0230890940874815,0.003999063279479742,0.039111632853746414,0.008551283739507198,0.03501815348863602
833,833,datasets/audios/eastern_sliced/guqinguzheng/guqinguzheng_036_002.wav,3,guqinguzheng,1,classical,0.3714917004108429,1.7751127481460571,0.03957071900367737,0.3714917004108429,0.11525045335292816,0.1029958724975586,0.006351495161652565,0.011740338057279587,0.010528136976063251,0.13057704269886017,0.02156663127243519,0.1899275779724121
834,834,datasets/audios/eastern_sliced/guqinguzheng/guqinguzheng_036_003.wav,3,guqinguzheng,1,classical,0.37052008509635925,1.75797700881958,0.03492320701479912,0.37052008509635925,0.10379480570554733,0.09766417741775513,0.006428724620491266,0.012152396142482758,0.009827823378145695,0.1605527102947235,0.018099861219525337,0.18603627383708954
835,835,datasets/audios/eastern_sliced/guqinguzheng/guqinguzheng_037_000.wav,3,guqinguzheng,9,rock,0.35325098037719727,1.6881463527679443,0.011496832594275475,0.22827525436878204,0.03244487941265106,0.030620429664850235,0.011523827910423279,0.014965071342885494,0.06571877747774124,0.23014740645885468,0.021556535735726357,0.35325098037719727
836,836,datasets/audios/eastern_sliced/guqinguzheng/guqinguzheng_037_001.wav,3,guqinguzheng,7,pop,0.35569196939468384,1.6004807949066162,0.00781099870800972,0.21053160727024078,0.029568057507276535,0.030567781999707222,0.010972591117024422,0.015613622963428497,0.04086249694228172,0.35569196939468384,0.011953766457736492,0.2864271104335785
837,837,datasets/audios/eastern_sliced/guqinguzheng/guqinguzheng_037_002.wav,3,guqinguzheng,7,pop,0.300313264131546,1.6139034032821655,0.008515531197190285,0.274303138256073,0.03368096798658371,0.03397897258400917,0.008236200548708439,0.014696725644171238,0.03482303023338318,0.300313264131546,0.012096098624169827,0.27935612201690674
838,838,datasets/audios/eastern_sliced/guqinguzheng/guqinguzheng_037_003.wav,3,guqinguzheng,9,rock,0.2926082909107208,1.6358674764633179,0.008828781545162201,0.282951682806015,0.036363448947668076,0.034111857414245605,0.008412868715822697,0.015756072476506233,0.03841144219040871,0.2692515254020691,0.013304054737091064,0.2926082909107208
839,839,datasets/audios/eastern_sliced/guqinguzheng/guqinguzheng_037_004.wav,3,guqinguzheng,7,pop,0.30002617835998535,1.574939250946045,0.007763565983623266,0.2892688810825348,0.03409124165773392,0.02806149050593376,0.006532563827931881,0.014228325337171555,0.030001457780599594,0.30002617835998535,0.01020961906760931,0.2798166871070862
840,840,datasets/audios/eastern_sliced/guqinguzheng/guqinguzheng_038_000.wav,3,guqinguzheng,5,jazz,0.20237214863300323,2.0697526931762695,0.11275490373373032,0.10549920052289963,0.0316079817712307,0.01652608998119831,0.05883379280567169,0.20237214863300323,0.1762920767068863,0.020445851609110832,0.0968051627278328,0.1788627952337265
841,841,datasets/audios/eastern_sliced/guqinguzheng/guqinguzheng_038_001.wav,3,guqinguzheng,9,rock,0.24402756989002228,2.033529758453369,0.09878537803888321,0.07822400331497192,0.05042676627635956,0.017721476033329964,0.04404234513640404,0.13176020979881287,0.21637305617332458,0.018023673444986343,0.100615493953228,0.24402756989002228
842,842,datasets/audios/eastern_sliced/guqinguzheng/guqinguzheng_038_002.wav,3,guqinguzheng,9,rock,0.4269845187664032,1.8524736166000366,0.09996160864830017,0.06902063637971878,0.07413104176521301,0.015903161838650703,0.028130847960710526,0.06735658645629883,0.12042592465877533,0.020909635350108147,0.07717600464820862,0.4269845187664032
843,843,datasets/audios/eastern_sliced/guqinguzheng/guqinguzheng_038_003.wav,3,guqinguzheng,9,rock,0.4289599061012268,1.7938536405563354,0.07082437723875046,0.09252972900867462,0.06702540814876556,0.021770434454083443,0.01460334099829197,0.06999635696411133,0.1752263903617859,0.020956167951226234,0.03810786455869675,0.4289599061012268
844,844,datasets/audios/eastern_sliced/guqinguzheng/guqinguzheng_038_004.wav,3,guqinguzheng,9,rock,0.43431681394577026,1.7564277648925781,0.11482039839029312,0.18329931795597076,0.06373706459999084,0.018761251121759415,0.007469235919415951,0.05303964763879776,0.047677744179964066,0.027238402515649796,0.049640096724033356,0.43431681394577026
845,845,datasets/audios/eastern_sliced/guqinguzheng/guqinguzheng_039_000.wav,3,guqinguzheng,1,classical,0.3473541736602783,1.9249241352081299,0.02727138251066208,0.3473541736602783,0.04471459239721298,0.0862477645277977,0.03662452474236488,0.09261034429073334,0.02787289395928383,0.10888596624135971,0.03014563024044037,0.1982727199792862
846,846,datasets/audios/eastern_sliced/guqinguzheng/guqinguzheng_039_001.wav,3,guqinguzheng,1,classical,0.35199445486068726,1.8398247957229614,0.015789639204740524,0.35199445486068726,0.07262527197599411,0.1119372546672821,0.020269764587283134,0.038685109466314316,0.022083071991801262,0.11943763494491577,0.02589300647377968,0.22128483653068542
847,847,datasets/audios/eastern_sliced/guqinguzheng/guqinguzheng_039_002.wav,3,guqinguzheng,1,classical,0.5889652371406555,1.3646750450134277,0.009305945597589016,0.5889652371406555,0.043633416295051575,0.0596015602350235,0.00620383070781827,0.014892245642840862,0.010634860955178738,0.07757078111171722,0.013559732586145401,0.1756322979927063
848,848,datasets/audios/eastern_sliced/guqinguzheng/guqinguzheng_039_003.wav,3,guqinguzheng,1,classical,0.39043378829956055,1.6994647979736328,0.013659296557307243,0.39043378829956055,0.037146031856536865,0.09104142338037491,0.014361334033310413,0.0208937618881464,0.018900176510214806,0.2042466253042221,0.019381411373615265,0.18993616104125977
849,849,datasets/audios/eastern_sliced/guqinguzheng/guqinguzheng_039_004.wav,3,guqinguzheng,1,classical,0.5238198637962341,1.5570365190505981,0.015584197826683521,0.5238198637962341,0.036814458668231964,0.06985773146152496,0.01359521597623825,0.031054802238941193,0.013373618014156818,0.12104833871126175,0.019692828878760338,0.15515893697738647
850,850,datasets/audios/eastern_sliced/guqinguzheng/guqinguzheng_040_000.wav,3,guqinguzheng,1,classical,0.6501659154891968,1.306188941001892,0.043759312480688095,0.6501659154891968,0.03572099283337593,0.028152478858828545,0.006097889970988035,0.019710490480065346,0.007499309256672859,0.11677148193120956,0.02533283457159996,0.06678923964500427
851,851,datasets/audios/eastern_sliced/guqinguzheng/guqinguzheng_040_001.wav,3,guqinguzheng,7,pop,0.4475420415401459,1.523226261138916,0.015376990661025047,0.2879410684108734,0.013414409942924976,0.03925488144159317,0.01777338609099388,0.03084135614335537,0.013823644258081913,0.4475420415401459,0.015659868717193604,0.11837241053581238
852,852,datasets/audios/eastern_sliced/guqinguzheng/guqinguzheng_040_002.wav,3,guqinguzheng,1,classical,0.4227345883846283,1.5416526794433594,0.019957810640335083,0.4227345883846283,0.031110383570194244,0.03155963495373726,0.010273669846355915,0.032716233283281326,0.011727099306881428,0.3266981244087219,0.024663591757416725,0.08855883032083511
853,853,datasets/audios/eastern_sliced/guqinguzheng/guqinguzheng_040_003.wav,3,guqinguzheng,1,classical,0.4746166467666626,1.604109287261963,0.02941961959004402,0.4746166467666626,0.041183166205883026,0.03176405280828476,0.010774548165500164,0.029939493164420128,0.011415563523769379,0.22700417041778564,0.04023229703307152,0.10365044325590134
854,854,datasets/audios/eastern_sliced/guqinguzheng/guqinguzheng_040_004.wav,3,guqinguzheng,1,classical,0.5513008236885071,1.5271615982055664,0.04608513042330742,0.5513008236885071,0.03475041687488556,0.03575748950242996,0.012884032912552357,0.02597893588244915,0.011158307082951069,0.15832611918449402,0.031076883897185326,0.0926818922162056
855,855,datasets/audios/eastern_sliced/guqinguzheng/guqinguzheng_041_000.wav,3,guqinguzheng,1,classical,0.38591739535331726,1.767838954925537,0.030604060739278793,0.38591739535331726,0.13507933914661407,0.07404691725969315,0.007410459686070681,0.01735648885369301,0.013070546090602875,0.14753513038158417,0.02297399938106537,0.1660056859254837
856,856,datasets/audios/eastern_sliced/guqinguzheng/guqinguzheng_041_001.wav,3,guqinguzheng,1,classical,0.32196760177612305,1.8266631364822388,0.02485072612762451,0.32196760177612305,0.1116282045841217,0.0859944224357605,0.009167185053229332,0.026403404772281647,0.015714693814516068,0.204978346824646,0.019421320408582687,0.17987403273582458
857,857,datasets/audios/eastern_sliced/guqinguzheng/guqinguzheng_041_002.wav,3,guqinguzheng,1,classical,0.5504598021507263,1.5363856554031372,0.03598660230636597,0.5504598021507263,0.09138194471597672,0.05553041771054268,0.006028840783983469,0.017910750582814217,0.01387813687324524,0.07233792543411255,0.023666176944971085,0.13281939923763275
858,858,datasets/audios/eastern_sliced/guqinguzheng/guqinguzheng_041_003.wav,3,guqinguzheng,7,pop,0.28231650590896606,1.8674883842468262,0.04388171806931496,0.26988598704338074,0.06326886266469955,0.07996437698602676,0.01823718100786209,0.038589444011449814,0.015383022837340832,0.28231650590896606,0.020943092182278633,0.1675298810005188
859,859,datasets/audios/eastern_sliced/guqinguzheng/guqinguzheng_042_000.wav,3,guqinguzheng,7,pop,0.4082706570625305,1.592158317565918,0.013684543780982494,0.2856435775756836,0.09168139845132828,0.02565092407166958,0.005822435021400452,0.031067630276083946,0.010563050396740437,0.4082706570625305,0.0159809198230505,0.11163484305143356
860,860,datasets/audios/eastern_sliced/guqinguzheng/guqinguzheng_042_001.wav,3,guqinguzheng,1,classical,0.7321804165840149,0.9661512970924377,0.010681809857487679,0.7321804165840149,0.016022589057683945,0.011957026086747646,0.0019116047769784927,0.02768092043697834,0.003860962111502886,0.15445618331432343,0.0062493751756846905,0.03499908745288849
861,861,datasets/audios/eastern_sliced/guqinguzheng/guqinguzheng_042_002.wav,3,guqinguzheng,1,classical,0.4950813055038452,1.3237369060516357,0.016932250931859016,0.4950813055038452,0.016462648287415504,0.013581112958490849,0.0074609569273889065,0.08136431127786636,0.004718533717095852,0.32582998275756836,0.011795601807534695,0.026773247867822647
862,862,datasets/audios/eastern_sliced/guqinguzheng/guqinguzheng_042_003.wav,3,guqinguzheng,1,classical,0.6155521869659424,1.2821452617645264,0.01774761825799942,0.6155521869659424,0.024932043626904488,0.014358573593199253,0.004905337933450937,0.15809044241905212,0.005755692720413208,0.11727318912744522,0.01829981803894043,0.023085100576281548
863,863,datasets/audios/eastern_sliced/guqinguzheng/guqinguzheng_042_004.wav,3,guqinguzheng,7,pop,0.5672370195388794,1.2809975147247314,0.0020860377699136734,0.14468494057655334,0.0451221838593483,0.020426400005817413,0.0033378913067281246,0.005698373541235924,0.011514988727867603,0.5672370195388794,0.0056777223944664,0.19421441853046417
864,864,datasets/audios/eastern_sliced/guqinguzheng/guqinguzheng_043_000.wav,3,guqinguzheng,1,classical,0.44948610663414,1.717604160308838,0.1033913791179657,0.44948610663414,0.03893733024597168,0.025744343176484108,0.018760845065116882,0.06315860897302628,0.011360859498381615,0.19219177961349487,0.029779480770230293,0.06718934327363968
865,865,datasets/audios/eastern_sliced/guqinguzheng/guqinguzheng_043_001.wav,3,guqinguzheng,7,pop,0.32288432121276855,1.8594427108764648,0.21600258350372314,0.1694888174533844,0.08277431130409241,0.03567507863044739,0.01946886070072651,0.04068608954548836,0.006419363431632519,0.32288432121276855,0.02617032825946808,0.0804302766919136
866,866,datasets/audios/eastern_sliced/guqinguzheng/guqinguzheng_043_002.wav,3,guqinguzheng,1,classical,0.4263758063316345,1.610907793045044,0.06258781999349594,0.4263758063316345,0.021339263767004013,0.02365146018564701,0.010462792590260506,0.033142250031232834,0.010317916050553322,0.2529631555080414,0.01759055256843567,0.14156897366046906
867,867,datasets/audios/eastern_sliced/guqinguzheng/guqinguzheng_043_003.wav,3,guqinguzheng,7,pop,0.39028581976890564,1.655705213546753,0.06587786972522736,0.29411283135414124,0.018628347665071487,0.02631462551653385,0.016111893579363823,0.04802510142326355,0.009919163770973682,0.39028581976890564,0.019688736647367477,0.11103573441505432
868,868,datasets/audios/eastern_sliced/guqinguzheng/guqinguzheng_044_000.wav,3,guqinguzheng,1,classical,0.8006240129470825,0.8218614459037781,0.008160162717103958,0.8006240129470825,0.017049768939614296,0.0087194899097085,0.0014910695608705282,0.011299661360681057,0.00448431633412838,0.06938212364912033,0.007115738000720739,0.07167356461286545
869,869,datasets/audios/eastern_sliced/guqinguzheng/guqinguzheng_044_001.wav,3,guqinguzheng,1,classical,0.867307186126709,0.6048142910003662,0.004953050520271063,0.867307186126709,0.008443327620625496,0.006389519665390253,0.0010167720029130578,0.012865332886576653,0.002643322804942727,0.05117730051279068,0.003236789721995592,0.041967350989580154
870,870,datasets/audios/eastern_sliced/guqinguzheng/guqinguzheng_044_002.wav,3,guqinguzheng,1,classical,0.887795090675354,0.5712754130363464,0.012272503226995468,0.887795090675354,0.01383757684379816,0.013117932714521885,0.001078080153092742,0.014565655030310154,0.0027726825792342424,0.023016151040792465,0.005377702880650759,0.026166705414652824
871,871,datasets/audios/eastern_sliced/guqinguzheng/guqinguzheng_044_003.wav,3,guqinguzheng,1,classical,0.8809183239936829,0.5447671413421631,0.003009173786267638,0.8809183239936829,0.00776991480961442,0.005667050369083881,0.0006910645752213895,0.00794402975589037,0.0018506902270019054,0.047101717442274094,0.0025832520332187414,0.042464736849069595
872,872,datasets/audios/eastern_sliced/guqinguzheng/guqinguzheng_045_000.wav,3,guqinguzheng,1,classical,0.279757022857666,2.0343000888824463,0.0748615637421608,0.279757022857666,0.1315314918756485,0.13950270414352417,0.018774572759866714,0.046474844217300415,0.019071977585554123,0.13138064742088318,0.04112919047474861,0.11751598864793777
873,873,datasets/audios/eastern_sliced/guqinguzheng/guqinguzheng_045_001.wav,3,guqinguzheng,1,classical,0.2789762020111084,2.0327696800231934,0.07550378143787384,0.2789762020111084,0.1347731202840805,0.13954876363277435,0.01854507066309452,0.04584858939051628,0.018572021275758743,0.12985527515411377,0.040826693177223206,0.11755051463842392
874,874,datasets/audios/eastern_sliced/guqinguzheng/guqinguzheng_045_002.wav,3,guqinguzheng,1,classical,0.38471949100494385,1.835405707359314,0.025843271985650063,0.38471949100494385,0.07277929037809372,0.1142822876572609,0.019556593149900436,0.12283489853143692,0.011020448058843613,0.16760054230690002,0.02166241593658924,0.05970069393515587
875,875,datasets/audios/eastern_sliced/guqinguzheng/guqinguzheng_045_003.wav,3,guqinguzheng,1,classical,0.37651199102401733,1.8095057010650635,0.022077487781643867,0.37651199102401733,0.049055084586143494,0.15812420845031738,0.02346564270555973,0.10414191335439682,0.008785257115960121,0.17958588898181915,0.02055063284933567,0.05770186334848404
876,876,datasets/audios/eastern_sliced/guqinguzheng/guqinguzheng_045_004.wav,3,guqinguzheng,1,classical,0.7578923106193542,1.0365490913391113,0.023238183930516243,0.7578923106193542,0.018538055941462517,0.03344159200787544,0.0071576256304979324,0.060871053487062454,0.007858029566705227,0.04953937977552414,0.014456560835242271,0.0270073339343071
877,877,datasets/audios/eastern_sliced/guqinguzheng/guqinguzheng_046_000.wav,3,guqinguzheng,1,classical,0.3052210211753845,1.9947549104690552,0.04626771807670593,0.3052210211753845,0.03304833173751831,0.07641870528459549,0.055046770721673965,0.19435621798038483,0.017418265342712402,0.14193609356880188,0.06976251304149628,0.0605243481695652
878,878,datasets/audios/eastern_sliced/guqinguzheng/guqinguzheng_046_001.wav,3,guqinguzheng,1,classical,0.2915841042995453,2.0295803546905518,0.05276929587125778,0.2915841042995453,0.03430154174566269,0.07438138127326965,0.05689135193824768,0.17325226962566376,0.01891535148024559,0.15708482265472412,0.06625983864068985,0.07455991953611374
879,879,datasets/audios/eastern_sliced/guqinguzheng/guqinguzheng_046_002.wav,3,guqinguzheng,1,classical,0.2670106589794159,2.0887763500213623,0.028706733137369156,0.2670106589794159,0.041711196303367615,0.10213181376457214,0.08495182543992996,0.1295386105775833,0.02250368520617485,0.12062923610210419,0.13322101533412933,0.06959529966115952
880,880,datasets/audios/eastern_sliced/guqinguzheng/guqinguzheng_046_003.wav,3,guqinguzheng,1,classical,0.42524218559265137,1.8836274147033691,0.03682994097471237,0.42524218559265137,0.03694358468055725,0.08799981325864792,0.037650734186172485,0.09030089527368546,0.024930499494075775,0.11021363735198975,0.06477700918912888,0.08511170744895935
881,881,datasets/audios/eastern_sliced/guqinguzheng/guqinguzheng_046_004.wav,3,guqinguzheng,1,classical,0.19259104132652283,2.1015243530273438,0.04448143020272255,0.19259104132652283,0.021578051149845123,0.0673951506614685,0.13552600145339966,0.14955201745033264,0.017651358619332314,0.1695863902568817,0.12998533248901367,0.07165319472551346
882,882,datasets/audios/eastern_sliced/guqinguzheng/guqinguzheng_047_000.wav,3,guqinguzheng,1,classical,0.26006048917770386,1.9999744892120361,0.11196110397577286,0.26006048917770386,0.09151499718427658,0.051024824380874634,0.022234532982110977,0.08149541914463043,0.015908006578683853,0.22680632770061493,0.0269052442163229,0.11208908259868622
883,883,datasets/audios/eastern_sliced/guqinguzheng/guqinguzheng_047_001.wav,3,guqinguzheng,1,classical,0.27748700976371765,1.9714957475662231,0.09381935000419617,0.27748700976371765,0.08582484722137451,0.04516100883483887,0.02435123547911644,0.07477933168411255,0.015927020460367203,0.23901322484016418,0.028813762590289116,0.11482327431440353
884,884,datasets/audios/eastern_sliced/guqinguzheng/guqinguzheng_048_000.wav,3,guqinguzheng,1,classical,0.7886660099029541,0.9078555107116699,0.010204917751252651,0.7886660099029541,0.01600247621536255,0.008380303159356117,0.004671474918723106,0.023994285613298416,0.004505428019911051,0.06922288239002228,0.031243417412042618,0.043108902871608734
885,885,datasets/audios/eastern_sliced/guqinguzheng/guqinguzheng_048_001.wav,3,guqinguzheng,7,pop,0.5011864304542542,1.2154794931411743,0.0017192584928125143,0.26073890924453735,0.012005781754851341,0.015344438143074512,0.0016010936815291643,0.0025752626825124025,0.005953558254987001,0.5011864304542542,0.002467065816745162,0.19640827178955078
886,886,datasets/audios/eastern_sliced/guqinguzheng/guqinguzheng_048_002.wav,3,guqinguzheng,7,pop,0.8871706128120422,0.5152390599250793,0.0015835907543078065,0.06064079701900482,0.006936885882169008,0.005058513954281807,0.0041083721444010735,0.004339061211794615,0.000992477755062282,0.8871706128120422,0.003904604120180011,0.02526502124965191
887,887,datasets/audios/eastern_sliced/guqinguzheng/guqinguzheng_048_003.wav,3,guqinguzheng,9,rock,0.4348938763141632,1.5178017616271973,0.009961784817278385,0.20610561966896057,0.018814237788319588,0.025408348068594933,0.011005979031324387,0.008591316640377045,0.035520050674676895,0.2332337200641632,0.01646495796740055,0.4348938763141632
888,888,datasets/audios/eastern_sliced/guqinguzheng/guqinguzheng_049_000.wav,3,guqinguzheng,1,classical,0.61192786693573,1.3666960000991821,0.008732141926884651,0.61192786693573,0.05954309552907944,0.03162216395139694,0.006351354066282511,0.022040359675884247,0.00646994961425662,0.11741926521062851,0.03359220176935196,0.10230161249637604
889,889,datasets/audios/eastern_sliced/guqinguzheng/guqinguzheng_049_001.wav,3,guqinguzheng,3,disco,0.30852624773979187,1.8651100397109985,0.03074938803911209,0.10712286084890366,0.05490992218255997,0.30852624773979187,0.020821575075387955,0.048676904290914536,0.015287881717085838,0.2598208785057068,0.02395719476044178,0.1301271617412567
890,890,datasets/audios/eastern_sliced/guqinguzheng/guqinguzheng_049_002.wav,3,guqinguzheng,7,pop,0.5867308974266052,1.323138952255249,0.005038704723119736,0.050862867385149,0.04341723769903183,0.1828111857175827,0.0071792807430028915,0.012355445884168148,0.007338442374020815,0.5867308974266052,0.0062966542318463326,0.09796929359436035
891,891,datasets/audios/eastern_sliced/guqinguzheng/guqinguzheng_049_003.wav,3,guqinguzheng,7,pop,0.8254756927490234,0.7734516859054565,0.005064896773546934,0.06162063404917717,0.006385586224496365,0.03459465131163597,0.009684463031589985,0.02470582164824009,0.0025475032161921263,0.8254756927490234,0.003824483137577772,0.026096245273947716
892,892,datasets/audios/eastern_sliced/guqinguzheng/guqinguzheng_050_000.wav,3,guqinguzheng,1,classical,0.4672349989414215,1.5768485069274902,0.25707218050956726,0.4672349989414215,0.05407373979687691,0.043143145740032196,0.004785831551998854,0.07321002334356308,0.01218290813267231,0.024533212184906006,0.022850029170513153,0.04091404005885124
893,893,datasets/audios/eastern_sliced/guqinguzheng/guqinguzheng_050_001.wav,3,guqinguzheng,1,classical,0.4709516763687134,1.5919814109802246,0.02602878026664257,0.4709516763687134,0.1384778618812561,0.09016264975070953,0.003783329389989376,0.009547502733767033,0.009591982699930668,0.07988858968019485,0.009690436534583569,0.16187730431556702
894,894,datasets/audios/eastern_sliced/guqinguzheng/guqinguzheng_050_002.wav,3,guqinguzheng,1,classical,0.7546931505203247,1.0179023742675781,0.07586103677749634,0.7546931505203247,0.028860198333859444,0.04551417753100395,0.002125197323039174,0.035276126116514206,0.005485960748046637,0.020685601979494095,0.00829471554607153,0.02320394106209278
895,895,datasets/audios/eastern_sliced/guqinguzheng/guqinguzheng_050_003.wav,3,guqinguzheng,1,classical,0.708318829536438,1.1409872770309448,0.09566007554531097,0.708318829536438,0.03270745649933815,0.054358452558517456,0.002502604853361845,0.04607950523495674,0.005772089585661888,0.021513711661100388,0.009816125966608524,0.02327108383178711
896,896,datasets/audios/eastern_sliced/guqinguzheng/guqinguzheng_051_000.wav,3,guqinguzheng,1,classical,0.725834310054779,1.1158063411712646,0.035223089158535004,0.725834310054779,0.06088276579976082,0.05059937760233879,0.003440107684582472,0.012671396136283875,0.0062491209246218204,0.03131767362356186,0.014534035697579384,0.05924815684556961
897,897,datasets/audios/eastern_sliced/guqinguzheng/guqinguzheng_051_001.wav,3,guqinguzheng,1,classical,0.5028893947601318,1.6008689403533936,0.08757325261831284,0.5028893947601318,0.1408783495426178,0.07227788120508194,0.0045486739836633205,0.01292473915964365,0.007696096785366535,0.05449338257312775,0.01701313629746437,0.09970510005950928
898,898,datasets/audios/eastern_sliced/guqinguzheng/guqinguzheng_051_002.wav,3,guqinguzheng,1,classical,0.5262278318405151,1.5712015628814697,0.07314945757389069,0.5262278318405151,0.1377113312482834,0.0748743787407875,0.005387313198298216,0.01535316463559866,0.009188531897962093,0.03841359168291092,0.024235738441348076,0.09545862674713135
899,899,datasets/audios/eastern_sliced/guqinguzheng/guqinguzheng_052_000.wav,3,guqinguzheng,1,classical,0.4737502634525299,1.7460938692092896,0.03048228658735752,0.4737502634525299,0.08788196742534637,0.11154086142778397,0.0126485675573349,0.04388447850942612,0.014530190266668797,0.07222574204206467,0.049546338617801666,0.103509321808815
900,900,datasets/audios/eastern_sliced/guqinguzheng/guqinguzheng_052_001.wav,3,guqinguzheng,1,classical,0.5371232032775879,1.6389000415802002,0.043236345052719116,0.5371232032775879,0.0413825660943985,0.061324939131736755,0.013725190423429012,0.09157820791006088,0.01264257449656725,0.08980181068181992,0.04837802052497864,0.060807112604379654
901,901,datasets/audios/eastern_sliced/guqinguzheng/guqinguzheng_052_002.wav,3,guqinguzheng,1,classical,0.6636130809783936,1.3190066814422607,0.019537298008799553,0.6636130809783936,0.05566020682454109,0.04046742618083954,0.006996382027864456,0.03178275376558304,0.010081642307341099,0.06653206795454025,0.04346134886145592,0.06186787411570549
902,902,datasets/audios/eastern_sliced/guqinguzheng/guqinguzheng_052_003.wav,3,guqinguzheng,1,classical,0.5671144127845764,1.57456636428833,0.04184680059552193,0.5671144127845764,0.08712219446897507,0.05393455922603607,0.009874609299004078,0.051550399512052536,0.011442224495112896,0.05396145209670067,0.05633191019296646,0.0668213814496994
903,903,datasets/audios/eastern_sliced/guqinguzheng/guqinguzheng_052_004.wav,3,guqinguzheng,1,classical,0.6191272735595703,1.3889069557189941,0.017455464228987694,0.6191272735595703,0.10702907294034958,0.05253224819898605,0.00639626570045948,0.028238553553819656,0.008168132044374943,0.0467798076570034,0.028347110375761986,0.08592598885297775
904,904,datasets/audios/eastern_sliced/guqinguzheng/guqinguzheng_053_000.wav,3,guqinguzheng,1,classical,0.7892643809318542,0.8032488822937012,0.003894147928804159,0.7892643809318542,0.012208287604153156,0.011816777288913727,0.0019171936437487602,0.014227264560759068,0.0031714909709990025,0.12751924991607666,0.005643606651574373,0.030337635427713394
905,905,datasets/audios/eastern_sliced/guqinguzheng/guqinguzheng_053_001.wav,3,guqinguzheng,1,classical,0.7868869304656982,0.8710583448410034,0.00864960066974163,0.7868869304656982,0.01893692836165428,0.011710422113537788,0.002677328186109662,0.02202049270272255,0.004535160027444363,0.09942267090082169,0.0075819045305252075,0.03757862746715546
906,906,datasets/audios/eastern_sliced/guqinguzheng/guqinguzheng_053_002.wav,3,guqinguzheng,1,classical,0.7466055154800415,0.9866576790809631,0.009359494782984257,0.7466055154800415,0.029826898127794266,0.011543196626007557,0.0024181159678846598,0.03839113190770149,0.004289674572646618,0.1133120134472847,0.007839876227080822,0.03641407936811447
907,907,datasets/audios/eastern_sliced/guqinguzheng/guqinguzheng_053_003.wav,3,guqinguzheng,1,classical,0.5009552836418152,1.0169885158538818,0.004647553898394108,0.5009552836418152,0.0039028353057801723,0.006103402003645897,0.003155049867928028,0.01647772453725338,0.0030921746511012316,0.42732059955596924,0.003001562086865306,0.03134379908442497
908,908,datasets/audios/eastern_sliced/guqinguzheng/guqinguzheng_053_004.wav,3,guqinguzheng,1,classical,0.569445013999939,0.9921005368232727,0.004472974222153425,0.569445013999939,0.003702715039253235,0.005628611892461777,0.002971058478578925,0.016490492969751358,0.003339297603815794,0.3595779240131378,0.002801839727908373,0.03157013654708862
909,909,datasets/audios/eastern_sliced/guqinguzheng/guqinguzheng_054_000.wav,3,guqinguzheng,1,classical,0.7552072405815125,0.8350322246551514,0.00835831742733717,0.7552072405815125,0.006099574267864227,0.00889237318187952,0.001295082620345056,0.0270090214908123,0.0020879211369901896,0.16982801258563995,0.0026560472324490547,0.01856628991663456
910,910,datasets/audios/eastern_sliced/guqinguzheng/guqinguzheng_054_001.wav,3,guqinguzheng,1,classical,0.6913310885429382,1.1319208145141602,0.022222721949219704,0.6913310885429382,0.023168541491031647,0.008301200345158577,0.0023390448186546564,0.08060698211193085,0.004003363195806742,0.11748511344194412,0.008835094049572945,0.041706882417201996
911,911,datasets/audios/eastern_sliced/guqinguzheng/guqinguzheng_054_002.wav,3,guqinguzheng,1,classical,0.6346135139465332,1.1733275651931763,0.012031497433781624,0.6346135139465332,0.02298250049352646,0.01765618287026882,0.0027127626817673445,0.029252443462610245,0.005042202305048704,0.21104365587234497,0.0069914283230900764,0.05767384171485901
912,912,datasets/audios/eastern_sliced/guqinguzheng/guqinguzheng_054_003.wav,3,guqinguzheng,1,classical,0.37210550904273987,1.5560685396194458,0.011382984928786755,0.37210550904273987,0.07247097045183182,0.037415917962789536,0.004161010030657053,0.019180241972208023,0.008891860023140907,0.3335622549057007,0.012075891718268394,0.12875336408615112
913,913,datasets/audios/eastern_sliced/guqinguzheng/guqinguzheng_054_004.wav,3,guqinguzheng,1,classical,0.6289452314376831,1.1616253852844238,0.007149234879761934,0.6289452314376831,0.02814534865319729,0.009874217212200165,0.0017351801507174969,0.015166890807449818,0.006014437414705753,0.19684764742851257,0.006800483446568251,0.09932126104831696
914,914,datasets/audios/eastern_sliced/guqinguzheng/guqinguzheng_055_000.wav,3,guqinguzheng,7,pop,0.92024827003479,0.39279577136039734,0.0020946769509464502,0.002366875298321247,0.04109027609229088,0.007187516428530216,0.004531238228082657,0.0015446968609467149,0.0006500117597170174,0.92024827003479,0.0010573456529527903,0.01922907494008541
915,915,datasets/audios/eastern_sliced/guqinguzheng/guqinguzheng_055_001.wav,3,guqinguzheng,7,pop,0.9201626181602478,0.3933492600917816,0.0020089305471628904,0.002688161563128233,0.042331818491220474,0.010713239200413227,0.004213078413158655,0.0014436393976211548,0.0005369448917917907,0.9201626181602478,0.0009354007197543979,0.014966082759201527
916,916,datasets/audios/eastern_sliced/guqinguzheng/guqinguzheng_055_002.wav,3,guqinguzheng,7,pop,0.7289198040962219,1.101566195487976,0.017043033614754677,0.015184111893177032,0.06711666285991669,0.02666378580033779,0.05538484826683998,0.00839861761778593,0.006802448071539402,0.7289198040962219,0.011687004007399082,0.06279974430799484
917,917,datasets/audios/eastern_sliced/guqinguzheng/guqinguzheng_055_003.wav,3,guqinguzheng,7,pop,0.7187298536300659,1.0581632852554321,0.010442109778523445,0.009165775030851364,0.11857272684574127,0.03987351432442665,0.021893687546253204,0.008063076063990593,0.003477307502180338,0.7187298536300659,0.006162331905215979,0.06361966580152512
918,918,datasets/audios/eastern_sliced/guqinguzheng/guqinguzheng_055_004.wav,3,guqinguzheng,7,pop,0.764083206653595,0.930735170841217,0.008661352097988129,0.00794839859008789,0.10094944387674332,0.03295578435063362,0.016913460567593575,0.006633957382291555,0.0028758214320987463,0.764083206653595,0.004369714763015509,0.054608866572380066
919,919,datasets/audios/eastern_sliced/guqinguzheng/guqinguzheng_056_000.wav,3,guqinguzheng,2,country,0.3656442165374756,1.8277170658111572,0.036782167851924896,0.07243982702493668,0.3656442165374756,0.08763400465250015,0.01950235664844513,0.02374514937400818,0.014632907696068287,0.17169035971164703,0.025992562994360924,0.18193645775318146
920,920,datasets/audios/eastern_sliced/guqinguzheng/guqinguzheng_056_001.wav,3,guqinguzheng,2,country,0.363496869802475,1.8346306085586548,0.03892606869339943,0.061822500079870224,0.363496869802475,0.10485036671161652,0.01891144923865795,0.023622995242476463,0.015496823005378246,0.17882104218006134,0.02673124149441719,0.1673206239938736
921,921,datasets/audios/eastern_sliced/guqinguzheng/guqinguzheng_056_002.wav,3,guqinguzheng,7,pop,0.3603704273700714,1.8671026229858398,0.03677527979016304,0.07618796080350876,0.19441156089305878,0.10547736287117004,0.02039969526231289,0.03568708896636963,0.01442660205066204,0.3603704273700714,0.030039267614483833,0.12622468173503876
922,922,datasets/audios/eastern_sliced/guqinguzheng/guqinguzheng_057_000.wav,3,guqinguzheng,1,classical,0.3969973921775818,1.7965998649597168,0.13852573931217194,0.3969973921775818,0.1607009619474411,0.09269372373819351,0.005484418477863073,0.01876174472272396,0.01648508384823799,0.038314469158649445,0.037324678152799606,0.09471185505390167
923,923,datasets/audios/eastern_sliced/guqinguzheng/guqinguzheng_057_001.wav,3,guqinguzheng,1,classical,0.38712581992149353,1.816498041152954,0.13016630709171295,0.38712581992149353,0.17993979156017303,0.08029484003782272,0.0060040270909667015,0.021189048886299133,0.015527299605309963,0.040419649332761765,0.05049699544906616,0.08883622288703918
924,924,datasets/audios/eastern_sliced/guqinguzheng/guqinguzheng_057_002.wav,3,guqinguzheng,0,blues,0.35019218921661377,1.8711837530136108,0.35019218921661377,0.1841696798801422,0.14469340443611145,0.07580893486738205,0.007442756090313196,0.022856418043375015,0.01579734869301319,0.045210033655166626,0.055471621453762054,0.09835758805274963
925,925,datasets/audios/eastern_sliced/guqinguzheng/guqinguzheng_057_003.wav,3,guqinguzheng,1,classical,0.40137597918510437,1.7804865837097168,0.19025541841983795,0.40137597918510437,0.10502097010612488,0.06022823601961136,0.005323837045580149,0.022160928696393967,0.016509482637047768,0.03239638730883598,0.05098715052008629,0.11574158072471619
926,926,datasets/audios/eastern_sliced/guqinguzheng/guqinguzheng_057_004.wav,3,guqinguzheng,1,classical,0.27119147777557373,1.878458023071289,0.1407644897699356,0.27119147777557373,0.22145317494869232,0.07361617684364319,0.00492613110691309,0.01641540415585041,0.01480631809681654,0.04052451625466347,0.04137593135237694,0.17492632567882538
927,927,datasets/audios/eastern_sliced/guqinguzheng/guqinguzheng_058_000.wav,3,guqinguzheng,5,jazz,0.5943163633346558,1.4667513370513916,0.08926358073949814,0.07887541502714157,0.052718982100486755,0.01788010448217392,0.014635595493018627,0.5943163633346558,0.010789681226015091,0.033412158489227295,0.018607258796691895,0.0895008072257042
928,928,datasets/audios/eastern_sliced/guqinguzheng/guqinguzheng_058_001.wav,3,guqinguzheng,5,jazz,0.795854926109314,0.7644616961479187,0.026260588318109512,0.13352908194065094,0.003697523381561041,0.0037156306207180023,0.005212633404880762,0.795854926109314,0.0024750458542257547,0.013138871639966965,0.008763550780713558,0.007352155167609453
929,929,datasets/audios/eastern_sliced/guqinguzheng/guqinguzheng_058_002.wav,3,guqinguzheng,5,jazz,0.7740404605865479,0.9218041896820068,0.0229022316634655,0.08988302946090698,0.02617221139371395,0.007448361720889807,0.003306654980406165,0.7740404605865479,0.004192815162241459,0.0189179927110672,0.00467055244371295,0.048465754836797714
930,930,datasets/audios/eastern_sliced/guqinguzheng/guqinguzheng_058_003.wav,3,guqinguzheng,1,classical,0.7562273144721985,0.8030306696891785,0.04096899554133415,0.7562273144721985,0.002477726200595498,0.0021129949018359184,0.0014693005941808224,0.17249727249145508,0.00146192975807935,0.009482935070991516,0.005589375272393227,0.007712153252214193
931,931,datasets/audios/eastern_sliced/guqinguzheng/guqinguzheng_059_000.wav,3,guqinguzheng,9,rock,0.1818617284297943,2.1825640201568604,0.07530135661363602,0.09746691584587097,0.14571277797222137,0.0465950109064579,0.1052161455154419,0.05638941749930382,0.024551093578338623,0.12762318551540375,0.13928231596946716,0.1818617284297943
932,932,datasets/audios/eastern_sliced/guqinguzheng/guqinguzheng_059_001.wav,3,guqinguzheng,1,classical,0.25972142815589905,2.110093116760254,0.06660817563533783,0.25972142815589905,0.07738572359085083,0.06207413226366043,0.0584653876721859,0.07779686897993088,0.02140050008893013,0.172718808054924,0.07581332325935364,0.12801571190357208
933,933,datasets/audios/eastern_sliced/guqinguzheng/guqinguzheng_059_002.wav,3,guqinguzheng,1,classical,0.23665881156921387,2.134091377258301,0.0627877488732338,0.23665881156921387,0.10045811533927917,0.06263276934623718,0.06025471165776253,0.054885346442461014,0.028335150331258774,0.12617196142673492,0.09047268331050873,0.1773427277803421
934,934,datasets/audios/eastern_sliced/guqinguzheng/guqinguzheng_060_000.wav,3,guqinguzheng,7,pop,0.6193537712097168,1.2526222467422485,0.009421015158295631,0.029947148635983467,0.18660150468349457,0.0790024846792221,0.007306262385100126,0.011591953225433826,0.002551615471020341,0.6193537712097168,0.015242952853441238,0.03898134455084801
935,935,datasets/audios/eastern_sliced/guqinguzheng/guqinguzheng_060_001.wav,3,guqinguzheng,7,pop,0.7127417325973511,1.091402292251587,0.007255191449075937,0.07075361162424088,0.09536057710647583,0.011760535649955273,0.006279560271650553,0.016672233119606972,0.002169195795431733,0.7127417325973511,0.016273846849799156,0.06073347479104996
936,936,datasets/audios/eastern_sliced/guqinguzheng/guqinguzheng_060_002.wav,3,guqinguzheng,7,pop,0.6280113458633423,1.2931547164916992,0.006197803188115358,0.047409188002347946,0.15270809829235077,0.07131548225879669,0.007066916674375534,0.02513662911951542,0.002837343141436577,0.6280113458633423,0.019936678931117058,0.039380572736263275
937,937,datasets/audios/eastern_sliced/guqinguzheng/guqinguzheng_060_003.wav,3,guqinguzheng,7,pop,0.6881231069564819,1.1608198881149292,0.010288923047482967,0.03383009135723114,0.11997277289628983,0.06478579342365265,0.008355235680937767,0.010587208904325962,0.0028841097373515368,0.6881231069564819,0.015238960273563862,0.04593377560377121
938,938,datasets/audios/eastern_sliced/guqinguzheng/guqinguzheng_060_004.wav,3,guqinguzheng,7,pop,0.5763006210327148,1.4167892932891846,0.013349886983633041,0.043409883975982666,0.16827484965324402,0.08268702775239944,0.010584273375570774,0.015497258864343166,0.005064886063337326,0.5763006210327148,0.024063991382718086,0.06076730415225029
939,939,datasets/audios/eastern_sliced/guqinguzheng/guqinguzheng_061_000.wav,3,guqinguzheng,1,classical,0.241700679063797,2.0438928604125977,0.07102213054895401,0.241700679063797,0.15442262589931488,0.07450945675373077,0.02547527104616165,0.03861852362751961,0.017829932272434235,0.17526720464229584,0.049376219511032104,0.151777982711792
940,940,datasets/audios/eastern_sliced/guqinguzheng/guqinguzheng_061_001.wav,3,guqinguzheng,1,classical,0.19860637187957764,2.059422016143799,0.09067445248365402,0.19860637187957764,0.19269122183322906,0.08800801634788513,0.022163230925798416,0.031618569046258926,0.020281093195080757,0.13154055178165436,0.046637825667858124,0.17777864634990692
941,941,datasets/audios/eastern_sliced/guqinguzheng/guqinguzheng_061_002.wav,3,guqinguzheng,1,classical,0.29562050104141235,2.034637451171875,0.07525347173213959,0.29562050104141235,0.11132101714611053,0.062333960086107254,0.02012788876891136,0.06368017941713333,0.020375387743115425,0.15663929283618927,0.059805937111377716,0.13484244048595428
942,942,datasets/audios/eastern_sliced/guqinguzheng/guqinguzheng_062_000.wav,3,guqinguzheng,1,classical,0.7291790843009949,0.8776259422302246,0.008518030866980553,0.7291790843009949,0.005565278232097626,0.006406008265912533,0.005830025766044855,0.19653813540935516,0.0012707572896033525,0.023366084322333336,0.01854414865374565,0.00478245597332716
943,943,datasets/audios/eastern_sliced/guqinguzheng/guqinguzheng_062_001.wav,3,guqinguzheng,1,classical,0.8038507103919983,0.7166756987571716,0.0045026554726064205,0.8038507103919983,0.004350640345364809,0.0040173945017158985,0.0015427353791892529,0.036933742463588715,0.0009549773531034589,0.12990234792232513,0.0034888540394604206,0.01045600138604641
944,944,datasets/audios/eastern_sliced/guqinguzheng/guqinguzheng_062_002.wav,3,guqinguzheng,1,classical,0.8371989727020264,0.639005184173584,0.0036763139069080353,0.8371989727020264,0.004034135024994612,0.0056600975804030895,0.00169910560362041,0.01656142622232437,0.001274038222618401,0.10881895571947098,0.002741512842476368,0.018335388973355293
945,945,datasets/audios/eastern_sliced/guqinguzheng/guqinguzheng_062_003.wav,3,guqinguzheng,7,pop,0.5708561539649963,1.2554206848144531,0.0060883681289851665,0.2677720785140991,0.041673704981803894,0.012144925072789192,0.006950316950678825,0.04283451661467552,0.002471268642693758,0.5708561539649963,0.019367726519703865,0.029840966686606407
946,946,datasets/audios/eastern_sliced/guqinguzheng/guqinguzheng_062_004.wav,3,guqinguzheng,1,classical,0.454315185546875,1.398339867591858,0.004161216784268618,0.454315185546875,0.05268967151641846,0.027803821489214897,0.0025157544296234846,0.0083421366289258,0.006922307889908552,0.30079880356788635,0.00917284656316042,0.13327831029891968
947,947,datasets/audios/eastern_sliced/guqinguzheng/guqinguzheng_063_000.wav,3,guqinguzheng,1,classical,0.2954941391944885,1.8778471946716309,0.041827261447906494,0.2954941391944885,0.08368585258722305,0.09407693147659302,0.013400495052337646,0.027974100783467293,0.022930098697543144,0.25159069895744324,0.020684832707047462,0.14833559095859528
948,948,datasets/audios/eastern_sliced/guqinguzheng/guqinguzheng_063_001.wav,3,guqinguzheng,1,classical,0.3360383212566376,1.6040011644363403,0.008336284197866917,0.3360383212566376,0.11208018660545349,0.04704003781080246,0.004548169672489166,0.014152963645756245,0.009048066101968288,0.32909929752349854,0.011825699359178543,0.12783092260360718
949,949,datasets/audios/eastern_sliced/guqinguzheng/guqinguzheng_063_002.wav,3,guqinguzheng,7,pop,0.4301885962486267,1.4232707023620605,0.00743238627910614,0.3295527398586273,0.052762676030397415,0.02889196388423443,0.0033636526204645634,0.010974802076816559,0.0077898683957755566,0.4301885962486267,0.007930127903819084,0.121113121509552
950,950,datasets/audios/eastern_sliced/guqinguzheng/guqinguzheng_063_003.wav,3,guqinguzheng,1,classical,0.4361189603805542,1.282362461090088,0.005557952914386988,0.4361189603805542,0.022690387442708015,0.01913740113377571,0.003135847160592675,0.010963594540953636,0.006602234207093716,0.38830992579460144,0.005677906796336174,0.10180582851171494
951,951,datasets/audios/eastern_sliced/guqinguzheng/guqinguzheng_064_000.wav,3,guqinguzheng,1,classical,0.34534120559692383,1.8837676048278809,0.043206218630075455,0.34534120559692383,0.09353382140398026,0.03204973414540291,0.017376156523823738,0.1014028787612915,0.015990229323506355,0.1677648276090622,0.023303618654608727,0.16003131866455078
952,952,datasets/audios/eastern_sliced/guqinguzheng/guqinguzheng_064_001.wav,3,guqinguzheng,1,classical,0.22583205997943878,1.9767287969589233,0.0688624382019043,0.22583205997943878,0.1525503396987915,0.032035671174526215,0.0184926837682724,0.12291952222585678,0.011167935095727444,0.21421709656715393,0.02009274996817112,0.13382945954799652
953,953,datasets/audios/eastern_sliced/guqinguzheng/guqinguzheng_064_002.wav,3,guqinguzheng,1,classical,0.5177354216575623,1.6175425052642822,0.06311850994825363,0.5177354216575623,0.06645627319812775,0.02102024108171463,0.008931702002882957,0.08993498980998993,0.009205303154885769,0.0895625501871109,0.018392067402601242,0.11564280837774277
954,954,datasets/audios/eastern_sliced/guqinguzheng/guqinguzheng_064_003.wav,3,guqinguzheng,1,classical,0.5251495242118835,1.5746599435806274,0.04668154567480087,0.5251495242118835,0.06439152359962463,0.01865185610949993,0.007526850327849388,0.06992737203836441,0.010720985941588879,0.10208779573440552,0.014984726905822754,0.13987793028354645
955,955,datasets/audios/eastern_sliced/guqinguzheng/guqinguzheng_064_004.wav,3,guqinguzheng,9,rock,0.2746777832508087,1.8844642639160156,0.048393614590168,0.1812492161989212,0.21233884990215302,0.031821392476558685,0.014343795366585255,0.04546341300010681,0.015739306807518005,0.15602423250675201,0.01994844526052475,0.2746777832508087
956,956,datasets/audios/eastern_sliced/guqinguzheng/guqinguzheng_065_000.wav,3,guqinguzheng,1,classical,0.2293894737958908,2.129964828491211,0.12726306915283203,0.2293894737958908,0.10621275752782822,0.06768863648176193,0.029212240129709244,0.07052721828222275,0.01761610247194767,0.12201029062271118,0.08854999393224716,0.14153020083904266
957,957,datasets/audios/eastern_sliced/guqinguzheng/guqinguzheng_065_001.wav,3,guqinguzheng,1,classical,0.37946605682373047,1.9262458086013794,0.06007891148328781,0.37946605682373047,0.06604716181755066,0.081686832010746,0.023542575538158417,0.04036121070384979,0.022070180624723434,0.08119657635688782,0.07980399578809738,0.16574646532535553
958,958,datasets/audios/eastern_sliced/guqinguzheng/guqinguzheng_065_002.wav,3,guqinguzheng,1,classical,0.19294041395187378,2.201639175415039,0.1266380399465561,0.19294041395187378,0.06648974865674973,0.09414858371019363,0.05359799414873123,0.10440412163734436,0.02432059869170189,0.10265980660915375,0.11747530102729797,0.11732541769742966
959,959,datasets/audios/eastern_sliced/guqinguzheng/guqinguzheng_065_003.wav,3,guqinguzheng,1,classical,0.17627502977848053,2.1996572017669678,0.13429541885852814,0.17627502977848053,0.06681385636329651,0.09284664690494537,0.05221020057797432,0.12264624983072281,0.021368369460105896,0.09576535224914551,0.13470573723316193,0.1030731275677681
960,960,datasets/audios/eastern_sliced/guqinguzheng/guqinguzheng_066_000.wav,3,guqinguzheng,2,country,0.5663890242576599,1.3836413621902466,0.0207116287201643,0.04551580175757408,0.5663890242576599,0.02397758699953556,0.006481456104665995,0.016481291502714157,0.004397246520966291,0.21349596977233887,0.03228781372308731,0.07026217132806778
961,961,datasets/audios/eastern_sliced/guqinguzheng/guqinguzheng_066_001.wav,3,guqinguzheng,9,rock,0.6435609459877014,1.3212435245513916,0.025878746062517166,0.10782284289598465,0.07896825671195984,0.03385496512055397,0.006722165271639824,0.013417614623904228,0.015379015356302261,0.05834100395441055,0.016054483130574226,0.6435609459877014
962,962,datasets/audios/eastern_sliced/guqinguzheng/guqinguzheng_066_002.wav,3,guqinguzheng,2,country,0.4633638858795166,1.6597919464111328,0.015906013548374176,0.11514445394277573,0.4633638858795166,0.045667607337236404,0.0069053820334374905,0.017362719401717186,0.011412665247917175,0.12793748080730438,0.04800526797771454,0.14829450845718384
963,963,datasets/audios/eastern_sliced/guqinguzheng/guqinguzheng_066_003.wav,3,guqinguzheng,2,country,0.7797970771789551,0.8925939202308655,0.009465169161558151,0.01916234940290451,0.7797970771789551,0.015851901844143867,0.0028371496591717005,0.0052278731018304825,0.0033499973360449076,0.09028846770524979,0.017117314040660858,0.05690270662307739
964,964,datasets/audios/eastern_sliced/guqinguzheng/guqinguzheng_066_004.wav,3,guqinguzheng,9,rock,0.1881556361913681,2.1432228088378906,0.08440776914358139,0.14384259283542633,0.0750885009765625,0.02950940653681755,0.03269508108496666,0.08419729024171829,0.04909297078847885,0.18635748326778412,0.126653254032135,0.1881556361913681
965,965,datasets/audios/eastern_sliced/guqinguzheng/guqinguzheng_067_000.wav,3,guqinguzheng,1,classical,0.45788896083831787,1.552844762802124,0.008219755254685879,0.45788896083831787,0.05439872667193413,0.04852410778403282,0.007374538108706474,0.013885137625038624,0.01671316847205162,0.20865844190120697,0.01332820300012827,0.17100898921489716
966,966,datasets/audios/eastern_sliced/guqinguzheng/guqinguzheng_067_001.wav,3,guqinguzheng,1,classical,0.6625266075134277,1.3146826028823853,0.019220760092139244,0.6625266075134277,0.026537582278251648,0.0349421501159668,0.010603584349155426,0.03360050171613693,0.025108307600021362,0.08517512679100037,0.023167558014392853,0.07911774516105652
967,967,datasets/audios/eastern_sliced/guqinguzheng/guqinguzheng_067_002.wav,3,guqinguzheng,1,classical,0.6164566874504089,1.4126176834106445,0.037256836891174316,0.6164566874504089,0.052577052265405655,0.05807110294699669,0.005790256895124912,0.017235368490219116,0.016812196001410484,0.06320483982563019,0.022726774215698242,0.10986898839473724
968,968,datasets/audios/eastern_sliced/guqinguzheng/guqinguzheng_067_003.wav,3,guqinguzheng,1,classical,0.6959439516067505,1.1826274394989014,0.01609947718679905,0.6959439516067505,0.036611877381801605,0.05191879719495773,0.0032310644164681435,0.013039549812674522,0.013665419071912766,0.0716630294919014,0.013434626162052155,0.08439216017723083
969,969,datasets/audios/eastern_sliced/guqinguzheng/guqinguzheng_067_004.wav,3,guqinguzheng,1,classical,0.33935442566871643,1.7088160514831543,0.01460852101445198,0.33935442566871643,0.07944708317518234,0.09441226720809937,0.006396132055670023,0.012210378423333168,0.014981117099523544,0.24816232919692993,0.012296098284423351,0.17813166975975037
970,970,datasets/audios/eastern_sliced/guqinguzheng/guqinguzheng_068_000.wav,3,guqinguzheng,1,classical,0.3440847098827362,1.9878027439117432,0.046323832124471664,0.3440847098827362,0.0585467666387558,0.06148170307278633,0.05609219893813133,0.05414638668298721,0.016070427373051643,0.10975591093301773,0.16416169703006744,0.08933629095554352
971,971,datasets/audios/eastern_sliced/guqinguzheng/guqinguzheng_068_001.wav,3,guqinguzheng,1,classical,0.33847591280937195,1.9945683479309082,0.052409421652555466,0.33847591280937195,0.07624461501836777,0.061596840620040894,0.04736921191215515,0.04434741660952568,0.016070131212472916,0.09179235994815826,0.16225148737430573,0.1094425767660141
972,972,datasets/audios/eastern_sliced/guqinguzheng/guqinguzheng_068_002.wav,3,guqinguzheng,1,classical,0.33326515555381775,1.9938030242919922,0.04035070538520813,0.33326515555381775,0.07387813180685043,0.06630653887987137,0.04970255121588707,0.044533539563417435,0.014646993018686771,0.12615007162094116,0.15343283116817474,0.09773355722427368
973,973,datasets/audios/eastern_sliced/guqinguzheng/guqinguzheng_068_003.wav,3,guqinguzheng,1,classical,0.2909771800041199,2.0516793727874756,0.061593685299158096,0.2909771800041199,0.06641494482755661,0.059310946613550186,0.05540792644023895,0.053743232041597366,0.014081250876188278,0.13172350823879242,0.16727037727832794,0.09947697073221207
974,974,datasets/audios/eastern_sliced/guqinguzheng/guqinguzheng_068_004.wav,3,guqinguzheng,1,classical,0.3460656404495239,1.971893310546875,0.04757388308644295,0.3460656404495239,0.06154072284698486,0.06757109612226486,0.06152420863509178,0.0475919209420681,0.012510057538747787,0.08467207103967667,0.18131330609321594,0.0896371379494667
975,975,datasets/audios/eastern_sliced/guqinguzheng/guqinguzheng_069_000.wav,3,guqinguzheng,1,classical,0.28437379002571106,1.6857713460922241,0.018471721559762955,0.28437379002571106,0.06901310384273529,0.026822084560990334,0.0091620571911335,0.021745195612311363,0.012594531290233135,0.2615010142326355,0.022802237421274185,0.2735142111778259
976,976,datasets/audios/eastern_sliced/guqinguzheng/guqinguzheng_069_001.wav,3,guqinguzheng,1,classical,0.7843363881111145,0.8947535753250122,0.020241228863596916,0.7843363881111145,0.009116135537624359,0.005777999758720398,0.0034442818723618984,0.03623317927122116,0.0029889901634305716,0.08819521218538284,0.017591513693332672,0.03207506984472275
977,977,datasets/audios/eastern_sliced/guqinguzheng/guqinguzheng_069_002.wav,3,guqinguzheng,1,classical,0.5856309533119202,1.3677120208740234,0.03265536576509476,0.5856309533119202,0.021498579531908035,0.013424588367342949,0.006332681514322758,0.03028186596930027,0.007184725254774094,0.18365798890590668,0.027040867134928703,0.09229239821434021
978,978,datasets/audios/eastern_sliced/guqinguzheng/guqinguzheng_069_003.wav,3,guqinguzheng,1,classical,0.47282159328460693,1.7191845178604126,0.04272294044494629,0.47282159328460693,0.05795413255691528,0.03819151967763901,0.014988532289862633,0.12338032573461533,0.01419893279671669,0.13531643152236938,0.02611381560564041,0.07431170344352722
979,979,datasets/audios/eastern_sliced/guqinguzheng/guqinguzheng_069_004.wav,3,guqinguzheng,1,classical,0.310556024312973,1.8544062376022339,0.034173764288425446,0.310556024312973,0.07254550606012344,0.0433080792427063,0.02009200118482113,0.14044995605945587,0.011168171651661396,0.26426219940185547,0.026451820507645607,0.0769924744963646
980,980,datasets/audios/eastern_sliced/guqinguzheng/guqinguzheng_070_000.wav,3,guqinguzheng,1,classical,0.2851603329181671,1.9797022342681885,0.1413588970899582,0.2851603329181671,0.1791307032108307,0.05473044887185097,0.009969422593712807,0.035911984741687775,0.028655001893639565,0.06493615359067917,0.04914416745305061,0.15100283920764923
981,981,datasets/audios/eastern_sliced/guqinguzheng/guqinguzheng_070_001.wav,3,guqinguzheng,1,classical,0.3466033935546875,1.9708729982376099,0.1418871283531189,0.3466033935546875,0.11224804818630219,0.05857197567820549,0.009955842047929764,0.07202987372875214,0.03669942170381546,0.0545109361410141,0.04798372834920883,0.11950971931219101
982,982,datasets/audios/eastern_sliced/guqinguzheng/guqinguzheng_070_002.wav,3,guqinguzheng,0,blues,0.20718272030353546,1.9974695444107056,0.20718272030353546,0.1974318027496338,0.18912187218666077,0.049847427755594254,0.01091133151203394,0.029028834775090218,0.025815362110733986,0.06738673150539398,0.05408400297164917,0.1691899448633194
983,983,datasets/audios/eastern_sliced/guqinguzheng/guqinguzheng_071_000.wav,3,guqinguzheng,1,classical,0.487296462059021,1.5110363960266113,0.025803713127970695,0.487296462059021,0.15234701335430145,0.054405078291893005,0.003774170530959964,0.016728386282920837,0.009985535405576229,0.029308659955859184,0.012884043157100677,0.2074669897556305
984,984,datasets/audios/eastern_sliced/guqinguzheng/guqinguzheng_071_001.wav,3,guqinguzheng,1,classical,0.5470074415206909,1.5339043140411377,0.02951701171696186,0.5470074415206909,0.11292053014039993,0.10125099122524261,0.006416264921426773,0.03076741471886635,0.010715608485043049,0.04149171710014343,0.016083452850580215,0.10382959991693497
985,985,datasets/audios/eastern_sliced/guqinguzheng/guqinguzheng_072_000.wav,3,guqinguzheng,1,classical,0.7637097239494324,0.8937016725540161,0.00875212624669075,0.7637097239494324,0.018015028908848763,0.009825285524129868,0.0031899157911539078,0.020655067637562752,0.002513082465156913,0.13279256224632263,0.0059988354332745075,0.03454842045903206
986,986,datasets/audios/eastern_sliced/guqinguzheng/guqinguzheng_072_001.wav,3,guqinguzheng,1,classical,0.7808733582496643,0.8687245845794678,0.008496192283928394,0.7808733582496643,0.0339515246450901,0.013544054701924324,0.0018755763303488493,0.012584641575813293,0.0016069482080638409,0.10494604706764221,0.004727204330265522,0.037394311279058456
987,987,datasets/audios/eastern_sliced/guqinguzheng/guqinguzheng_072_002.wav,3,guqinguzheng,1,classical,0.8091689944267273,0.7684439420700073,0.004652532748878002,0.8091689944267273,0.024999085813760757,0.0108140017837286,0.0011368384584784508,0.00928643997758627,0.0012383980210870504,0.09885402023792267,0.004629265516996384,0.035220369696617126
988,988,datasets/audios/eastern_sliced/guqinguzheng/guqinguzheng_073_000.wav,3,guqinguzheng,1,classical,0.7589256167411804,0.9711461067199707,0.024956686422228813,0.7589256167411804,0.011528358794748783,0.005360870622098446,0.0037843913305550814,0.05855322256684303,0.0034689295571297407,0.08918728679418564,0.01774553768336773,0.02648921124637127
989,989,datasets/audios/eastern_sliced/guqinguzheng/guqinguzheng_073_001.wav,3,guqinguzheng,1,classical,0.5157930850982666,1.6659342050552368,0.05596597120165825,0.5157930850982666,0.03187696263194084,0.013528323732316494,0.02335449308156967,0.13324102759361267,0.030031055212020874,0.05532864108681679,0.07594642788171768,0.06493405997753143
990,990,datasets/audios/eastern_sliced/guqinguzheng/guqinguzheng_073_002.wav,3,guqinguzheng,1,classical,0.5156024694442749,1.6782355308532715,0.05588390305638313,0.5156024694442749,0.032806672155857086,0.01440093107521534,0.02301032841205597,0.1227799579501152,0.03602264076471329,0.05233214795589447,0.07098031044006348,0.07618066668510437
991,991,datasets/audios/eastern_sliced/guqinguzheng/guqinguzheng_073_003.wav,3,guqinguzheng,1,classical,0.5142185688018799,1.5784672498703003,0.05281093344092369,0.5142185688018799,0.024573592469096184,0.01464788056910038,0.013502147980034351,0.16652151942253113,0.020533131435513496,0.11960463970899582,0.02309238351881504,0.05049525201320648
992,992,datasets/audios/eastern_sliced/guqinguzheng/guqinguzheng_073_004.wav,3,guqinguzheng,9,rock,0.5322353839874268,1.5296573638916016,0.035048600286245346,0.038454607129096985,0.08517777919769287,0.019242720678448677,0.012649639509618282,0.03511621430516243,0.19591861963272095,0.027281979098916054,0.018874434754252434,0.5322353839874268
993,993,datasets/audios/eastern_sliced/guqinguzheng/guqinguzheng_074_000.wav,3,guqinguzheng,1,classical,0.3051654100418091,2.016589879989624,0.044949714094400406,0.3051654100418091,0.09332394599914551,0.05761222168803215,0.04055139049887657,0.0599692240357399,0.017200618982315063,0.17730234563350677,0.06771659106016159,0.13620854914188385
994,994,datasets/audios/eastern_sliced/guqinguzheng/guqinguzheng_074_001.wav,3,guqinguzheng,1,classical,0.3101491928100586,2.0314550399780273,0.05576838552951813,0.3101491928100586,0.08638334274291992,0.06048264726996422,0.04201100021600723,0.06952178478240967,0.0179144274443388,0.17350178956985474,0.06567563861608505,0.1185917928814888
995,995,datasets/audios/eastern_sliced/guqinguzheng/guqinguzheng_075_000.wav,3,guqinguzheng,1,classical,0.3400351405143738,1.7718892097473145,0.02892940305173397,0.3400351405143738,0.08302813768386841,0.04610346630215645,0.013351546600461006,0.02437395602464676,0.01688886061310768,0.1583176851272583,0.025608256459236145,0.2633635103702545
996,996,datasets/audios/eastern_sliced/guqinguzheng/guqinguzheng_075_001.wav,3,guqinguzheng,7,pop,0.8884658813476562,0.5634068250656128,0.005841194652020931,0.009886356070637703,0.009862478822469711,0.015768487006425858,0.029408110305666924,0.006586875766515732,0.002520028967410326,0.8884658813476562,0.003253285540267825,0.028407257050275803
997,997,datasets/audios/eastern_sliced/guqinguzheng/guqinguzheng_075_002.wav,3,guqinguzheng,7,pop,0.7182491421699524,1.0696685314178467,0.007046995684504509,0.05693374201655388,0.02085247077047825,0.02540132775902748,0.015658063814044,0.00947178341448307,0.013909527100622654,0.7182491421699524,0.0056711724027991295,0.12680581212043762
998,998,datasets/audios/eastern_sliced/guqinguzheng/guqinguzheng_075_003.wav,3,guqinguzheng,7,pop,0.6255928874015808,1.2422385215759277,0.005719565320760012,0.0667041540145874,0.044899728149175644,0.027439279481768608,0.008312495425343513,0.006655687466263771,0.023101331666111946,0.6255928874015808,0.005195861682295799,0.18637900054454803
999,999,datasets/audios/eastern_sliced/guqinguzheng/guqinguzheng_075_004.wav,3,guqinguzheng,1,classical,0.7650848627090454,0.9960278868675232,0.05689511075615883,0.7650848627090454,0.048249199986457825,0.023896021768450737,0.0017408989369869232,0.03984043747186661,0.004363575018942356,0.012437516823410988,0.01567818410694599,0.03181421011686325
1000,1000,datasets/audios/eastern_sliced/guqinguzheng/guqinguzheng_076_000.wav,3,guqinguzheng,2,country,0.23115180432796478,2.118852138519287,0.049170102924108505,0.12822002172470093,0.23115180432796478,0.09231413155794144,0.04358746111392975,0.07365502417087555,0.02273436076939106,0.14472584426403046,0.05706042796373367,0.15738090872764587
1001,1001,datasets/audios/eastern_sliced/guqinguzheng/guqinguzheng_076_001.wav,3,guqinguzheng,2,country,0.2669360041618347,2.0184624195098877,0.04009661078453064,0.1957693099975586,0.2669360041618347,0.10876990109682083,0.023011047393083572,0.0524124838411808,0.019610874354839325,0.1008140817284584,0.049149785190820694,0.1434299200773239
1002,1002,datasets/audios/eastern_sliced/guqinguzheng/guqinguzheng_076_002.wav,3,guqinguzheng,1,classical,0.2687090337276459,2.0441880226135254,0.046177297830581665,0.2687090337276459,0.19468463957309723,0.10484389215707779,0.02419210970401764,0.06326394528150558,0.02048194222152233,0.10120756179094315,0.05811309814453125,0.11832648515701294
1003,1003,datasets/audios/eastern_sliced/guqinguzheng/guqinguzheng_076_003.wav,3,guqinguzheng,1,classical,0.23053434491157532,2.010701894760132,0.04818909615278244,0.23053434491157532,0.19996377825737,0.09122315049171448,0.022271161898970604,0.04055243730545044,0.029409201815724373,0.09527067095041275,0.03493696451187134,0.20764926075935364
1004,1004,datasets/audios/eastern_sliced/guqinguzheng/guqinguzheng_076_004.wav,3,guqinguzheng,1,classical,0.33401522040367126,1.975744605064392,0.037599530071020126,0.33401522040367126,0.0655345544219017,0.05698901787400246,0.03982459381222725,0.08552803099155426,0.02783043496310711,0.206795796751976,0.06106501817703247,0.08481784164905548
1005,1005,datasets/audios/eastern_sliced/guqinguzheng/guqinguzheng_077_000.wav,3,guqinguzheng,1,classical,0.6104056239128113,1.1038858890533447,0.005876374430954456,0.6104056239128113,0.019302526488900185,0.024924416095018387,0.003276139497756958,0.016293980181217194,0.003444272093474865,0.27850550413131714,0.007304285187274218,0.030666911974549294
1006,1006,datasets/audios/eastern_sliced/guqinguzheng/guqinguzheng_077_001.wav,3,guqinguzheng,1,classical,0.40081509947776794,1.440739631652832,0.012285251170396805,0.40081509947776794,0.054834865033626556,0.026167038828134537,0.005482176784425974,0.024080857634544373,0.0073211779817938805,0.3869999647140503,0.014943364076316357,0.06707014888525009
1007,1007,datasets/audios/eastern_sliced/guqinguzheng/guqinguzheng_077_002.wav,3,guqinguzheng,7,pop,0.9481468796730042,0.2862979769706726,0.0010389018571004272,0.024404337629675865,0.004964299034327269,0.0035729114897549152,0.002338688587769866,0.002385735511779785,0.0006487175705842674,0.9481468796730042,0.0010000400943681598,0.0114994365721941
1008,1008,datasets/audios/eastern_sliced/guqinguzheng/guqinguzheng_078_000.wav,3,guqinguzheng,1,classical,0.6848727464675903,1.2680814266204834,0.050996098667383194,0.6848727464675903,0.026205362752079964,0.033395878970623016,0.008424090221524239,0.04007186368107796,0.011658312752842903,0.06352713704109192,0.023374507203698158,0.05747395008802414
1009,1009,datasets/audios/eastern_sliced/guqinguzheng/guqinguzheng_078_001.wav,3,guqinguzheng,1,classical,0.7592976689338684,1.0429573059082031,0.034012261778116226,0.7592976689338684,0.015598188154399395,0.026856154203414917,0.005527077242732048,0.037677764892578125,0.01063325721770525,0.0493539497256279,0.018063750118017197,0.04297990724444389
1010,1010,datasets/audios/eastern_sliced/guqinguzheng/guqinguzheng_078_002.wav,3,guqinguzheng,1,classical,0.43872445821762085,1.7775213718414307,0.15370652079582214,0.43872445821762085,0.07359007745981216,0.051644422113895416,0.011724247597157955,0.03306850045919418,0.014135562814772129,0.08042671531438828,0.03303072229027748,0.10994881391525269
1011,1011,datasets/audios/eastern_sliced/guqinguzheng/guqinguzheng_078_003.wav,3,guqinguzheng,1,classical,0.5693803429603577,1.4954009056091309,0.03288630396127701,0.5693803429603577,0.02919107861816883,0.04820553958415985,0.010188998654484749,0.036543551832437515,0.015800470486283302,0.14417245984077454,0.020440710708498955,0.09319043159484863
1012,1012,datasets/audios/eastern_sliced/guqinguzheng/guqinguzheng_078_004.wav,3,guqinguzheng,1,classical,0.6098806262016296,1.412002682685852,0.04892823100090027,0.6098806262016296,0.06040893867611885,0.0371825248003006,0.006023954134434462,0.017031382769346237,0.010059197433292866,0.0940370112657547,0.018939735367894173,0.09750840067863464
1013,1013,datasets/audios/eastern_sliced/guqinguzheng/guqinguzheng_079_000.wav,3,guqinguzheng,5,jazz,0.3324463367462158,1.7838103771209717,0.046017780900001526,0.11267423629760742,0.08484698086977005,0.026387112215161324,0.03095373511314392,0.3324463367462158,0.007831869646906853,0.29210376739501953,0.01820613071322441,0.04853210225701332
1014,1014,datasets/audios/eastern_sliced/guqinguzheng/guqinguzheng_079_001.wav,3,guqinguzheng,2,country,0.25560399889945984,1.9514565467834473,0.042216021567583084,0.17330990731716156,0.25560399889945984,0.03168100491166115,0.026938267052173615,0.07596737146377563,0.011351285502314568,0.21781057119369507,0.03306438401341438,0.13205714523792267
1015,1015,datasets/audios/eastern_sliced/guqinguzheng/guqinguzheng_079_002.wav,3,guqinguzheng,1,classical,0.21606384217739105,1.9659079313278198,0.04006555676460266,0.21606384217739105,0.21593350172042847,0.03661394119262695,0.02711089514195919,0.05334536358714104,0.015332273207604885,0.19547732174396515,0.03624621033668518,0.16381114721298218
1016,1016,datasets/audios/eastern_sliced/guqinguzheng/guqinguzheng_079_003.wav,3,guqinguzheng,7,pop,0.34577473998069763,1.8035054206848145,0.04957077279686928,0.14016075432300568,0.15370145440101624,0.02841443195939064,0.015547329559922218,0.028842460364103317,0.012248696759343147,0.34577473998069763,0.019346436485648155,0.20639286935329437
1017,1017,datasets/audios/eastern_sliced/guqinguzheng/guqinguzheng_079_004.wav,3,guqinguzheng,1,classical,0.3642578721046448,1.7926279306411743,0.07146542519330978,0.3642578721046448,0.07431169599294662,0.02360127493739128,0.015858441591262817,0.03779079020023346,0.012668249197304249,0.24136649072170258,0.02840396761894226,0.1302759051322937
1018,1018,datasets/audios/eastern_sliced/guqinguzheng/guqinguzheng_080_000.wav,3,guqinguzheng,1,classical,0.4109542965888977,1.8667316436767578,0.048737239092588425,0.4109542965888977,0.06627699732780457,0.1170264184474945,0.017286796122789383,0.0311314444988966,0.019955623894929886,0.09221319109201431,0.06904064863920212,0.12737727165222168
1019,1019,datasets/audios/eastern_sliced/guqinguzheng/guqinguzheng_080_001.wav,3,guqinguzheng,1,classical,0.3543490767478943,1.7394120693206787,0.022828539833426476,0.3543490767478943,0.013938560150563717,0.08410695940256119,0.051280759274959564,0.0821908712387085,0.008362271822988987,0.30230236053466797,0.035542335361242294,0.04509826377034187
1020,1020,datasets/audios/eastern_sliced/guqinguzheng/guqinguzheng_080_002.wav,3,guqinguzheng,1,classical,0.38677337765693665,1.7800171375274658,0.025784043595194817,0.38677337765693665,0.013387671671807766,0.06743181496858597,0.06320276856422424,0.10049422085285187,0.009206520393490791,0.2393789291381836,0.050497233867645264,0.04384344816207886
1021,1021,datasets/audios/eastern_sliced/guqinguzheng/guqinguzheng_080_003.wav,3,guqinguzheng,1,classical,0.34510672092437744,1.787527084350586,0.02481868863105774,0.34510672092437744,0.01469666138291359,0.06556108593940735,0.060501884669065475,0.13684086501598358,0.007605664432048798,0.26476651430130005,0.0449504517018795,0.035151466727256775
1022,1022,datasets/audios/eastern_sliced/guqinguzheng/guqinguzheng_080_004.wav,3,guqinguzheng,7,pop,0.4349123537540436,1.7545198202133179,0.024812955409288406,0.17780034244060516,0.015060930512845516,0.05237678438425064,0.09555798768997192,0.10180526226758957,0.00918144453316927,0.4349123537540436,0.04387485235929489,0.04461703449487686
1023,1023,datasets/audios/eastern_sliced/guqinguzheng/guqinguzheng_081_000.wav,3,guqinguzheng,1,classical,0.43714845180511475,1.7199052572250366,0.04748552665114403,0.43714845180511475,0.07840288430452347,0.03591006621718407,0.009372364729642868,0.045313283801078796,0.008587898686528206,0.20900680124759674,0.0383768305182457,0.09039585292339325
1024,1024,datasets/audios/eastern_sliced/guqinguzheng/guqinguzheng_081_001.wav,3,guqinguzheng,7,pop,0.3160147964954376,1.7535667419433594,0.026070499792695045,0.22626179456710815,0.06824122369289398,0.039744701236486435,0.009499670937657356,0.0349142923951149,0.022953804582357407,0.3160147964954376,0.012479233555495739,0.2438199520111084
1025,1025,datasets/audios/eastern_sliced/guqinguzheng/guqinguzheng_081_002.wav,3,guqinguzheng,1,classical,0.4896136224269867,1.6600788831710815,0.035968128591775894,0.4896136224269867,0.0657360777258873,0.04361051693558693,0.008895954117178917,0.10063407570123672,0.008773726411163807,0.125080406665802,0.014432135969400406,0.10725532472133636
1026,1026,datasets/audios/eastern_sliced/guqinguzheng/guqinguzheng_081_003.wav,3,guqinguzheng,1,classical,0.3252145051956177,1.8292313814163208,0.05923285335302353,0.3252145051956177,0.12398798763751984,0.032001614570617676,0.006178971845656633,0.07452937960624695,0.01055640447884798,0.1257672905921936,0.012835634872317314,0.22969530522823334
1027,1027,datasets/audios/eastern_sliced/guqinguzheng/guqinguzheng_081_004.wav,3,guqinguzheng,2,country,0.2877160906791687,1.8907675743103027,0.0987008735537529,0.09535891562700272,0.2877160906791687,0.026173235848546028,0.007997545413672924,0.10327921062707901,0.011483109556138515,0.11625702679157257,0.01688987761735916,0.23614414036273956
1028,1028,datasets/audios/eastern_sliced/guqinguzheng/guqinguzheng_082_000.wav,3,guqinguzheng,2,country,0.3263568878173828,1.7645528316497803,0.021300191059708595,0.17001120746135712,0.3263568878173828,0.15888957679271698,0.006139220669865608,0.009023471735417843,0.007209623232483864,0.11546164005994797,0.015136928297579288,0.17047126591205597
1029,1029,datasets/audios/eastern_sliced/guqinguzheng/guqinguzheng_082_001.wav,3,guqinguzheng,2,country,0.4179401993751526,1.6423301696777344,0.016148561611771584,0.1476677805185318,0.4179401993751526,0.11737509071826935,0.004699727054685354,0.006275224965065718,0.005681438837200403,0.1043020635843277,0.012893515639007092,0.16701637208461761
1030,1030,datasets/audios/eastern_sliced/guqinguzheng/guqinguzheng_082_002.wav,3,guqinguzheng,2,country,0.5381579399108887,1.4583373069763184,0.016375374048948288,0.10403487086296082,0.5381579399108887,0.09034722298383713,0.0033163484185934067,0.004426987841725349,0.004413024988025427,0.0868186205625534,0.010980339720845222,0.14112921059131622
1031,1031,datasets/audios/eastern_sliced/guqinguzheng/guqinguzheng_083_000.wav,3,guqinguzheng,1,classical,0.7043977379798889,1.1211600303649902,0.011870297603309155,0.7043977379798889,0.03811488300561905,0.02599240466952324,0.003203632542863488,0.0172176044434309,0.0056428262032568455,0.08967196941375732,0.010153033770620823,0.09373565018177032
1032,1032,datasets/audios/eastern_sliced/guqinguzheng/guqinguzheng_083_001.wav,3,guqinguzheng,1,classical,0.6623817086219788,1.1203267574310303,0.008968902751803398,0.6623817086219788,0.027513710781931877,0.013297637924551964,0.002071840688586235,0.018238484859466553,0.003359981579706073,0.1707364320755005,0.0054032690823078156,0.08802798390388489
1033,1033,datasets/audios/eastern_sliced/guqinguzheng/guqinguzheng_083_002.wav,3,guqinguzheng,1,classical,0.4848411977291107,1.397367000579834,0.009832264855504036,0.4848411977291107,0.04452672600746155,0.018618863075971603,0.0035958627704530954,0.03793641924858093,0.003951914142817259,0.2922331690788269,0.007313249167054892,0.09715031087398529
1034,1034,datasets/audios/eastern_sliced/guqinguzheng/guqinguzheng_083_003.wav,3,guqinguzheng,1,classical,0.38469555974006653,1.5100226402282715,0.009658693335950375,0.38469555974006653,0.05841490253806114,0.02356160432100296,0.003687541000545025,0.01798492856323719,0.0063669560477137566,0.29537203907966614,0.008800926618278027,0.19145694375038147
1035,1035,datasets/audios/eastern_sliced/guqinguzheng/guqinguzheng_083_004.wav,3,guqinguzheng,1,classical,0.8036968111991882,0.8110721111297607,0.0066537712700665,0.8036968111991882,0.013597551733255386,0.011467274278402328,0.0023255767300724983,0.024195963516831398,0.0023630803916603327,0.0916409119963646,0.005923929624259472,0.0381351038813591
1036,1036,datasets/audios/eastern_sliced/guqinguzheng/guqinguzheng_084_000.wav,3,guqinguzheng,1,classical,0.468667596578598,1.4803768396377563,0.013084066100418568,0.468667596578598,0.0385313555598259,0.035103168338537216,0.005518789403140545,0.017856203019618988,0.0064510381780564785,0.23644602298736572,0.011958996765315533,0.1663828194141388
1037,1037,datasets/audios/eastern_sliced/guqinguzheng/guqinguzheng_084_001.wav,3,guqinguzheng,1,classical,0.4219493567943573,1.613152027130127,0.017729653045535088,0.4219493567943573,0.07032997906208038,0.06568139046430588,0.0066325790248811245,0.015251715667545795,0.007465024944394827,0.24247223138809204,0.014573576860129833,0.1379145085811615
1038,1038,datasets/audios/eastern_sliced/guqinguzheng/guqinguzheng_084_002.wav,3,guqinguzheng,7,pop,0.37849345803260803,1.5111372470855713,0.01086884643882513,0.3300352692604065,0.04728790000081062,0.0434730127453804,0.005437121726572514,0.01183531153947115,0.006820706184953451,0.37849345803260803,0.009012946859002113,0.15673545002937317
1039,1039,datasets/audios/eastern_sliced/guqinguzheng/guqinguzheng_084_003.wav,3,guqinguzheng,7,pop,0.35065001249313354,1.6196404695510864,0.012047979980707169,0.16752438247203827,0.12256995588541031,0.054502155631780624,0.004814302083104849,0.007830314338207245,0.005223125219345093,0.35065001249313354,0.008434074930846691,0.2664036750793457
1040,1040,datasets/audios/eastern_sliced/guqinguzheng/guqinguzheng_084_004.wav,3,guqinguzheng,7,pop,0.4338369071483612,1.47773277759552,0.009506957605481148,0.20078898966312408,0.05740423500537872,0.034039925783872604,0.00449373060837388,0.008027215488255024,0.006104538682848215,0.4338369071483612,0.006673747673630714,0.23912377655506134
1041,1041,datasets/audios/eastern_sliced/guqinguzheng/guqinguzheng_085_000.wav,3,guqinguzheng,1,classical,0.7733986377716064,0.8990597128868103,0.01955326832830906,0.7733986377716064,0.007164571899920702,0.009274346753954887,0.003794805146753788,0.0662604421377182,0.0025391129311174154,0.09306757152080536,0.007641651667654514,0.01730552315711975
1042,1042,datasets/audios/eastern_sliced/guqinguzheng/guqinguzheng_085_001.wav,3,guqinguzheng,1,classical,0.49824440479278564,1.3298064470291138,0.011718619614839554,0.49824440479278564,0.03747453913092613,0.012549572624266148,0.004418705124408007,0.06515324860811234,0.0022986014373600483,0.31710535287857056,0.007147211115807295,0.043889790773391724
1043,1043,datasets/audios/eastern_sliced/guqinguzheng/guqinguzheng_085_002.wav,3,guqinguzheng,1,classical,0.48821455240249634,1.4517896175384521,0.014704005792737007,0.48821455240249634,0.0508992038667202,0.015580195002257824,0.00675171660259366,0.062724269926548,0.004102958831936121,0.27167701721191406,0.009223262779414654,0.07612278312444687
1044,1044,datasets/audios/eastern_sliced/guqinguzheng/guqinguzheng_085_003.wav,3,guqinguzheng,1,classical,0.4817661643028259,1.3333542346954346,0.008988897316157818,0.4817661643028259,0.036995772272348404,0.013513353653252125,0.004759944509714842,0.045187823474407196,0.0034830744843930006,0.33682969212532043,0.007561939302831888,0.06091328710317612
1045,1045,datasets/audios/eastern_sliced/guqinguzheng/guqinguzheng_086_000.wav,3,guqinguzheng,1,classical,0.374146968126297,1.767167568206787,0.018869755789637566,0.374146968126297,0.19374102354049683,0.05219171568751335,0.011276036500930786,0.019828438758850098,0.007133882027119398,0.15644803643226624,0.04822530969977379,0.11813884973526001
1046,1046,datasets/audios/eastern_sliced/guqinguzheng/guqinguzheng_086_001.wav,3,guqinguzheng,1,classical,0.3378661572933197,1.79733145236969,0.020036280155181885,0.3378661572933197,0.1521434485912323,0.05706010386347771,0.013203011825680733,0.022136840969324112,0.007770642638206482,0.21863721311092377,0.03653337433934212,0.13461290299892426
1047,1047,datasets/audios/eastern_sliced/guqinguzheng/guqinguzheng_086_002.wav,3,guqinguzheng,1,classical,0.28173720836639404,1.8820581436157227,0.02821485884487629,0.28173720836639404,0.1449141502380371,0.06514907628297806,0.016446935012936592,0.030352337285876274,0.00945798959583044,0.25256505608558655,0.045633669942617416,0.1255287230014801
1048,1048,datasets/audios/eastern_sliced/guqinguzheng/guqinguzheng_087_000.wav,3,guqinguzheng,1,classical,0.3814713954925537,1.9185082912445068,0.03732221573591232,0.3814713954925537,0.06029009819030762,0.053560949862003326,0.03709709271788597,0.07871076464653015,0.01823699101805687,0.159001424908638,0.056573059409856796,0.11773600429296494
1049,1049,datasets/audios/eastern_sliced/guqinguzheng/guqinguzheng_087_001.wav,3,guqinguzheng,1,classical,0.530276894569397,1.5651079416275024,0.03374509513378143,0.530276894569397,0.02763264998793602,0.04243636131286621,0.012757092714309692,0.0827353373169899,0.009041715413331985,0.1661624014377594,0.024791153147816658,0.0704212337732315
1050,1050,datasets/audios/eastern_sliced/guqinguzheng/guqinguzheng_087_002.wav,3,guqinguzheng,1,classical,0.5843731760978699,1.4577716588974,0.03062279522418976,0.5843731760978699,0.021146878600120544,0.03512478247284889,0.014628634788095951,0.06836213171482086,0.009568452835083008,0.1480429470539093,0.023739686235785484,0.06439059972763062
1051,1051,datasets/audios/eastern_sliced/guqinguzheng/guqinguzheng_087_003.wav,3,guqinguzheng,1,classical,0.5612633228302002,1.5273189544677734,0.026418954133987427,0.5612633228302002,0.02357780933380127,0.04289114847779274,0.019455736503005028,0.07652491331100464,0.009429055266082287,0.14236396551132202,0.030982309952378273,0.06709270924329758
1052,1052,datasets/audios/eastern_sliced/guqinguzheng/guqinguzheng_087_004.wav,3,guqinguzheng,1,classical,0.43716713786125183,1.785797119140625,0.034222181886434555,0.43716713786125183,0.03630929812788963,0.044982872903347015,0.03150184080004692,0.06757795065641403,0.018314482644200325,0.18116673827171326,0.04532768204808235,0.10342976450920105
1053,1053,datasets/audios/eastern_sliced/guqinguzheng/guqinguzheng_088_000.wav,3,guqinguzheng,2,country,0.3593559265136719,1.8425582647323608,0.06288757175207138,0.19997210800647736,0.3593559265136719,0.04994181916117668,0.015565784648060799,0.09413930028676987,0.01187281683087349,0.03820924833416939,0.021840034052729607,0.1462153047323227
1054,1054,datasets/audios/eastern_sliced/guqinguzheng/guqinguzheng_088_001.wav,3,guqinguzheng,2,country,0.3178396224975586,2.0041885375976562,0.07459437847137451,0.13477841019630432,0.3178396224975586,0.09614749252796173,0.027785254642367363,0.07206171751022339,0.012831744737923145,0.11418737471103668,0.02916637994349003,0.12060762196779251
1055,1055,datasets/audios/eastern_sliced/guqinguzheng/guqinguzheng_088_002.wav,3,guqinguzheng,1,classical,0.3018879294395447,1.8839163780212402,0.035395547747612,0.3018879294395447,0.26686733961105347,0.06211504712700844,0.018847083672881126,0.07146424800157547,0.013583019375801086,0.07625264674425125,0.028142068535089493,0.12544509768486023
1056,1056,datasets/audios/eastern_sliced/guqinguzheng/guqinguzheng_088_003.wav,3,guqinguzheng,2,country,0.29979637265205383,1.9500805139541626,0.07609418779611588,0.23439094424247742,0.29979637265205383,0.08019518852233887,0.02273719385266304,0.09584423154592514,0.010483070276677608,0.06501138210296631,0.0289548821747303,0.08649250864982605
1057,1057,datasets/audios/eastern_sliced/guqinguzheng/guqinguzheng_088_004.wav,3,guqinguzheng,2,country,0.32604748010635376,1.9402520656585693,0.0535949282348156,0.1874430775642395,0.32604748010635376,0.06168302148580551,0.028915585950016975,0.07277972996234894,0.011671170592308044,0.08864300698041916,0.02554578334093094,0.14367617666721344
1058,1058,datasets/audios/eastern_sliced/guqinguzheng/guqinguzheng_089_000.wav,3,guqinguzheng,1,classical,0.6079201102256775,1.2526718378067017,0.016028281301259995,0.6079201102256775,0.03469443693757057,0.017343971878290176,0.0029919305816292763,0.020782485604286194,0.0049121808260679245,0.2106064260005951,0.01265022438019514,0.07206997275352478
1059,1059,datasets/audios/eastern_sliced/guqinguzheng/guqinguzheng_089_001.wav,3,guqinguzheng,7,pop,0.6592583656311035,1.2088302373886108,0.004548752214759588,0.11188829690217972,0.04204181581735611,0.10299423336982727,0.005834127776324749,0.013491170480847359,0.002467700745910406,0.6592583656311035,0.012518052011728287,0.04495743662118912
1060,1060,datasets/audios/eastern_sliced/guqinguzheng/guqinguzheng_089_002.wav,3,guqinguzheng,7,pop,0.6533842086791992,1.1556259393692017,0.005720639601349831,0.18233174085617065,0.037163350731134415,0.030867790803313255,0.0038648026529699564,0.012155241332948208,0.0024096150882542133,0.6533842086791992,0.009860745631158352,0.062241844832897186
1061,1061,datasets/audios/eastern_sliced/guqinguzheng/guqinguzheng_089_003.wav,3,guqinguzheng,7,pop,0.637988805770874,1.189052939414978,0.007051548454910517,0.19764657318592072,0.031868431717157364,0.036046288907527924,0.004721947945654392,0.016607705503702164,0.0025245905853807926,0.637988805770874,0.011398391798138618,0.054145801812410355
1062,1062,datasets/audios/eastern_sliced/guqinguzheng/guqinguzheng_089_004.wav,3,guqinguzheng,1,classical,0.7103360295295715,1.1905537843704224,0.02783290669322014,0.7103360295295715,0.050988007336854935,0.046031586825847626,0.0054573677480220795,0.023234369233250618,0.009935620240867138,0.030579330399632454,0.0331798754632473,0.062424927949905396
1063,1063,datasets/audios/eastern_sliced/guqinguzheng/guqinguzheng_090_000.wav,3,guqinguzheng,1,classical,0.9246193170547485,0.3832535147666931,0.0032139914110302925,0.9246193170547485,0.0030185182113200426,0.0049482970498502254,0.0004292370576877147,0.007501374930143356,0.0010652877390384674,0.03666961193084717,0.001884089084342122,0.016650276258587837
1064,1064,datasets/audios/eastern_sliced/guqinguzheng/guqinguzheng_090_001.wav,3,guqinguzheng,1,classical,0.8947979211807251,0.5118963122367859,0.005215961020439863,0.8947979211807251,0.005953120067715645,0.007173010613769293,0.000766935758292675,0.0082786213606596,0.0024409093894064426,0.03865514695644379,0.0037663450930267572,0.032951995730400085
1065,1065,datasets/audios/eastern_sliced/guqinguzheng/guqinguzheng_090_002.wav,3,guqinguzheng,1,classical,0.7225260138511658,1.0404932498931885,0.008677573874592781,0.7225260138511658,0.027377158403396606,0.017665183171629906,0.0025345408357679844,0.029346073046326637,0.002878936706110835,0.12661796808242798,0.008265048265457153,0.05411144345998764
1066,1066,datasets/audios/eastern_sliced/guqinguzheng/guqinguzheng_090_003.wav,3,guqinguzheng,1,classical,0.698418378829956,1.0761924982070923,0.008183715865015984,0.698418378829956,0.02767794206738472,0.015452123247087002,0.0023149114567786455,0.031170770525932312,0.003610537387430668,0.15073198080062866,0.0068473792634904385,0.055592287331819534
1067,1067,datasets/audios/eastern_sliced/guqinguzheng/guqinguzheng_090_004.wav,3,guqinguzheng,1,classical,0.752018928527832,0.9283211827278137,0.009923985227942467,0.752018928527832,0.01232249103486538,0.008585087023675442,0.0020039468072354794,0.04162146523594856,0.005087533500045538,0.1334874927997589,0.005698764231055975,0.029250292107462883
1068,1068,datasets/audios/eastern_sliced/guqinguzheng/guqinguzheng_091_000.wav,3,guqinguzheng,1,classical,0.5811598896980286,1.5492067337036133,0.060423415154218674,0.5811598896980286,0.045049067586660385,0.02584151178598404,0.024623315781354904,0.06991395354270935,0.010155045427381992,0.0448649562895298,0.08039878308773041,0.057570066303014755
1069,1069,datasets/audios/eastern_sliced/guqinguzheng/guqinguzheng_091_001.wav,3,guqinguzheng,1,classical,0.4630151391029358,1.8023418188095093,0.0699564516544342,0.4630151391029358,0.06854884326457977,0.033033497631549835,0.04528426006436348,0.05081738159060478,0.0219009667634964,0.03266463056206703,0.12491100281476974,0.08986788988113403
1070,1070,datasets/audios/eastern_sliced/guqinguzheng/guqinguzheng_091_002.wav,3,guqinguzheng,1,classical,0.4616702198982239,1.807639241218567,0.060590505599975586,0.4616702198982239,0.06640684604644775,0.03612186387181282,0.043128740042448044,0.05422463268041611,0.019009573385119438,0.04348183795809746,0.1292571723461151,0.08610854297876358
1071,1071,datasets/audios/eastern_sliced/guqinguzheng/guqinguzheng_091_003.wav,3,guqinguzheng,1,classical,0.5991599559783936,1.5020164251327515,0.0516042485833168,0.5991599559783936,0.039463434368371964,0.026555942371487617,0.014415882527828217,0.06985939294099808,0.011901041492819786,0.068195641040802,0.056195102632045746,0.06264940649271011
1072,1072,datasets/audios/eastern_sliced/guqinguzheng/guqinguzheng_091_004.wav,3,guqinguzheng,1,classical,0.6003594994544983,1.4999254941940308,0.06184878200292587,0.6003594994544983,0.034673236310482025,0.029152411967515945,0.01958027295768261,0.07215090095996857,0.011433204635977745,0.042868319898843765,0.07711983472108841,0.050813548266887665
1073,1073,datasets/audios/eastern_sliced/guqinguzheng/guqinguzheng_092_000.wav,3,guqinguzheng,1,classical,0.9457791447639465,0.3150787353515625,0.013042854145169258,0.9457791447639465,0.003119796048849821,0.0034654317423701286,0.0008153875241987407,0.014181856997311115,0.0015338038792833686,0.00454500038176775,0.006329388357698917,0.007187324110418558
1074,1074,datasets/audios/eastern_sliced/guqinguzheng/guqinguzheng_092_001.wav,3,guqinguzheng,1,classical,0.9111490845680237,0.4742414057254791,0.01822289265692234,0.9111490845680237,0.007493067067116499,0.007867629639804363,0.001408142619766295,0.024088550359010696,0.002547573298215866,0.007255610544234514,0.0083944546058774,0.011572957038879395
1075,1075,datasets/audios/eastern_sliced/guqinguzheng/guqinguzheng_092_002.wav,3,guqinguzheng,1,classical,0.8728324174880981,0.6173000335693359,0.02653811126947403,0.8728324174880981,0.008619892410933971,0.009361490607261658,0.0020229718647897243,0.04413110762834549,0.0029449413996189833,0.013597999699413776,0.008473224937915802,0.011477882042527199
1076,1076,datasets/audios/eastern_sliced/guqinguzheng/guqinguzheng_092_003.wav,3,guqinguzheng,1,classical,0.8792839646339417,0.602092444896698,0.01892954111099243,0.8792839646339417,0.009747778065502644,0.009538695216178894,0.0025251545011997223,0.04054985195398331,0.004031944554299116,0.01152577344328165,0.010975871235132217,0.012891393154859543
1077,1077,datasets/audios/eastern_sliced/guqinguzheng/guqinguzheng_092_004.wav,3,guqinguzheng,1,classical,0.5838944911956787,1.3133666515350342,0.11172023415565491,0.5838944911956787,0.025917401537299156,0.01583857834339142,0.005073952488601208,0.1970548778772354,0.0060216099955141544,0.011800612322986126,0.023541487753391266,0.01913675293326378
1078,1078,datasets/audios/eastern_sliced/guqinguzheng/guqinguzheng_093_000.wav,3,guqinguzheng,1,classical,0.53046053647995,1.4072930812835693,0.010144157335162163,0.53046053647995,0.0694211944937706,0.015263005159795284,0.002276607323437929,0.016295986250042915,0.017071973532438278,0.10919796675443649,0.01133438665419817,0.2185342013835907
1079,1079,datasets/audios/eastern_sliced/guqinguzheng/guqinguzheng_093_001.wav,3,guqinguzheng,7,pop,0.8420594334602356,0.7023898363113403,0.007770301308482885,0.04427097365260124,0.006700913421809673,0.011975246481597424,0.008944397792220116,0.010360387153923512,0.001958125736564398,0.8420594334602356,0.0037096680607646704,0.06225050613284111
1080,1080,datasets/audios/eastern_sliced/guqinguzheng/guqinguzheng_093_002.wav,3,guqinguzheng,7,pop,0.8702685236930847,0.5967074632644653,0.0031658969819545746,0.04384814575314522,0.007736623287200928,0.016038864850997925,0.004407596308737993,0.006085044238716364,0.0013767663622274995,0.8702685236930847,0.0021273097954690456,0.044945262372493744
1081,1081,datasets/audios/eastern_sliced/guqinguzheng/guqinguzheng_093_003.wav,3,guqinguzheng,1,classical,0.38883331418037415,1.6490434408187866,0.016053101047873497,0.38883331418037415,0.04278434067964554,0.05411945655941963,0.009252539835870266,0.017026085406541824,0.031181147322058678,0.27461397647857666,0.014333115890622139,0.15180295705795288
1082,1082,datasets/audios/eastern_sliced/guqinguzheng/guqinguzheng_094_000.wav,3,guqinguzheng,1,classical,0.37787267565727234,1.8731284141540527,0.041961073875427246,0.37787267565727234,0.17737121880054474,0.06311240792274475,0.014649980701506138,0.051334772258996964,0.02387681044638157,0.05510221794247627,0.04858504980802536,0.14613373577594757
1083,1083,datasets/audios/eastern_sliced/guqinguzheng/guqinguzheng_094_001.wav,3,guqinguzheng,1,classical,0.5375117063522339,1.576515555381775,0.022461699321866035,0.5375117063522339,0.08798195421695709,0.04936803877353668,0.01093969400972128,0.028021913021802902,0.022285275161266327,0.052933961153030396,0.03520112484693527,0.1532946228981018
1084,1084,datasets/audios/eastern_sliced/guqinguzheng/guqinguzheng_094_002.wav,3,guqinguzheng,1,classical,0.48510727286338806,1.6959267854690552,0.03459187224507332,0.48510727286338806,0.11194991320371628,0.058138635009527206,0.012262359261512756,0.02880140021443367,0.021088341251015663,0.044623930007219315,0.05414578318595886,0.14929042756557465
1085,1085,datasets/audios/eastern_sliced/guqinguzheng/guqinguzheng_094_003.wav,3,guqinguzheng,1,classical,0.4726385474205017,1.7713754177093506,0.04473245143890381,0.4726385474205017,0.06481622904539108,0.04987339675426483,0.02162996307015419,0.051871467381715775,0.022998223081231117,0.11747845262289047,0.04027325287461281,0.11368799954652786
1086,1086,datasets/audios/eastern_sliced/guqinguzheng/guqinguzheng_094_004.wav,3,guqinguzheng,2,country,0.3396415114402771,1.8699262142181396,0.04304004833102226,0.1401180475950241,0.3396415114402771,0.06104426085948944,0.014089429751038551,0.02328234352171421,0.029749451205134392,0.04476578161120415,0.07370714843273163,0.2305619716644287
1087,1087,datasets/audios/eastern_sliced/guqinguzheng/guqinguzheng_095_000.wav,3,guqinguzheng,1,classical,0.31649893522262573,1.8148715496063232,0.01966455765068531,0.31649893522262573,0.20997284352779388,0.08727537840604782,0.008575616404414177,0.019853083416819572,0.018308287486433983,0.08671025186777115,0.030042944476008415,0.20309802889823914
1088,1088,datasets/audios/eastern_sliced/guqinguzheng/guqinguzheng_095_001.wav,3,guqinguzheng,1,classical,0.3928868770599365,1.8206602334976196,0.022671686485409737,0.3928868770599365,0.12760888040065765,0.08007985353469849,0.012421459890902042,0.038021333515644073,0.016864970326423645,0.08500490337610245,0.043458543717861176,0.18098150193691254
1089,1089,datasets/audios/eastern_sliced/guqinguzheng/guqinguzheng_095_002.wav,3,guqinguzheng,1,classical,0.4165147542953491,1.6670186519622803,0.012002226896584034,0.4165147542953491,0.12750408053398132,0.07146280258893967,0.0060183159075677395,0.015962576493620872,0.009236479178071022,0.1211795061826706,0.020849594846367836,0.19926965236663818
1090,1090,datasets/audios/eastern_sliced/guqinguzheng/guqinguzheng_095_003.wav,3,guqinguzheng,1,classical,0.46030038595199585,1.600938320159912,0.010573695413768291,0.46030038595199585,0.1275789439678192,0.07362829148769379,0.004926673602312803,0.014206702820956707,0.00771065428853035,0.10867813229560852,0.017444992437958717,0.17495150864124298
1091,1091,datasets/audios/eastern_sliced/guqinguzheng/guqinguzheng_095_004.wav,3,guqinguzheng,1,classical,0.41752225160598755,1.6341893672943115,0.009644600562751293,0.41752225160598755,0.1319262981414795,0.06436282396316528,0.004911803640425205,0.01399031188338995,0.008200094103813171,0.12860795855522156,0.016406580805778503,0.2044273018836975
1092,1092,datasets/audios/eastern_sliced/guqinguzheng/guqinguzheng_096_000.wav,3,guqinguzheng,7,pop,0.435684472322464,1.4589719772338867,0.016193391755223274,0.3037034571170807,0.047808337956666946,0.03269915282726288,0.003374384483322501,0.011497885920107365,0.006643571890890598,0.435684472322464,0.007604212965816259,0.1347910314798355
1093,1093,datasets/audios/eastern_sliced/guqinguzheng/guqinguzheng_096_001.wav,3,guqinguzheng,1,classical,0.38549694418907166,1.4005547761917114,0.008540239185094833,0.38549694418907166,0.04504904896020889,0.0290946327149868,0.0017487395089119673,0.007068423088639975,0.0053080543875694275,0.36734241247177124,0.005372063722461462,0.14497949182987213
1094,1094,datasets/audios/eastern_sliced/guqinguzheng/guqinguzheng_096_002.wav,3,guqinguzheng,7,pop,0.6073938012123108,1.2677534818649292,0.0048922826535999775,0.14638426899909973,0.054925549775362015,0.04582659527659416,0.0029005156829953194,0.006357772741466761,0.004251299425959587,0.6073938012123108,0.005447868257761002,0.12162003666162491
1095,1095,datasets/audios/eastern_sliced/guqinguzheng/guqinguzheng_097_000.wav,3,guqinguzheng,1,classical,0.552754282951355,1.6291576623916626,0.03846186026930809,0.552754282951355,0.03381001204252243,0.04868863523006439,0.029658418148756027,0.04561641812324524,0.02038421295583248,0.08280397206544876,0.06375525146722794,0.08406686037778854
1096,1096,datasets/audios/eastern_sliced/guqinguzheng/guqinguzheng_097_001.wav,3,guqinguzheng,1,classical,0.5530955791473389,1.6241207122802734,0.03802114352583885,0.5530955791473389,0.030564477667212486,0.050019700080156326,0.030973387882113457,0.04720316082239151,0.019843783229589462,0.08945705741643906,0.05518162250518799,0.08564003556966782
1097,1097,datasets/audios/eastern_sliced/guqinguzheng/guqinguzheng_097_002.wav,3,guqinguzheng,1,classical,0.5388213992118835,1.6043068170547485,0.02300785481929779,0.5388213992118835,0.034884631633758545,0.09192071110010147,0.02161676436662674,0.027075055986642838,0.02019709348678589,0.08675096184015274,0.038216713815927505,0.11750873178243637
1098,1098,datasets/audios/eastern_sliced/guqinguzheng/guqinguzheng_097_003.wav,3,guqinguzheng,1,classical,0.5693367123603821,1.5701762437820435,0.03128456696867943,0.5693367123603821,0.029707269743084908,0.06993915885686874,0.023528654128313065,0.032189104706048965,0.020283672958612442,0.07941758632659912,0.048550210893154144,0.09576312452554703
1099,1099,datasets/audios/eastern_sliced/guqinguzheng/guqinguzheng_098_000.wav,3,guqinguzheng,0,blues,0.5562970638275146,1.5254521369934082,0.5562970638275146,0.08924374729394913,0.018122311681509018,0.005921338684856892,0.03830023854970932,0.07778868824243546,0.015444003976881504,0.010431449860334396,0.09889956563711166,0.08955155313014984
1100,1100,datasets/audios/eastern_sliced/guqinguzheng/guqinguzheng_098_001.wav,3,guqinguzheng,5,jazz,0.339558869600296,1.6900368928909302,0.3342060446739197,0.10608090460300446,0.03294367343187332,0.010318909771740437,0.04034952074289322,0.339558869600296,0.009009615518152714,0.019718799740076065,0.07002022117376328,0.03779337555170059
1101,1101,datasets/audios/eastern_sliced/guqinguzheng/guqinguzheng_098_002.wav,3,guqinguzheng,0,blues,0.4205155372619629,1.6558647155761719,0.4205155372619629,0.2198401242494583,0.02896255999803543,0.011023323982954025,0.013275430537760258,0.16696786880493164,0.013609541580080986,0.022935306653380394,0.047685522586107254,0.05518482252955437
1102,1102,datasets/audios/eastern_sliced/guqinguzheng/guqinguzheng_098_003.wav,3,guqinguzheng,1,classical,0.3646526634693146,1.7864742279052734,0.24686387181282043,0.3646526634693146,0.0436469130218029,0.014852217398583889,0.01649920642375946,0.10537249594926834,0.019252365455031395,0.022948764264583588,0.0599348284304142,0.10597667098045349
1103,1103,datasets/audios/eastern_sliced/guqinguzheng/guqinguzheng_098_004.wav,3,guqinguzheng,5,jazz,0.2921726703643799,1.9375728368759155,0.22176790237426758,0.09962397068738937,0.036203354597091675,0.00973475445061922,0.056934867054224014,0.2921726703643799,0.020146314054727554,0.03269045427441597,0.13355816900730133,0.09716757386922836
1104,1104,datasets/audios/eastern_sliced/guqinguzheng/guqinguzheng_099_000.wav,3,guqinguzheng,1,classical,0.48235735297203064,1.5325640439987183,0.028612691909074783,0.48235735297203064,0.03356660529971123,0.015547655522823334,0.038169581443071365,0.261517733335495,0.0043350993655622005,0.04084014892578125,0.0762801542878151,0.018773002550005913
1105,1105,datasets/audios/eastern_sliced/guqinguzheng/guqinguzheng_099_001.wav,3,guqinguzheng,7,pop,0.2612357437610626,2.109043598175049,0.03259281814098358,0.11124200373888016,0.05067818611860275,0.05708170309662819,0.13731493055820465,0.12126123160123825,0.027065735310316086,0.2612357437610626,0.10942421108484268,0.09210345894098282
1106,1106,datasets/audios/eastern_sliced/guqinguzheng/guqinguzheng_099_002.wav,3,guqinguzheng,7,pop,0.24722552299499512,2.0807747840881348,0.030617788434028625,0.09390079975128174,0.041582584381103516,0.0591566376388073,0.1766914278268814,0.13253144919872284,0.02220393903553486,0.24722552299499512,0.12428935617208481,0.07180050015449524
1107,1107,datasets/audios/eastern_sliced/guqinguzheng/guqinguzheng_099_003.wav,3,guqinguzheng,4,hiphop,0.27743417024612427,1.9595643281936646,0.02520718425512314,0.06590161472558975,0.023395072668790817,0.04906509444117546,0.27743417024612427,0.10026721656322479,0.021698204800486565,0.24905194342136383,0.12178054451942444,0.0661989226937294
1108,1108,datasets/audios/eastern_sliced/guqinguzheng/guqinguzheng_099_004.wav,3,guqinguzheng,1,classical,0.45581433176994324,1.7416391372680664,0.04900315776467323,0.45581433176994324,0.07406725734472275,0.03379101678729057,0.014692465774714947,0.1703803688287735,0.011118859983980656,0.06328506767749786,0.037406761199235916,0.09044074267148972
1109,1109,datasets/audios/eastern_sliced/jingju/jingju_000_000.wav,4,jingju,7,pop,0.3536522090435028,1.7611726522445679,0.03293386101722717,0.29040443897247314,0.051256343722343445,0.08041918277740479,0.02724641002714634,0.0952153280377388,0.006104280240833759,0.3536522090435028,0.021206017583608627,0.041561972349882126
1110,1110,datasets/audios/eastern_sliced/jingju/jingju_000_001.wav,4,jingju,1,classical,0.4475817382335663,1.6303727626800537,0.017140423879027367,0.4475817382335663,0.0353359654545784,0.10009463131427765,0.017039529979228973,0.10274858772754669,0.005146404262632132,0.22282351553440094,0.018027208745479584,0.03406200930476189
1111,1111,datasets/audios/eastern_sliced/jingju/jingju_000_002.wav,4,jingju,1,classical,0.3675851821899414,1.7526400089263916,0.035618845373392105,0.3675851821899414,0.03896525874733925,0.1045750305056572,0.024919649586081505,0.0764152780175209,0.006618754006922245,0.2776035964488983,0.023380717262625694,0.044317685067653656
1112,1112,datasets/audios/eastern_sliced/jingju/jingju_000_003.wav,4,jingju,1,classical,0.4992382824420929,1.5538727045059204,0.015106668695807457,0.4992382824420929,0.025241341441869736,0.08551286160945892,0.015250161290168762,0.14025665819644928,0.004717519506812096,0.16748562455177307,0.022273972630500793,0.02491695061326027
1113,1113,datasets/audios/eastern_sliced/jingju/jingju_000_004.wav,4,jingju,1,classical,0.6677678823471069,1.269575834274292,0.01299247331917286,0.6677678823471069,0.028352579101920128,0.08288975805044174,0.01116373110562563,0.08326157182455063,0.007053168956190348,0.05880226567387581,0.019206080585718155,0.028510499745607376
1114,1114,datasets/audios/eastern_sliced/jingju/jingju_001_000.wav,4,jingju,1,classical,0.2639939486980438,2.0968737602233887,0.06749726086854935,0.2639939486980438,0.09021080285310745,0.10371536761522293,0.12356527149677277,0.037456270307302475,0.01249874196946621,0.14888311922550201,0.08185189217329025,0.07032733410596848
1115,1115,datasets/audios/eastern_sliced/jingju/jingju_001_001.wav,4,jingju,7,pop,0.23413582146167755,2.0620644092559814,0.04357992857694626,0.20581424236297607,0.08110678941011429,0.1292780637741089,0.1270531564950943,0.041956689208745956,0.011141673661768436,0.23413582146167755,0.05332917720079422,0.07260444015264511
1116,1116,datasets/audios/eastern_sliced/jingju/jingju_001_002.wav,4,jingju,1,classical,0.24268755316734314,2.059645175933838,0.048775188624858856,0.24268755316734314,0.07187802344560623,0.13624729216098785,0.11324874311685562,0.04176696762442589,0.01120342779904604,0.20406711101531982,0.054707854986190796,0.07541783899068832
1117,1117,datasets/audios/eastern_sliced/jingju/jingju_002_000.wav,4,jingju,1,classical,0.6055537462234497,1.4836242198944092,0.049707651138305664,0.6055537462234497,0.08693480491638184,0.041516970843076706,0.012581496499478817,0.024729367345571518,0.016469135880470276,0.04378345608711243,0.055879298597574234,0.06284401565790176
1118,1118,datasets/audios/eastern_sliced/jingju/jingju_002_001.wav,4,jingju,7,pop,0.23937150835990906,2.0461766719818115,0.0434444285929203,0.22364404797554016,0.06079256162047386,0.05607055127620697,0.13976314663887024,0.04427378624677658,0.013322334736585617,0.23937150835990906,0.10333240032196045,0.07598515599966049
1119,1119,datasets/audios/eastern_sliced/jingju/jingju_002_002.wav,4,jingju,1,classical,0.5550123453140259,1.6169838905334473,0.031663574278354645,0.5550123453140259,0.06380655616521835,0.05487479642033577,0.0322091281414032,0.028492216020822525,0.01443176344037056,0.08331961929798126,0.0714033991098404,0.06478649377822876
1120,1120,datasets/audios/eastern_sliced/jingju/jingju_002_003.wav,4,jingju,7,pop,0.3150452971458435,1.8643982410430908,0.02215757593512535,0.17476971447467804,0.020799672231078148,0.02344200387597084,0.14942032098770142,0.07248462736606598,0.006375377532094717,0.3150452971458435,0.17409192025661469,0.04141344130039215
1121,1121,datasets/audios/eastern_sliced/jingju/jingju_002_004.wav,4,jingju,8,reggae,0.3346172571182251,1.8698487281799316,0.02658538706600666,0.1307959109544754,0.026886610314249992,0.030931176617741585,0.20738843083381653,0.05892485752701759,0.007544276770204306,0.13116814196109772,0.3346172571182251,0.04515792801976204
1122,1122,datasets/audios/eastern_sliced/jingju/jingju_003_000.wav,4,jingju,1,classical,0.34586289525032043,1.648228406906128,0.035026486963033676,0.34586289525032043,0.015834137797355652,0.013799121603369713,0.015680016949772835,0.02105097845196724,0.11352936178445816,0.06930512189865112,0.025414148345589638,0.3444977104663849
1123,1123,datasets/audios/eastern_sliced/jingju/jingju_003_001.wav,4,jingju,1,classical,0.48539403080940247,1.7605313062667847,0.07176321744918823,0.48539403080940247,0.02652902528643608,0.04474126920104027,0.03511280193924904,0.036516591906547546,0.04365058243274689,0.09479416906833649,0.041840724647045135,0.11965753138065338
1124,1124,datasets/audios/eastern_sliced/jingju/jingju_003_002.wav,4,jingju,9,rock,0.43521586060523987,1.763357162475586,0.05182669311761856,0.15919247269630432,0.02328289858996868,0.019911106675863266,0.030892830342054367,0.02645852044224739,0.14067760109901428,0.08321753144264221,0.02932448871433735,0.43521586060523987
1125,1125,datasets/audios/eastern_sliced/jingju/jingju_004_000.wav,4,jingju,1,classical,0.6320455074310303,1.3492298126220703,0.014030607417225838,0.6320455074310303,0.012321056798100471,0.05540104955434799,0.03694435581564903,0.07282191514968872,0.005549228750169277,0.11854109168052673,0.026176951825618744,0.02616819739341736
1126,1126,datasets/audios/eastern_sliced/jingju/jingju_004_001.wav,4,jingju,1,classical,0.512063205242157,1.566935420036316,0.01647122949361801,0.512063205242157,0.018356679007411003,0.06198490038514137,0.04652499780058861,0.13929016888141632,0.00545123778283596,0.1518184244632721,0.02626916579902172,0.02177000232040882
1127,1127,datasets/audios/eastern_sliced/jingju/jingju_005_000.wav,4,jingju,1,classical,0.7875023484230042,0.9388489127159119,0.01895786076784134,0.7875023484230042,0.01377611793577671,0.023962223902344704,0.009924315847456455,0.046835366636514664,0.003566212486475706,0.05451482534408569,0.020825086161494255,0.020135583356022835
1128,1128,datasets/audios/eastern_sliced/jingju/jingju_005_001.wav,4,jingju,1,classical,0.6043040752410889,1.399351954460144,0.0279658492654562,0.6043040752410889,0.014927356503903866,0.041306909173727036,0.03197542577981949,0.08560465276241302,0.0047327671200037,0.14149688184261322,0.021976357325911522,0.025709694251418114
1129,1129,datasets/audios/eastern_sliced/jingju/jingju_006_000.wav,4,jingju,1,classical,0.3899111747741699,1.7867614030838013,0.020252829417586327,0.3899111747741699,0.01963430643081665,0.15047065913677216,0.06117033213376999,0.050008632242679596,0.013567485846579075,0.1998785138130188,0.024027874693274498,0.07107822597026825
1130,1130,datasets/audios/eastern_sliced/jingju/jingju_006_001.wav,4,jingju,1,classical,0.3610798716545105,1.7434967756271362,0.01609138771891594,0.3610798716545105,0.017532221972942352,0.13700531423091888,0.054783131927251816,0.03886508196592331,0.01345125027000904,0.2681143879890442,0.020279301330447197,0.07279800623655319
1131,1131,datasets/audios/eastern_sliced/jingju/jingju_007_000.wav,4,jingju,1,classical,0.798675000667572,0.919687032699585,0.025921646505594254,0.798675000667572,0.016424348577857018,0.029155004769563675,0.0123784514144063,0.024351857602596283,0.004550868645310402,0.04376482218503952,0.016579072922468185,0.02819892019033432
1132,1132,datasets/audios/eastern_sliced/jingju/jingju_007_001.wav,4,jingju,1,classical,0.8346807360649109,0.7899726033210754,0.02216172404587269,0.8346807360649109,0.010575631633400917,0.02321925200521946,0.00995074026286602,0.024746213108301163,0.0036626753862947226,0.034932151436805725,0.014409463852643967,0.021661484614014626
1133,1133,datasets/audios/eastern_sliced/jingju/jingju_007_002.wav,4,jingju,1,classical,0.7329919338226318,1.1380211114883423,0.03797111287713051,0.7329919338226318,0.02708224393427372,0.03135884925723076,0.02070947177708149,0.03131619468331337,0.004407900385558605,0.055875618010759354,0.0308244489133358,0.027462251484394073
1134,1134,datasets/audios/eastern_sliced/jingju/jingju_007_003.wav,4,jingju,1,classical,0.6437187194824219,1.403597354888916,0.04295109957456589,0.6437187194824219,0.03635897487401962,0.041751060634851456,0.03704935312271118,0.034214504063129425,0.006653177086263895,0.06264320760965347,0.05572224035859108,0.03893755376338959
1135,1135,datasets/audios/eastern_sliced/jingju/jingju_008_000.wav,4,jingju,1,classical,0.5260867476463318,1.593737244606018,0.03177583962678909,0.5260867476463318,0.012108992785215378,0.05131874606013298,0.12418793886899948,0.07897523045539856,0.003573227906599641,0.04375755414366722,0.10513711720705032,0.023078592494130135
1136,1136,datasets/audios/eastern_sliced/jingju/jingju_008_001.wav,4,jingju,1,classical,0.383648157119751,1.750082015991211,0.020831285044550896,0.383648157119751,0.01330194715410471,0.03214940056204796,0.16857245564460754,0.14241373538970947,0.0022238160017877817,0.07855027168989182,0.14268143475055695,0.01562744937837124
1137,1137,datasets/audios/eastern_sliced/jingju/jingju_009_000.wav,4,jingju,1,classical,0.8694556355476379,0.6470081806182861,0.008503398858010769,0.8694556355476379,0.007966875098645687,0.028019167482852936,0.003737781196832657,0.016303710639476776,0.0043627736158668995,0.022656908258795738,0.009951564483344555,0.029042162001132965
1138,1138,datasets/audios/eastern_sliced/jingju/jingju_009_001.wav,4,jingju,1,classical,0.8228712677955627,0.8031982779502869,0.010131141170859337,0.8228712677955627,0.0038218942936509848,0.03335230425000191,0.018170131370425224,0.046645358204841614,0.0022129458375275135,0.03835569694638252,0.009768227115273476,0.014671147800981998
1139,1139,datasets/audios/eastern_sliced/jingju/jingju_009_002.wav,4,jingju,1,classical,0.8486817479133606,0.688626766204834,0.006210598163306713,0.8486817479133606,0.0046463292092084885,0.019829953089356422,0.007418374996632338,0.03632749244570732,0.0017652950482442975,0.05736465007066727,0.006351327057927847,0.011404293589293957
1140,1140,datasets/audios/eastern_sliced/jingju/jingju_009_003.wav,4,jingju,1,classical,0.7280245423316956,1.1137077808380127,0.014119490049779415,0.7280245423316956,0.007715423125773668,0.04377690702676773,0.04461789131164551,0.05052608251571655,0.003012839937582612,0.06712780892848969,0.019789082929491997,0.021289948374032974
1141,1141,datasets/audios/eastern_sliced/jingju/jingju_009_004.wav,4,jingju,1,classical,0.8230357766151428,0.8054303526878357,0.008406207896769047,0.8230357766151428,0.006127777975052595,0.03371482715010643,0.0145071130245924,0.03731751814484596,0.002483742544427514,0.04724870249629021,0.010888399556279182,0.016269972547888756
1142,1142,datasets/audios/eastern_sliced/jingju/jingju_010_000.wav,4,jingju,7,pop,0.39661160111427307,1.8319158554077148,0.03573455289006233,0.21823614835739136,0.03522832319140434,0.06475372612476349,0.06664936989545822,0.049958039075136185,0.012818021699786186,0.39661160111427307,0.042949289083480835,0.0770609974861145
1143,1143,datasets/audios/eastern_sliced/jingju/jingju_010_001.wav,4,jingju,1,classical,0.3265129625797272,2.006800889968872,0.04940439388155937,0.3265129625797272,0.034939367324113846,0.07016094774007797,0.09454023092985153,0.0627666711807251,0.01850292831659317,0.17861846089363098,0.07926571369171143,0.08528836816549301
1144,1144,datasets/audios/eastern_sliced/jingju/jingju_010_002.wav,4,jingju,1,classical,0.27972090244293213,1.9951740503311157,0.06705158948898315,0.27972090244293213,0.02163412980735302,0.050558336079120636,0.1890648752450943,0.06999640166759491,0.010600525885820389,0.1678415834903717,0.08669843524694443,0.05683326721191406
1145,1145,datasets/audios/eastern_sliced/jingju/jingju_010_003.wav,4,jingju,7,pop,0.4932612478733063,1.7269588708877563,0.04007461667060852,0.10464645177125931,0.03224536404013634,0.04471654072403908,0.11415508389472961,0.06389354914426804,0.010683088563382626,0.4932612478733063,0.04279842600226402,0.05352567881345749
1146,1146,datasets/audios/eastern_sliced/jingju/jingju_010_004.wav,4,jingju,7,pop,0.3306313455104828,1.941851258277893,0.043239109218120575,0.2215614914894104,0.03543900325894356,0.04998454451560974,0.09213197976350784,0.09578993916511536,0.015132064931094646,0.3306313455104828,0.05495405197143555,0.06113646179437637
1147,1147,datasets/audios/eastern_sliced/jingju/jingju_011_000.wav,4,jingju,1,classical,0.7502283453941345,1.050736427307129,0.02082577720284462,0.7502283453941345,0.006729558110237122,0.044971317052841187,0.035871975123882294,0.05963214114308357,0.002937852405011654,0.04573052003979683,0.017153287306427956,0.015919197350740433
1148,1148,datasets/audios/eastern_sliced/jingju/jingju_011_001.wav,4,jingju,1,classical,0.7422471046447754,1.0673856735229492,0.020581964403390884,0.7422471046447754,0.006170112174004316,0.04481448233127594,0.03789722919464111,0.0622265487909317,0.002702069003134966,0.05293656885623932,0.01615912839770317,0.014264876954257488
1149,1149,datasets/audios/eastern_sliced/jingju/jingju_011_002.wav,4,jingju,1,classical,0.4838772416114807,1.6373040676116943,0.03833404555916786,0.4838772416114807,0.008125461637973785,0.07409674674272537,0.18380750715732574,0.0710931271314621,0.0041769128292799,0.07451825588941574,0.03860977292060852,0.023360924795269966
1150,1150,datasets/audios/eastern_sliced/jingju/jingju_011_003.wav,4,jingju,1,classical,0.5947738885879517,1.4557538032531738,0.03426330164074898,0.5947738885879517,0.0076333703473210335,0.06000855192542076,0.10823545604944229,0.07178927958011627,0.004099345300346613,0.06467808783054352,0.031597014516592026,0.022921735420823097
1151,1151,datasets/audios/eastern_sliced/jingju/jingju_012_000.wav,4,jingju,1,classical,0.3244028091430664,1.8752285242080688,0.026625098660588264,0.3244028091430664,0.014964387752115726,0.13085243105888367,0.16135956346988678,0.056338414549827576,0.005899942945688963,0.1871069073677063,0.04607539623975754,0.046374958008527756
1152,1152,datasets/audios/eastern_sliced/jingju/jingju_013_000.wav,4,jingju,1,classical,0.6406408548355103,1.3906259536743164,0.0693216323852539,0.6406408548355103,0.03169473633170128,0.06080757454037666,0.018014982342720032,0.03401244059205055,0.008572852239012718,0.06956612318754196,0.02700396627187729,0.04036487638950348
1153,1153,datasets/audios/eastern_sliced/jingju/jingju_013_001.wav,4,jingju,1,classical,0.5537709593772888,1.6067670583724976,0.07784777879714966,0.5537709593772888,0.046364184468984604,0.08210111409425735,0.027873195707798004,0.04073601961135864,0.008048640564084053,0.08322316408157349,0.03615892305970192,0.04387589544057846
1154,1154,datasets/audios/eastern_sliced/jingju/jingju_013_002.wav,4,jingju,1,classical,0.587147057056427,1.5297136306762695,0.09850341081619263,0.587147057056427,0.03807315602898598,0.0673939511179924,0.02737664245069027,0.041381802409887314,0.009124659933149815,0.0501161627471447,0.03869173303246498,0.04219147190451622
1155,1155,datasets/audios/eastern_sliced/jingju/jingju_013_003.wav,4,jingju,1,classical,0.671742856502533,1.268622636795044,0.02798464708030224,0.671742856502533,0.014046307653188705,0.025878172367811203,0.017743635922670364,0.0987197756767273,0.009362892247736454,0.07503091543912888,0.02591177262365818,0.03357899934053421
1156,1156,datasets/audios/eastern_sliced/jingju/jingju_013_004.wav,4,jingju,1,classical,0.5848358273506165,1.5279922485351562,0.03508859872817993,0.5848358273506165,0.036425624042749405,0.07018856704235077,0.014571152627468109,0.07006363570690155,0.016683897003531456,0.07606710493564606,0.022606004029512405,0.07346948981285095
1157,1157,datasets/audios/eastern_sliced/jingju/jingju_014_000.wav,4,jingju,1,classical,0.6783531904220581,1.2805655002593994,0.020201995968818665,0.6783531904220581,0.017910871654748917,0.03812818229198456,0.02737201750278473,0.066525898873806,0.00708335405215621,0.07273580133914948,0.04246138408780098,0.029227320104837418
1158,1158,datasets/audios/eastern_sliced/jingju/jingju_014_001.wav,4,jingju,1,classical,0.584875762462616,1.5001461505889893,0.01796073466539383,0.584875762462616,0.022468963637948036,0.05621201545000076,0.04954702407121658,0.05593947693705559,0.0072522470727562904,0.12100249528884888,0.05198004096746445,0.03276117146015167
1159,1159,datasets/audios/eastern_sliced/jingju/jingju_014_002.wav,4,jingju,1,classical,0.4750068783760071,1.7456982135772705,0.03693316876888275,0.4750068783760071,0.034620340913534164,0.07705695182085037,0.0805802121758461,0.08807370066642761,0.005536368116736412,0.05144566297531128,0.12249399721622467,0.0282527357339859
1160,1160,datasets/audios/eastern_sliced/jingju/jingju_014_003.wav,4,jingju,1,classical,0.3599318563938141,1.8923993110656738,0.04938705265522003,0.3599318563938141,0.023686887696385384,0.08605751395225525,0.17090417444705963,0.08215051144361496,0.0050448025576770306,0.05933190509676933,0.13298127055168152,0.030524028465151787
1161,1161,datasets/audios/eastern_sliced/jingju/jingju_015_000.wav,4,jingju,1,classical,0.7253499031066895,1.1393896341323853,0.0404067263007164,0.7253499031066895,0.009481715969741344,0.0331447497010231,0.03734796121716499,0.059031128883361816,0.003963037393987179,0.017290664836764336,0.051794830709695816,0.022189239040017128
1162,1162,datasets/audios/eastern_sliced/jingju/jingju_015_001.wav,4,jingju,1,classical,0.5044150948524475,1.643666386604309,0.02461213991045952,0.5044150948524475,0.013071270659565926,0.0650351345539093,0.12895633280277252,0.07174484431743622,0.004321149084717035,0.09945016354322433,0.0638674721121788,0.024526359513401985
1163,1163,datasets/audios/eastern_sliced/jingju/jingju_016_000.wav,4,jingju,1,classical,0.7577374577522278,0.9883702993392944,0.010772999376058578,0.7577374577522278,0.011386116035282612,0.04915174841880798,0.008823212236166,0.03128143399953842,0.004496901761740446,0.09071098268032074,0.008297506719827652,0.02734171226620674
1164,1164,datasets/audios/eastern_sliced/jingju/jingju_016_001.wav,4,jingju,4,hiphop,0.3992232084274292,1.7777392864227295,0.14752022922039032,0.056159354746341705,0.00941406935453415,0.010185162536799908,0.3992232084274292,0.15051992237567902,0.004622071515768766,0.055625881999731064,0.10953881591558456,0.057191360741853714
1165,1165,datasets/audios/eastern_sliced/jingju/jingju_016_002.wav,4,jingju,4,hiphop,0.407906711101532,1.7606221437454224,0.16566984355449677,0.04024122282862663,0.010440388694405556,0.008493986912071705,0.407906711101532,0.0857001319527626,0.006218751426786184,0.06034846231341362,0.1422998160123825,0.07268066704273224
1166,1166,datasets/audios/eastern_sliced/jingju/jingju_016_003.wav,4,jingju,4,hiphop,0.31867626309394836,1.9715622663497925,0.09637940675020218,0.1026245728135109,0.01896090619266033,0.023357925936579704,0.31867626309394836,0.13094383478164673,0.009928382933139801,0.10074511915445328,0.13914500176906586,0.059238582849502563
1167,1167,datasets/audios/eastern_sliced/jingju/jingju_016_004.wav,4,jingju,1,classical,0.7491610646247864,1.0182369947433472,0.016251519322395325,0.7491610646247864,0.012597099877893925,0.046055298298597336,0.008478721603751183,0.04171367734670639,0.003960411064326763,0.0912582278251648,0.008670622482895851,0.021853340789675713
1168,1168,datasets/audios/eastern_sliced/jingju/jingju_017_000.wav,4,jingju,1,classical,0.8734227418899536,0.6275476217269897,0.005107959266752005,0.8734227418899536,0.009680160321295261,0.02083076350390911,0.004231129307299852,0.024337155744433403,0.003225622931495309,0.03375396132469177,0.01013411208987236,0.01527643483132124
1169,1169,datasets/audios/eastern_sliced/jingju/jingju_017_001.wav,4,jingju,1,classical,0.8318098187446594,0.788349986076355,0.008931390009820461,0.8318098187446594,0.018150178715586662,0.025155745446681976,0.0065469443798065186,0.01727699115872383,0.0042726811952888966,0.046864103525877,0.014968006871640682,0.02602418325841427
1170,1170,datasets/audios/eastern_sliced/jingju/jingju_017_002.wav,4,jingju,1,classical,0.8257477879524231,0.8142962455749512,0.01168840192258358,0.8257477879524231,0.018507778644561768,0.023871107026934624,0.008182395249605179,0.016490953043103218,0.004571137018501759,0.0475691594183445,0.01603379286825657,0.02733754925429821
1171,1171,datasets/audios/eastern_sliced/jingju/jingju_018_000.wav,4,jingju,1,classical,0.49889659881591797,1.6094611883163452,0.029224956408143044,0.49889659881591797,0.014821468852460384,0.059121206402778625,0.04059779271483421,0.11775559931993484,0.00721959862858057,0.1716490238904953,0.021586118265986443,0.039127714931964874
1172,1172,datasets/audios/eastern_sliced/jingju/jingju_018_001.wav,4,jingju,1,classical,0.6094387769699097,1.4281131029129028,0.03339642286300659,0.6094387769699097,0.018933849409222603,0.045252542942762375,0.02592587284743786,0.11994119733572006,0.006535741966217756,0.0780806913971901,0.03009345754981041,0.0324014350771904
1173,1173,datasets/audios/eastern_sliced/jingju/jingju_018_002.wav,4,jingju,1,classical,0.5628879070281982,1.3963465690612793,0.030431244522333145,0.5628879070281982,0.012025618925690651,0.03706510365009308,0.0161712896078825,0.17706787586212158,0.004018265288323164,0.1274947226047516,0.011257054284214973,0.021580886095762253
1174,1174,datasets/audios/eastern_sliced/jingju/jingju_018_003.wav,4,jingju,5,jazz,0.3304201066493988,1.6664365530014038,0.03364749997854233,0.3099284768104553,0.02341371774673462,0.04565884917974472,0.024667972698807716,0.3304201066493988,0.005467074923217297,0.18410292267799377,0.016581838950514793,0.02611156739294529
1175,1175,datasets/audios/eastern_sliced/jingju/jingju_018_004.wav,4,jingju,7,pop,0.3430842459201813,1.855887532234192,0.03173455223441124,0.17086300253868103,0.02089105360209942,0.08679775148630142,0.10388786345720291,0.1729353964328766,0.00567440502345562,0.3430842459201813,0.020626045763492584,0.04350569471716881
1176,1176,datasets/audios/eastern_sliced/jingju/jingju_019_000.wav,4,jingju,1,classical,0.522721529006958,1.69845449924469,0.028896357864141464,0.522721529006958,0.03453771024942398,0.07160865515470505,0.06715012341737747,0.05175957828760147,0.017702249810099602,0.050473473966121674,0.0883573442697525,0.06679301708936691
1177,1177,datasets/audios/eastern_sliced/jingju/jingju_019_001.wav,4,jingju,1,classical,0.3097634017467499,2.014009714126587,0.08470885455608368,0.3097634017467499,0.022673917934298515,0.042746059596538544,0.1732117384672165,0.06608573347330093,0.02099735662341118,0.07966658473014832,0.12307696044445038,0.07706936448812485
1178,1178,datasets/audios/eastern_sliced/jingju/jingju_019_002.wav,4,jingju,4,hiphop,0.23089709877967834,2.0862433910369873,0.13170385360717773,0.15090809762477875,0.025961831212043762,0.03651001304388046,0.23089709877967834,0.08372803032398224,0.01968565583229065,0.08861207962036133,0.16311949491500854,0.06887385994195938
1179,1179,datasets/audios/eastern_sliced/jingju/jingju_020_000.wav,4,jingju,1,classical,0.7317487597465515,1.1323249340057373,0.015470314770936966,0.7317487597465515,0.023556169122457504,0.05032596364617348,0.019694993272423744,0.0498361773788929,0.005018264055252075,0.041131239384412766,0.040341220796108246,0.02287701889872551
1180,1180,datasets/audios/eastern_sliced/jingju/jingju_020_001.wav,4,jingju,1,classical,0.7342186570167542,1.1282585859298706,0.01570354960858822,0.7342186570167542,0.0243583545088768,0.048013608902692795,0.021819492802023888,0.043964069336652756,0.004778239410370588,0.038714658468961716,0.04470554366707802,0.023723889142274857
1181,1181,datasets/audios/eastern_sliced/jingju/jingju_020_002.wav,4,jingju,1,classical,0.7739928960800171,1.0011851787567139,0.015497375279664993,0.7739928960800171,0.020944869145751,0.047045230865478516,0.015412600710988045,0.037269774824380875,0.004579585045576096,0.023967042565345764,0.0363583043217659,0.02493232861161232
1182,1182,datasets/audios/eastern_sliced/jingju/jingju_020_003.wav,4,jingju,1,classical,0.6227684020996094,1.4279263019561768,0.01817719265818596,0.6227684020996094,0.017602672800421715,0.07157427072525024,0.0463319830596447,0.06538984179496765,0.007617521099746227,0.0717463493347168,0.046728700399398804,0.032063134014606476
1183,1183,datasets/audios/eastern_sliced/jingju/jingju_020_004.wav,4,jingju,1,classical,0.48771220445632935,1.692183017730713,0.023525983095169067,0.48771220445632935,0.01592252403497696,0.05578841641545296,0.08711716532707214,0.044968828558921814,0.00978153944015503,0.15088605880737305,0.07076911628246307,0.05352811515331268
1184,1184,datasets/audios/eastern_sliced/jingju/jingju_021_000.wav,4,jingju,1,classical,0.3847593069076538,1.73881196975708,0.02274373732507229,0.3847593069076538,0.04225102439522743,0.08260789513587952,0.05825258046388626,0.05040324851870537,0.005965727847069502,0.2763519287109375,0.02263285219669342,0.05403163656592369
1185,1185,datasets/audios/eastern_sliced/jingju/jingju_021_001.wav,4,jingju,7,pop,0.31520241498947144,1.8346611261367798,0.01890723407268524,0.2539726495742798,0.023017140105366707,0.0953347459435463,0.14809629321098328,0.06449751555919647,0.007426269352436066,0.31520241498947144,0.02779897302389145,0.04574672877788544
1186,1186,datasets/audios/eastern_sliced/jingju/jingju_022_000.wav,4,jingju,1,classical,0.844057559967041,0.7285670638084412,0.013139896094799042,0.844057559967041,0.00479597132652998,0.01077111717313528,0.016488179564476013,0.047238439321517944,0.0016379819717258215,0.03554578125476837,0.0165238194167614,0.009801286272704601
1187,1187,datasets/audios/eastern_sliced/jingju/jingju_022_001.wav,4,jingju,1,classical,0.744432806968689,1.0491050481796265,0.016132162883877754,0.744432806968689,0.007391187362372875,0.017252935096621513,0.03666548430919647,0.0571008026599884,0.0022469398099929094,0.07596471160650253,0.028297144919633865,0.014515873044729233
1188,1188,datasets/audios/eastern_sliced/jingju/jingju_023_000.wav,4,jingju,1,classical,0.6242502927780151,1.4438620805740356,0.03261316567659378,0.6242502927780151,0.033490635454654694,0.03638863563537598,0.03388550877571106,0.0386129654943943,0.00974720623344183,0.0695560872554779,0.08168371766805649,0.03977173566818237
1189,1189,datasets/audios/eastern_sliced/jingju/jingju_023_001.wav,4,jingju,1,classical,0.756385326385498,1.0620825290679932,0.020880214869976044,0.756385326385498,0.03771210089325905,0.03981013596057892,0.00855794083327055,0.020398398861289024,0.007956501096487045,0.03604055941104889,0.03383330628275871,0.038425512611866
1190,1190,datasets/audios/eastern_sliced/jingju/jingju_023_002.wav,4,jingju,1,classical,0.789988100528717,0.956902027130127,0.021466059610247612,0.789988100528717,0.02199466899037361,0.022113818675279617,0.008248827420175076,0.023025888949632645,0.011158501729369164,0.04079003259539604,0.026611680164933205,0.034602437168359756
1191,1191,datasets/audios/eastern_sliced/jingju/jingju_023_003.wav,4,jingju,1,classical,0.5302377939224243,1.5812429189682007,0.029116105288267136,0.5302377939224243,0.01816174015402794,0.03885896876454353,0.07077960669994354,0.07105904072523117,0.004517352674156427,0.057049401104450226,0.1560983657836914,0.024121642112731934
1192,1192,datasets/audios/eastern_sliced/jingju/jingju_023_004.wav,4,jingju,1,classical,0.48149198293685913,1.6423330307006836,0.05653465911746025,0.48149198293685913,0.019812792539596558,0.03116760216653347,0.08143480867147446,0.07454512268304825,0.00420638732612133,0.034110233187675476,0.19299525022506714,0.023701153695583344
1193,1193,datasets/audios/eastern_sliced/jingju/jingju_024_000.wav,4,jingju,7,pop,0.7096858024597168,1.153985619544983,0.009066312573850155,0.08016929775476456,0.036300867795944214,0.030140092596411705,0.06768058240413666,0.01340901106595993,0.0025678614620119333,0.7096858024597168,0.01722494326531887,0.03375528007745743
1194,1194,datasets/audios/eastern_sliced/jingju/jingju_024_001.wav,4,jingju,7,pop,0.7257054448127747,1.0814781188964844,0.008012479171156883,0.04128735512495041,0.03152645379304886,0.02171144261956215,0.10995782911777496,0.011790487915277481,0.002256204141303897,0.7257054448127747,0.019527025520801544,0.02822517417371273
1195,1195,datasets/audios/eastern_sliced/jingju/jingju_024_002.wav,4,jingju,7,pop,0.7023895978927612,1.1269075870513916,0.008999648503959179,0.03973229229450226,0.028073377907276154,0.022150643169879913,0.13207058608531952,0.011897432617843151,0.002323883818462491,0.7023895978927612,0.020161276683211327,0.03220125660300255
1196,1196,datasets/audios/eastern_sliced/jingju/jingju_024_003.wav,4,jingju,7,pop,0.4423959255218506,1.4304521083831787,0.014809337444603443,0.03308871015906334,0.018232950940728188,0.02906063385307789,0.35754257440567017,0.011972345411777496,0.004995694849640131,0.4423959255218506,0.032154109328985214,0.05574776232242584
1197,1197,datasets/audios/eastern_sliced/jingju/jingju_025_000.wav,4,jingju,1,classical,0.9234029650688171,0.41988128423690796,0.004878052975982428,0.9234029650688171,0.006992254871875048,0.013300285674631596,0.0023495685309171677,0.02267463505268097,0.001206703600473702,0.010675721801817417,0.0072152139618992805,0.007304624188691378
1198,1198,datasets/audios/eastern_sliced/jingju/jingju_025_001.wav,4,jingju,1,classical,0.9211053848266602,0.4282797574996948,0.005090602207928896,0.9211053848266602,0.007730719167739153,0.01211855374276638,0.002440145006403327,0.02600022405385971,0.0012336645741015673,0.009387853555381298,0.00758732296526432,0.007305510342121124
1199,1199,datasets/audios/eastern_sliced/jingju/jingju_025_002.wav,4,jingju,1,classical,0.8463234305381775,0.7154126167297363,0.006100514438003302,0.8463234305381775,0.011616157367825508,0.021667690947651863,0.007086689118295908,0.05413968861103058,0.0017062932020053267,0.027144717052578926,0.014028634876012802,0.010186192579567432
1200,1200,datasets/audios/eastern_sliced/jingju/jingju_025_003.wav,4,jingju,1,classical,0.908886194229126,0.48202797770500183,0.004718725569546223,0.908886194229126,0.00838874839246273,0.018943563103675842,0.0023561776615679264,0.02513073943555355,0.001703151734545827,0.011574376374483109,0.006998662371188402,0.011299734003841877
1201,1201,datasets/audios/eastern_sliced/jingju/jingju_025_004.wav,4,jingju,1,classical,0.9230439066886902,0.4195406436920166,0.0038572857156395912,0.9230439066886902,0.010802571661770344,0.015465714037418365,0.0014725946821272373,0.020886801183223724,0.0010878489119932055,0.009539752267301083,0.005580670200288296,0.008262937888503075
1202,1202,datasets/audios/eastern_sliced/jingju/jingju_026_000.wav,4,jingju,1,classical,0.4094177186489105,1.6049615144729614,0.01820063777267933,0.4094177186489105,0.03352489694952965,0.08954635262489319,0.033705003559589386,0.02778794802725315,0.005754395853728056,0.3122718930244446,0.022343527525663376,0.047447580844163895
1203,1203,datasets/audios/eastern_sliced/jingju/jingju_026_001.wav,4,jingju,7,pop,0.4025436043739319,1.7242103815078735,0.01598091796040535,0.24946388602256775,0.03341154009103775,0.11001775413751602,0.0558994896709919,0.03801671415567398,0.006521209608763456,0.4025436043739319,0.030162114650011063,0.057982753962278366
1204,1204,datasets/audios/eastern_sliced/jingju/jingju_026_002.wav,4,jingju,1,classical,0.4929187595844269,1.5590038299560547,0.029366714879870415,0.4929187595844269,0.010771115310490131,0.012110844254493713,0.037772174924612045,0.06465235352516174,0.011285939253866673,0.23364470899105072,0.04677598923444748,0.0607014074921608
1205,1205,datasets/audios/eastern_sliced/jingju/jingju_026_003.wav,4,jingju,7,pop,0.37842899560928345,1.7102452516555786,0.025232616811990738,0.2855527400970459,0.010569884441792965,0.013760632835328579,0.08038133382797241,0.07144538313150406,0.011354758404195309,0.37842899560928345,0.054577942937612534,0.06869576126337051
1206,1206,datasets/audios/eastern_sliced/jingju/jingju_026_004.wav,4,jingju,7,pop,0.4604281783103943,1.7134538888931274,0.023642590269446373,0.18946786224842072,0.029485195875167847,0.060569245368242264,0.06923340260982513,0.03989338129758835,0.013441275805234909,0.4604281783103943,0.025221887975931168,0.08861701190471649
1207,1207,datasets/audios/eastern_sliced/jingju/jingju_027_000.wav,4,jingju,1,classical,0.8462823629379272,0.7125421166419983,0.015699880197644234,0.8462823629379272,0.006349584553390741,0.019305741414427757,0.004678546916693449,0.021395808085799217,0.0035043535754084587,0.05778923258185387,0.005862068384885788,0.019132383167743683
1208,1208,datasets/audios/eastern_sliced/jingju/jingju_027_001.wav,4,jingju,1,classical,0.8945984840393066,0.536839485168457,0.010713635943830013,0.8945984840393066,0.0037442741449922323,0.01565609686076641,0.003615118097513914,0.02174990437924862,0.002062371699139476,0.030994312837719917,0.004446503706276417,0.012419297359883785
1209,1209,datasets/audios/eastern_sliced/jingju/jingju_027_002.wav,4,jingju,1,classical,0.7897784113883972,0.9187095761299133,0.02029692567884922,0.7897784113883972,0.0074227349832654,0.03070070408284664,0.01091274805366993,0.045458078384399414,0.004300384316593409,0.05883283168077469,0.00897576380521059,0.023321393877267838
1210,1210,datasets/audios/eastern_sliced/jingju/jingju_027_003.wav,4,jingju,1,classical,0.8927550911903381,0.553490936756134,0.014465969987213612,0.8927550911903381,0.006300397217273712,0.010390224866569042,0.0030122108291834593,0.02467101812362671,0.0030756634660065174,0.023705048486590385,0.0066409120336174965,0.014983398839831352
1211,1211,datasets/audios/eastern_sliced/jingju/jingju_027_004.wav,4,jingju,1,classical,0.1705925017595291,2.104771614074707,0.11065247654914856,0.1705925017595291,0.037947457283735275,0.022291339933872223,0.16578127443790436,0.0979539155960083,0.018290000036358833,0.06018592789769173,0.16779041290283203,0.14851470291614532
1212,1212,datasets/audios/eastern_sliced/jingju/jingju_028_000.wav,4,jingju,1,classical,0.4464256167411804,1.5283979177474976,0.0069595989771187305,0.4464256167411804,0.03265080973505974,0.04139791801571846,0.01137024350464344,0.22240249812602997,0.003909970633685589,0.18630947172641754,0.009036972187459469,0.039536841213703156
1213,1213,datasets/audios/eastern_sliced/jingju/jingju_028_001.wav,4,jingju,1,classical,0.7032642960548401,1.1715245246887207,0.014856508001685143,0.7032642960548401,0.021112998947501183,0.028811993077397346,0.009199206717312336,0.06883743405342102,0.009823792614042759,0.09123577922582626,0.014613891951739788,0.03824411332607269
1214,1214,datasets/audios/eastern_sliced/jingju/jingju_028_002.wav,4,jingju,1,classical,0.5631430149078369,1.3938453197479248,0.016747070476412773,0.5631430149078369,0.01910303346812725,0.047647807747125626,0.014680585823953152,0.039127521216869354,0.008562454953789711,0.22297921776771545,0.013846371322870255,0.054162923246622086
1215,1215,datasets/audios/eastern_sliced/jingju/jingju_028_003.wav,4,jingju,1,classical,0.4731731116771698,1.5097744464874268,0.009969907812774181,0.4731731116771698,0.020421357825398445,0.0647665336728096,0.021875040605664253,0.11974982172250748,0.0039448863826692104,0.24853503704071045,0.012879645451903343,0.024684656411409378
1216,1216,datasets/audios/eastern_sliced/jingju/jingju_028_004.wav,4,jingju,7,pop,0.4670068025588989,1.4133604764938354,0.008554833009839058,0.2739713490009308,0.014514111913740635,0.034124597907066345,0.017775820568203926,0.15505275130271912,0.002335032681003213,0.4670068025588989,0.0059723383747041225,0.02069227024912834
1217,1217,datasets/audios/eastern_sliced/jingju/jingju_029_000.wav,4,jingju,1,classical,0.686976432800293,1.204848289489746,0.03108404390513897,0.686976432800293,0.01656634919345379,0.021031467244029045,0.009127303026616573,0.01851314678788185,0.018331613391637802,0.05201759189367294,0.023705504834651947,0.12264654040336609
1218,1218,datasets/audios/eastern_sliced/jingju/jingju_029_001.wav,4,jingju,1,classical,0.5558927059173584,1.5837764739990234,0.02728998474776745,0.5558927059173584,0.02935785800218582,0.10401661694049835,0.030044065788388252,0.0693868100643158,0.009746696799993515,0.0769398957490921,0.030429745092988014,0.06689559668302536
1219,1219,datasets/audios/eastern_sliced/jingju/jingju_029_002.wav,4,jingju,1,classical,0.4883536696434021,1.658908486366272,0.020204396918416023,0.4883536696434021,0.03199811652302742,0.15515485405921936,0.027321958914399147,0.046830713748931885,0.010144791565835476,0.11239231377840042,0.023904485628008842,0.08369474112987518
1220,1220,datasets/audios/eastern_sliced/jingju/jingju_029_003.wav,4,jingju,1,classical,0.6929686069488525,1.2295782566070557,0.0233911145478487,0.6929686069488525,0.008937804959714413,0.03752896562218666,0.020502854138612747,0.04264189675450325,0.012637363746762276,0.07219323515892029,0.01995214633643627,0.06924603879451752
1221,1221,datasets/audios/eastern_sliced/jingju/jingju_029_004.wav,4,jingju,1,classical,0.7951676249504089,0.9029110670089722,0.016401629894971848,0.7951676249504089,0.008358687162399292,0.028811341151595116,0.006499531678855419,0.019596559926867485,0.010405654087662697,0.04453730583190918,0.009957094676792622,0.060264576226472855
1222,1222,datasets/audios/eastern_sliced/jingju/jingju_030_000.wav,4,jingju,7,pop,0.3118591904640198,1.8187357187271118,0.0151542779058218,0.27992990612983704,0.011516742408275604,0.0410512313246727,0.1249585896730423,0.07252566516399384,0.010819684714078903,0.3118591904640198,0.08466064184904099,0.047524094581604004
1223,1223,datasets/audios/eastern_sliced/jingju/jingju_030_001.wav,4,jingju,7,pop,0.29919347167015076,1.8938775062561035,0.017164703458547592,0.21695272624492645,0.012760510668158531,0.03812703490257263,0.1617978811264038,0.08436793088912964,0.013550342060625553,0.29919347167015076,0.10331862419843674,0.05276678130030632
1224,1224,datasets/audios/eastern_sliced/jingju/jingju_030_002.wav,4,jingju,1,classical,0.3547622859477997,1.8183069229125977,0.027423396706581116,0.3547622859477997,0.01017005369067192,0.02522886171936989,0.12836718559265137,0.19150936603546143,0.007946377620100975,0.09889714419841766,0.1261269450187683,0.02956835925579071
1225,1225,datasets/audios/eastern_sliced/jingju/jingju_030_003.wav,4,jingju,1,classical,0.38332992792129517,1.7557741403579712,0.024063505232334137,0.38332992792129517,0.007241183426231146,0.02028445154428482,0.1344161331653595,0.18190665543079376,0.006021350622177124,0.1062123030424118,0.11269538849592209,0.023829158395528793
1226,1226,datasets/audios/eastern_sliced/jingju/jingju_030_004.wav,4,jingju,1,classical,0.3124750256538391,1.8768302202224731,0.019117571413517,0.3124750256538391,0.011890298686921597,0.033512186259031296,0.1563064604997635,0.12012743204832077,0.008562978357076645,0.15932491421699524,0.14574137330055237,0.03294173255562782
1227,1227,datasets/audios/eastern_sliced/jingju/jingju_031_000.wav,4,jingju,1,classical,0.6096321940422058,1.3557231426239014,0.01439260970801115,0.6096321940422058,0.017285507172346115,0.04549287259578705,0.020500775426626205,0.03913390636444092,0.010617122054100037,0.1673557162284851,0.01201494038105011,0.06357434391975403
1228,1228,datasets/audios/eastern_sliced/jingju/jingju_031_001.wav,4,jingju,7,pop,0.3073404133319855,1.8163354396820068,0.026537597179412842,0.2800934910774231,0.031103843823075294,0.11129005253314972,0.047197889536619186,0.020396890118718147,0.020268011838197708,0.3073404133319855,0.018371567130088806,0.1374003291130066
1229,1229,datasets/audios/eastern_sliced/jingju/jingju_031_002.wav,4,jingju,1,classical,0.34663766622543335,1.9468786716461182,0.05617428570985794,0.34663766622543335,0.025495577603578568,0.10056248307228088,0.10115032643079758,0.035055097192525864,0.02008269540965557,0.14006739854812622,0.03355049341917038,0.1412239372730255
1230,1230,datasets/audios/eastern_sliced/jingju/jingju_031_003.wav,4,jingju,1,classical,0.3162625730037689,1.94215726852417,0.08644631505012512,0.3162625730037689,0.020539453253149986,0.06866861134767532,0.15913483500480652,0.04499892145395279,0.009369843639433384,0.179767444729805,0.03418079763650894,0.0806310847401619
1231,1231,datasets/audios/eastern_sliced/jingju/jingju_032_000.wav,4,jingju,1,classical,0.8144088983535767,0.8574836850166321,0.034281741827726364,0.8144088983535767,0.03457667678594589,0.026803528890013695,0.005196817219257355,0.0274776853621006,0.004263961222022772,0.015100066550076008,0.013384937308728695,0.024505596607923508
1232,1232,datasets/audios/eastern_sliced/jingju/jingju_032_001.wav,4,jingju,1,classical,0.708181619644165,1.2158411741256714,0.04796658828854561,0.708181619644165,0.019801462069153786,0.0221081729978323,0.01739521324634552,0.032157186418771744,0.013821407221257687,0.03472284972667694,0.04887522757053375,0.054970379918813705
1233,1233,datasets/audios/eastern_sliced/jingju/jingju_032_002.wav,4,jingju,8,reggae,0.24768173694610596,1.9810357093811035,0.14811557531356812,0.17630349099636078,0.02695077657699585,0.025358956307172775,0.09340924769639969,0.02681519277393818,0.050305645912885666,0.018503179773688316,0.24768173694610596,0.1865561455488205
1234,1234,datasets/audios/eastern_sliced/jingju/jingju_032_003.wav,4,jingju,1,classical,0.7612739205360413,1.0416254997253418,0.049427591264247894,0.7612739205360413,0.03478868678212166,0.03312528133392334,0.01627432368695736,0.025218524038791656,0.0032795388251543045,0.01694367453455925,0.03674513101577759,0.0229234267026186
1235,1235,datasets/audios/eastern_sliced/jingju/jingju_032_004.wav,4,jingju,1,classical,0.39044591784477234,1.9309718608856201,0.06651095300912857,0.39044591784477234,0.05400592461228371,0.04255487397313118,0.12944935262203217,0.04779628664255142,0.012829115614295006,0.09365428239107132,0.10027191042900085,0.06248139962553978
1236,1236,datasets/audios/eastern_sliced/jingju/jingju_033_000.wav,4,jingju,1,classical,0.8223863244056702,0.8259351253509521,0.04068450629711151,0.8223863244056702,0.005900583229959011,0.012691273353993893,0.01666232943534851,0.031184954568743706,0.0059042335487902164,0.01026286743581295,0.030475523322820663,0.023847253993153572
1237,1237,datasets/audios/eastern_sliced/jingju/jingju_033_001.wav,4,jingju,1,classical,0.29295361042022705,1.9114488363265991,0.15993201732635498,0.29295361042022705,0.015362407080829144,0.019411444664001465,0.12089917808771133,0.032939761877059937,0.0277517419308424,0.022548798471689224,0.19552302360534668,0.11267803609371185
1238,1238,datasets/audios/eastern_sliced/jingju/jingju_033_002.wav,4,jingju,1,classical,0.790235698223114,0.9232378005981445,0.05383332446217537,0.790235698223114,0.0049194335006177425,0.014497616328299046,0.028601331636309624,0.04323462024331093,0.004330662544816732,0.011466450057923794,0.030070463195443153,0.01881038397550583
1239,1239,datasets/audios/eastern_sliced/jingju/jingju_034_000.wav,4,jingju,1,classical,0.8014333844184875,0.8805273175239563,0.017698263749480247,0.8014333844184875,0.004998915828764439,0.020866677165031433,0.02817336469888687,0.0616103895008564,0.0015648211119696498,0.026003031060099602,0.025404850021004677,0.012246287427842617
1240,1240,datasets/audios/eastern_sliced/jingju/jingju_034_001.wav,4,jingju,1,classical,0.821434736251831,0.7900065779685974,0.015080384910106659,0.821434736251831,0.004133435431867838,0.01706424355506897,0.01872200332581997,0.07406079769134521,0.001463750610128045,0.023143067955970764,0.01376553624868393,0.011132016777992249
1241,1241,datasets/audios/eastern_sliced/jingju/jingju_034_002.wav,4,jingju,1,classical,0.6715949177742004,1.2177040576934814,0.029710056260228157,0.6715949177742004,0.007421488407999277,0.02526555396616459,0.05817839875817299,0.1277039647102356,0.0013771717203781009,0.03331172093749046,0.034216444939374924,0.011220281943678856
1242,1242,datasets/audios/eastern_sliced/jingju/jingju_035_000.wav,4,jingju,1,classical,0.7419390082359314,1.0795239210128784,0.020425327122211456,0.7419390082359314,0.005901552736759186,0.058322302997112274,0.03896275907754898,0.05435881018638611,0.0030854938086122274,0.01927480287849903,0.033637017011642456,0.024092858657240868
1243,1243,datasets/audios/eastern_sliced/jingju/jingju_035_001.wav,4,jingju,1,classical,0.7558172941207886,1.0324897766113281,0.016324076801538467,0.7558172941207886,0.008023940026760101,0.0582713782787323,0.027084186673164368,0.05593161657452583,0.0027266163378953934,0.017073338851332664,0.037889380007982254,0.02085815742611885
1244,1244,datasets/audios/eastern_sliced/jingju/jingju_035_002.wav,4,jingju,1,classical,0.6725852489471436,1.2560564279556274,0.01771516539156437,0.6725852489471436,0.0076555828563869,0.09876111894845963,0.04736324027180672,0.060434628278017044,0.0028938730247318745,0.032339002937078476,0.03574167191982269,0.024510495364665985
1245,1245,datasets/audios/eastern_sliced/jingju/jingju_036_000.wav,4,jingju,1,classical,0.4496089518070221,1.7733503580093384,0.07573793083429337,0.4496089518070221,0.03854207694530487,0.07114837318658829,0.03653407469391823,0.13070164620876312,0.006889001466333866,0.12305081635713577,0.023201121017336845,0.04458602890372276
1246,1246,datasets/audios/eastern_sliced/jingju/jingju_036_001.wav,4,jingju,1,classical,0.47348496317863464,1.7242586612701416,0.06661070138216019,0.47348496317863464,0.030785052105784416,0.06904531270265579,0.036490548402071,0.13370667397975922,0.00762764411047101,0.117289237678051,0.022827845066785812,0.04213208332657814
1247,1247,datasets/audios/eastern_sliced/jingju/jingju_036_002.wav,4,jingju,1,classical,0.7176796197891235,1.1706277132034302,0.03557431697845459,0.7176796197891235,0.01554222870618105,0.04739655181765556,0.011851157993078232,0.05458158627152443,0.009003100916743279,0.046991217881441116,0.016723183915019035,0.044657014310359955
1248,1248,datasets/audios/eastern_sliced/jingju/jingju_037_000.wav,4,jingju,1,classical,0.8725779056549072,0.6269643306732178,0.010750705376267433,0.8725779056549072,0.005729350261390209,0.010729862377047539,0.00318039464764297,0.02190827578306198,0.00450935261324048,0.04024126008152962,0.010063895024359226,0.020308921113610268
1249,1249,datasets/audios/eastern_sliced/jingju/jingju_037_001.wav,4,jingju,7,pop,0.29117608070373535,2.017585277557373,0.06706272065639496,0.2137891948223114,0.07384296506643295,0.09756781160831451,0.08414694666862488,0.04827718809247017,0.010255151428282261,0.29117608070373535,0.054348837584257126,0.059533119201660156
1250,1250,datasets/audios/eastern_sliced/jingju/jingju_037_002.wav,4,jingju,1,classical,0.43468227982521057,1.7225205898284912,0.033734697848558426,0.43468227982521057,0.03396483138203621,0.08510098606348038,0.027080830186605453,0.05675722658634186,0.012125745415687561,0.22622784972190857,0.025767190381884575,0.06455836445093155
1251,1251,datasets/audios/eastern_sliced/jingju/jingju_037_003.wav,4,jingju,1,classical,0.40572699904441833,1.7327412366867065,0.030815890058875084,0.40572699904441833,0.02406885474920273,0.07217466831207275,0.03261676803231239,0.04282804951071739,0.015030361711978912,0.26216205954551697,0.03586467728018761,0.07871167361736298
1252,1252,datasets/audios/eastern_sliced/jingju/jingju_037_004.wav,4,jingju,1,classical,0.4347074627876282,1.6590511798858643,0.021169513463974,0.4347074627876282,0.02963380143046379,0.10636213421821594,0.023939883336424828,0.04643977805972099,0.010495204478502274,0.24571947753429413,0.018512925133109093,0.0630197525024414
1253,1253,datasets/audios/eastern_sliced/jingju/jingju_038_000.wav,4,jingju,1,classical,0.9263117909431458,0.4102492332458496,0.009663925506174564,0.9263117909431458,0.009239626117050648,0.01665639877319336,0.001993548823520541,0.00716406712308526,0.0012802029959857464,0.006651123054325581,0.0055473484098911285,0.015492022968828678
1254,1254,datasets/audios/eastern_sliced/jingju/jingju_038_001.wav,4,jingju,1,classical,0.837189257144928,0.773792564868927,0.01829598844051361,0.837189257144928,0.024350419640541077,0.041533730924129486,0.008885999210178852,0.014986040070652962,0.0018125182250514627,0.016275931149721146,0.01449350081384182,0.022176478058099747
1255,1255,datasets/audios/eastern_sliced/jingju/jingju_038_002.wav,4,jingju,1,classical,0.9220177531242371,0.4350200295448303,0.011952118948101997,0.9220177531242371,0.007360492832958698,0.01470215618610382,0.0034740364644676447,0.011486492119729519,0.0012564612552523613,0.0076982853934168816,0.00920117273926735,0.010851096361875534
1256,1256,datasets/audios/eastern_sliced/jingju/jingju_038_003.wav,4,jingju,1,classical,0.8797069191932678,0.6144779324531555,0.016291555017232895,0.8797069191932678,0.018948469310998917,0.024107491597533226,0.004971932154148817,0.014377402141690254,0.001442384789697826,0.01108250766992569,0.014431491494178772,0.014639837667346
1257,1257,datasets/audios/eastern_sliced/jingju/jingju_038_004.wav,4,jingju,1,classical,0.9464271664619446,0.3188943862915039,0.007621672470122576,0.9464271664619446,0.005208425689488649,0.00742395268753171,0.0014969160547479987,0.007187626790255308,0.0010330070508643985,0.005115575157105923,0.008535758592188358,0.00994996726512909
1258,1258,datasets/audios/eastern_sliced/jingju/jingju_039_000.wav,4,jingju,1,classical,0.7505044341087341,1.0082402229309082,0.007966599427163601,0.7505044341087341,0.016025369986891747,0.046248909085989,0.006402364932000637,0.07407151162624359,0.0036421972326934338,0.06698282063007355,0.01085367426276207,0.01730211265385151
1259,1259,datasets/audios/eastern_sliced/jingju/jingju_039_001.wav,4,jingju,1,classical,0.7189022302627563,1.0859179496765137,0.007979065179824829,0.7189022302627563,0.01981765776872635,0.052084699273109436,0.00655113672837615,0.05784757435321808,0.0036429446190595627,0.10181208699941635,0.00929142627865076,0.022071240469813347
1260,1260,datasets/audios/eastern_sliced/jingju/jingju_039_002.wav,4,jingju,1,classical,0.5651746988296509,1.4895581007003784,0.021583735942840576,0.5651746988296509,0.018452147021889687,0.06473126262426376,0.02930269204080105,0.07598081976175308,0.007577846292406321,0.15926988422870636,0.02468258887529373,0.03324427828192711
1261,1261,datasets/audios/eastern_sliced/jingju/jingju_040_000.wav,4,jingju,0,blues,0.3423563838005066,1.7409762144088745,0.3423563838005066,0.3301928639411926,0.06688237935304642,0.05037808045744896,0.020731760188937187,0.038071826100349426,0.009610526263713837,0.030225172638893127,0.06100761517882347,0.05054333060979843
1262,1262,datasets/audios/eastern_sliced/jingju/jingju_040_001.wav,4,jingju,1,classical,0.4386591911315918,1.7484170198440552,0.20928116142749786,0.4386591911315918,0.06344448775053024,0.04971911385655403,0.022353457286953926,0.03643053397536278,0.011906353756785393,0.03516238182783127,0.07559391111135483,0.05744939669966698
1263,1263,datasets/audios/eastern_sliced/jingju/jingju_040_002.wav,4,jingju,1,classical,0.5548911690711975,1.5636881589889526,0.13623183965682983,0.5548911690711975,0.03940640017390251,0.03669477254152298,0.018160656094551086,0.040700994431972504,0.011360266245901585,0.033486660569906235,0.08209341764450073,0.04697379842400551
1264,1264,datasets/audios/eastern_sliced/jingju/jingju_040_003.wav,4,jingju,1,classical,0.3916749060153961,1.9091334342956543,0.12258458137512207,0.3916749060153961,0.11425922065973282,0.059960369020700455,0.022926919162273407,0.05706014856696129,0.01287144236266613,0.10101811587810516,0.046119317412376404,0.071524977684021
1265,1265,datasets/audios/eastern_sliced/jingju/jingju_040_004.wav,4,jingju,1,classical,0.6018922924995422,1.48418390750885,0.09441287815570831,0.6018922924995422,0.0401092991232872,0.05773168429732323,0.018437594175338745,0.03224770352244377,0.010114189237356186,0.0417754165828228,0.0323171503841877,0.07096187025308609
1266,1266,datasets/audios/eastern_sliced/jingju/jingju_041_000.wav,4,jingju,7,pop,0.5593597292900085,1.4457097053527832,0.02066904678940773,0.20021922886371613,0.024322509765625,0.03132838010787964,0.039131514728069305,0.07373081147670746,0.005175165832042694,0.5593597292900085,0.020213749259710312,0.02584986388683319
1267,1267,datasets/audios/eastern_sliced/jingju/jingju_041_001.wav,4,jingju,7,pop,0.518466591835022,1.518851399421692,0.02129233255982399,0.2252996265888214,0.028594041243195534,0.03668272867798805,0.039739273488521576,0.07155384868383408,0.005814036354422569,0.518466591835022,0.02299201488494873,0.02956543117761612
1268,1268,datasets/audios/eastern_sliced/jingju/jingju_041_002.wav,4,jingju,7,pop,0.3658319115638733,1.623102068901062,0.02363184653222561,0.3465574383735657,0.025681139901280403,0.04285496473312378,0.034418944269418716,0.10339213162660599,0.006251001730561256,0.3658319115638733,0.02535519190132618,0.026025354862213135
1269,1269,datasets/audios/eastern_sliced/jingju/jingju_041_003.wav,4,jingju,7,pop,0.5184493660926819,1.5684795379638672,0.023557260632514954,0.17959871888160706,0.028214799240231514,0.03763227537274361,0.05908466875553131,0.09735750406980515,0.004655731376260519,0.5184493660926819,0.027412986382842064,0.02403678372502327
1270,1270,datasets/audios/eastern_sliced/jingju/jingju_042_000.wav,4,jingju,1,classical,0.46410471200942993,1.7044761180877686,0.048080600798130035,0.46410471200942993,0.011982648633420467,0.02387693151831627,0.05680729076266289,0.16986389458179474,0.01093408465385437,0.08415843546390533,0.03230304270982742,0.09788845479488373
1271,1271,datasets/audios/eastern_sliced/jingju/jingju_042_001.wav,4,jingju,1,classical,0.6913537383079529,1.1610709428787231,0.015261496417224407,0.6913537383079529,0.01737288199365139,0.04462818056344986,0.01033170334994793,0.04364125058054924,0.005489232949912548,0.13160525262355804,0.011445553041994572,0.028870735317468643
1272,1272,datasets/audios/eastern_sliced/jingju/jingju_042_002.wav,4,jingju,1,classical,0.7459190487861633,1.024691104888916,0.01285852212458849,0.7459190487861633,0.012223314493894577,0.045586831867694855,0.008542751893401146,0.04813209921121597,0.004256888758391142,0.09107615798711777,0.008748252876102924,0.022656098008155823
1273,1273,datasets/audios/eastern_sliced/jingju/jingju_042_003.wav,4,jingju,1,classical,0.699611246585846,1.1238170862197876,0.013937228359282017,0.699611246585846,0.014690887182950974,0.05107474327087402,0.0096104945987463,0.042193684726953506,0.0041168322786688805,0.13161204755306244,0.00939641147851944,0.023756355047225952
1274,1274,datasets/audios/eastern_sliced/jingju/jingju_042_004.wav,4,jingju,1,classical,0.5890095233917236,1.3529325723648071,0.017490308731794357,0.5890095233917236,0.017183225601911545,0.038496650755405426,0.01598190702497959,0.0793321505188942,0.006460797507315874,0.19426363706588745,0.011391273699700832,0.030390571802854538
1275,1275,datasets/audios/eastern_sliced/jingju/jingju_043_000.wav,4,jingju,1,classical,0.6838186383247375,1.2766551971435547,0.03433722257614136,0.6838186383247375,0.028505951166152954,0.03924280032515526,0.02754148282110691,0.03339666873216629,0.005325635429471731,0.0792904645204544,0.035095103085041046,0.03344596177339554
1276,1276,datasets/audios/eastern_sliced/jingju/jingju_043_001.wav,4,jingju,1,classical,0.6781872510910034,1.3028597831726074,0.04333329573273659,0.6781872510910034,0.030215678736567497,0.0357847660779953,0.029770158231258392,0.033022210001945496,0.005983268842101097,0.06786841154098511,0.039057716727256775,0.03677723556756973
1277,1277,datasets/audios/eastern_sliced/jingju/jingju_043_002.wav,4,jingju,1,classical,0.6072567105293274,1.4935691356658936,0.06928972154855728,0.6072567105293274,0.04266153275966644,0.03905909135937691,0.03501608222723007,0.0339227169752121,0.007119439542293549,0.06954542547464371,0.049678195267915726,0.04645103961229324
1278,1278,datasets/audios/eastern_sliced/jingju/jingju_043_003.wav,4,jingju,1,classical,0.6096758246421814,1.4874776601791382,0.06719832122325897,0.6096758246421814,0.0393274761736393,0.03881767392158508,0.035190049558877945,0.036312736570835114,0.007347847335040569,0.07288304716348648,0.04795503616333008,0.045291922986507416
1279,1279,datasets/audios/eastern_sliced/jingju/jingju_044_000.wav,4,jingju,1,classical,0.5470949411392212,1.5578317642211914,0.028560815379023552,0.5470949411392212,0.011820490472018719,0.05017804726958275,0.1162441149353981,0.07584355771541595,0.003514204639941454,0.04941340535879135,0.09433575719594955,0.022994643077254295
1280,1280,datasets/audios/eastern_sliced/jingju/jingju_044_001.wav,4,jingju,1,classical,0.5646107196807861,1.5275791883468628,0.025153180584311485,0.5646107196807861,0.012212909758090973,0.054076991975307465,0.09962129592895508,0.07469727098941803,0.0033510890789330006,0.05272883549332619,0.09155832231044769,0.02198929712176323
1281,1281,datasets/audios/eastern_sliced/jingju/jingju_045_000.wav,4,jingju,1,classical,0.3529183864593506,1.9737085103988647,0.027781875804066658,0.3529183864593506,0.05619245767593384,0.09102778136730194,0.10493384301662445,0.06004098057746887,0.012327809818089008,0.13541339337825775,0.10292061418294907,0.05644286051392555
1282,1282,datasets/audios/eastern_sliced/jingju/jingju_045_001.wav,4,jingju,1,classical,0.5036740899085999,1.7425440549850464,0.02751973457634449,0.5036740899085999,0.043847329914569855,0.0738564282655716,0.06395352631807327,0.05035267397761345,0.01794341392815113,0.05942831560969353,0.08768422901630402,0.07174025475978851
1283,1283,datasets/audios/eastern_sliced/jingju/jingju_045_002.wav,4,jingju,4,hiphop,0.21217380464076996,2.0924785137176514,0.07777582854032516,0.20991651713848114,0.032140616327524185,0.04396013915538788,0.21217380464076996,0.06796678155660629,0.021103257313370705,0.11943445354700089,0.13826052844524384,0.07726805657148361
1284,1284,datasets/audios/eastern_sliced/jingju/jingju_046_000.wav,4,jingju,1,classical,0.5573493838310242,1.583849549293518,0.10078027099370956,0.5573493838310242,0.057120393961668015,0.03088141418993473,0.05501958355307579,0.062289610505104065,0.004552220460027456,0.037950608879327774,0.07102414965629578,0.023032309487462044
1285,1285,datasets/audios/eastern_sliced/jingju/jingju_046_001.wav,4,jingju,1,classical,0.7096789479255676,1.196995735168457,0.036431655287742615,0.7096789479255676,0.07013559341430664,0.04150031879544258,0.019129324704408646,0.02745688147842884,0.004192042164504528,0.021554622799158096,0.034063395112752914,0.03585725650191307
1286,1286,datasets/audios/eastern_sliced/jingju/jingju_046_002.wav,4,jingju,1,classical,0.5797392129898071,1.564886212348938,0.041699741035699844,0.5797392129898071,0.0492556057870388,0.036773476749658585,0.07128918170928955,0.03140628710389137,0.01074114441871643,0.04518791288137436,0.058459315448999405,0.07544821500778198
1287,1287,datasets/audios/eastern_sliced/jingju/jingju_046_003.wav,4,jingju,1,classical,0.8035281896591187,0.8859875202178955,0.054993484169244766,0.8035281896591187,0.016474463045597076,0.019584806635975838,0.011981381103396416,0.03360031545162201,0.0034977663308382034,0.009908333420753479,0.02847886085510254,0.017952321097254753
1288,1288,datasets/audios/eastern_sliced/jingju/jingju_046_004.wav,4,jingju,1,classical,0.8717210292816162,0.644446849822998,0.010850584134459496,0.8717210292816162,0.006562360096722841,0.01750795543193817,0.008187553845345974,0.03425456956028938,0.004434844944626093,0.012615421786904335,0.014509477652609348,0.019356148317456245
1289,1289,datasets/audios/eastern_sliced/jingju/jingju_047_000.wav,4,jingju,7,pop,0.26911240816116333,1.8557755947113037,0.022093968465924263,0.26838088035583496,0.01610439643263817,0.11877478659152985,0.1628863662481308,0.05495067685842514,0.005463756155222654,0.26911240816116333,0.03843827173113823,0.04379454255104065
1290,1290,datasets/audios/eastern_sliced/jingju/jingju_048_000.wav,4,jingju,1,classical,0.3336234986782074,2.010307550430298,0.057251885533332825,0.3336234986782074,0.07873916625976562,0.11412204056978226,0.11616065353155136,0.03923281282186508,0.010068430565297604,0.1228291392326355,0.06832556426525116,0.05964679643511772
1291,1291,datasets/audios/eastern_sliced/jingju/jingju_048_001.wav,4,jingju,1,classical,0.26297858357429504,2.062314510345459,0.05822030082345009,0.26297858357429504,0.06991884857416153,0.11195280402898788,0.14633573591709137,0.03740283101797104,0.010516256093978882,0.16876919567584991,0.0679558739066124,0.06594958901405334
1292,1292,datasets/audios/eastern_sliced/jingju/jingju_048_002.wav,4,jingju,1,classical,0.24598370492458344,2.035541296005249,0.03565356880426407,0.24598370492458344,0.05537824332714081,0.1355040818452835,0.1602669507265091,0.03769676014780998,0.009437023662030697,0.18028464913368225,0.07917560636997223,0.06061944738030434
1293,1293,datasets/audios/eastern_sliced/jingju/jingju_049_000.wav,4,jingju,1,classical,0.7826733589172363,0.954259991645813,0.03125804290175438,0.7826733589172363,0.006551872007548809,0.023773420602083206,0.025507833808660507,0.05847742035984993,0.003060733899474144,0.016913162544369698,0.0349293127655983,0.016854852437973022
1294,1294,datasets/audios/eastern_sliced/jingju/jingju_049_001.wav,4,jingju,1,classical,0.4529869854450226,1.7239973545074463,0.02363571524620056,0.4529869854450226,0.013903229497373104,0.06967504322528839,0.15270322561264038,0.07534967362880707,0.004689353983849287,0.11238610744476318,0.06836441159248352,0.02630619890987873
1295,1295,datasets/audios/eastern_sliced/jingju/jingju_050_000.wav,4,jingju,1,classical,0.9458110332489014,0.30892136693000793,0.005755841266363859,0.9458110332489014,0.00286016589961946,0.005033992696553469,0.0006163393263705075,0.006907885428518057,0.0013656036462634802,0.020088646560907364,0.0018976784776896238,0.00966283306479454
1296,1296,datasets/audios/eastern_sliced/jingju/jingju_050_001.wav,4,jingju,1,classical,0.9406440258026123,0.3392086327075958,0.008692394010722637,0.9406440258026123,0.0031987992115318775,0.004994947928935289,0.0008623243775218725,0.009685717523097992,0.0017777718603610992,0.016484249383211136,0.002838585525751114,0.010821114294230938
1297,1297,datasets/audios/eastern_sliced/jingju/jingju_050_002.wav,4,jingju,1,classical,0.93422532081604,0.3618590831756592,0.004359542392194271,0.93422532081604,0.002714690752327442,0.009998076595366001,0.0014381749788299203,0.019120177254080772,0.001012934953905642,0.01768127828836441,0.002142887795343995,0.007306922692805529
1298,1298,datasets/audios/eastern_sliced/jingju/jingju_050_003.wav,4,jingju,1,classical,0.8752371668815613,0.6086377501487732,0.008978022262454033,0.8752371668815613,0.006180834490805864,0.01684485748410225,0.003713051788508892,0.0414554588496685,0.0029933021869510412,0.027343858033418655,0.005593272391706705,0.011660143733024597
1299,1299,datasets/audios/eastern_sliced/jingju/jingju_050_004.wav,4,jingju,1,classical,0.8700048923492432,0.625117838382721,0.012244966812431812,0.8700048923492432,0.006210094317793846,0.011939805932343006,0.0035531672183424234,0.03405037522315979,0.0026604824233800173,0.04138456657528877,0.005147659219801426,0.012803942896425724
1300,1300,datasets/audios/eastern_sliced/jingju/jingju_051_000.wav,4,jingju,1,classical,0.799663245677948,0.8816946148872375,0.02142270654439926,0.799663245677948,0.005553529132157564,0.020774517208337784,0.02649330534040928,0.0671948790550232,0.001407576259225607,0.026578107848763466,0.019214250147342682,0.011697903275489807
1301,1301,datasets/audios/eastern_sliced/jingju/jingju_051_001.wav,4,jingju,1,classical,0.8981638550758362,0.5332230925559998,0.010357010178267956,0.8981638550758362,0.0036364030092954636,0.009055009111762047,0.00814428273588419,0.018534014001488686,0.002093533519655466,0.008139289915561676,0.02466696873307228,0.017209552228450775
1302,1302,datasets/audios/eastern_sliced/jingju/jingju_051_002.wav,4,jingju,1,classical,0.7038748860359192,1.1361050605773926,0.02604507841169834,0.7038748860359192,0.005892552901059389,0.024389667436480522,0.05283622443675995,0.11394412070512772,0.0013584037078544497,0.03467238321900368,0.02569464035332203,0.011292077600955963
1303,1303,datasets/audios/eastern_sliced/jingju/jingju_052_000.wav,4,jingju,1,classical,0.9097034335136414,0.4697585105895996,0.004455109592527151,0.9097034335136414,0.0045204926282167435,0.015355446375906467,0.0014427583664655685,0.012350928038358688,0.0023873241152614355,0.029479943215847015,0.003861724864691496,0.01644284278154373
1304,1304,datasets/audios/eastern_sliced/jingju/jingju_052_001.wav,4,jingju,1,classical,0.8774411678314209,0.6041663289070129,0.010511905886232853,0.8774411678314209,0.0029906360432505608,0.021423164755105972,0.00903212372213602,0.03579174727201462,0.001427729963324964,0.024556400254368782,0.006126861087977886,0.010698226280510426
1305,1305,datasets/audios/eastern_sliced/jingju/jingju_052_002.wav,4,jingju,1,classical,0.9488685131072998,0.3039480447769165,0.004771537613123655,0.9488685131072998,0.0034647826105356216,0.006211328785866499,0.0014632121892645955,0.012332439422607422,0.001203192281536758,0.01002314779907465,0.004094135947525501,0.00756766926497221
1306,1306,datasets/audios/eastern_sliced/jingju/jingju_052_003.wav,4,jingju,1,classical,0.776355504989624,0.9585974216461182,0.011008557863533497,0.776355504989624,0.008316203951835632,0.03183674439787865,0.024932872503995895,0.04314517602324486,0.002564463997259736,0.06863237917423248,0.01562240719795227,0.01758570410311222
1307,1307,datasets/audios/eastern_sliced/jingju/jingju_052_004.wav,4,jingju,1,classical,0.805753231048584,0.8662768602371216,0.008468079380691051,0.805753231048584,0.009972665458917618,0.020424310117959976,0.013562733307480812,0.059905752539634705,0.0028864224441349506,0.03851734846830368,0.02430342137813568,0.016206102445721626
1308,1308,datasets/audios/eastern_sliced/jingju/jingju_053_000.wav,4,jingju,1,classical,0.8730242252349854,0.6376845836639404,0.021459681913256645,0.8730242252349854,0.004731698893010616,0.011929360218346119,0.008616188541054726,0.032726772129535675,0.004849934950470924,0.008888466283679008,0.017110761255025864,0.016662828624248505
1309,1309,datasets/audios/eastern_sliced/jingju/jingju_053_001.wav,4,jingju,1,classical,0.666059672832489,1.271134853363037,0.07767508178949356,0.666059672832489,0.009923355653882027,0.012658444233238697,0.025974897667765617,0.02162361517548561,0.017319509759545326,0.012482653371989727,0.07427192479372025,0.08201076835393906
1310,1310,datasets/audios/eastern_sliced/jingju/jingju_053_002.wav,4,jingju,1,classical,0.7827624082565308,0.9426921010017395,0.06524818390607834,0.7827624082565308,0.00488323625177145,0.014507455751299858,0.02979154884815216,0.03533954918384552,0.0039026360027492046,0.012131652794778347,0.030172910541296005,0.02126038447022438
1311,1311,datasets/audios/eastern_sliced/jingju/jingju_054_000.wav,4,jingju,1,classical,0.5231075286865234,1.5858092308044434,0.02065064013004303,0.5231075286865234,0.013590773567557335,0.15674705803394318,0.05523010715842247,0.052404362708330154,0.008293241262435913,0.09791310876607895,0.02504451759159565,0.04701872169971466
1312,1312,datasets/audios/eastern_sliced/jingju/jingju_054_001.wav,4,jingju,1,classical,0.5193521976470947,1.5959951877593994,0.02223416231572628,0.5193521976470947,0.013239066116511822,0.16065295040607452,0.0593269020318985,0.05468154698610306,0.008332110941410065,0.09012185782194138,0.026295578107237816,0.04576357454061508
1313,1313,datasets/audios/eastern_sliced/jingju/jingju_055_000.wav,4,jingju,1,classical,0.8533967733383179,0.7108212113380432,0.013786759227514267,0.8533967733383179,0.024306628853082657,0.03467242047190666,0.00603205431252718,0.011167695745825768,0.0020576491951942444,0.016763173043727875,0.011730770580470562,0.02608601190149784
1314,1314,datasets/audios/eastern_sliced/jingju/jingju_055_001.wav,4,jingju,1,classical,0.8503420948982239,0.7242680191993713,0.017537686973810196,0.8503420948982239,0.02857573889195919,0.03267238661646843,0.006474504712969065,0.012276015244424343,0.0016291990177705884,0.016021130606532097,0.012742997147142887,0.021728185936808586
1315,1315,datasets/audios/eastern_sliced/jingju/jingju_055_002.wav,4,jingju,1,classical,0.9177175164222717,0.4495754837989807,0.009336703456938267,0.9177175164222717,0.008936642669141293,0.020494816824793816,0.0028405115008354187,0.008057115599513054,0.0012377470266073942,0.009524563327431679,0.00690441532060504,0.014949997887015343
1316,1316,datasets/audios/eastern_sliced/jingju/jingju_055_003.wav,4,jingju,1,classical,0.9313202500343323,0.38366055488586426,0.007279548328369856,0.9313202500343323,0.006651425734162331,0.0204494409263134,0.001574992318637669,0.008642534725368023,0.0009652627049945295,0.007104908581823111,0.004383389838039875,0.011628365144133568
1317,1317,datasets/audios/eastern_sliced/jingju/jingju_055_004.wav,4,jingju,1,classical,0.9360101222991943,0.3697831630706787,0.008463568985462189,0.9360101222991943,0.00647590821608901,0.007670864928513765,0.0019836367573589087,0.0084935138002038,0.0012461228761821985,0.007209847215563059,0.010786600410938263,0.011659753508865833
1318,1318,datasets/audios/eastern_sliced/jingju/jingju_056_000.wav,4,jingju,1,classical,0.8306920528411865,0.8001590371131897,0.015047972090542316,0.8306920528411865,0.012423685751855373,0.02050420455634594,0.008721399120986462,0.04239052161574364,0.004426057916134596,0.01782437041401863,0.0296710804104805,0.018298672512173653
1319,1319,datasets/audios/eastern_sliced/jingju/jingju_056_001.wav,4,jingju,1,classical,0.7472874522209167,1.0916707515716553,0.025272760540246964,0.7472874522209167,0.01645958423614502,0.036313578486442566,0.019202331081032753,0.03508828580379486,0.006704488769173622,0.024849645793437958,0.05468961223959923,0.03413228690624237
1320,1320,datasets/audios/eastern_sliced/jingju/jingju_056_002.wav,4,jingju,1,classical,0.7341819405555725,1.132514238357544,0.02127792499959469,0.7341819405555725,0.0251116044819355,0.05296348035335541,0.018417302519083023,0.031293995678424835,0.006575216539204121,0.027466686442494392,0.04956534132361412,0.03314649686217308
1321,1321,datasets/audios/eastern_sliced/jingju/jingju_056_003.wav,4,jingju,1,classical,0.6542482972145081,1.368149995803833,0.02907460927963257,0.6542482972145081,0.01967323012650013,0.05348075181245804,0.02760646492242813,0.043857183307409286,0.015089399181306362,0.028774743899703026,0.06445495039224625,0.06374046206474304
1322,1322,datasets/audios/eastern_sliced/jingju/jingju_057_000.wav,4,jingju,1,classical,0.49397778511047363,1.74567711353302,0.03123403899371624,0.49397778511047363,0.03691884130239487,0.05501263216137886,0.04997633397579193,0.044728174805641174,0.019652394577860832,0.06943023204803467,0.1160760149359703,0.08299348503351212
1323,1323,datasets/audios/eastern_sliced/jingju/jingju_057_001.wav,4,jingju,1,classical,0.3316565155982971,1.9547884464263916,0.028980541974306107,0.3316565155982971,0.04815927520394325,0.0908970832824707,0.09076239168643951,0.0407528392970562,0.012480038218200207,0.20118975639343262,0.07935458421707153,0.07576703280210495
1324,1324,datasets/audios/eastern_sliced/jingju/jingju_057_002.wav,4,jingju,1,classical,0.4116421043872833,1.8277363777160645,0.023122629150748253,0.4116421043872833,0.027054021134972572,0.07626157253980637,0.08988168090581894,0.04542597010731697,0.011667252518236637,0.17990364134311676,0.07083899527788162,0.06420213729143143
1325,1325,datasets/audios/eastern_sliced/jingju/jingju_058_000.wav,4,jingju,1,classical,0.7929233312606812,0.9352875351905823,0.014099464751780033,0.7929233312606812,0.017711138352751732,0.025826456025242805,0.01082990225404501,0.047640517354011536,0.005673404783010483,0.035212479531764984,0.028660684823989868,0.02142256125807762
1326,1326,datasets/audios/eastern_sliced/jingju/jingju_058_001.wav,4,jingju,1,classical,0.5697852969169617,1.5511428117752075,0.02117108553647995,0.5697852969169617,0.04764208570122719,0.08918193727731705,0.030785854905843735,0.06901448220014572,0.006039963103830814,0.08894336223602295,0.04517838731408119,0.032257530838251114
1327,1327,datasets/audios/eastern_sliced/jingju/jingju_058_002.wav,4,jingju,1,classical,0.6844764351844788,1.256133794784546,0.013958032242953777,0.6844764351844788,0.029651448130607605,0.05612287297844887,0.022207405418157578,0.06253858655691147,0.004184982273727655,0.0640711560845375,0.04123986139893532,0.021549224853515625
1328,1328,datasets/audios/eastern_sliced/jingju/jingju_058_003.wav,4,jingju,1,classical,0.7045487761497498,1.1888636350631714,0.012755904346704483,0.7045487761497498,0.03337942808866501,0.049935489892959595,0.017621679231524467,0.04633793234825134,0.0037337206304073334,0.08090903609991074,0.030407652258872986,0.020370399579405785
1329,1329,datasets/audios/eastern_sliced/jingju/jingju_059_000.wav,4,jingju,1,classical,0.6056638360023499,1.4360976219177246,0.023002348840236664,0.6056638360023499,0.04143175110220909,0.059398360550403595,0.033965129405260086,0.03544303774833679,0.0042421286925673485,0.12853869795799255,0.021503282710909843,0.04681140184402466
1330,1330,datasets/audios/eastern_sliced/jingju/jingju_059_001.wav,4,jingju,1,classical,0.5609115958213806,1.5664831399917603,0.030312053859233856,0.5609115958213806,0.025255348533391953,0.07199692726135254,0.08419514447450638,0.06183082237839699,0.0039403983391821384,0.09326480329036713,0.03733538091182709,0.03095749020576477
1331,1331,datasets/audios/eastern_sliced/jingju/jingju_060_000.wav,4,jingju,7,pop,0.28941306471824646,1.9178624153137207,0.016849704086780548,0.12889881432056427,0.025233067572116852,0.04189148172736168,0.08504872024059296,0.024576682597398758,0.0711759626865387,0.28941306471824646,0.0557643286883831,0.2611480951309204
1332,1332,datasets/audios/eastern_sliced/jingju/jingju_060_001.wav,4,jingju,7,pop,0.37098291516304016,1.5497474670410156,0.00974710751324892,0.3456433415412903,0.016266874969005585,0.05873192846775055,0.016651667654514313,0.020639246329665184,0.017253579571843147,0.37098291516304016,0.010889696888625622,0.13319368660449982
1333,1333,datasets/audios/eastern_sliced/jingju/jingju_060_002.wav,4,jingju,7,pop,0.28217482566833496,1.8755779266357422,0.018185121938586235,0.12557029724121094,0.018440376967191696,0.029363475739955902,0.11506928503513336,0.02350868284702301,0.04173896461725235,0.28217482566833496,0.06779033690690994,0.27815866470336914
1334,1334,datasets/audios/eastern_sliced/jingju/jingju_060_003.wav,4,jingju,7,pop,0.3548274040222168,1.7879258394241333,0.014200691133737564,0.24091045558452606,0.010240056551992893,0.034843768924474716,0.14234241843223572,0.0602339506149292,0.011542633175849915,0.3548274040222168,0.07673143595457077,0.054127126932144165
1335,1335,datasets/audios/eastern_sliced/jingju/jingju_060_004.wav,4,jingju,7,pop,0.3493068516254425,1.8319000005722046,0.01796909235417843,0.15747033059597015,0.010397059842944145,0.029910599812865257,0.2018076330423355,0.08531611412763596,0.013633954338729382,0.3493068516254425,0.08587127923965454,0.04831712692975998
1336,1336,datasets/audios/eastern_sliced/jingju/jingju_061_000.wav,4,jingju,1,classical,0.7756048440933228,0.9842856526374817,0.020715029910206795,0.7756048440933228,0.006770835258066654,0.04858547821640968,0.027482548728585243,0.04565561190247536,0.003390759928151965,0.019116148352622986,0.027832278981804848,0.024846434593200684
1337,1337,datasets/audios/eastern_sliced/jingju/jingju_061_001.wav,4,jingju,1,classical,0.7435073852539062,1.0732592344284058,0.019229838624596596,0.7435073852539062,0.006605970207601786,0.055216073989868164,0.034270018339157104,0.05994781106710434,0.003045948687940836,0.01849392056465149,0.03658585995435715,0.023097101598978043
1338,1338,datasets/audios/eastern_sliced/jingju/jingju_061_002.wav,4,jingju,1,classical,0.7443222403526306,1.0599861145019531,0.015469937585294247,0.7443222403526306,0.008007140830159187,0.08082928508520126,0.027581628412008286,0.045831143856048584,0.0029053743928670883,0.02271316945552826,0.028478749096393585,0.02386130765080452
1339,1339,datasets/audios/eastern_sliced/jingju/jingju_062_000.wav,4,jingju,1,classical,0.5813277959823608,1.519883155822754,0.03879767283797264,0.5813277959823608,0.04135524854063988,0.07146532088518143,0.03914310038089752,0.033019617199897766,0.004820412956178188,0.11265377700328827,0.025339730083942413,0.05207733064889908
1340,1340,datasets/audios/eastern_sliced/jingju/jingju_062_001.wav,4,jingju,1,classical,0.5371673107147217,1.6491020917892456,0.04565274342894554,0.5371673107147217,0.040917497128248215,0.08331809937953949,0.07651003450155258,0.06812042742967606,0.0035499678924679756,0.05969339236617088,0.0429413728415966,0.042129140347242355
1341,1341,datasets/audios/eastern_sliced/jingju/jingju_062_002.wav,4,jingju,1,classical,0.39046159386634827,1.8713245391845703,0.12119906395673752,0.39046159386634827,0.032207608222961426,0.06553827226161957,0.14687657356262207,0.09093321114778519,0.00366719882003963,0.03385036811232567,0.07408183813095093,0.041184354573488235
1342,1342,datasets/audios/eastern_sliced/jingju/jingju_062_003.wav,4,jingju,1,classical,0.5515375733375549,1.6171633005142212,0.061735015362501144,0.5515375733375549,0.03307691961526871,0.05315724387764931,0.07823973894119263,0.07682406902313232,0.00414462061598897,0.05847960337996483,0.0465930700302124,0.03621218726038933
1343,1343,datasets/audios/eastern_sliced/jingju/jingju_063_000.wav,4,jingju,1,classical,0.8895207643508911,0.5621105432510376,0.0053856875747442245,0.8895207643508911,0.009840586222708225,0.01923486776649952,0.004551371093839407,0.03394105285406113,0.0018041194416582584,0.014755898155272007,0.011846670880913734,0.00911907758563757
1344,1344,datasets/audios/eastern_sliced/jingju/jingju_063_001.wav,4,jingju,1,classical,0.9248614311218262,0.4097807705402374,0.003625105833634734,0.9248614311218262,0.006855468265712261,0.014354467391967773,0.0018670279532670975,0.023095663636922836,0.0012455943506211042,0.011136494576931,0.004907530732452869,0.008051151409745216
1345,1345,datasets/audios/eastern_sliced/jingju/jingju_063_002.wav,4,jingju,1,classical,0.9283585548400879,0.3988954424858093,0.004815337248146534,0.9283585548400879,0.008616505190730095,0.01231975294649601,0.0017195873660966754,0.01940114237368107,0.0012138524325564504,0.01045223418623209,0.0058416030369699,0.007261462975293398
1346,1346,datasets/audios/eastern_sliced/jingju/jingju_063_003.wav,4,jingju,1,classical,0.8973912596702576,0.527292013168335,0.0043196771293878555,0.8973912596702576,0.012616893276572227,0.0236967820674181,0.0025533377192914486,0.027399173006415367,0.0013333995593711734,0.012848333455622196,0.00854519009590149,0.009295987896621227
1347,1347,datasets/audios/eastern_sliced/jingju/jingju_063_004.wav,4,jingju,1,classical,0.9295861721038818,0.39204221963882446,0.005108363926410675,0.9295861721038818,0.008639927953481674,0.014149010181427002,0.0015879989368841052,0.01971757784485817,0.0011810282012447715,0.006133268121629953,0.006940007675439119,0.006956696510314941
1348,1348,datasets/audios/eastern_sliced/jingju/jingju_064_000.wav,4,jingju,1,classical,0.7715033888816833,0.9799284338951111,0.025837689638137817,0.7715033888816833,0.006798601243644953,0.01554811280220747,0.02976144850254059,0.06482453644275665,0.002569560892879963,0.04484010115265846,0.02427922748029232,0.01403732318431139
1349,1349,datasets/audios/eastern_sliced/jingju/jingju_064_001.wav,4,jingju,1,classical,0.6750376224517822,1.224157452583313,0.023397203534841537,0.6750376224517822,0.005927444901317358,0.021093526855111122,0.059349484741687775,0.10987000912427902,0.0023254684638231993,0.05387347191572189,0.03502088412642479,0.014104939065873623
1350,1350,datasets/audios/eastern_sliced/jingju/jingju_065_000.wav,4,jingju,2,country,0.26297318935394287,2.0812439918518066,0.048494353890419006,0.08652796596288681,0.26297318935394287,0.05306202918291092,0.09105485677719116,0.1893548220396042,0.01283024251461029,0.07082095742225647,0.08161754906177521,0.10326402634382248
1351,1351,datasets/audios/eastern_sliced/jingju/jingju_065_001.wav,4,jingju,2,country,0.2805461585521698,2.0716822147369385,0.04241619259119034,0.094529889523983,0.2805461585521698,0.05594978481531143,0.12452252954244614,0.1483153998851776,0.009475542232394218,0.07179190963506699,0.0745258778333664,0.09792672097682953
1352,1352,datasets/audios/eastern_sliced/jingju/jingju_065_002.wav,4,jingju,2,country,0.250873863697052,2.0954105854034424,0.043931227177381516,0.09518960863351822,0.250873863697052,0.05706925690174103,0.14327280223369598,0.15548256039619446,0.009570889174938202,0.06958097964525223,0.08379577845335007,0.091233029961586
1353,1353,datasets/audios/eastern_sliced/jingju/jingju_066_000.wav,4,jingju,1,classical,0.9681432843208313,0.20301978290081024,0.0034166225232183933,0.9681432843208313,0.0020407044794410467,0.0073651960119605064,0.00037432953831739724,0.004998035728931427,0.0007219451363198459,0.004191326908767223,0.0017635872354730964,0.006985104642808437
1354,1354,datasets/audios/eastern_sliced/jingju/jingju_066_001.wav,4,jingju,1,classical,0.824709951877594,0.775787889957428,0.0049083963967859745,0.824709951877594,0.006583540700376034,0.03713429719209671,0.007657518610358238,0.024510225281119347,0.0020045212004333735,0.06438907980918884,0.009161184541881084,0.018941275775432587
1355,1355,datasets/audios/eastern_sliced/jingju/jingju_066_002.wav,4,jingju,1,classical,0.8886407017707825,0.551382303237915,0.003751506796106696,0.8886407017707825,0.004828857257962227,0.025431759655475616,0.0044183130376040936,0.02434339001774788,0.0010990522569045424,0.03230569139122963,0.005660126451402903,0.009520634077489376
1356,1356,datasets/audios/eastern_sliced/jingju/jingju_066_003.wav,4,jingju,1,classical,0.7877954840660095,0.9054794311523438,0.00592090655118227,0.7877954840660095,0.008107488974928856,0.04537799954414368,0.01409292221069336,0.019704774022102356,0.0029368726536631584,0.07283316552639008,0.013288198970258236,0.029942190274596214
1357,1357,datasets/audios/eastern_sliced/jingju/jingju_066_004.wav,4,jingju,1,classical,0.8769437670707703,0.6033058762550354,0.003980901557952166,0.8769437670707703,0.007518672849982977,0.025698959827423096,0.0051550352945923805,0.027049817144870758,0.0012744509149342775,0.0333121232688427,0.008862258866429329,0.010204002261161804
1358,1358,datasets/audios/eastern_sliced/jingju/jingju_067_000.wav,4,jingju,1,classical,0.8624094128608704,0.6692560911178589,0.005374915897846222,0.8624094128608704,0.011297810822725296,0.027748189866542816,0.0069203549064695835,0.025005748495459557,0.0018733463948592544,0.0347817987203598,0.01242855191230774,0.012159821577370167
1359,1359,datasets/audios/eastern_sliced/jingju/jingju_067_001.wav,4,jingju,1,classical,0.9008364677429199,0.507585883140564,0.0033061900176107883,0.9008364677429199,0.00601172773167491,0.01770961843430996,0.0029384992085397243,0.019729960709810257,0.0014650458469986916,0.031049126759171486,0.0066870045848190784,0.010266411118209362
1360,1360,datasets/audios/eastern_sliced/jingju/jingju_067_002.wav,4,jingju,1,classical,0.7792842388153076,0.9551895260810852,0.006895419210195541,0.7792842388153076,0.011444412171840668,0.02809033915400505,0.024515923112630844,0.06322713941335678,0.00236918730661273,0.037030383944511414,0.03255778178572655,0.014585297554731369
1361,1361,datasets/audios/eastern_sliced/jingju/jingju_067_003.wav,4,jingju,1,classical,0.8651270270347595,0.6548365354537964,0.004866283852607012,0.8651270270347595,0.012005544267594814,0.016432998701930046,0.0066983518190681934,0.04359392076730728,0.0018164657521992922,0.022335922345519066,0.014975684694945812,0.01214768085628748
1362,1362,datasets/audios/eastern_sliced/jingju/jingju_067_004.wav,4,jingju,1,classical,0.8496919870376587,0.7015347480773926,0.005749656818807125,0.8496919870376587,0.004152635112404823,0.014299680478870869,0.013653662987053394,0.045299746096134186,0.001498956000432372,0.0387616828083992,0.0159104336053133,0.010981530882418156
1363,1363,datasets/audios/eastern_sliced/jingju/jingju_068_000.wav,4,jingju,5,jazz,0.5468834638595581,1.4414088726043701,0.027619052678346634,0.15254701673984528,0.009818123653531075,0.016384175047278404,0.14271163940429688,0.5468834638595581,0.0011273943819105625,0.03900131955742836,0.055523063987493515,0.008384821936488152
1364,1364,datasets/audios/eastern_sliced/jingju/jingju_068_001.wav,4,jingju,1,classical,0.48299774527549744,1.4976763725280762,0.03144725039601326,0.48299774527549744,0.019105440005660057,0.033011294901371,0.059189971536397934,0.2832871079444885,0.002945970743894577,0.0369587279856205,0.03225397691130638,0.018802525475621223
1365,1365,datasets/audios/eastern_sliced/jingju/jingju_068_002.wav,4,jingju,1,classical,0.6897284984588623,1.120437502861023,0.01726868934929371,0.6897284984588623,0.00950643140822649,0.02382776327431202,0.03549737483263016,0.15816253423690796,0.0013173355255275965,0.03286246210336685,0.021629055961966515,0.010199948213994503
1366,1366,datasets/audios/eastern_sliced/jingju/jingju_068_003.wav,4,jingju,1,classical,0.4620514214038849,1.4052529335021973,0.019010432064533234,0.4620514214038849,0.014885235577821732,0.023940930142998695,0.04549171403050423,0.33782902359962463,0.0014018939109519124,0.06378573924303055,0.02114180102944374,0.010461758822202682
1367,1367,datasets/audios/eastern_sliced/jingju/jingju_068_004.wav,4,jingju,1,classical,0.5995309352874756,1.3576438426971436,0.02243483066558838,0.5995309352874756,0.011532623320817947,0.0348941907286644,0.05999002233147621,0.1774095743894577,0.0016450724797323346,0.04215458035469055,0.03898393735289574,0.011424283497035503
1368,1368,datasets/audios/eastern_sliced/jingju/jingju_069_000.wav,4,jingju,1,classical,0.8945636749267578,0.5431793332099915,0.02637833170592785,0.8945636749267578,0.002929175039753318,0.006891936995089054,0.005773484241217375,0.023474067449569702,0.0024143937043845654,0.013642274774610996,0.009170448407530785,0.014762249775230885
1369,1369,datasets/audios/eastern_sliced/jingju/jingju_069_001.wav,4,jingju,1,classical,0.9497965574264526,0.28951790928840637,0.013200994580984116,0.9497965574264526,0.0018537264550104737,0.0024999664165079594,0.0009326048311777413,0.017009705305099487,0.0012724482221528888,0.003912377171218395,0.004220202565193176,0.005301422905176878
1370,1370,datasets/audios/eastern_sliced/jingju/jingju_069_002.wav,4,jingju,1,classical,0.930379331111908,0.38596680760383606,0.018487000837922096,0.930379331111908,0.0032172203063964844,0.003988553769886494,0.0015025328611955047,0.01790481060743332,0.0025429939851164818,0.005488143768161535,0.007259987760335207,0.00922940019518137
1371,1371,datasets/audios/eastern_sliced/jingju/jingju_069_003.wav,4,jingju,1,classical,0.9218249320983887,0.40321609377861023,0.028982622548937798,0.9218249320983887,0.0014574360102415085,0.002760085044428706,0.002054044511169195,0.024529317393898964,0.001011685817502439,0.00594869302585721,0.00422697514295578,0.007204133551567793
1372,1372,datasets/audios/eastern_sliced/jingju/jingju_069_004.wav,4,jingju,1,classical,0.9545323848724365,0.2675028145313263,0.014536548405885696,0.9545323848724365,0.0011807995615527034,0.002270129509270191,0.0006702827522531152,0.007716033607721329,0.0012937176506966352,0.004700243938714266,0.0027857148088514805,0.01031418051570654
1373,1373,datasets/audios/eastern_sliced/jingju/jingju_070_000.wav,4,jingju,1,classical,0.5702537298202515,1.5624234676361084,0.02370273508131504,0.5702537298202515,0.02182731032371521,0.043584030121564865,0.04708618298172951,0.06584044545888901,0.01071370579302311,0.07943466305732727,0.09146560728549957,0.04609163478016853
1374,1374,datasets/audios/eastern_sliced/jingju/jingju_070_001.wav,4,jingju,1,classical,0.5410204529762268,1.5572905540466309,0.030749429017305374,0.5410204529762268,0.02082269825041294,0.03229854255914688,0.060179632157087326,0.06109129264950752,0.004495235159993172,0.06464660167694092,0.1597239077091217,0.024972181767225266
1375,1375,datasets/audios/eastern_sliced/jingju/jingju_070_002.wav,4,jingju,1,classical,0.6722793579101562,1.3089278936386108,0.031559500843286514,0.6722793579101562,0.027212204411625862,0.04504505172371864,0.026432951912283897,0.05641859024763107,0.0051514385268092155,0.03714051470160484,0.07077043503522873,0.027990015223622322
1376,1376,datasets/audios/eastern_sliced/jingju/jingju_070_003.wav,4,jingju,1,classical,0.5583699941635132,1.5581778287887573,0.040528587996959686,0.5583699941635132,0.024047760292887688,0.02969207428395748,0.05434083566069603,0.06812869012355804,0.005265696439892054,0.0707486942410469,0.12288015335798264,0.025997500866651535
1377,1377,datasets/audios/eastern_sliced/jingju/jingju_070_004.wav,4,jingju,1,classical,0.3104037940502167,1.7619162797927856,0.03738659992814064,0.3104037940502167,0.011806790716946125,0.03886178880929947,0.21158000826835632,0.06494732946157455,0.004200347699224949,0.0406864732503891,0.2563561499118805,0.02377069741487503
1378,1378,datasets/audios/eastern_sliced/jingju/jingju_071_000.wav,4,jingju,1,classical,0.828166663646698,0.8114316463470459,0.013853026553988457,0.828166663646698,0.005993285682052374,0.0263497456908226,0.011488845571875572,0.035587962716817856,0.006052897311747074,0.027581436559557915,0.017778562381863594,0.027147579938173294
1379,1379,datasets/audios/eastern_sliced/jingju/jingju_071_001.wav,4,jingju,1,classical,0.794321596622467,0.9183921813964844,0.031200429424643517,0.794321596622467,0.012744986452162266,0.021951528266072273,0.011554312892258167,0.02870764583349228,0.003332114778459072,0.05875857174396515,0.017707694321870804,0.019721079617738724
1380,1380,datasets/audios/eastern_sliced/jingju/jingju_071_002.wav,4,jingju,1,classical,0.837394118309021,0.7453058362007141,0.018631504848599434,0.837394118309021,0.01032901369035244,0.01679881289601326,0.005512096453458071,0.02229285053908825,0.0024670010898262262,0.062348052859306335,0.0077631124295294285,0.016463441774249077
1381,1381,datasets/audios/eastern_sliced/jingju/jingju_071_003.wav,4,jingju,1,classical,0.8603383898735046,0.6820905804634094,0.03241969645023346,0.8603383898735046,0.00577896973118186,0.012708381749689579,0.00973972026258707,0.027311578392982483,0.001746241468936205,0.02486290968954563,0.012924819253385067,0.012169240042567253
1382,1382,datasets/audios/eastern_sliced/jingju/jingju_071_004.wav,4,jingju,1,classical,0.35765111446380615,1.8330320119857788,0.0632237046957016,0.35765111446380615,0.013641486875712872,0.050802506506443024,0.19599001109600067,0.07293078303337097,0.003485378110781312,0.16325218975543976,0.04411828890442848,0.03490452468395233
1383,1383,datasets/audios/eastern_sliced/jingju/jingju_072_000.wav,4,jingju,1,classical,0.7733285427093506,0.980348527431488,0.04650697484612465,0.7733285427093506,0.014846221543848515,0.04006791487336159,0.006440386176109314,0.036917828023433685,0.003318541683256626,0.04359275475144386,0.009417413733899593,0.025563308969140053
1384,1384,datasets/audios/eastern_sliced/jingju/jingju_072_001.wav,4,jingju,1,classical,0.8771762847900391,0.6043645143508911,0.008408645167946815,0.8771762847900391,0.004839233122766018,0.04135555401444435,0.00616004504263401,0.01686517708003521,0.001677198801189661,0.017637981101870537,0.006875117775052786,0.01900477148592472
1385,1385,datasets/audios/eastern_sliced/jingju/jingju_072_002.wav,4,jingju,1,classical,0.8677476644515991,0.6570312976837158,0.019095828756690025,0.8677476644515991,0.010404652915894985,0.031208444386720657,0.0053763622418046,0.013851750642061234,0.0024269218556582928,0.013340886682271957,0.010736949741840363,0.025810500606894493
1386,1386,datasets/audios/eastern_sliced/jingju/jingju_072_003.wav,4,jingju,1,classical,0.8753364086151123,0.6163884401321411,0.014494829811155796,0.8753364086151123,0.008475437760353088,0.01829216443002224,0.0030147593934088945,0.017985951155424118,0.0024097072891891003,0.037470970302820206,0.005111936014145613,0.01740778423845768
1387,1387,datasets/audios/eastern_sliced/jingju/jingju_072_004.wav,4,jingju,1,classical,0.8939827084541321,0.5542154908180237,0.013631847687065601,0.8939827084541321,0.007837093435227871,0.025400832295417786,0.005486828275024891,0.014544396661221981,0.0016822252655401826,0.009231272153556347,0.012932970188558102,0.015269966796040535
1388,1388,datasets/audios/eastern_sliced/jingju/jingju_073_000.wav,4,jingju,4,hiphop,0.5535075068473816,1.3379530906677246,0.017271386459469795,0.024829471483826637,0.012092563323676586,0.029143840074539185,0.5535075068473816,0.011131323873996735,0.0048410422168672085,0.26323020458221436,0.035116955637931824,0.04883573204278946
1389,1389,datasets/audios/eastern_sliced/jingju/jingju_073_001.wav,4,jingju,7,pop,0.7292507290840149,1.0676008462905884,0.007921813055872917,0.04028293862938881,0.0306636244058609,0.021225107833743095,0.11110378801822662,0.011408830061554909,0.002108271000906825,0.7292507290840149,0.018849847838282585,0.027185099199414253
1390,1390,datasets/audios/eastern_sliced/jingju/jingju_073_002.wav,4,jingju,7,pop,0.7394098043441772,1.0368179082870483,0.0071497331373393536,0.040772806853055954,0.024497052654623985,0.02112657204270363,0.10775785893201828,0.010926944203674793,0.0021972274407744408,0.7394098043441772,0.017432086169719696,0.028729882091283798
1391,1391,datasets/audios/eastern_sliced/jingju/jingju_073_003.wav,4,jingju,7,pop,0.6776952743530273,1.1994364261627197,0.010288551449775696,0.04178474470973015,0.03193731606006622,0.025996794924139977,0.13805358111858368,0.013519623316824436,0.002670746296644211,0.6776952743530273,0.02200303226709366,0.03605036810040474
1392,1392,datasets/audios/eastern_sliced/jingju/jingju_074_000.wav,4,jingju,1,classical,0.618435800075531,1.4191440343856812,0.02621481567621231,0.618435800075531,0.020246941596269608,0.09714624285697937,0.020204246044158936,0.0463251918554306,0.009480344131588936,0.07111285626888275,0.021618345752358437,0.06921520084142685
1393,1393,datasets/audios/eastern_sliced/jingju/jingju_074_001.wav,4,jingju,1,classical,0.5725477933883667,1.542556881904602,0.03230702131986618,0.5725477933883667,0.03770150989294052,0.09180199354887009,0.018491139635443687,0.051264312118291855,0.010778328403830528,0.07222819328308105,0.024146514013409615,0.08873327076435089
1394,1394,datasets/audios/eastern_sliced/jingju/jingju_074_002.wav,4,jingju,1,classical,0.7449758648872375,1.0649629831314087,0.011320067569613457,0.7449758648872375,0.01942777819931507,0.06056332215666771,0.009971246123313904,0.0363139845430851,0.0056164744310081005,0.049934275448322296,0.012572269886732101,0.049304716289043427
1395,1395,datasets/audios/eastern_sliced/jingju/jingju_074_003.wav,4,jingju,1,classical,0.7214909195899963,1.1547867059707642,0.024780364707112312,0.7214909195899963,0.009683679789304733,0.03396094962954521,0.016251197084784508,0.04443715512752533,0.010570785962045193,0.060040026903152466,0.020705608651041985,0.05807928368449211
1396,1396,datasets/audios/eastern_sliced/jingju/jingju_074_004.wav,4,jingju,1,classical,0.645114541053772,1.3063514232635498,0.028572358191013336,0.645114541053772,0.008151158690452576,0.03629087656736374,0.015559349209070206,0.019767634570598602,0.027960823848843575,0.06476280093193054,0.01768886111676693,0.13613158464431763
1397,1397,datasets/audios/eastern_sliced/jingju/jingju_075_000.wav,4,jingju,1,classical,0.7049309015274048,1.2059476375579834,0.013874290511012077,0.7049309015274048,0.01789206825196743,0.041391897946596146,0.025640089064836502,0.024343976750969887,0.009975554421544075,0.03571005538105965,0.052472300827503204,0.07376886159181595
1398,1398,datasets/audios/eastern_sliced/jingju/jingju_075_001.wav,4,jingju,1,classical,0.7065320611000061,1.1593714952468872,0.010934490710496902,0.7065320611000061,0.018515881150960922,0.08937881886959076,0.014135122299194336,0.030436363071203232,0.005459953099489212,0.06744448095560074,0.01662398688495159,0.04053878039121628
1399,1399,datasets/audios/eastern_sliced/jingju/jingju_075_002.wav,4,jingju,1,classical,0.5747576355934143,1.5293034315109253,0.022617053240537643,0.5747576355934143,0.0356808602809906,0.11383967101573944,0.031992107629776,0.04708385840058327,0.008353618904948235,0.08536017686128616,0.028820814564824104,0.05149414390325546
1400,1400,datasets/audios/eastern_sliced/jingju/jingju_075_003.wav,4,jingju,1,classical,0.5935460925102234,1.4982562065124512,0.022670801728963852,0.5935460925102234,0.035235654562711716,0.10075914114713669,0.030042653903365135,0.052329566329717636,0.008556213229894638,0.07534164190292358,0.03083527833223343,0.050682902336120605
1401,1401,datasets/audios/eastern_sliced/jingju/jingju_075_004.wav,4,jingju,1,classical,0.5307868719100952,1.6212742328643799,0.042677052319049835,0.5307868719100952,0.03895367681980133,0.04023082181811333,0.05083179473876953,0.06231554597616196,0.011379951611161232,0.02016419544816017,0.14889949560165405,0.05376052483916283
1402,1402,datasets/audios/eastern_sliced/jingju/jingju_076_000.wav,4,jingju,1,classical,0.7408411502838135,1.0795538425445557,0.021647555753588676,0.7408411502838135,0.015069517306983471,0.038791052997112274,0.011084826663136482,0.07776226848363876,0.007368895225226879,0.03669899329543114,0.012070975266397,0.0386647954583168
1403,1403,datasets/audios/eastern_sliced/jingju/jingju_076_001.wav,4,jingju,1,classical,0.5957847833633423,1.5067548751831055,0.05746445432305336,0.5957847833633423,0.02425423078238964,0.04854264482855797,0.026619326323270798,0.06162083521485329,0.013686501421034336,0.05993345379829407,0.022370610386133194,0.08972318470478058
1404,1404,datasets/audios/eastern_sliced/jingju/jingju_076_002.wav,4,jingju,1,classical,0.6975243091583252,1.19904363155365,0.04241689294576645,0.6975243091583252,0.013118675909936428,0.0376109778881073,0.01565215364098549,0.0891387015581131,0.005993855185806751,0.054642386734485626,0.012466167099773884,0.03143589571118355
1405,1405,datasets/audios/eastern_sliced/jingju/jingju_076_003.wav,4,jingju,1,classical,0.7532553672790527,1.056793212890625,0.03909672051668167,0.7532553672790527,0.021213773638010025,0.04416073113679886,0.007773029617965221,0.02853739820420742,0.006879594177007675,0.04354371875524521,0.010266394354403019,0.04527328163385391
1406,1406,datasets/audios/eastern_sliced/jingju/jingju_076_004.wav,4,jingju,1,classical,0.8160439729690552,0.8572450876235962,0.021138407289981842,0.8160439729690552,0.017890991643071175,0.02723582461476326,0.006453155539929867,0.027357768267393112,0.006347581744194031,0.026657188311219215,0.012570610269904137,0.03830453008413315
1407,1407,datasets/audios/eastern_sliced/jingju/jingju_077_000.wav,4,jingju,1,classical,0.8385457396507263,0.7801506519317627,0.016404487192630768,0.8385457396507263,0.019919496029615402,0.031245410442352295,0.010759338736534119,0.021395377814769745,0.002683756873011589,0.019138077273964882,0.02107103541493416,0.018837330862879753
1408,1408,datasets/audios/eastern_sliced/jingju/jingju_077_001.wav,4,jingju,1,classical,0.8518449664115906,0.7286556363105774,0.016474010422825813,0.8518449664115906,0.014887407422065735,0.026128418743610382,0.009503547102212906,0.025904957205057144,0.0024291519075632095,0.018833572044968605,0.01918960176408291,0.014804392121732235
1409,1409,datasets/audios/eastern_sliced/jingju/jingju_077_002.wav,4,jingju,1,classical,0.8417431712150574,0.7616839408874512,0.012431902810931206,0.8417431712150574,0.013772967271506786,0.03288755565881729,0.012125389650464058,0.029110247269272804,0.002016688697040081,0.020670762285590172,0.021064747124910355,0.014176556840538979
1410,1410,datasets/audios/eastern_sliced/jingju/jingju_077_003.wav,4,jingju,1,classical,0.8731461763381958,0.6192386150360107,0.009312145411968231,0.8731461763381958,0.004951857030391693,0.010980303399264812,0.009167456068098545,0.04563436284661293,0.0017660523299127817,0.022705769166350365,0.011031445115804672,0.011304372921586037
1411,1411,datasets/audios/eastern_sliced/jingju/jingju_077_004.wav,4,jingju,1,classical,0.7898654341697693,0.9515605568885803,0.016674472019076347,0.7898654341697693,0.01222449541091919,0.02831277623772621,0.028834834694862366,0.035255685448646545,0.0035353410057723522,0.036164503544569016,0.026045070961117744,0.023087432608008385
1412,1412,datasets/audios/eastern_sliced/jingju/jingju_078_000.wav,4,jingju,7,pop,0.3963612914085388,1.5847892761230469,0.015803616493940353,0.3361677825450897,0.01766803115606308,0.05643269047141075,0.038392093032598495,0.07709314674139023,0.008303346112370491,0.3963612914085388,0.01600169949233532,0.03777623176574707
1413,1413,datasets/audios/eastern_sliced/jingju/jingju_078_001.wav,4,jingju,1,classical,0.7797067165374756,0.9311550855636597,0.014387136325240135,0.7797067165374756,0.011208807118237019,0.02446124702692032,0.0047511751763522625,0.037247929722070694,0.006522628478705883,0.08237627893686295,0.009105755016207695,0.030232364311814308
1414,1414,datasets/audios/eastern_sliced/jingju/jingju_078_002.wav,4,jingju,1,classical,0.7631879448890686,0.9587446451187134,0.014702578075230122,0.7631879448890686,0.009803554974496365,0.023975638672709465,0.004794609267264605,0.03916992247104645,0.005825908854603767,0.10198058933019638,0.008144479244947433,0.02841472625732422
1415,1415,datasets/audios/eastern_sliced/jingju/jingju_078_003.wav,4,jingju,1,classical,0.5644619464874268,1.23854398727417,0.014364336617290974,0.5644619464874268,0.011790139600634575,0.028704380616545677,0.007370517123490572,0.03691211715340614,0.005970719736069441,0.2881447374820709,0.00744581175968051,0.03483523055911064
1416,1416,datasets/audios/eastern_sliced/jingju/jingju_078_004.wav,4,jingju,4,hiphop,0.20417629182338715,2.026819944381714,0.1936582326889038,0.09480234235525131,0.015730779618024826,0.02383648045361042,0.20417629182338715,0.15393921732902527,0.01894282177090645,0.03545026108622551,0.1543419510126114,0.10512160509824753
1417,1417,datasets/audios/eastern_sliced/jingju/jingju_079_000.wav,4,jingju,1,classical,0.6272925734519958,1.3009229898452759,0.022620921954512596,0.6272925734519958,0.03217694163322449,0.029477592557668686,0.0063456580974161625,0.0221254862844944,0.012156150303781033,0.16757544875144958,0.0135502303019166,0.06667906045913696
1418,1418,datasets/audios/eastern_sliced/jingju/jingju_079_001.wav,4,jingju,1,classical,0.888530433177948,0.5737805366516113,0.012732762843370438,0.888530433177948,0.017647355794906616,0.0168899018317461,0.0017819908680394292,0.010032611899077892,0.003997358959168196,0.01586924120783806,0.006561826448887587,0.025956524536013603
1419,1419,datasets/audios/eastern_sliced/jingju/jingju_079_002.wav,4,jingju,1,classical,0.8683054447174072,0.6623011827468872,0.01777450181543827,0.8683054447174072,0.011369382962584496,0.019266486167907715,0.005990104749798775,0.02123078517615795,0.0036611012183129787,0.02572142705321312,0.009293338283896446,0.01738746091723442
1420,1420,datasets/audios/eastern_sliced/jingju/jingju_079_003.wav,4,jingju,1,classical,0.9408743381500244,0.34231194853782654,0.005427501630038023,0.9408743381500244,0.004472053609788418,0.007553691044449806,0.0011388575658202171,0.013721263967454433,0.00233911513350904,0.011964892037212849,0.003155791200697422,0.009352538734674454
1421,1421,datasets/audios/eastern_sliced/jingju/jingju_079_004.wav,4,jingju,1,classical,0.8715870380401611,0.6361457705497742,0.010184671729803085,0.8715870380401611,0.0056269243359565735,0.018837211653590202,0.007557631470263004,0.028493864461779594,0.003188961185514927,0.03149154409766197,0.006073569878935814,0.016958564519882202
1422,1422,datasets/audios/eastern_sliced/jingju/jingju_080_000.wav,4,jingju,1,classical,0.4466902017593384,1.7429214715957642,0.022374898195266724,0.4466902017593384,0.010374803096055984,0.11902302503585815,0.1098826676607132,0.0379558727145195,0.013997357338666916,0.12776514887809753,0.027676504105329514,0.08425956964492798
1423,1423,datasets/audios/eastern_sliced/jingju/jingju_080_001.wav,4,jingju,1,classical,0.7670566439628601,0.9369113445281982,0.006490208674222231,0.7670566439628601,0.008829752914607525,0.038463760167360306,0.006357003003358841,0.023986972868442535,0.005524664185941219,0.09905532002449036,0.005397038068622351,0.0388387069106102
1424,1424,datasets/audios/eastern_sliced/jingju/jingju_081_000.wav,4,jingju,1,classical,0.7614532709121704,0.9873685240745544,0.010387295857071877,0.7614532709121704,0.014507581479847431,0.043654073029756546,0.0071914298459887505,0.055921413004398346,0.0037619268987327814,0.07283501327037811,0.010970449075102806,0.01931750401854515
1425,1425,datasets/audios/eastern_sliced/jingju/jingju_081_001.wav,4,jingju,1,classical,0.7352702021598816,1.05177640914917,0.008543875999748707,0.7352702021598816,0.01616322621703148,0.050835322588682175,0.00724388100206852,0.06501665711402893,0.003646841971203685,0.08279354125261307,0.011713613756000996,0.018772952258586884
1426,1426,datasets/audios/eastern_sliced/jingju/jingju_081_002.wav,4,jingju,1,classical,0.4179546535015106,1.5944805145263672,0.019050804898142815,0.4179546535015106,0.029404902830719948,0.07591354101896286,0.02133949287235737,0.08302269876003265,0.005567798390984535,0.29898208379745483,0.013847040943801403,0.03491704538464546
1427,1427,datasets/audios/eastern_sliced/jingju/jingju_082_000.wav,4,jingju,1,classical,0.636955738067627,1.345640778541565,0.014427965506911278,0.636955738067627,0.012775247916579247,0.05553651973605156,0.041471973061561584,0.08252529054880142,0.005153369158506393,0.10109800845384598,0.02798732928931713,0.022068649530410767
1428,1428,datasets/audios/eastern_sliced/jingju/jingju_082_001.wav,4,jingju,1,classical,0.55559903383255,1.4839842319488525,0.014875954017043114,0.55559903383255,0.017086990177631378,0.05687199905514717,0.03986072912812233,0.13231708109378815,0.005203031003475189,0.13331365585327148,0.024373633787035942,0.02049788273870945
1429,1429,datasets/audios/eastern_sliced/jingju/jingju_083_000.wav,4,jingju,1,classical,0.6044886112213135,1.3119757175445557,0.006776326335966587,0.6044886112213135,0.02519087865948677,0.04537872225046158,0.007705461233854294,0.14906847476959229,0.0036711900029331446,0.118916355073452,0.007943238131701946,0.03086075745522976
1430,1430,datasets/audios/eastern_sliced/jingju/jingju_083_001.wav,4,jingju,1,classical,0.47355446219444275,1.5486512184143066,0.013452741317451,0.47355446219444275,0.016445180401206017,0.0803002342581749,0.030529184266924858,0.10775677114725113,0.004461241886019707,0.2319980263710022,0.01193059328943491,0.029571590945124626
1431,1431,datasets/audios/eastern_sliced/jingju/jingju_083_002.wav,4,jingju,1,classical,0.4440839886665344,1.4798851013183594,0.01225951686501503,0.4440839886665344,0.018189821392297745,0.06731917709112167,0.022917913272976875,0.06473498791456223,0.004767366219311953,0.32361456751823425,0.010092888958752155,0.03201984241604805
1432,1432,datasets/audios/eastern_sliced/jingju/jingju_083_003.wav,4,jingju,1,classical,0.415753573179245,1.5524684190750122,0.010763420723378658,0.415753573179245,0.023817142471671104,0.07812529057264328,0.02675711363554001,0.06636448949575424,0.005240222439169884,0.3212496042251587,0.011773609556257725,0.04015563800930977
1433,1433,datasets/audios/eastern_sliced/jingju/jingju_083_004.wav,4,jingju,1,classical,0.46038395166397095,1.3116568326950073,0.007411302998661995,0.46038395166397095,0.011554604396224022,0.04219907894730568,0.009354314766824245,0.06934134662151337,0.003110076067969203,0.36646074056625366,0.0045672450214624405,0.02561725489795208
1434,1434,datasets/audios/eastern_sliced/jingju/jingju_084_000.wav,4,jingju,1,classical,0.8354858756065369,0.7927966713905334,0.01926778443157673,0.8354858756065369,0.008358117192983627,0.02071571908891201,0.012658157385885715,0.014761799946427345,0.010160262696444988,0.015959445387125015,0.025985363870859146,0.03664761409163475
1435,1435,datasets/audios/eastern_sliced/jingju/jingju_084_001.wav,4,jingju,1,classical,0.8672753572463989,0.6689560413360596,0.011573709547519684,0.8672753572463989,0.00675445981323719,0.022611457854509354,0.009803244844079018,0.016440128907561302,0.005048072896897793,0.016560059040784836,0.01773707941174507,0.02619645930826664
1436,1436,datasets/audios/eastern_sliced/jingju/jingju_084_002.wav,4,jingju,1,classical,0.8847063779830933,0.5953336954116821,0.012048441916704178,0.8847063779830933,0.007218359038233757,0.011958951130509377,0.006312056444585323,0.016516318544745445,0.005123726092278957,0.008424482308328152,0.023716669529676437,0.023974718526005745
1437,1437,datasets/audios/eastern_sliced/jingju/jingju_084_003.wav,4,jingju,1,classical,0.7118040323257446,1.1678847074508667,0.028367366641759872,0.7118040323257446,0.007321469485759735,0.0218382328748703,0.03807184472680092,0.019840938970446587,0.013948020525276661,0.016327906399965286,0.07292582094669342,0.06955433636903763
1438,1438,datasets/audios/eastern_sliced/jingju/jingju_084_004.wav,4,jingju,1,classical,0.4625871479511261,1.6945713758468628,0.08571797609329224,0.4625871479511261,0.01521704625338316,0.02559811621904373,0.09877382963895798,0.039503682404756546,0.011718632653355598,0.02296791784465313,0.17900072038173676,0.05891498178243637
1439,1439,datasets/audios/eastern_sliced/jingju/jingju_085_000.wav,4,jingju,1,classical,0.7879784107208252,0.9468061923980713,0.013008576817810535,0.7879784107208252,0.03087250329554081,0.03663342818617821,0.006075793411582708,0.025500500574707985,0.006388930603861809,0.04247613996267319,0.01522850152105093,0.03583717718720436
1440,1440,datasets/audios/eastern_sliced/jingju/jingju_085_001.wav,4,jingju,1,classical,0.7032768726348877,1.2042655944824219,0.015798170119524002,0.7032768726348877,0.05221199616789818,0.06260930001735687,0.013023383915424347,0.02166406251490116,0.005359468515962362,0.05248850956559181,0.0289167333394289,0.04465143755078316
1441,1441,datasets/audios/eastern_sliced/jingju/jingju_085_002.wav,4,jingju,1,classical,0.6770213842391968,1.2539925575256348,0.012899969704449177,0.6770213842391968,0.0706143006682396,0.06655893474817276,0.010173884220421314,0.019581539556384087,0.005250686313956976,0.057072047144174576,0.02301408350467682,0.057813216000795364
1442,1442,datasets/audios/eastern_sliced/jingju/jingju_085_003.wav,4,jingju,1,classical,0.48338770866394043,1.7679349184036255,0.03679278865456581,0.48338770866394043,0.08337483555078506,0.0693679004907608,0.03926771879196167,0.040966250002384186,0.011710572987794876,0.1036800667643547,0.06291768699884415,0.06853441148996353
1443,1443,datasets/audios/eastern_sliced/jingju/jingju_086_000.wav,4,jingju,5,jazz,0.19290542602539062,2.105478286743164,0.04319000989198685,0.17979656159877777,0.04662085697054863,0.06406883895397186,0.12214918434619904,0.19290542602539062,0.012994258664548397,0.16939479112625122,0.10790062695741653,0.06097942218184471
1444,1444,datasets/audios/eastern_sliced/jingju/jingju_086_001.wav,4,jingju,7,pop,0.44095930457115173,1.735060453414917,0.014619635418057442,0.20267967879772186,0.027614818885922432,0.07147938013076782,0.07745598256587982,0.042500995099544525,0.009142599999904633,0.44095930457115173,0.05699172616004944,0.05655580386519432
1445,1445,datasets/audios/eastern_sliced/jingju/jingju_086_002.wav,4,jingju,1,classical,0.4540379047393799,1.728983998298645,0.016881108283996582,0.4540379047393799,0.03345772251486778,0.09176231920719147,0.03914107009768486,0.05629006028175354,0.01293792575597763,0.19046364724636078,0.043251797556877136,0.06177645921707153
1446,1446,datasets/audios/eastern_sliced/jingju/jingju_086_003.wav,4,jingju,1,classical,0.3450801968574524,1.7793691158294678,0.01576051115989685,0.3450801968574524,0.06677877902984619,0.056298017501831055,0.044164594262838364,0.03833840414881706,0.007303022779524326,0.30199140310287476,0.07191653549671173,0.052368614822626114
1447,1447,datasets/audios/eastern_sliced/jingju/jingju_086_004.wav,4,jingju,1,classical,0.6344843506813049,1.395151138305664,0.015409869141876698,0.6344843506813049,0.03468634560704231,0.05817847326397896,0.020922252908349037,0.048543959856033325,0.00925205647945404,0.09472660720348358,0.040362413972616196,0.04343361780047417
1448,1448,datasets/audios/eastern_sliced/jingju/jingju_087_000.wav,4,jingju,0,blues,0.34384676814079285,1.694836974143982,0.34384676814079285,0.34117650985717773,0.0757712796330452,0.0489211305975914,0.012371620163321495,0.031204668805003166,0.010953422635793686,0.019805166870355606,0.0689365342259407,0.047012995928525925
1449,1449,datasets/audios/eastern_sliced/jingju/jingju_087_001.wav,4,jingju,0,blues,0.3564707934856415,1.7087647914886475,0.3564707934856415,0.3320426940917969,0.04728991910815239,0.04729646071791649,0.022684656083583832,0.03782183676958084,0.009182763285934925,0.024832289665937424,0.0638781487941742,0.058500491082668304
1450,1450,datasets/audios/eastern_sliced/jingju/jingju_087_002.wav,4,jingju,1,classical,0.471843957901001,1.810683250427246,0.09175728261470795,0.471843957901001,0.06779566407203674,0.05780463665723801,0.029464539140462875,0.061144135892391205,0.017589671537280083,0.0804528072476387,0.05801449716091156,0.06413288414478302
1451,1451,datasets/audios/eastern_sliced/jingju/jingju_087_003.wav,4,jingju,1,classical,0.5556612610816956,1.5664888620376587,0.10973797738552094,0.5556612610816956,0.042886875569820404,0.06314536929130554,0.014962488785386086,0.02831060066819191,0.014630225487053394,0.04104413092136383,0.027149032801389694,0.10247211158275604
1452,1452,datasets/audios/eastern_sliced/jingju/jingju_087_004.wav,4,jingju,1,classical,0.4383558928966522,1.823886513710022,0.13923750817775726,0.4383558928966522,0.03426733240485191,0.054273687303066254,0.03190857544541359,0.042781442403793335,0.02303241938352585,0.07396582514047623,0.044070351868867874,0.11810702830553055
1453,1453,datasets/audios/eastern_sliced/jingju/jingju_088_000.wav,4,jingju,7,pop,0.6591415405273438,1.1958675384521484,0.015219604596495628,0.1741567850112915,0.013590808026492596,0.02123672142624855,0.027851616963744164,0.047669123858213425,0.0040471493266522884,0.6591415405273438,0.012243696488440037,0.02484280988574028
1454,1454,datasets/audios/eastern_sliced/jingju/jingju_088_001.wav,4,jingju,1,classical,0.35464227199554443,1.668776035308838,0.02643430419266224,0.35464227199554443,0.029416512697935104,0.04339343309402466,0.03616880625486374,0.11018005013465881,0.006977281998842955,0.33645281195640564,0.029733113944530487,0.02660139836370945
1455,1455,datasets/audios/eastern_sliced/jingju/jingju_088_002.wav,4,jingju,7,pop,0.5967284440994263,1.432681918144226,0.021813862025737762,0.1419287770986557,0.026172863319516182,0.02943488396704197,0.057148322463035583,0.07014866918325424,0.004811892751604319,0.5967284440994263,0.0258952509611845,0.02591700665652752
1456,1456,datasets/audios/eastern_sliced/jingju/jingju_088_003.wav,4,jingju,7,pop,0.5438146591186523,1.5638062953948975,0.02677915059030056,0.14645960927009583,0.030995162203907967,0.03244553878903389,0.0657813549041748,0.08523295074701309,0.005665156990289688,0.5438146591186523,0.034316372126340866,0.0285099595785141
1457,1457,datasets/audios/eastern_sliced/jingju/jingju_089_000.wav,4,jingju,1,classical,0.882932186126709,0.5916044116020203,0.005399523768573999,0.882932186126709,0.010534250177443027,0.017840193584561348,0.0034382527228444815,0.017153780907392502,0.0033087891060858965,0.032699644565582275,0.008883778937160969,0.017809463664889336
1458,1458,datasets/audios/eastern_sliced/jingju/jingju_089_001.wav,4,jingju,1,classical,0.9157449007034302,0.4534895122051239,0.0038640336133539677,0.9157449007034302,0.007603112142533064,0.011906290426850319,0.0020175352692604065,0.013984117656946182,0.002162519609555602,0.02355649508535862,0.006104493513703346,0.013056477531790733
1459,1459,datasets/audios/eastern_sliced/jingju/jingju_089_002.wav,4,jingju,1,classical,0.9119424819946289,0.4678335189819336,0.0034574270248413086,0.9119424819946289,0.00690474221482873,0.013577545993030071,0.0021607589442282915,0.015739696100354195,0.002054989105090499,0.025164227932691574,0.006442842073738575,0.012555279769003391
1460,1460,datasets/audios/eastern_sliced/jingju/jingju_090_000.wav,4,jingju,1,classical,0.8283295035362244,0.7935082912445068,0.00871015340089798,0.8283295035362244,0.02355314791202545,0.024429114535450935,0.004125486593693495,0.021772217005491257,0.004338490776717663,0.049306560307741165,0.009785298258066177,0.025650089606642723
1461,1461,datasets/audios/eastern_sliced/jingju/jingju_090_001.wav,4,jingju,1,classical,0.8082464337348938,0.8573519587516785,0.009191421791911125,0.8082464337348938,0.02384657971560955,0.028608137741684914,0.0054884436540305614,0.02318192459642887,0.004238764755427837,0.060708239674568176,0.010104207322001457,0.026385774835944176
1462,1462,datasets/audios/eastern_sliced/jingju/jingju_090_002.wav,4,jingju,1,classical,0.818228542804718,0.8279922008514404,0.009667226113379002,0.818228542804718,0.018685942515730858,0.028151946142315865,0.005027723032981157,0.02207576297223568,0.00532105565071106,0.054615169763565063,0.00993113312870264,0.02829558588564396
1463,1463,datasets/audios/eastern_sliced/jingju/jingju_090_003.wav,4,jingju,1,classical,0.8979610800743103,0.5301440358161926,0.006418441887944937,0.8979610800743103,0.007145466282963753,0.014209900982677937,0.0030628046952188015,0.017152778804302216,0.0035944036208093166,0.029018418863415718,0.005835308693349361,0.015601432882249355
1464,1464,datasets/audios/eastern_sliced/jingju/jingju_090_004.wav,4,jingju,1,classical,0.8750098943710327,0.6200220584869385,0.006135488394647837,0.8750098943710327,0.011833052150905132,0.021187633275985718,0.0038742253091186285,0.016053341329097748,0.0033814480993896723,0.037001319229602814,0.00708797900006175,0.018435664474964142
1465,1465,datasets/audios/eastern_sliced/jingju/jingju_091_000.wav,4,jingju,1,classical,0.3632754385471344,1.7063286304473877,0.026811283081769943,0.3632754385471344,0.024956775829195976,0.059459298849105835,0.028255166485905647,0.14218297600746155,0.008227575570344925,0.2879715859889984,0.02159665711224079,0.03726329281926155
1466,1466,datasets/audios/eastern_sliced/jingju/jingju_091_001.wav,4,jingju,1,classical,0.6149106025695801,1.3607770204544067,0.023863570764660835,0.6149106025695801,0.017473457381129265,0.04564065858721733,0.014580801129341125,0.0857962965965271,0.006510029546916485,0.14124998450279236,0.014063769951462746,0.035910774022340775
1467,1467,datasets/audios/eastern_sliced/jingju/jingju_091_002.wav,4,jingju,7,pop,0.3401096761226654,1.8618764877319336,0.03090602718293667,0.16212476789951324,0.024125270545482635,0.09967830777168274,0.09470515698194504,0.18041038513183594,0.005475633777678013,0.3401096761226654,0.019838137552142143,0.042626675218343735
1468,1468,datasets/audios/eastern_sliced/jingju/jingju_091_003.wav,4,jingju,1,classical,0.3310571014881134,1.8182353973388672,0.02675211802124977,0.3310571014881134,0.04334048926830292,0.06715819984674454,0.03244916722178459,0.24243810772895813,0.01022070087492466,0.1758018434047699,0.021317966282367706,0.04946434870362282
1469,1469,datasets/audios/eastern_sliced/jingju/jingju_091_004.wav,4,jingju,1,classical,0.47058945894241333,1.6035362482070923,0.025067662820219994,0.47058945894241333,0.0169963538646698,0.05430395528674126,0.03216487169265747,0.1124672219157219,0.006954416166990995,0.22252009809017181,0.01874583773314953,0.0401901975274086
1470,1470,datasets/audios/eastern_sliced/jingju/jingju_092_000.wav,4,jingju,1,classical,0.5732405781745911,1.5300601720809937,0.05533988028764725,0.5732405781745911,0.02560850977897644,0.060599952936172485,0.030617812648415565,0.09717138856649399,0.005879538133740425,0.0938904881477356,0.019805436953902245,0.03784654662013054
1471,1471,datasets/audios/eastern_sliced/jingju/jingju_092_001.wav,4,jingju,1,classical,0.47160500288009644,1.7488372325897217,0.06237082928419113,0.47160500288009644,0.014346681535243988,0.08572856336832047,0.07024271041154861,0.11930706351995468,0.00864759273827076,0.08444303274154663,0.02742834761738777,0.0558801032602787
1472,1472,datasets/audios/eastern_sliced/jingju/jingju_092_002.wav,4,jingju,1,classical,0.43097996711730957,1.8230191469192505,0.0720980316400528,0.43097996711730957,0.015986165031790733,0.0866260752081871,0.07772070914506912,0.12587988376617432,0.008908931165933609,0.09379388391971588,0.0283412616699934,0.059665143489837646
1473,1473,datasets/audios/eastern_sliced/jingju/jingju_093_000.wav,4,jingju,1,classical,0.5166197419166565,1.596974492073059,0.03893623501062393,0.5166197419166565,0.008302782662212849,0.07368246465921402,0.15850768983364105,0.06904132664203644,0.0043356046080589294,0.06894539296627045,0.03758104890584946,0.024047674611210823
1474,1474,datasets/audios/eastern_sliced/jingju/jingju_093_001.wav,4,jingju,1,classical,0.7112748026847839,1.1583878993988037,0.023491764441132545,0.7112748026847839,0.0052040256559848785,0.03672018647193909,0.06283550709486008,0.06833620369434357,0.003167328890413046,0.048967696726322174,0.022975903004407883,0.017026515677571297
1475,1475,datasets/audios/eastern_sliced/jingju/jingju_093_002.wav,4,jingju,1,classical,0.8259181380271912,0.8053357005119324,0.015593096613883972,0.8259181380271912,0.0035211772192269564,0.017223019152879715,0.025924477726221085,0.05035819858312607,0.0030612628906965256,0.0219288170337677,0.019436022266745567,0.017035704106092453
1476,1476,datasets/audios/eastern_sliced/jingju/jingju_093_003.wav,4,jingju,1,classical,0.7726903557777405,0.9919229745864868,0.022086968645453453,0.7726903557777405,0.00373507896438241,0.025124382227659225,0.04660677909851074,0.04762522876262665,0.004593088757246733,0.0209644865244627,0.03132561594247818,0.025247912853956223
1477,1477,datasets/audios/eastern_sliced/jingju/jingju_094_000.wav,4,jingju,1,classical,0.8428558707237244,0.7480143308639526,0.01764286868274212,0.8428558707237244,0.010244010016322136,0.01689617894589901,0.0058039226569235325,0.041066691279411316,0.003005068516358733,0.03104046918451786,0.015695111826062202,0.01574982888996601
1478,1478,datasets/audios/eastern_sliced/jingju/jingju_094_001.wav,4,jingju,1,classical,0.710220456123352,1.1698311567306519,0.0239899680018425,0.710220456123352,0.01454730425029993,0.038643404841423035,0.017957517877221107,0.07671421766281128,0.005486465059220791,0.06754009425640106,0.020640863105654716,0.024259677156805992
1479,1479,datasets/audios/eastern_sliced/jingju/jingju_095_000.wav,4,jingju,1,classical,0.6254456043243408,1.4518966674804688,0.04472174495458603,0.6254456043243408,0.03774444758892059,0.04014177620410919,0.02188722975552082,0.03807462379336357,0.011845706962049007,0.0641501396894455,0.06296172738075256,0.053027015179395676
1480,1480,datasets/audios/eastern_sliced/jingju/jingju_095_001.wav,4,jingju,1,classical,0.7295730113983154,1.1489959955215454,0.02071334607899189,0.7295730113983154,0.03348861262202263,0.04233478382229805,0.013304839842021465,0.02186029590666294,0.010068034753203392,0.050911158323287964,0.035079918801784515,0.042665984481573105
1481,1481,datasets/audios/eastern_sliced/jingju/jingju_095_002.wav,4,jingju,1,classical,0.6365709900856018,1.423657774925232,0.03303467854857445,0.6365709900856018,0.04358448088169098,0.05515587702393532,0.026523664593696594,0.02567455917596817,0.012456140480935574,0.0528942346572876,0.05516433343291283,0.05894109606742859
1482,1482,datasets/audios/eastern_sliced/jingju/jingju_095_003.wav,4,jingju,1,classical,0.7289831042289734,1.1522715091705322,0.02350749634206295,0.7289831042289734,0.03290318325161934,0.036430422216653824,0.013081232085824013,0.02152523212134838,0.01057989988476038,0.04760574921965599,0.0360344722867012,0.04934924840927124
1483,1483,datasets/audios/eastern_sliced/jingju/jingju_095_004.wav,4,jingju,1,classical,0.7165451049804688,1.1768016815185547,0.012845621444284916,0.7165451049804688,0.020976442843675613,0.049575578421354294,0.021133510395884514,0.02960105612874031,0.008283919654786587,0.0344700813293457,0.06341524422168732,0.043153442442417145
1484,1484,datasets/audios/eastern_sliced/jingju/jingju_096_000.wav,4,jingju,9,rock,0.42854371666908264,1.5654237270355225,0.030176518484950066,0.26404914259910583,0.012734944932162762,0.012706960551440716,0.012980191968381405,0.018679562956094742,0.15710966289043427,0.0443749837577343,0.01864435523748398,0.42854371666908264
1485,1485,datasets/audios/eastern_sliced/jingju/jingju_096_001.wav,4,jingju,1,classical,0.38502609729766846,1.6237213611602783,0.037938330322504044,0.38502609729766846,0.015009518712759018,0.014009402133524418,0.016520999372005463,0.0217385645955801,0.08761200308799744,0.0706997886300087,0.024988742545247078,0.3264564871788025
1486,1486,datasets/audios/eastern_sliced/jingju/jingju_096_002.wav,4,jingju,1,classical,0.5420171022415161,1.6192989349365234,0.047817036509513855,0.5420171022415161,0.024143029004335403,0.036327894777059555,0.024660306051373482,0.031387459486722946,0.042251866310834885,0.09055100381374359,0.036860086023807526,0.12398429960012436
1487,1487,datasets/audios/eastern_sliced/jingju/jingju_097_000.wav,4,jingju,1,classical,0.39701786637306213,1.5829501152038574,0.032836370170116425,0.39701786637306213,0.01129437331110239,0.014856190420687199,0.013023801147937775,0.02157946676015854,0.07572510093450546,0.09556294977664948,0.016221994534134865,0.32188183069229126
1488,1488,datasets/audios/eastern_sliced/jingju/jingju_097_001.wav,4,jingju,9,rock,0.4959569573402405,1.4526853561401367,0.017508212476968765,0.26277050375938416,0.022635668516159058,0.03211212903261185,0.006580758839845657,0.009831921197474003,0.10691216588020325,0.031657375395298004,0.014034314081072807,0.4959569573402405
1489,1489,datasets/audios/eastern_sliced/jingju/jingju_098_000.wav,4,jingju,1,classical,0.6047868132591248,1.4272817373275757,0.028170539066195488,0.6047868132591248,0.01732214353978634,0.050234586000442505,0.020961111411452293,0.044197551906108856,0.011433728039264679,0.1402304619550705,0.02484310045838356,0.05782004073262215
1490,1490,datasets/audios/eastern_sliced/jingju/jingju_098_001.wav,4,jingju,1,classical,0.3817836344242096,1.8892961740493774,0.04551643505692482,0.3817836344242096,0.06059109419584274,0.10832244902849197,0.04197356849908829,0.04293402284383774,0.012007281184196472,0.18817491829395294,0.053908322006464005,0.06478831171989441
1491,1491,datasets/audios/eastern_sliced/jingju/jingju_098_002.wav,4,jingju,1,classical,0.3615777790546417,1.8292884826660156,0.03969227522611618,0.3615777790546417,0.04708874598145485,0.11051519960165024,0.039210062474012375,0.03772258013486862,0.010252739302814007,0.2510507106781006,0.037576451897621155,0.06531346589326859
1492,1492,datasets/audios/eastern_sliced/jingju/jingju_098_003.wav,4,jingju,1,classical,0.33034661412239075,1.9528133869171143,0.06490299105644226,0.33034661412239075,0.06136032193899155,0.1187896877527237,0.05405506119132042,0.03733641281723976,0.010267811827361584,0.20427383482456207,0.048395317047834396,0.07027187943458557
1493,1493,datasets/audios/eastern_sliced/jingju/jingju_098_004.wav,4,jingju,1,classical,0.4605354070663452,1.6927478313446045,0.030796093866229057,0.4605354070663452,0.024650612846016884,0.07030810415744781,0.03422391042113304,0.04613756015896797,0.014291573315858841,0.21574364602565765,0.036353759467601776,0.06695939600467682
1494,1494,datasets/audios/eastern_sliced/jingju/jingju_099_000.wav,4,jingju,1,classical,0.5000436305999756,1.7133183479309082,0.0708538144826889,0.5000436305999756,0.03923024609684944,0.07584157586097717,0.035576265305280685,0.04183488339185715,0.01281141396611929,0.13092182576656342,0.03674297779798508,0.05614336207509041
1495,1495,datasets/audios/eastern_sliced/jingju/jingju_099_001.wav,4,jingju,1,classical,0.6055104732513428,1.4947136640548706,0.07468269020318985,0.6055104732513428,0.03851994499564171,0.06818804144859314,0.025919418781995773,0.035576820373535156,0.009276293218135834,0.05878539755940437,0.04038422554731369,0.04315666854381561
1496,1496,datasets/audios/eastern_sliced/jingju/jingju_099_002.wav,4,jingju,1,classical,0.5009872317314148,1.7266058921813965,0.0763067901134491,0.5009872317314148,0.04102296754717827,0.08081778883934021,0.03880057483911514,0.04030381888151169,0.012057602405548096,0.107770636677742,0.03953279182314873,0.06239984557032585
1497,1497,datasets/audios/eastern_sliced/jingju/jingju_099_003.wav,4,jingju,1,classical,0.4993774890899658,1.7236491441726685,0.0732741430401802,0.4993774890899658,0.04415484517812729,0.08514711260795593,0.034641068428754807,0.03677646070718765,0.012050707824528217,0.11341747641563416,0.0403192862868309,0.06084134429693222
1498,1498,datasets/audios/eastern_sliced/jingju/jingju_099_004.wav,4,jingju,1,classical,0.49559900164604187,1.727317452430725,0.06531323492527008,0.49559900164604187,0.032467275857925415,0.08619429171085358,0.04624449461698532,0.0536087229847908,0.010133965872228146,0.11888119578361511,0.03528078272938728,0.056276995688676834
1499,1499,datasets/audios/eastern_sliced/jpop/jpop_000_000.wav,5,jpop,7,pop,0.4508194327354431,1.6404931545257568,0.009600271470844746,0.037288911640644073,0.1991349756717682,0.12229051440954208,0.020390771329402924,0.01705705188214779,0.015191102400422096,0.4508194327354431,0.02275799587368965,0.10546892136335373
1500,1500,datasets/audios/eastern_sliced/jpop/jpop_000_001.wav,5,jpop,7,pop,0.4796198606491089,1.6397511959075928,0.013925783336162567,0.03621401637792587,0.08872801065444946,0.18891796469688416,0.03570346534252167,0.017001498490571976,0.01967959851026535,0.4796198606491089,0.02232532389461994,0.09788444638252258
1501,1501,datasets/audios/eastern_sliced/jpop/jpop_000_002.wav,5,jpop,7,pop,0.4399178624153137,1.639733076095581,0.008388083428144455,0.03582115098834038,0.2091968059539795,0.1208622008562088,0.020942050963640213,0.0159789826720953,0.014926739037036896,0.4399178624153137,0.020504890009760857,0.11346127837896347
1502,1502,datasets/audios/eastern_sliced/jpop/jpop_001_000.wav,5,jpop,7,pop,0.5417973399162292,1.44679856300354,0.004729400388896465,0.035663701593875885,0.14060182869434357,0.04583720117807388,0.01132449135184288,0.00667378306388855,0.028132887557148933,0.5417973399162292,0.016843169927597046,0.1683962047100067
1503,1503,datasets/audios/eastern_sliced/jpop/jpop_001_001.wav,5,jpop,2,country,0.5700803399085999,1.348310112953186,0.008068704046308994,0.006028082687407732,0.5700803399085999,0.01315801590681076,0.03352038934826851,0.012031774036586285,0.005607460625469685,0.19683074951171875,0.04897060990333557,0.10570389032363892
1504,1504,datasets/audios/eastern_sliced/jpop/jpop_001_002.wav,5,jpop,7,pop,0.6803037524223328,1.180182933807373,0.006062827073037624,0.018963076174259186,0.07506165653467178,0.024293020367622375,0.03474866971373558,0.00735066132619977,0.009232082404196262,0.6803037524223328,0.01693052053451538,0.12705379724502563
1505,1505,datasets/audios/eastern_sliced/jpop/jpop_002_000.wav,5,jpop,7,pop,0.43914487957954407,1.6103242635726929,0.0351213701069355,0.0224283616989851,0.027371743693947792,0.02781776897609234,0.2859784662723541,0.03113371692597866,0.013059810735285282,0.43914487957954407,0.03683079406619072,0.08111308515071869
1506,1506,datasets/audios/eastern_sliced/jpop/jpop_002_001.wav,5,jpop,7,pop,0.47677770256996155,1.5102293491363525,0.016607383266091347,0.015680382028222084,0.026427244767546654,0.03414301574230194,0.2520708739757538,0.017385417595505714,0.013576861470937729,0.47677770256996155,0.01775166019797325,0.12957942485809326
1507,1507,datasets/audios/eastern_sliced/jpop/jpop_002_002.wav,5,jpop,7,pop,0.701412558555603,1.130001425743103,0.009919500909745693,0.013287242501974106,0.02912573702633381,0.021644534543156624,0.13224977254867554,0.014764665625989437,0.004700853955000639,0.701412558555603,0.02405547723174095,0.048839643597602844
1508,1508,datasets/audios/eastern_sliced/jpop/jpop_003_000.wav,5,jpop,7,pop,0.6642873883247375,1.1641011238098145,0.0066041527315974236,0.011351927183568478,0.05097145214676857,0.16486404836177826,0.01640988141298294,0.005242736544460058,0.01904202811419964,0.6642873883247375,0.005315528251230717,0.055910833179950714
1509,1509,datasets/audios/eastern_sliced/jpop/jpop_003_001.wav,5,jpop,7,pop,0.6215286254882812,1.2735474109649658,0.007694299798458815,0.015473099425435066,0.05079339072108269,0.18007470667362213,0.018929317593574524,0.006946870591491461,0.024758758023381233,0.6215286254882812,0.006669396068900824,0.06713145971298218
1510,1510,datasets/audios/eastern_sliced/jpop/jpop_003_002.wav,5,jpop,3,disco,0.41621240973472595,1.4629065990447998,0.007330191321671009,0.028464291244745255,0.06488702446222305,0.41621240973472595,0.010450631380081177,0.011888377368450165,0.02182294800877571,0.35362908244132996,0.006048818584531546,0.07926615327596664
1511,1511,datasets/audios/eastern_sliced/jpop/jpop_004_000.wav,5,jpop,7,pop,0.7905035018920898,0.939965009689331,0.01565241627395153,0.020815540105104446,0.027357688173651695,0.049107134342193604,0.03932986408472061,0.013158287853002548,0.007122042588889599,0.7905035018920898,0.009140629321336746,0.027812927961349487
1512,1512,datasets/audios/eastern_sliced/jpop/jpop_004_001.wav,5,jpop,7,pop,0.9023840427398682,0.5116684436798096,0.003942140843719244,0.010776706039905548,0.02396005019545555,0.013942521996796131,0.012943428009748459,0.005973282270133495,0.00212780199944973,0.9023840427398682,0.0035415005404502153,0.020408539101481438
1513,1513,datasets/audios/eastern_sliced/jpop/jpop_004_002.wav,5,jpop,7,pop,0.8672425150871277,0.6584805846214294,0.007171907462179661,0.0180459413677454,0.028508679941296577,0.01888134703040123,0.015257355757057667,0.009357526898384094,0.0032379175536334515,0.8672425150871277,0.0049047707580029964,0.027392130345106125
1514,1514,datasets/audios/eastern_sliced/jpop/jpop_005_000.wav,5,jpop,7,pop,0.4781033396720886,1.5341508388519287,0.022284477949142456,0.012031526304781437,0.03763808310031891,0.060389868915081024,0.27620330452919006,0.031873904168605804,0.013241664506494999,0.4781033396720886,0.04332417622208595,0.024909695610404015
1515,1515,datasets/audios/eastern_sliced/jpop/jpop_005_001.wav,5,jpop,7,pop,0.5214671492576599,1.574126124382019,0.013739923015236855,0.011996769346296787,0.10658545047044754,0.07735802233219147,0.14375345408916473,0.025662444531917572,0.00993913784623146,0.5214671492576599,0.023328615352511406,0.06616900861263275
1516,1516,datasets/audios/eastern_sliced/jpop/jpop_005_002.wav,5,jpop,7,pop,0.5706332921981812,1.472694754600525,0.012659098953008652,0.00987960398197174,0.09969344735145569,0.07959269732236862,0.11364827305078506,0.018852801993489265,0.010476386174559593,0.5706332921981812,0.01645740307867527,0.06810697913169861
1517,1517,datasets/audios/eastern_sliced/jpop/jpop_006_000.wav,5,jpop,7,pop,0.9791754484176636,0.13590621948242188,0.0004612071788869798,0.0006767527665942907,0.004175380803644657,0.007517839781939983,0.0032681336160749197,0.0005115542444400489,0.00011511413322295994,0.9791754484176636,0.0002797893830575049,0.0038187734317034483
1518,1518,datasets/audios/eastern_sliced/jpop/jpop_006_001.wav,5,jpop,7,pop,0.986042320728302,0.09313322603702545,0.0001670786296017468,0.0002985485771205276,0.0023450572043657303,0.006991653237491846,0.0013532452285289764,0.0001481423678342253,3.919834125554189e-05,0.986042320728302,6.526677316287532e-05,0.0025495404843240976
1519,1519,datasets/audios/eastern_sliced/jpop/jpop_006_002.wav,5,jpop,7,pop,0.9718895554542542,0.1722370833158493,0.0006523721967823803,0.0010439363541081548,0.006306164897978306,0.01086726225912571,0.002184880431741476,0.0003183145890943706,0.00017890789604280144,0.9718895554542542,0.00023773162683937699,0.006320843938738108
1520,1520,datasets/audios/eastern_sliced/jpop/jpop_007_000.wav,5,jpop,7,pop,0.6710613369941711,1.1335642337799072,0.004626626148819923,0.027180524542927742,0.06625944375991821,0.13971546292304993,0.005471381358802319,0.0060332538560032845,0.00307607464492321,0.6710613369941711,0.0035318259615451097,0.07304418087005615
1521,1521,datasets/audios/eastern_sliced/jpop/jpop_007_001.wav,5,jpop,7,pop,0.8192864060401917,0.8375294804573059,0.017001798376441002,0.022681178525090218,0.014763977378606796,0.03202622011303902,0.019546402618288994,0.041992347687482834,0.0019203736446797848,0.8192864060401917,0.007809089962393045,0.02297225035727024
1522,1522,datasets/audios/eastern_sliced/jpop/jpop_007_002.wav,5,jpop,7,pop,0.921897292137146,0.43162789940834045,0.005114949308335781,0.00780643243342638,0.009201295673847198,0.017579110339283943,0.011257242411375046,0.011058367788791656,0.0008104564622044563,0.921897292137146,0.0030596049036830664,0.012215308845043182
1523,1523,datasets/audios/eastern_sliced/jpop/jpop_008_000.wav,5,jpop,7,pop,0.5389618277549744,1.502040147781372,0.01856807991862297,0.023847725242376328,0.09855898469686508,0.1784069836139679,0.0395062081515789,0.00987154245376587,0.01449226401746273,0.5389618277549744,0.013984352350234985,0.06380205601453781
1524,1524,datasets/audios/eastern_sliced/jpop/jpop_008_001.wav,5,jpop,7,pop,0.42833277583122253,1.663952350616455,0.016742868348956108,0.02387065254151821,0.09578575938940048,0.25282400846481323,0.061418432742357254,0.015038127079606056,0.020653249695897102,0.42833277583122253,0.019772488623857498,0.06556165963411331
1525,1525,datasets/audios/eastern_sliced/jpop/jpop_008_002.wav,5,jpop,3,disco,0.35629725456237793,1.602134108543396,0.01283495407551527,0.01280424278229475,0.0913500040769577,0.35629725456237793,0.07632151991128922,0.016147227957844734,0.012749295681715012,0.35438498854637146,0.015784049406647682,0.05132637172937393
1526,1526,datasets/audios/eastern_sliced/jpop/jpop_009_000.wav,5,jpop,2,country,0.1935528963804245,2.071563243865967,0.033375389873981476,0.04550369828939438,0.1935528963804245,0.15615977346897125,0.023965178057551384,0.018413547426462173,0.10486944019794464,0.1866523176431656,0.08599921315908432,0.15150858461856842
1527,1527,datasets/audios/eastern_sliced/jpop/jpop_009_001.wav,5,jpop,2,country,0.3363034427165985,1.8698620796203613,0.027223503217101097,0.037114690989255905,0.3363034427165985,0.14363357424736023,0.007895593531429768,0.012181703001260757,0.09034557640552521,0.06747061014175415,0.07057613879442215,0.20725511014461517
1528,1528,datasets/audios/eastern_sliced/jpop/jpop_009_002.wav,5,jpop,2,country,0.3906551003456116,1.8602946996688843,0.038894202560186386,0.04191809892654419,0.3906551003456116,0.16612662374973297,0.011251724325120449,0.015568711794912815,0.04928349703550339,0.09782735258340836,0.08698168396949768,0.1014929786324501
1529,1529,datasets/audios/eastern_sliced/jpop/jpop_010_000.wav,5,jpop,7,pop,0.9246864914894104,0.4022313356399536,0.0031586370896548033,0.0022049483377486467,0.017927292734384537,0.007701679598540068,0.026690147817134857,0.00334589253179729,0.0013127693673595786,0.9246864914894104,0.0036677573807537556,0.00930433627218008
1530,1530,datasets/audios/eastern_sliced/jpop/jpop_010_001.wav,5,jpop,7,pop,0.7089580297470093,1.125270962715149,0.012141716666519642,0.005758861545473337,0.07568742334842682,0.025497259572148323,0.10153338313102722,0.007546472828835249,0.014919876120984554,0.7089580297470093,0.017970670014619827,0.02998640388250351
1531,1531,datasets/audios/eastern_sliced/jpop/jpop_010_002.wav,5,jpop,7,pop,0.6476904153823853,1.27094304561615,0.012562655843794346,0.014076929539442062,0.12834563851356506,0.09208809584379196,0.02554057352244854,0.008077663369476795,0.016393233090639114,0.6476904153823853,0.014277087524533272,0.040947649627923965
1532,1532,datasets/audios/eastern_sliced/jpop/jpop_011_000.wav,5,jpop,7,pop,0.9807056784629822,0.12732774019241333,0.0005136197432875633,0.0006308972951956093,0.00759208993986249,0.0023725712671875954,0.0036546753253787756,0.00046863072202540934,0.00013062756625004113,0.9807056784629822,0.00037790858186781406,0.003553330432623625
1533,1533,datasets/audios/eastern_sliced/jpop/jpop_011_001.wav,5,jpop,7,pop,0.8800803422927856,0.5269607305526733,0.0027888682670891285,0.0035998958628624678,0.0730750784277916,0.010225791484117508,0.006786528509110212,0.0018363320268690586,0.0009513999102637172,0.8800803422927856,0.0024982402101159096,0.018157552927732468
1534,1534,datasets/audios/eastern_sliced/jpop/jpop_011_002.wav,5,jpop,7,pop,0.8570088148117065,0.6218929290771484,0.00377468834631145,0.004900823812931776,0.07777170091867447,0.017943181097507477,0.009725505486130714,0.002661599777638912,0.0014509836910292506,0.8570088148117065,0.0033711004070937634,0.021391578018665314
1535,1535,datasets/audios/eastern_sliced/jpop/jpop_012_000.wav,5,jpop,7,pop,0.9576345086097717,0.25127384066581726,0.0010824283817782998,0.0020186679903417826,0.005842794664204121,0.012983647175133228,0.008425278589129448,0.0010918849147856236,0.0010257739340886474,0.9576345086097717,0.0009061293676495552,0.008988969959318638
1536,1536,datasets/audios/eastern_sliced/jpop/jpop_012_001.wav,5,jpop,7,pop,0.9625388383865356,0.22056470811367035,0.0007793802651576698,0.0013333579991012812,0.0028921719640493393,0.011618342250585556,0.013720742426812649,0.0009692746680229902,0.00042624931666068733,0.9625388383865356,0.0008009308367036283,0.004920761566609144
1537,1537,datasets/audios/eastern_sliced/jpop/jpop_012_002.wav,5,jpop,7,pop,0.9223150014877319,0.36821576952934265,0.00108222512062639,0.0008977482211776078,0.003938707523047924,0.013310245238244534,0.049110665917396545,0.00116164016071707,0.0004423924838192761,0.9223150014877319,0.0014542349381372333,0.006287176627665758
1538,1538,datasets/audios/eastern_sliced/jpop/jpop_013_000.wav,5,jpop,7,pop,0.956990659236908,0.25481468439102173,0.0011955430964007974,0.001513114431872964,0.011502306908369064,0.008337445557117462,0.008593294769525528,0.0009266898268833756,0.000904797634575516,0.956990659236908,0.001228960114531219,0.008807084523141384
1539,1539,datasets/audios/eastern_sliced/jpop/jpop_013_001.wav,5,jpop,7,pop,0.3057442903518677,1.9892127513885498,0.032217029482126236,0.020103836432099342,0.12850074470043182,0.10317375510931015,0.1176685020327568,0.026583341881632805,0.03880520537495613,0.3057442903518677,0.16956505179405212,0.0576382651925087
1540,1540,datasets/audios/eastern_sliced/jpop/jpop_013_002.wav,5,jpop,7,pop,0.9763984084129333,0.14948658645153046,0.00042630001553334296,0.000324221357004717,0.007683612406253815,0.004391733556985855,0.007077766582369804,0.0003045222838409245,0.0002161636366508901,0.9763984084129333,0.0005101581336930394,0.0026671094819903374
1541,1541,datasets/audios/eastern_sliced/jpop/jpop_014_000.wav,5,jpop,7,pop,0.3415347635746002,1.7798941135406494,0.0305723138153553,0.01669299602508545,0.10199842602014542,0.2794833481311798,0.050994034856557846,0.016960889101028442,0.009383825585246086,0.3415347635746002,0.10083837062120438,0.05154106393456459
1542,1542,datasets/audios/eastern_sliced/jpop/jpop_014_001.wav,5,jpop,2,country,0.21248377859592438,2.027312994003296,0.06768662482500076,0.017112135887145996,0.21248377859592438,0.1475110799074173,0.07908238470554352,0.026988402009010315,0.01353240106254816,0.21024103462696075,0.14949077367782593,0.07587138563394547
1543,1543,datasets/audios/eastern_sliced/jpop/jpop_014_002.wav,5,jpop,9,rock,0.21063648164272308,2.0347323417663574,0.037580106407403946,0.0924190953373909,0.20599111914634705,0.19000568985939026,0.03188599646091461,0.02519134432077408,0.019512055441737175,0.09455760568380356,0.09222055226564407,0.21063648164272308
1544,1544,datasets/audios/eastern_sliced/jpop/jpop_015_000.wav,5,jpop,7,pop,0.8954447507858276,0.46215277910232544,0.00103483977727592,0.0013293385272845626,0.022381730377674103,0.062337327748537064,0.004674182739108801,0.0008850736194290221,0.0005789058632217348,0.8954447507858276,0.0008096707751974463,0.010524150915443897
1545,1545,datasets/audios/eastern_sliced/jpop/jpop_015_001.wav,5,jpop,7,pop,0.7534564137458801,0.9019184708595276,0.0034216430503875017,0.0033344451803714037,0.06614376604557037,0.1209862232208252,0.010383576154708862,0.0036557891871780157,0.0028473148122429848,0.7534564137458801,0.0034016920253634453,0.03236920014023781
1546,1546,datasets/audios/eastern_sliced/jpop/jpop_015_002.wav,5,jpop,7,pop,0.5384158492088318,1.3640429973602295,0.009325375780463219,0.006330019328743219,0.1327439397573471,0.21473713219165802,0.018220558762550354,0.009605863131582737,0.006477694027125835,0.5384158492088318,0.011547653004527092,0.0525958389043808
1547,1547,datasets/audios/eastern_sliced/jpop/jpop_016_000.wav,5,jpop,7,pop,0.4338769018650055,1.6165962219238281,0.0085798604413867,0.03503682464361191,0.12350063771009445,0.18108905851840973,0.012618510983884335,0.015285440720617771,0.010389897972345352,0.4338769018650055,0.015760064125061035,0.16386285424232483
1548,1548,datasets/audios/eastern_sliced/jpop/jpop_016_001.wav,5,jpop,7,pop,0.42669519782066345,1.6302261352539062,0.009600380435585976,0.034360289573669434,0.14026117324829102,0.14723068475723267,0.011656486429274082,0.018287498503923416,0.010699845850467682,0.42669519782066345,0.014687839895486832,0.18652057647705078
1549,1549,datasets/audios/eastern_sliced/jpop/jpop_016_002.wav,5,jpop,7,pop,0.460000604391098,1.5909593105316162,0.011579352430999279,0.032775405794382095,0.13876444101333618,0.15860484540462494,0.016418281942605972,0.01742742583155632,0.0074278851971030235,0.460000604391098,0.010617109946906567,0.146384596824646
1550,1550,datasets/audios/eastern_sliced/jpop/jpop_017_000.wav,5,jpop,7,pop,0.556537389755249,1.5810028314590454,0.02097315713763237,0.03539425507187843,0.03982740640640259,0.08766258507966995,0.04738742485642433,0.011436915025115013,0.0693337693810463,0.556537389755249,0.02672986127436161,0.10471723228693008
1551,1551,datasets/audios/eastern_sliced/jpop/jpop_017_001.wav,5,jpop,7,pop,0.6693657040596008,1.2436412572860718,0.027418797835707664,0.008371680043637753,0.057199399918317795,0.11965284496545792,0.05005120858550072,0.01056629791855812,0.008680780418217182,0.6693657040596008,0.018338900059461594,0.030354415997862816
1552,1552,datasets/audios/eastern_sliced/jpop/jpop_017_002.wav,5,jpop,7,pop,0.7923343181610107,0.8942753076553345,0.011863436549901962,0.007378742564469576,0.044998958706855774,0.06993187963962555,0.029459452256560326,0.008819874376058578,0.004058320075273514,0.7923343181610107,0.00986440945416689,0.021290650591254234
1553,1553,datasets/audios/eastern_sliced/jpop/jpop_018_000.wav,5,jpop,3,disco,0.29274219274520874,1.593603491783142,0.0099440086632967,0.019042231142520905,0.2842641770839691,0.29274219274520874,0.005802127066999674,0.06327378004789352,0.004875596612691879,0.2729164958000183,0.011555569246411324,0.03558371588587761
1554,1554,datasets/audios/eastern_sliced/jpop/jpop_018_001.wav,5,jpop,3,disco,0.47377902269363403,1.3988800048828125,0.0071032666601240635,0.011597671546041965,0.1282406598329544,0.47377902269363403,0.01012589130550623,0.04046862944960594,0.0038056576158851385,0.29001033306121826,0.010379762388765812,0.02448912151157856
1555,1555,datasets/audios/eastern_sliced/jpop/jpop_018_002.wav,5,jpop,7,pop,0.7954518795013428,0.7601562142372131,0.0018690339056774974,0.004462280310690403,0.03376151621341705,0.13022823631763458,0.011150053702294827,0.00462089478969574,0.0011822941014543176,0.7954518795013428,0.0039659892208874226,0.013307838700711727
1556,1556,datasets/audios/eastern_sliced/jpop/jpop_019_000.wav,5,jpop,4,hiphop,0.8325285911560059,0.7166012525558472,0.007726320531219244,0.0014800667995586991,0.0024762828834354877,0.018924323841929436,0.8325285911560059,0.00963364727795124,0.0027687414549291134,0.06652768701314926,0.05135651305317879,0.006577886641025543
1557,1557,datasets/audios/eastern_sliced/jpop/jpop_019_001.wav,5,jpop,4,hiphop,0.8497996926307678,0.6555686593055725,0.0065689473412930965,0.0011806251714006066,0.0019242733251303434,0.016094360500574112,0.8497996926307678,0.00840630754828453,0.0022575310431420803,0.06095617264509201,0.047137074172496796,0.005674996413290501
1558,1558,datasets/audios/eastern_sliced/jpop/jpop_019_002.wav,5,jpop,4,hiphop,0.41186392307281494,1.6095131635665894,0.016210149973630905,0.01258687861263752,0.018148481845855713,0.1374841332435608,0.41186392307281494,0.033208515495061874,0.014852141961455345,0.28149184584617615,0.03822585940361023,0.035928092896938324
1559,1559,datasets/audios/eastern_sliced/jpop/jpop_020_000.wav,5,jpop,3,disco,0.7286053895950317,0.8555130958557129,0.001814416260458529,0.003141034860163927,0.06481162458658218,0.7286053895950317,0.0036480592098087072,0.0019184078555554152,0.0010329358046874404,0.18073439598083496,0.003958662040531635,0.010335137136280537
1560,1560,datasets/audios/eastern_sliced/jpop/jpop_020_001.wav,5,jpop,3,disco,0.5135748982429504,1.018696665763855,0.001904622302390635,0.0023959658574312925,0.06280535459518433,0.5135748982429504,0.0036477018147706985,0.0014867550926283002,0.000998894334770739,0.39681535959243774,0.0015414946246892214,0.01482888963073492
1561,1561,datasets/audios/eastern_sliced/jpop/jpop_020_002.wav,5,jpop,3,disco,0.4453747868537903,1.0976868867874146,0.0013355356641113758,0.003075632266700268,0.09879367053508759,0.4453747868537903,0.003106161253526807,0.001645299606025219,0.0009681395604275167,0.42570874094963074,0.0014368916163221002,0.01855522394180298
1562,1562,datasets/audios/eastern_sliced/jpop/jpop_021_000.wav,5,jpop,2,country,0.6486095786094666,1.1046652793884277,0.007084778044372797,0.005928434431552887,0.6486095786094666,0.06916539371013641,0.001515947631560266,0.002109352732077241,0.002163681900128722,0.16350191831588745,0.002388815162703395,0.09753210097551346
1563,1563,datasets/audios/eastern_sliced/jpop/jpop_021_001.wav,5,jpop,2,country,0.6853527426719666,1.1377320289611816,0.021850544959306717,0.013755328953266144,0.6853527426719666,0.07626297324895859,0.003386331722140312,0.0067606219090521336,0.0037518967874348164,0.11222752928733826,0.00710880383849144,0.06954314559698105
1564,1564,datasets/audios/eastern_sliced/jpop/jpop_021_002.wav,5,jpop,2,country,0.25569286942481995,1.7149369716644287,0.01742839626967907,0.05209121108055115,0.25569286942481995,0.20467619597911835,0.003534178715199232,0.004022908862680197,0.02282487414777279,0.1962767094373703,0.005186078138649464,0.23826663196086884
1565,1565,datasets/audios/eastern_sliced/jpop/jpop_022_000.wav,5,jpop,7,pop,0.9746115207672119,0.15856041014194489,0.00035392653080634773,0.0006173671572469175,0.004816397093236446,0.009799420833587646,0.0032856424804776907,0.0003893455723300576,0.0002647947403602302,0.9746115207672119,0.00022260472178459167,0.00563894072547555
1566,1566,datasets/audios/eastern_sliced/jpop/jpop_022_001.wav,5,jpop,7,pop,0.9791880249977112,0.1341886818408966,0.00027318153297528625,0.0005197966238483787,0.0038990250322967768,0.007648925296962261,0.0027403871063143015,0.0002787718258332461,0.00021545925119426101,0.9791880249977112,0.00016988841525744647,0.0050664907321333885
1567,1567,datasets/audios/eastern_sliced/jpop/jpop_022_002.wav,5,jpop,7,pop,0.8738731145858765,0.5833323001861572,0.00207958510145545,0.0028622401878237724,0.01767241582274437,0.05546609312295914,0.01989494450390339,0.0024567802902311087,0.0037015825510025024,0.8738731145858765,0.002048853086307645,0.019944384694099426
1568,1568,datasets/audios/eastern_sliced/jpop/jpop_023_000.wav,5,jpop,7,pop,0.6655347347259521,1.2073795795440674,0.023946182802319527,0.015248354524374008,0.1322738081216812,0.05036177113652229,0.01185490470379591,0.007464383263140917,0.007071039639413357,0.6655347347259521,0.009381950832903385,0.0768628641963005
1569,1569,datasets/audios/eastern_sliced/jpop/jpop_023_001.wav,5,jpop,7,pop,0.8552393317222595,0.6822667121887207,0.01143113523721695,0.008447222411632538,0.049087852239608765,0.0267272237688303,0.010062756948173046,0.004558990243822336,0.001674156985245645,0.8552393317222595,0.008491626009345055,0.02427966706454754
1570,1570,datasets/audios/eastern_sliced/jpop/jpop_023_002.wav,5,jpop,7,pop,0.8593948483467102,0.6407294273376465,0.005036789458245039,0.0067517743445932865,0.048092812299728394,0.03912581503391266,0.006240622606128454,0.0033238516189157963,0.0013920237543061376,0.8593948483467102,0.003439732128754258,0.027201687917113304
1571,1571,datasets/audios/eastern_sliced/jpop/jpop_024_000.wav,5,jpop,7,pop,0.41231849789619446,1.3616842031478882,0.012645065784454346,0.00672386959195137,0.015746451914310455,0.06473662704229355,0.4064260721206665,0.014378638938069344,0.0063565559685230255,0.41231849789619446,0.043838731944561005,0.016829460859298706
1572,1572,datasets/audios/eastern_sliced/jpop/jpop_024_001.wav,5,jpop,7,pop,0.7257989048957825,0.9324800968170166,0.007937890477478504,0.0041793715208768845,0.012198052369058132,0.025269776582717896,0.18352383375167847,0.0070417216047644615,0.003056719433516264,0.7257989048957825,0.01941918022930622,0.011574470438063145
1573,1573,datasets/audios/eastern_sliced/jpop/jpop_024_002.wav,5,jpop,8,reggae,0.5855823755264282,1.451077938079834,0.027103791013360023,0.013773665763437748,0.03506764769554138,0.09916999936103821,0.13559836149215698,0.03478885069489479,0.011265140026807785,0.04411309212446213,0.5855823755264282,0.013537155464291573
1574,1574,datasets/audios/eastern_sliced/jpop/jpop_025_000.wav,5,jpop,3,disco,0.41420888900756836,1.6233254671096802,0.01046792697161436,0.011827399022877216,0.09351687133312225,0.41420888900756836,0.04732060804963112,0.0076913414523005486,0.05772073566913605,0.28707826137542725,0.02436104044318199,0.04580686241388321
1575,1575,datasets/audios/eastern_sliced/jpop/jpop_025_001.wav,5,jpop,7,pop,0.38042235374450684,1.616319179534912,0.009917821735143661,0.012761393561959267,0.08489885181188583,0.32050782442092896,0.03562752529978752,0.005910192616283894,0.07324223220348358,0.38042235374450684,0.013446290045976639,0.06326557695865631
1576,1576,datasets/audios/eastern_sliced/jpop/jpop_025_002.wav,5,jpop,3,disco,0.388435423374176,1.584937572479248,0.007984254509210587,0.007993759587407112,0.08199278265237808,0.388435423374176,0.03828244283795357,0.004867515526711941,0.06996675580739975,0.3195767402648926,0.010108369402587414,0.0707918331027031
1577,1577,datasets/audios/eastern_sliced/jpop/jpop_026_000.wav,5,jpop,7,pop,0.9461395144462585,0.27521342039108276,0.0004985100822523236,0.0015782959526404738,0.003876050002872944,0.0359080471098423,0.006528268568217754,0.0017365205567330122,0.00022583091049455106,0.9461395144462585,0.0012097060680389404,0.0022992470767349005
1578,1578,datasets/audios/eastern_sliced/jpop/jpop_026_001.wav,5,jpop,7,pop,0.8761543035507202,0.5001343488693237,0.001035219058394432,0.003199427854269743,0.006182881537824869,0.0928090512752533,0.010612214915454388,0.0030572288669645786,0.0005517678218893707,0.8761543035507202,0.0026070927269756794,0.003790783928707242
1579,1579,datasets/audios/eastern_sliced/jpop/jpop_026_002.wav,5,jpop,7,pop,0.850240170955658,0.577781617641449,0.0012584520736709237,0.0039536780677735806,0.008000371977686882,0.11124793440103531,0.012314872816205025,0.004365555942058563,0.0006422727601602674,0.850240170955658,0.0042950366623699665,0.003681671340018511
1580,1580,datasets/audios/eastern_sliced/jpop/jpop_027_000.wav,5,jpop,7,pop,0.4982365071773529,1.5333694219589233,0.01936803013086319,0.01756126619875431,0.06886734068393707,0.13351695239543915,0.04084229841828346,0.007358158007264137,0.017062069848179817,0.4982365071773529,0.006750956643372774,0.19043634831905365
1581,1581,datasets/audios/eastern_sliced/jpop/jpop_027_001.wav,5,jpop,7,pop,0.35318565368652344,1.6250178813934326,0.015609794296324253,0.011118276044726372,0.12565569579601288,0.2910139262676239,0.03941585123538971,0.008413304574787617,0.010619442909955978,0.35318565368652344,0.00656519690528512,0.13840286433696747
1582,1582,datasets/audios/eastern_sliced/jpop/jpop_027_002.wav,5,jpop,7,pop,0.411178857088089,1.6591390371322632,0.015484929084777832,0.016070609912276268,0.04386066645383835,0.1476937234401703,0.0853722095489502,0.010779056698083878,0.027813488617539406,0.411178857088089,0.009915336966514587,0.23183110356330872
1583,1583,datasets/audios/eastern_sliced/jpop/jpop_028_000.wav,5,jpop,9,rock,0.1722305566072464,2.150728940963745,0.14944970607757568,0.024343064054846764,0.08338986337184906,0.052484940737485886,0.044188857078552246,0.125174418091774,0.13226401805877686,0.1683938205242157,0.04808071628212929,0.1722305566072464
1584,1584,datasets/audios/eastern_sliced/jpop/jpop_028_001.wav,5,jpop,7,pop,0.26436007022857666,2.0549702644348145,0.1531790792942047,0.02764408476650715,0.049733974039554596,0.030319321900606155,0.0458172932267189,0.13258042931556702,0.12358606606721878,0.26436007022857666,0.037605736404657364,0.1351739466190338
1585,1585,datasets/audios/eastern_sliced/jpop/jpop_028_002.wav,5,jpop,7,pop,0.6960241198539734,1.2280839681625366,0.029572173953056335,0.035493358969688416,0.04073736071586609,0.029628630727529526,0.023923899978399277,0.06960639357566833,0.005007957573980093,0.6960241198539734,0.011408504098653793,0.05859753489494324
1586,1586,datasets/audios/eastern_sliced/jpop/jpop_029_000.wav,5,jpop,7,pop,0.49485862255096436,1.5218969583511353,0.028249917551875114,0.021778015419840813,0.21760818362236023,0.06438983231782913,0.016679219901561737,0.01039385236799717,0.014312866143882275,0.49485862255096436,0.010925526730716228,0.12080398201942444
1587,1587,datasets/audios/eastern_sliced/jpop/jpop_029_001.wav,5,jpop,2,country,0.3526943325996399,1.6334004402160645,0.13035109639167786,0.01264621876180172,0.3526943325996399,0.035175010561943054,0.008261516690254211,0.010982870124280453,0.030560066923499107,0.08762907236814499,0.01214252132922411,0.3195573389530182
1588,1588,datasets/audios/eastern_sliced/jpop/jpop_029_002.wav,5,jpop,7,pop,0.4679358899593353,1.5450589656829834,0.03213033452630043,0.01887599751353264,0.12896355986595154,0.07448099553585052,0.018734050914645195,0.007156660780310631,0.0172311682254076,0.4679358899593353,0.005689326208084822,0.2288021296262741
1589,1589,datasets/audios/eastern_sliced/jpop/jpop_030_000.wav,5,jpop,7,pop,0.8628659248352051,0.578185498714447,0.0031886117067188025,0.0027069139759987593,0.08823629468679428,0.010770698077976704,0.009714525192975998,0.0020769776310771704,0.0009021785808727145,0.8628659248352051,0.006616588681936264,0.012921263463795185
1590,1590,datasets/audios/eastern_sliced/jpop/jpop_030_001.wav,5,jpop,7,pop,0.8630986213684082,0.5762001276016235,0.003065762808546424,0.002865319838747382,0.0881379097700119,0.011251427233219147,0.0073562380857765675,0.002196821616962552,0.0009548469679430127,0.8630986213684082,0.005893845111131668,0.015179202891886234
1591,1591,datasets/audios/eastern_sliced/jpop/jpop_030_002.wav,5,jpop,7,pop,0.7758253216743469,0.7865997552871704,0.0037990035489201546,0.005984054412692785,0.14973655343055725,0.013102151453495026,0.004408442880958319,0.0025045652873814106,0.0009728815057314932,0.7758253216743469,0.004438571631908417,0.03922851383686066
1592,1592,datasets/audios/eastern_sliced/jpop/jpop_031_000.wav,5,jpop,7,pop,0.7329626679420471,1.0085365772247314,0.006118145305663347,0.006691047456115484,0.018264925107359886,0.029518457129597664,0.13769742846488953,0.008394462987780571,0.007457269821316004,0.7329626679420471,0.01797597110271454,0.034919653087854385
1593,1593,datasets/audios/eastern_sliced/jpop/jpop_031_001.wav,5,jpop,7,pop,0.8817436099052429,0.5376686453819275,0.002719117794185877,0.0030346030835062265,0.0063021439127624035,0.015097266994416714,0.06743019819259644,0.004221363924443722,0.0020390544086694717,0.8817436099052429,0.004290035460144281,0.013122613541781902
1594,1594,datasets/audios/eastern_sliced/jpop/jpop_031_002.wav,5,jpop,7,pop,0.921645998954773,0.418266236782074,0.0014327464159578085,0.00436957785859704,0.009179227985441685,0.02077934890985489,0.021015169098973274,0.0032203856389969587,0.0010161709506064653,0.921645998954773,0.00404789112508297,0.013293495401740074
1595,1595,datasets/audios/eastern_sliced/jpop/jpop_032_000.wav,5,jpop,7,pop,0.5015261173248291,1.2322742938995361,0.004437282681465149,0.017769705504179,0.025970397517085075,0.35901057720184326,0.010157516226172447,0.004100967664271593,0.025069156661629677,0.5015261173248291,0.0034564186353236437,0.04850181192159653
1596,1596,datasets/audios/eastern_sliced/jpop/jpop_032_001.wav,5,jpop,7,pop,0.42885488271713257,1.4615181684494019,0.007009023334830999,0.022434109821915627,0.03977714106440544,0.34197160601615906,0.014303892850875854,0.005587787367403507,0.0687679573893547,0.42885488271713257,0.006241488736122847,0.06505212932825089
1597,1597,datasets/audios/eastern_sliced/jpop/jpop_032_002.wav,5,jpop,3,disco,0.49759867787361145,1.341121792793274,0.004173749126493931,0.016774259507656097,0.043122775852680206,0.49759867787361145,0.010622679255902767,0.005091773811727762,0.042734432965517044,0.31558555364608765,0.004575545899569988,0.05972056835889816
1598,1598,datasets/audios/eastern_sliced/jpop/jpop_033_000.wav,5,jpop,7,pop,0.6807591915130615,1.0070102214813232,0.001764350919984281,0.0037336405366659164,0.0986134484410286,0.15926173329353333,0.003690064884722233,0.0014551496133208275,0.0011864505941048265,0.6807591915130615,0.0010536741465330124,0.04848223552107811
1599,1599,datasets/audios/eastern_sliced/jpop/jpop_033_001.wav,5,jpop,3,disco,0.31554558873176575,1.5862627029418945,0.006328418385237455,0.019270753487944603,0.24054129421710968,0.31554558873176575,0.0094858193770051,0.0071319350972771645,0.006937399506568909,0.23643727600574493,0.005755292717367411,0.15256616473197937
1600,1600,datasets/audios/eastern_sliced/jpop/jpop_033_002.wav,5,jpop,3,disco,0.30847927927970886,1.5760239362716675,0.0055530075915157795,0.022484557703137398,0.2781244218349457,0.30847927927970886,0.006442992016673088,0.005157007835805416,0.007983794435858727,0.20022037625312805,0.005803425796329975,0.1597510576248169
1601,1601,datasets/audios/eastern_sliced/jpop/jpop_034_000.wav,5,jpop,7,pop,0.4196454584598541,1.48296058177948,0.007415936328470707,0.05307041108608246,0.07702131569385529,0.05352238565683365,0.0068629710003733635,0.004525948781520128,0.031579963862895966,0.4196454584598541,0.007786238100379705,0.3385692536830902
1602,1602,datasets/audios/eastern_sliced/jpop/jpop_034_001.wav,5,jpop,7,pop,0.7905364036560059,0.8228094577789307,0.003770076669752598,0.01391178835183382,0.0655226856470108,0.02029961347579956,0.0046493071131408215,0.00230130716226995,0.004654866177588701,0.7905364036560059,0.002659998834133148,0.09169390052556992
1603,1603,datasets/audios/eastern_sliced/jpop/jpop_034_002.wav,5,jpop,7,pop,0.7443794012069702,0.9096741676330566,0.003879026509821415,0.012265030294656754,0.10103584825992584,0.014263954013586044,0.0035445038229227066,0.0028244038112461567,0.005213875323534012,0.7443794012069702,0.00258340360596776,0.11001058667898178
1604,1604,datasets/audios/eastern_sliced/jpop/jpop_035_000.wav,5,jpop,2,country,0.46172258257865906,1.4574010372161865,0.015039107762277126,0.025856131687760353,0.46172258257865906,0.0844908133149147,0.004314588848501444,0.0051732370629906654,0.004460538737475872,0.24376821517944336,0.006215348839759827,0.14895950257778168
1605,1605,datasets/audios/eastern_sliced/jpop/jpop_035_001.wav,5,jpop,7,pop,0.35763463377952576,1.6056575775146484,0.017479311674833298,0.040558863431215286,0.29200029373168945,0.11482245475053787,0.0066415537148714066,0.007389524951577187,0.006545292213559151,0.35763463377952576,0.009597240947186947,0.14733077585697174
1606,1606,datasets/audios/eastern_sliced/jpop/jpop_035_002.wav,5,jpop,7,pop,0.5812399983406067,1.3132765293121338,0.008857320994138718,0.03465166315436363,0.16369888186454773,0.06366632133722305,0.0058774156495928764,0.00876917876303196,0.002320911269634962,0.5812399983406067,0.0034489850513637066,0.12746930122375488
1607,1607,datasets/audios/eastern_sliced/jpop/jpop_036_000.wav,5,jpop,7,pop,0.5101190209388733,1.5351310968399048,0.02360062301158905,0.0884438008069992,0.08538176119327545,0.14054864645004272,0.004039134830236435,0.009351673536002636,0.011886105872690678,0.5101190209388733,0.005503285676240921,0.12112593650817871
1608,1608,datasets/audios/eastern_sliced/jpop/jpop_036_001.wav,5,jpop,7,pop,0.6349918842315674,1.2854411602020264,0.01720423251390457,0.06524456292390823,0.06223205476999283,0.10732623189687729,0.004141796380281448,0.0076982430182397366,0.007817474193871021,0.6349918842315674,0.0042396546341478825,0.08910390734672546
1609,1609,datasets/audios/eastern_sliced/jpop/jpop_036_002.wav,5,jpop,7,pop,0.8938247561454773,0.5348312258720398,0.006319938227534294,0.012891830876469612,0.024755099788308144,0.02017866261303425,0.005401197355240583,0.004193765111267567,0.0017697771545499563,0.8938247561454773,0.0018012612126767635,0.028863796964287758
1610,1610,datasets/audios/eastern_sliced/jpop/jpop_037_000.wav,5,jpop,7,pop,0.8278528451919556,0.6850818395614624,0.004553427454084158,0.0038984965067356825,0.0944385975599289,0.010987425222992897,0.0043312497437000275,0.0017461804673075676,0.002696702489629388,0.8278528451919556,0.002777291927486658,0.04671778157353401
1611,1611,datasets/audios/eastern_sliced/jpop/jpop_037_001.wav,5,jpop,7,pop,0.6007674932479858,0.9427550435066223,0.0022471563424915075,0.003016767557710409,0.32563483715057373,0.012313870713114738,0.0016411260003224015,0.001211905968375504,0.0007844774518162012,0.6007674932479858,0.001603078912012279,0.05077924206852913
1612,1612,datasets/audios/eastern_sliced/jpop/jpop_037_002.wav,5,jpop,2,country,0.5651434063911438,1.268946886062622,0.012032758444547653,0.016919784247875214,0.5651434063911438,0.0198015496134758,0.0036008686292916536,0.006120344158262014,0.005583126563578844,0.17919039726257324,0.010772309266030788,0.18083547055721283
1613,1613,datasets/audios/eastern_sliced/jpop/jpop_038_000.wav,5,jpop,3,disco,0.5865198969841003,1.3402599096298218,0.007675039581954479,0.02245492860674858,0.1493980884552002,0.5865198969841003,0.007181258872151375,0.009193786419928074,0.005108433775603771,0.13883152604103088,0.045558325946331024,0.028078773990273476
1614,1614,datasets/audios/eastern_sliced/jpop/jpop_038_001.wav,5,jpop,7,pop,0.5111879110336304,1.199082851409912,0.002774039749056101,0.010077686980366707,0.07420990616083145,0.3454127907752991,0.00807059183716774,0.0045851352624595165,0.003338469658046961,0.5111879110336304,0.00873273890465498,0.031610745936632156
1615,1615,datasets/audios/eastern_sliced/jpop/jpop_038_002.wav,5,jpop,7,pop,0.49232006072998047,1.2719652652740479,0.003960760775953531,0.011699549853801727,0.08958931267261505,0.33623006939888,0.010085232555866241,0.005616083275526762,0.0045145307667553425,0.49232006072998047,0.010813887231051922,0.03517052158713341
1616,1616,datasets/audios/eastern_sliced/jpop/jpop_039_000.wav,5,jpop,2,country,0.6544644236564636,1.0981214046478271,0.00922776386141777,0.0070855566300451756,0.6544644236564636,0.0202853474766016,0.003139808773994446,0.0066709318198263645,0.003981185145676136,0.14342990517616272,0.005964498035609722,0.14575059711933136
1617,1617,datasets/audios/eastern_sliced/jpop/jpop_039_001.wav,5,jpop,2,country,0.5015566945075989,1.4246987104415894,0.013528967276215553,0.04532836005091667,0.5015566945075989,0.022165877744555473,0.005171916447579861,0.010732588358223438,0.007960470393300056,0.14180424809455872,0.015097465366125107,0.23665349185466766
1618,1618,datasets/audios/eastern_sliced/jpop/jpop_039_002.wav,5,jpop,7,pop,0.48049110174179077,1.5695359706878662,0.037664324045181274,0.07103776186704636,0.0369514562189579,0.009713367559015751,0.029732145369052887,0.04819348454475403,0.013863173313438892,0.48049110174179077,0.02136547677218914,0.2509876787662506
1619,1619,datasets/audios/eastern_sliced/jpop/jpop_040_000.wav,5,jpop,3,disco,0.8649553060531616,0.5959491729736328,0.0023192467633634806,0.004963402170687914,0.01185720693320036,0.8649553060531616,0.004679492674767971,0.002436867216601968,0.0031048657838255167,0.05034727603197098,0.0021650767885148525,0.05317133665084839
1620,1620,datasets/audios/eastern_sliced/jpop/jpop_040_001.wav,5,jpop,3,disco,0.8821253180503845,0.5319812893867493,0.0016907480312511325,0.004147806204855442,0.010187271982431412,0.8821253180503845,0.0032892741728574038,0.0018153131240978837,0.003067069686949253,0.03981374576687813,0.0016488325782120228,0.0522146113216877
1621,1621,datasets/audios/eastern_sliced/jpop/jpop_040_002.wav,5,jpop,3,disco,0.8815997242927551,0.5144364237785339,0.0006692378083243966,0.00861123576760292,0.0051403348334133625,0.8815997242927551,0.0026635704562067986,0.0011290007969364524,0.0012857248075306416,0.06188647821545601,0.0008876413921825588,0.03612707927823067
1622,1622,datasets/audios/eastern_sliced/jpop/jpop_041_000.wav,5,jpop,3,disco,0.36427217721939087,1.5064892768859863,0.008242268115282059,0.016186585649847984,0.04466957226395607,0.36427217721939087,0.01911589689552784,0.004933511838316917,0.016156258061528206,0.29078173637390137,0.005259504541754723,0.23038260638713837
1623,1623,datasets/audios/eastern_sliced/jpop/jpop_041_001.wav,5,jpop,3,disco,0.3718101978302002,1.5255976915359497,0.008217883296310902,0.01671953871846199,0.05310947820544243,0.3718101978302002,0.017594587057828903,0.004650948103517294,0.019565744325518608,0.2768004834651947,0.005679607391357422,0.22585143148899078
1624,1624,datasets/audios/eastern_sliced/jpop/jpop_041_002.wav,5,jpop,7,pop,0.3031996488571167,1.5619769096374512,0.006433513015508652,0.014342154376208782,0.06140192598104477,0.2881919741630554,0.020254747942090034,0.004283595830202103,0.023615030571818352,0.3031996488571167,0.00632235174998641,0.27195513248443604
1625,1625,datasets/audios/eastern_sliced/jpop/jpop_042_000.wav,5,jpop,7,pop,0.3679578900337219,1.7069766521453857,0.016032453626394272,0.024059606716036797,0.28526899218559265,0.13413409888744354,0.022004900500178337,0.035896483808755875,0.009109368547797203,0.3679578900337219,0.05930088087916374,0.046235341578722
1626,1626,datasets/audios/eastern_sliced/jpop/jpop_042_001.wav,5,jpop,7,pop,0.4033322036266327,1.6787073612213135,0.012910855002701283,0.024153932929039,0.25751903653144836,0.13044960796833038,0.019428284838795662,0.04708627238869667,0.007234858348965645,0.4033322036266327,0.05126248672604561,0.046622395515441895
1627,1627,datasets/audios/eastern_sliced/jpop/jpop_042_002.wav,5,jpop,2,country,0.2609887719154358,1.9336163997650146,0.018108636140823364,0.03661201521754265,0.2609887719154358,0.15003059804439545,0.022663239389657974,0.17662936449050903,0.009999828413128853,0.19031038880348206,0.09583785384893417,0.0388193279504776
1628,1628,datasets/audios/eastern_sliced/jpop/jpop_043_000.wav,5,jpop,9,rock,0.4546736180782318,1.5713943243026733,0.006585385650396347,0.12802937626838684,0.20937469601631165,0.06918162852525711,0.0031783466693013906,0.006031214725226164,0.029781164601445198,0.08408942818641663,0.00907523650676012,0.4546736180782318
1629,1629,datasets/audios/eastern_sliced/jpop/jpop_043_001.wav,5,jpop,2,country,0.456916868686676,1.4651026725769043,0.011004304513335228,0.020317522808909416,0.456916868686676,0.09348031133413315,0.007381873670965433,0.009709885343909264,0.007754814345389605,0.10010185092687607,0.011280831880867481,0.2820517122745514
1630,1630,datasets/audios/eastern_sliced/jpop/jpop_043_002.wav,5,jpop,2,country,0.4526840150356293,1.4407085180282593,0.011877035722136497,0.018084121868014336,0.4526840150356293,0.07636759430170059,0.0069785029627382755,0.010857963003218174,0.008853428065776825,0.08814536780118942,0.013169829733669758,0.3129821717739105
1631,1631,datasets/audios/eastern_sliced/jpop/jpop_044_000.wav,5,jpop,3,disco,0.8299628496170044,0.7327858805656433,0.002164117991924286,0.004989529028534889,0.03256094083189964,0.8299628496170044,0.0035324955824762583,0.0017448506550863385,0.02564559131860733,0.028364485129714012,0.003178968792781234,0.06785617023706436
1632,1632,datasets/audios/eastern_sliced/jpop/jpop_044_001.wav,5,jpop,3,disco,0.8026622533798218,0.8143218755722046,0.0024857681710273027,0.005470006726682186,0.04131506755948067,0.8026622533798218,0.004068958573043346,0.0020950378384441137,0.024306580424308777,0.03620314598083496,0.0030001462437212467,0.07839313894510269
1633,1633,datasets/audios/eastern_sliced/jpop/jpop_044_002.wav,5,jpop,3,disco,0.6679860353469849,1.2123619318008423,0.005062691401690245,0.010212361812591553,0.07510221749544144,0.6679860353469849,0.011046646162867546,0.005238321144133806,0.037665627896785736,0.08961306512355804,0.009031284600496292,0.08904169499874115
1634,1634,datasets/audios/eastern_sliced/jpop/jpop_045_000.wav,5,jpop,3,disco,0.735913097858429,1.1026020050048828,0.012889928184449673,0.02332163043320179,0.05141705647110939,0.735913097858429,0.012160981073975563,0.008181397803127766,0.02392386645078659,0.06775276362895966,0.01923299953341484,0.04520624130964279
1635,1635,datasets/audios/eastern_sliced/jpop/jpop_045_001.wav,5,jpop,3,disco,0.7420142292976379,1.0895187854766846,0.013307509012520313,0.02595844678580761,0.04842204228043556,0.7420142292976379,0.011986802332103252,0.007933426648378372,0.027147484943270683,0.058019962161779404,0.016345085576176643,0.04886506870388985
1636,1636,datasets/audios/eastern_sliced/jpop/jpop_045_002.wav,5,jpop,3,disco,0.783523440361023,0.9242498874664307,0.007401252165436745,0.020227154716849327,0.07784299552440643,0.783523440361023,0.00587322935461998,0.008196686394512653,0.010733251459896564,0.04003453254699707,0.016537241637706757,0.029630180448293686
1637,1637,datasets/audios/eastern_sliced/jpop/jpop_046_000.wav,5,jpop,2,country,0.6672066450119019,1.118040919303894,0.00810986664146185,0.009676902554929256,0.6672066450119019,0.040548887103796005,0.00355775305069983,0.006378170568495989,0.010644126683473587,0.059170663356781006,0.012951701879501343,0.18175525963306427
1638,1638,datasets/audios/eastern_sliced/jpop/jpop_046_001.wav,5,jpop,9,rock,0.5287556052207947,1.4998632669448853,0.007819055579602718,0.028295116499066353,0.16721121966838837,0.10641313344240189,0.0074476017616689205,0.005947499070316553,0.057353563606739044,0.07737764716148376,0.013379505835473537,0.5287556052207947
1639,1639,datasets/audios/eastern_sliced/jpop/jpop_046_002.wav,5,jpop,9,rock,0.7620881795883179,0.9692556858062744,0.005374307744204998,0.021195972338318825,0.04965684190392494,0.04999028146266937,0.004906650632619858,0.003052433952689171,0.07714661955833435,0.019220497459173203,0.007368147373199463,0.7620881795883179
1640,1640,datasets/audios/eastern_sliced/jpop/jpop_047_000.wav,5,jpop,2,country,0.7084818482398987,1.02695894241333,0.009073358960449696,0.005961752496659756,0.7084818482398987,0.018813103437423706,0.008132384158670902,0.008660489693284035,0.0037704037968069315,0.11626625806093216,0.007452136836946011,0.11338817328214645
1641,1641,datasets/audios/eastern_sliced/jpop/jpop_047_001.wav,5,jpop,7,pop,0.5092768669128418,1.2164928913116455,0.011591879650950432,0.007107467390596867,0.3514975607395172,0.0449473075568676,0.010242847725749016,0.006845012307167053,0.003290936816483736,0.5092768669128418,0.006163534242659807,0.04903655871748924
1642,1642,datasets/audios/eastern_sliced/jpop/jpop_047_002.wav,5,jpop,7,pop,0.5114027261734009,1.3388577699661255,0.011981318704783916,0.0186973437666893,0.28866153955459595,0.04745248332619667,0.009889807552099228,0.006952880881726742,0.005441450048238039,0.5114027261734009,0.0076585919596254826,0.09186187386512756
1643,1643,datasets/audios/eastern_sliced/jpop/jpop_048_000.wav,5,jpop,3,disco,0.5802154541015625,1.5183031558990479,0.021118994802236557,0.018461905419826508,0.09450813382863998,0.5802154541015625,0.035866424441337585,0.010342511348426342,0.04516138508915901,0.09861139208078384,0.039247941225767136,0.05646582692861557
1644,1644,datasets/audios/eastern_sliced/jpop/jpop_048_001.wav,5,jpop,3,disco,0.3506978154182434,1.9068832397460938,0.02841133065521717,0.02189030312001705,0.10828885436058044,0.3506978154182434,0.05381493270397186,0.010767349973320961,0.09505368024110794,0.17398223280906677,0.0399680994451046,0.11712539941072464
1645,1645,datasets/audios/eastern_sliced/jpop/jpop_048_002.wav,5,jpop,2,country,0.21088150143623352,1.9837764501571655,0.02858581580221653,0.02310786210000515,0.21088150143623352,0.2040332406759262,0.041910506784915924,0.013274488039314747,0.07303269952535629,0.20309722423553467,0.05106828361749649,0.15100836753845215
1646,1646,datasets/audios/eastern_sliced/jpop/jpop_049_000.wav,5,jpop,7,pop,0.565556526184082,1.2146224975585938,0.0035720127634704113,0.010355314239859581,0.06037113443017006,0.24509727954864502,0.005917910486459732,0.00355584267526865,0.0030084180179983377,0.565556526184082,0.0018546703504398465,0.10071078687906265
1647,1647,datasets/audios/eastern_sliced/jpop/jpop_049_001.wav,5,jpop,7,pop,0.5197684168815613,1.2307407855987549,0.004036556929349899,0.009998667053878307,0.058044884353876114,0.3061753809452057,0.006119312718510628,0.003898792900145054,0.0029386819805949926,0.5197684168815613,0.0019638296216726303,0.08705547451972961
1648,1648,datasets/audios/eastern_sliced/jpop/jpop_049_002.wav,5,jpop,7,pop,0.5559331178665161,1.2852201461791992,0.005333243403583765,0.011746973730623722,0.0963364839553833,0.21157200634479523,0.006085454020649195,0.005436129868030548,0.002669799840077758,0.5559331178665161,0.0028138866182416677,0.10207293927669525
1649,1649,datasets/audios/eastern_sliced/jpop/jpop_050_000.wav,5,jpop,9,rock,0.35918495059013367,1.5475947856903076,0.006909586023539305,0.02973143197596073,0.14697079360485077,0.10285336524248123,0.004803964402526617,0.006108324974775314,0.015680477023124695,0.3197537064552307,0.00800342857837677,0.35918495059013367
1650,1650,datasets/audios/eastern_sliced/jpop/jpop_050_001.wav,5,jpop,7,pop,0.37617501616477966,1.6231837272644043,0.012632190249860287,0.10144837945699692,0.05369599536061287,0.10069555789232254,0.008595829829573631,0.014666480012238026,0.017911052331328392,0.37617501616477966,0.009112488478422165,0.3050670027732849
1651,1651,datasets/audios/eastern_sliced/jpop/jpop_050_002.wav,5,jpop,9,rock,0.4817425012588501,1.5361546277999878,0.010067475959658623,0.0591091588139534,0.10231652110815048,0.11988594383001328,0.004658069461584091,0.007775133475661278,0.016523409634828568,0.19035844504833221,0.007563363295048475,0.4817425012588501
1652,1652,datasets/audios/eastern_sliced/jpop/jpop_051_000.wav,5,jpop,7,pop,0.8492989540100098,0.6469717025756836,0.002201486611738801,0.008363410830497742,0.016111217439174652,0.049810513854026794,0.005037751514464617,0.0020720793399959803,0.0023411917500197887,0.8492989540100098,0.0017228747019544244,0.063040591776371
1653,1653,datasets/audios/eastern_sliced/jpop/jpop_051_001.wav,5,jpop,7,pop,0.9479048252105713,0.28541824221611023,0.0006381729617714882,0.0037861845921725035,0.004443151410669088,0.019716668874025345,0.003296902636066079,0.0005838777287863195,0.0010652138153091073,0.9479048252105713,0.0006836711545474827,0.01788141578435898
1654,1654,datasets/audios/eastern_sliced/jpop/jpop_051_002.wav,5,jpop,7,pop,0.9621238708496094,0.2159895896911621,0.00041954481275752187,0.0022274900693446398,0.0026185817550867796,0.016264384612441063,0.002461603144183755,0.0003382914874237031,0.0004686166939791292,0.9621238708496094,0.0003518983721733093,0.012725645676255226
1655,1655,datasets/audios/eastern_sliced/jpop/jpop_052_000.wav,5,jpop,1,classical,0.3965441584587097,1.606663703918457,0.006891810800880194,0.3965441584587097,0.025311928242444992,0.13469725847244263,0.0037510008551180363,0.012177679687738419,0.03067418560385704,0.21079181134700775,0.00554455304518342,0.17361560463905334
1656,1656,datasets/audios/eastern_sliced/jpop/jpop_052_001.wav,5,jpop,9,rock,0.4490199685096741,1.4250787496566772,0.006510524079203606,0.3161758482456207,0.01390785351395607,0.06209738925099373,0.0035158474929630756,0.004002727568149567,0.049763280898332596,0.08922815322875977,0.005778421647846699,0.4490199685096741
1657,1657,datasets/audios/eastern_sliced/jpop/jpop_052_002.wav,5,jpop,1,classical,0.5206515192985535,1.3392679691314697,0.006043731234967709,0.5206515192985535,0.013160224072635174,0.06983578205108643,0.002070542424917221,0.004297835286706686,0.02547653205692768,0.09238683432340622,0.0047106435522437096,0.2613663077354431
1658,1658,datasets/audios/eastern_sliced/jpop/jpop_053_000.wav,5,jpop,7,pop,0.6001602411270142,1.1981168985366821,0.003295350121334195,0.013972179964184761,0.0857132226228714,0.07262108474969864,0.004142331425100565,0.003471424337476492,0.005461332853883505,0.6001602411270142,0.002358504803851247,0.2088044285774231
1659,1659,datasets/audios/eastern_sliced/jpop/jpop_053_001.wav,5,jpop,7,pop,0.6240745782852173,1.160534143447876,0.0036442310083657503,0.022015294060111046,0.05487535893917084,0.08530696481466293,0.0035792773123830557,0.0022638412192463875,0.0049936105497181416,0.6240745782852173,0.0018956382991746068,0.19735130667686462
1660,1660,datasets/audios/eastern_sliced/jpop/jpop_053_002.wav,5,jpop,7,pop,0.4886411428451538,1.38091242313385,0.005772619973868132,0.10577812045812607,0.047809455543756485,0.054755136370658875,0.0031402644235640764,0.00435940595343709,0.009292046539485455,0.4886411428451538,0.003169959643855691,0.27728182077407837
1661,1661,datasets/audios/eastern_sliced/jpop/jpop_054_000.wav,5,jpop,3,disco,0.3259276747703552,1.5954434871673584,0.009628363884985447,0.3177383840084076,0.029900677502155304,0.3259276747703552,0.003028581151738763,0.005069324746727943,0.027495993301272392,0.14973294734954834,0.005187160335481167,0.12629088759422302
1662,1662,datasets/audios/eastern_sliced/jpop/jpop_054_001.wav,5,jpop,3,disco,0.6240402460098267,1.38908052444458,0.010886677540838718,0.0976347029209137,0.031245874240994453,0.6240402460098267,0.006836787797510624,0.05320001021027565,0.028961705043911934,0.057336438447237015,0.012922323308885098,0.07693520933389664
1663,1663,datasets/audios/eastern_sliced/jpop/jpop_054_002.wav,5,jpop,3,disco,0.5966155529022217,1.448708176612854,0.009739350527524948,0.09379507601261139,0.03187684342265129,0.5966155529022217,0.008417239412665367,0.05472521111369133,0.027247222140431404,0.07982636988162994,0.01238391362130642,0.0853731781244278
1664,1664,datasets/audios/eastern_sliced/jpop/jpop_055_000.wav,5,jpop,1,classical,0.42530348896980286,1.4952144622802734,0.007643724791705608,0.42530348896980286,0.0282859168946743,0.03442496806383133,0.002775987610220909,0.009747324511408806,0.052574846893548965,0.13913020491600037,0.0050294408574700356,0.29508402943611145
1665,1665,datasets/audios/eastern_sliced/jpop/jpop_055_001.wav,5,jpop,1,classical,0.49496105313301086,1.377699375152588,0.004214254207909107,0.49496105313301086,0.0214462261646986,0.024177299812436104,0.002038737293332815,0.007005397230386734,0.057700783014297485,0.1144724190235138,0.003641405375674367,0.2703423798084259
1666,1666,datasets/audios/eastern_sliced/jpop/jpop_055_002.wav,5,jpop,1,classical,0.42428696155548096,1.4861280918121338,0.005110848695039749,0.42428696155548096,0.024932995438575745,0.03743814677000046,0.002865926129743457,0.0073789493180811405,0.04868434742093086,0.17490367591381073,0.003893163986504078,0.2705049216747284
1667,1667,datasets/audios/eastern_sliced/jpop/jpop_056_000.wav,5,jpop,3,disco,0.8661011457443237,0.6595364212989807,0.0061545842327177525,0.022041715681552887,0.017547406256198883,0.8661011457443237,0.005907749757170677,0.004208268132060766,0.012726121582090855,0.03638549521565437,0.007681913673877716,0.021245615556836128
1668,1668,datasets/audios/eastern_sliced/jpop/jpop_056_001.wav,5,jpop,3,disco,0.8717089891433716,0.6381945610046387,0.007308696862310171,0.012958613224327564,0.01668510027229786,0.8717089891433716,0.009621555916965008,0.005561083555221558,0.010666567832231522,0.041694290935993195,0.007129552308470011,0.016665568575263023
1669,1669,datasets/audios/eastern_sliced/jpop/jpop_056_002.wav,5,jpop,3,disco,0.839605450630188,0.7397985458374023,0.005420387722551823,0.0486568808555603,0.020024610683321953,0.839605450630188,0.0027059107087552547,0.0037206346169114113,0.014150368981063366,0.029892945662140846,0.007278586737811565,0.028544241562485695
1670,1670,datasets/audios/eastern_sliced/jpop/jpop_057_000.wav,5,jpop,7,pop,0.7580560445785522,0.7887707352638245,0.0009515576530247927,0.013248201459646225,0.004831804893910885,0.1734413057565689,0.005502925254404545,0.0015996742295101285,0.0019565497059375048,0.7580560445785522,0.0009414111846126616,0.03947054594755173
1671,1671,datasets/audios/eastern_sliced/jpop/jpop_057_001.wav,5,jpop,7,pop,0.7051388025283813,1.0439552068710327,0.0038659204728901386,0.08349984139204025,0.005733694415539503,0.07138871401548386,0.008299371227622032,0.004995718598365784,0.005876010749489069,0.7051388025283813,0.0020218021236360073,0.10918021202087402
1672,1672,datasets/audios/eastern_sliced/jpop/jpop_057_002.wav,5,jpop,1,classical,0.38022711873054504,1.5116894245147705,0.01712041348218918,0.38022711873054504,0.013351310044527054,0.05545599013566971,0.0075601935386657715,0.009389214217662811,0.06200915947556496,0.06805162876844406,0.011829454451799393,0.37500548362731934
1673,1673,datasets/audios/eastern_sliced/jpop/jpop_058_000.wav,5,jpop,9,rock,0.5023813843727112,1.4759299755096436,0.006763191428035498,0.1507679969072342,0.013778120279312134,0.03221091628074646,0.007275482639670372,0.004443205893039703,0.12439916282892227,0.15031544864177704,0.0076651363633573055,0.5023813843727112
1674,1674,datasets/audios/eastern_sliced/jpop/jpop_058_001.wav,5,jpop,9,rock,0.5887377858161926,1.3368909358978271,0.004291648510843515,0.09149257093667984,0.010195192880928516,0.06409914791584015,0.005562011152505875,0.002034825040027499,0.09937730431556702,0.12977950274944305,0.004429992288351059,0.5887377858161926
1675,1675,datasets/audios/eastern_sliced/jpop/jpop_058_002.wav,5,jpop,9,rock,0.45827603340148926,1.5750157833099365,0.007040746975690126,0.1107199564576149,0.015689535066485405,0.13782747089862823,0.0060061016120016575,0.002733297413215041,0.10917500406503677,0.14660178124904633,0.005930059589445591,0.45827603340148926
1676,1676,datasets/audios/eastern_sliced/jpop/jpop_059_000.wav,5,jpop,7,pop,0.30048710107803345,1.7493484020233154,0.007307639345526695,0.02801181562244892,0.2441977858543396,0.19539101421833038,0.010162124410271645,0.012642855755984783,0.0338842011988163,0.30048710107803345,0.02606409415602684,0.14185136556625366
1677,1677,datasets/audios/eastern_sliced/jpop/jpop_059_001.wav,5,jpop,7,pop,0.47474128007888794,1.578734040260315,0.006983713712543249,0.06488829106092453,0.10145300626754761,0.200969859957695,0.007498953957110643,0.01081207487732172,0.029305610805749893,0.47474128007888794,0.010818665847182274,0.0925285816192627
1678,1678,datasets/audios/eastern_sliced/jpop/jpop_059_002.wav,5,jpop,3,disco,0.432098388671875,1.5915712118148804,0.008099600672721863,0.04478995129466057,0.11826643347740173,0.432098388671875,0.006340462248772383,0.015850603580474854,0.03175414353609085,0.2631435990333557,0.01479613408446312,0.06486061960458755
1679,1679,datasets/audios/eastern_sliced/jpop/jpop_060_000.wav,5,jpop,9,rock,0.6689305901527405,1.2249950170516968,0.009272857569158077,0.0901869460940361,0.06988415867090225,0.021563343703746796,0.0032900460064411163,0.007409896235913038,0.03970305621623993,0.08160104602575302,0.008158114738762379,0.6689305901527405
1680,1680,datasets/audios/eastern_sliced/jpop/jpop_060_001.wav,5,jpop,9,rock,0.6605325937271118,1.223143458366394,0.00794096291065216,0.08805668354034424,0.05441426485776901,0.01630241610109806,0.0034009248483926058,0.007055271882563829,0.04346156492829323,0.11145751178264618,0.007377822883427143,0.6605325937271118
1681,1681,datasets/audios/eastern_sliced/jpop/jpop_060_002.wav,5,jpop,9,rock,0.7665013074874878,0.9584372043609619,0.006617823150008917,0.06302514672279358,0.038647498935461044,0.008803087286651134,0.00259514432400465,0.005377741064876318,0.046676527708768845,0.05504016950726509,0.006715531460940838,0.7665013074874878
1682,1682,datasets/audios/eastern_sliced/jpop/jpop_061_000.wav,5,jpop,9,rock,0.4039563536643982,1.701587200164795,0.005697045009583235,0.1328611671924591,0.13383381068706512,0.1283457726240158,0.004593325313180685,0.006614596117287874,0.03700907900929451,0.13436679542064667,0.012722036801278591,0.4039563536643982
1683,1683,datasets/audios/eastern_sliced/jpop/jpop_061_001.wav,5,jpop,9,rock,0.2954668700695038,1.720657467842102,0.00512672821059823,0.14512695372104645,0.08991233259439468,0.22032873332500458,0.004750967491418123,0.005482927896082401,0.021128684282302856,0.2032034993171692,0.00947234034538269,0.2954668700695038
1684,1684,datasets/audios/eastern_sliced/jpop/jpop_061_002.wav,5,jpop,9,rock,0.30791395902633667,1.6462674140930176,0.0037860481534153223,0.22280625998973846,0.05900302529335022,0.24817705154418945,0.0020684630144387484,0.0037495268043130636,0.026742782443761826,0.11987324804067612,0.005879629403352737,0.30791395902633667
1685,1685,datasets/audios/eastern_sliced/jpop/jpop_062_000.wav,5,jpop,9,rock,0.5740638375282288,1.3405581712722778,0.011500178836286068,0.06661700457334518,0.011831793002784252,0.009315372444689274,0.011228985153138638,0.004457872826606035,0.15661485493183136,0.142936572432518,0.011433456093072891,0.5740638375282288
1686,1686,datasets/audios/eastern_sliced/jpop/jpop_062_001.wav,5,jpop,1,classical,0.40979376435279846,1.384381890296936,0.010442407801747322,0.40979376435279846,0.02245076559484005,0.011273931711912155,0.001988433999940753,0.0069240364246070385,0.0162958987057209,0.29241541028022766,0.005159277934581041,0.22325600683689117
1687,1687,datasets/audios/eastern_sliced/jpop/jpop_062_002.wav,5,jpop,1,classical,0.4453676640987396,1.3568159341812134,0.010221455246210098,0.4453676640987396,0.02349809929728508,0.01155280601233244,0.0017591858049854636,0.006932354532182217,0.01306214276701212,0.2743932008743286,0.004922188352793455,0.20829086005687714
1688,1688,datasets/audios/eastern_sliced/jpop/jpop_063_000.wav,5,jpop,6,metal,0.5907198190689087,0.8704448938369751,0.0029941105749458075,0.012205672450363636,0.003169784089550376,0.004233196377754211,0.0024542349856346846,0.000804732262622565,0.5907198190689087,0.0053182984702289104,0.00601189024746418,0.3720881938934326
1689,1689,datasets/audios/eastern_sliced/jpop/jpop_063_001.wav,5,jpop,6,metal,0.5138875842094421,1.1157329082489014,0.007965711876749992,0.03612996265292168,0.008297008462250233,0.013096706941723824,0.003926024306565523,0.0027158516459167004,0.5138875842094421,0.014544103294610977,0.011665993370115757,0.3877710998058319
1690,1690,datasets/audios/eastern_sliced/jpop/jpop_063_002.wav,5,jpop,6,metal,0.5891233682632446,0.984878420829773,0.005130186676979065,0.005827320273965597,0.012848773039877415,0.01659606583416462,0.005577585659921169,0.0029507011640816927,0.5891233682632446,0.007597040385007858,0.008831462822854519,0.34551745653152466
1691,1691,datasets/audios/eastern_sliced/jpop/jpop_064_000.wav,5,jpop,9,rock,0.39060330390930176,1.6716843843460083,0.010388651862740517,0.12667541205883026,0.07073894888162613,0.11488191038370132,0.006924321874976158,0.006074273958802223,0.029612526297569275,0.23289193212985992,0.011208835989236832,0.39060330390930176
1692,1692,datasets/audios/eastern_sliced/jpop/jpop_064_001.wav,5,jpop,9,rock,0.6961328387260437,1.1684045791625977,0.006942638196051121,0.06168781593441963,0.03283657506108284,0.032460350543260574,0.0064063481986522675,0.0035226703621447086,0.06302327662706375,0.08626890182495117,0.01071852631866932,0.6961328387260437
1693,1693,datasets/audios/eastern_sliced/jpop/jpop_064_002.wav,5,jpop,9,rock,0.6397645473480225,1.2790474891662598,0.006483320612460375,0.06224141642451286,0.04457708075642586,0.046043310314416885,0.0062150899320840836,0.0037880761083215475,0.04684128984808922,0.13557298481464386,0.008472900837659836,0.6397645473480225
1694,1694,datasets/audios/eastern_sliced/jpop/jpop_065_000.wav,5,jpop,9,rock,0.43400412797927856,1.584060549736023,0.0055406540632247925,0.03910328820347786,0.06314461678266525,0.14974276721477509,0.009341503493487835,0.0038253183010965586,0.06144532933831215,0.2268877476453781,0.0069646150805056095,0.43400412797927856
1695,1695,datasets/audios/eastern_sliced/jpop/jpop_065_001.wav,5,jpop,3,disco,0.3335813879966736,1.6821181774139404,0.007648051716387272,0.062327686697244644,0.07702219486236572,0.3335813879966736,0.0077965278178453445,0.005616723094135523,0.04423263296484947,0.17160537838935852,0.009495293721556664,0.2806740701198578
1696,1696,datasets/audios/eastern_sliced/jpop/jpop_065_002.wav,5,jpop,3,disco,0.27130746841430664,1.8579000234603882,0.01127791777253151,0.03404520824551582,0.13899177312850952,0.27130746841430664,0.013454506173729897,0.00816966313868761,0.13170337677001953,0.07033630460500717,0.055910415947437286,0.26480334997177124
1697,1697,datasets/audios/eastern_sliced/jpop/jpop_066_000.wav,5,jpop,9,rock,0.5512381196022034,1.322715401649475,0.0060836258344352245,0.19077374041080475,0.049502551555633545,0.006459097843617201,0.0020170393399894238,0.01217690110206604,0.02117016538977623,0.15493148565292358,0.005647276062518358,0.5512381196022034
1698,1698,datasets/audios/eastern_sliced/jpop/jpop_066_001.wav,5,jpop,9,rock,0.5329464673995972,1.4085171222686768,0.006993313319981098,0.1692841649055481,0.13852053880691528,0.011151815764605999,0.001696174149401486,0.012634951621294022,0.023416459560394287,0.09649693220853806,0.006859267130494118,0.5329464673995972
1699,1699,datasets/audios/eastern_sliced/jpop/jpop_066_002.wav,5,jpop,1,classical,0.6274957656860352,1.1993329524993896,0.011053034104406834,0.6274957656860352,0.052616316825151443,0.009337073192000389,0.0007886051898822188,0.03489430993795395,0.011305171065032482,0.04211580008268356,0.0050402139313519,0.2053537666797638
1700,1700,datasets/audios/eastern_sliced/jpop/jpop_067_000.wav,5,jpop,7,pop,0.5844264030456543,1.2570160627365112,0.01740267127752304,0.14819516241550446,0.01554078608751297,0.027405910193920135,0.003435337683185935,0.00510347681120038,0.01125128474086523,0.5844264030456543,0.0030944114550948143,0.18414443731307983
1701,1701,datasets/audios/eastern_sliced/jpop/jpop_067_001.wav,5,jpop,7,pop,0.7818053960800171,0.8478051424026489,0.006799403112381697,0.05903160572052002,0.011725179851055145,0.020030708983540535,0.004641767591238022,0.0040174731984734535,0.005252250470221043,0.7818053960800171,0.0021424018777906895,0.10455383360385895
1702,1702,datasets/audios/eastern_sliced/jpop/jpop_067_002.wav,5,jpop,7,pop,0.9053463339805603,0.47294262051582336,0.0032819565385580063,0.021253809332847595,0.007072353735566139,0.015142811462283134,0.0046257455833256245,0.0027370264288038015,0.0019437773153185844,0.9053463339805603,0.0011155650718137622,0.037480566650629044
1703,1703,datasets/audios/eastern_sliced/kpop/kpop_000_000.wav,6,kpop,7,pop,0.9559513926506042,0.24760836362838745,0.0005007761064916849,0.002623968059197068,0.0018662940710783005,0.019513996317982674,0.012087740004062653,0.0012971257092431188,0.0003036819107364863,0.9559513926506042,0.0006509811501018703,0.005204127635806799
1704,1704,datasets/audios/eastern_sliced/kpop/kpop_000_001.wav,6,kpop,7,pop,0.9820210933685303,0.1191767081618309,0.00026236745179630816,0.0009461704757995903,0.0015556704020127654,0.006960985716432333,0.004983275197446346,0.0005247446824796498,0.0001408481621183455,0.9820210933685303,0.00025721968268044293,0.0023477133363485336
1705,1705,datasets/audios/eastern_sliced/kpop/kpop_000_002.wav,6,kpop,7,pop,0.9335218667984009,0.339548796415329,0.0005737211904488504,0.0031016895081847906,0.0018175913719460368,0.029602155089378357,0.020567048341035843,0.0012235078029334545,0.0004979901132173836,0.9335218667984009,0.0008604312897659838,0.008234075270593166
1706,1706,datasets/audios/eastern_sliced/kpop/kpop_001_000.wav,6,kpop,7,pop,0.7951890230178833,0.5717241168022156,0.0015061732847243547,0.0004693689406849444,0.00040410031215287745,0.00355163449421525,0.19339454174041748,0.0008056884398683906,0.0006395530654117465,0.7951890230178833,0.001192342722788453,0.002847484080120921
1707,1707,datasets/audios/eastern_sliced/kpop/kpop_001_001.wav,6,kpop,7,pop,0.4969390332698822,0.7925045490264893,0.0019948184490203857,0.00032428480335511267,0.00024182948982343078,0.0073356726206839085,0.48656389117240906,0.0015624648658558726,0.0006523352931253612,0.4969390332698822,0.0013632617192342877,0.0030224479269236326
1708,1708,datasets/audios/eastern_sliced/kpop/kpop_001_002.wav,6,kpop,4,hiphop,0.7820839881896973,0.6909263134002686,0.007889248430728912,0.0005033334600739181,0.0005912524648010731,0.009303700178861618,0.7820839881896973,0.004767583683133125,0.0019998066127300262,0.18077851831912994,0.0052442098967731,0.00683831749483943
1709,1709,datasets/audios/eastern_sliced/kpop/kpop_002_000.wav,6,kpop,7,pop,0.9838776588439941,0.10390066355466843,0.00028104023658670485,0.00037349958438426256,0.0006999425240792334,0.0030544213950634003,0.00936548039317131,0.00025532866129651666,0.00013871496776118875,0.9838776588439941,0.00018543093756306916,0.0017685112543404102
1710,1710,datasets/audios/eastern_sliced/kpop/kpop_002_001.wav,6,kpop,7,pop,0.9895555377006531,0.07680008560419083,0.00022381469898391515,0.0011032584588974714,0.0009949265513569117,0.0021698109339922667,0.0021654129959642887,0.00023846204567234963,0.00027241039788350463,0.9895555377006531,0.00013957110058981925,0.003136747982352972
1711,1711,datasets/audios/eastern_sliced/kpop/kpop_002_002.wav,6,kpop,7,pop,0.8469717502593994,0.7007701396942139,0.003786967135965824,0.005518699996173382,0.02284006029367447,0.01603650115430355,0.05859088525176048,0.006627633702009916,0.002526025753468275,0.8469717502593994,0.02780509553849697,0.009296434931457043
1712,1712,datasets/audios/eastern_sliced/kpop/kpop_003_000.wav,6,kpop,7,pop,0.9431042075157166,0.3106088936328888,0.0016688121249899268,0.0033205258660018444,0.004240697715431452,0.006314997561275959,0.028938675299286842,0.0024894659873098135,0.0007983235991559923,0.9431042075157166,0.0018447779584676027,0.007279516197741032
1713,1713,datasets/audios/eastern_sliced/kpop/kpop_003_001.wav,6,kpop,7,pop,0.9634899497032166,0.21741712093353271,0.001000354764983058,0.001840045559220016,0.003720467910170555,0.005178075283765793,0.016754629090428352,0.0013968682615086436,0.000389086693758145,0.9634899497032166,0.0009320233366452157,0.005298393312841654
1714,1714,datasets/audios/eastern_sliced/kpop/kpop_003_002.wav,6,kpop,7,pop,0.9166882038116455,0.3822481334209442,0.0018831860506907105,0.0017539294203743339,0.0026973390486091375,0.007061897777020931,0.05884435400366783,0.0021721587982028723,0.0006358277751132846,0.9166882038116455,0.0017750145634636283,0.006488227751106024
1715,1715,datasets/audios/eastern_sliced/kpop/kpop_004_000.wav,6,kpop,7,pop,0.9660192728042603,0.2083010971546173,0.0009769594762474298,0.002446400001645088,0.0025520059280097485,0.008272351697087288,0.012726232409477234,0.001705861184746027,0.0004912179429084063,0.9660192728042603,0.0011954550864174962,0.0036141970194876194
1716,1716,datasets/audios/eastern_sliced/kpop/kpop_004_001.wav,6,kpop,7,pop,0.9909040331840515,0.06745421886444092,0.00021015260426793247,0.0007252813084051013,0.0006920134765096009,0.0017679258016869426,0.003799189580604434,0.0004408421227708459,0.0001016947062453255,0.9909040331840515,0.00025305067538283765,0.0011058059753850102
1717,1717,datasets/audios/eastern_sliced/kpop/kpop_004_002.wav,6,kpop,7,pop,0.927833616733551,0.3960878252983093,0.0025233339983969927,0.006500333081930876,0.006862921640276909,0.013085461221635342,0.02511570043861866,0.004668748937547207,0.0016196039505302906,0.927833616733551,0.0038942715618759394,0.00789591670036316
1718,1718,datasets/audios/eastern_sliced/kpop/kpop_005_000.wav,6,kpop,7,pop,0.6180397868156433,1.170466423034668,0.005306274630129337,0.0042571742087602615,0.02866007573902607,0.016714056953787804,0.2151808738708496,0.008648863062262535,0.0019034903962165117,0.6180397868156433,0.08955707401037216,0.011732379905879498
1719,1719,datasets/audios/eastern_sliced/kpop/kpop_005_001.wav,6,kpop,7,pop,0.652306854724884,1.1008579730987549,0.004517927300184965,0.0037746087182313204,0.032223936170339584,0.010709952563047409,0.19460570812225342,0.00694458419457078,0.0013230695622041821,0.652306854724884,0.08257229626178741,0.011021076701581478
1720,1720,datasets/audios/eastern_sliced/kpop/kpop_005_002.wav,6,kpop,7,pop,0.8155827522277832,0.7128889560699463,0.0023777945898473263,0.0026791919954121113,0.0157192200422287,0.007194740232080221,0.11498568207025528,0.004087027627974749,0.0007913644658401608,0.8155827522277832,0.029652277007699013,0.006929963827133179
1721,1721,datasets/audios/eastern_sliced/kpop/kpop_006_000.wav,6,kpop,4,hiphop,0.5862007737159729,0.9541471004486084,0.00420429278165102,0.0010941263753920794,0.0015922152670100331,0.015776216983795166,0.5862007737159729,0.003162719774991274,0.0017304709181189537,0.3517792522907257,0.02274652197957039,0.0117134228348732
1722,1722,datasets/audios/eastern_sliced/kpop/kpop_006_001.wav,6,kpop,7,pop,0.8325868248939514,0.6054465770721436,0.003659977111965418,0.0019004205241799355,0.0024751999881118536,0.005248240660876036,0.1300479769706726,0.0026836427859961987,0.0009939175797626376,0.8325868248939514,0.0043727932497859,0.01603103056550026
1723,1723,datasets/audios/eastern_sliced/kpop/kpop_006_002.wav,6,kpop,7,pop,0.9564720392227173,0.25547218322753906,0.0011706221848726273,0.003076224122196436,0.0033567706122994423,0.006413535680621862,0.016929296776652336,0.0014712538104504347,0.0005317038157954812,0.9564720392227173,0.0018665725365281105,0.008711970411241055
1724,1724,datasets/audios/eastern_sliced/kpop/kpop_007_000.wav,6,kpop,7,pop,0.9205320477485657,0.4277343153953552,0.0022478685714304447,0.007464519236236811,0.008168810978531837,0.010298055596649647,0.025572175160050392,0.003184812841936946,0.0011657424038276076,0.9205320477485657,0.006060543470084667,0.01530540268868208
1725,1725,datasets/audios/eastern_sliced/kpop/kpop_007_001.wav,6,kpop,7,pop,0.9333207011222839,0.352130264043808,0.0008418394718319178,0.002312698634341359,0.00495217414572835,0.02359578013420105,0.02266324870288372,0.0016541648656129837,0.0002754501474555582,0.9333207011222839,0.0040195407345891,0.00636430224403739
1726,1726,datasets/audios/eastern_sliced/kpop/kpop_007_002.wav,6,kpop,7,pop,0.5269824862480164,1.5302221775054932,0.007748179137706757,0.020080208778381348,0.059882428497076035,0.051477085798978806,0.09693664312362671,0.05346163734793663,0.0025890013203024864,0.5269824862480164,0.1674579679965973,0.013384346850216389
1727,1727,datasets/audios/eastern_sliced/kpop/kpop_008_000.wav,6,kpop,7,pop,0.4824957251548767,1.6092636585235596,0.00806783139705658,0.030305098742246628,0.02680928073823452,0.1446792632341385,0.1510012447834015,0.048667117953300476,0.004794058855623007,0.4824957251548767,0.0877489298582077,0.015431464649736881
1728,1728,datasets/audios/eastern_sliced/kpop/kpop_008_001.wav,6,kpop,7,pop,0.24805831909179688,1.868152379989624,0.013079922646284103,0.03656156733632088,0.03452496975660324,0.23627488315105438,0.1651778668165207,0.04959430173039436,0.011155642569065094,0.24805831909179688,0.1854979246854782,0.02007468231022358
1729,1729,datasets/audios/eastern_sliced/kpop/kpop_008_002.wav,6,kpop,7,pop,0.424812912940979,1.7208021879196167,0.009775323793292046,0.03489742428064346,0.031530916690826416,0.13850480318069458,0.15908052027225494,0.053152889013290405,0.006929795723408461,0.424812912940979,0.12398745864629745,0.01732795126736164
1730,1730,datasets/audios/eastern_sliced/kpop/kpop_009_000.wav,6,kpop,7,pop,0.9839639067649841,0.11195963621139526,0.0002870813477784395,0.0022877822630107403,0.0016271210042759776,0.004122626967728138,0.0041563501581549644,0.0009291790192946792,0.00015971186803653836,0.9839639067649841,0.0004921396030113101,0.0019740986172109842
1731,1731,datasets/audios/eastern_sliced/kpop/kpop_009_001.wav,6,kpop,3,disco,0.5763309597969055,1.4787075519561768,0.012960474006831646,0.05544717237353325,0.03822831064462662,0.5763309597969055,0.018985560163855553,0.01701575703918934,0.035964485257864,0.161864772439003,0.029050979763269424,0.0541515089571476
1732,1732,datasets/audios/eastern_sliced/kpop/kpop_009_002.wav,6,kpop,7,pop,0.9769552946090698,0.12242234498262405,5.520023114513606e-05,3.0093413442955352e-05,3.6618916055886075e-05,0.0033337355125695467,0.01915656588971615,4.336378333391622e-05,8.719696779735386e-06,0.9769552946090698,2.944773223134689e-05,0.00035089647280983627
1733,1733,datasets/audios/eastern_sliced/kpop/kpop_010_000.wav,6,kpop,7,pop,0.8937128782272339,0.5385639667510986,0.003977111075073481,0.017221631482243538,0.014723707921802998,0.03344297781586647,0.009504478424787521,0.003583567449823022,0.002946674358099699,0.8937128782272339,0.0027068015187978745,0.018180184066295624
1734,1734,datasets/audios/eastern_sliced/kpop/kpop_010_001.wav,6,kpop,7,pop,0.9601549506187439,0.21254733204841614,0.00046740888501517475,0.0008080589468590915,0.0005463886191137135,0.007567924447357655,0.026171300560235977,0.0022084962110966444,0.00010187581210630015,0.9601549506187439,0.0004228361649438739,0.0015507526695728302
1735,1735,datasets/audios/eastern_sliced/kpop/kpop_010_002.wav,6,kpop,7,pop,0.9649059772491455,0.19354689121246338,0.0003332207852508873,0.0009562485502101481,0.0005189041839912534,0.007911394350230694,0.021681416779756546,0.0014628105564042926,9.406429308000952e-05,0.9649059772491455,0.00033374555641785264,0.0018022354925051332
1736,1736,datasets/audios/eastern_sliced/kpop/kpop_011_000.wav,6,kpop,7,pop,0.7269585728645325,0.7759973406791687,0.0014708834933117032,0.0014241458848118782,0.0012780987890437245,0.02521471306681633,0.22731678187847137,0.00446936022490263,0.0008420036756433547,0.7269585728645325,0.0067757111974060535,0.004249683581292629
1737,1737,datasets/audios/eastern_sliced/kpop/kpop_011_001.wav,6,kpop,7,pop,0.9814695119857788,0.1250760853290558,0.000279655127087608,0.002949677873402834,0.0010031908750534058,0.00521205784752965,0.004645598120987415,0.0011966737220063806,0.00011652169632725418,0.9814695119857788,0.00022977603657636791,0.0028974716551601887
1738,1738,datasets/audios/eastern_sliced/kpop/kpop_011_002.wav,6,kpop,7,pop,0.5967506766319275,1.06947660446167,0.0024539928417652845,0.0038532314356416464,0.0024522149469703436,0.050650086253881454,0.29351451992988586,0.009088034741580486,0.0023456618655472994,0.5967506766319275,0.03307502344250679,0.005816594231873751
1739,1739,datasets/audios/eastern_sliced/kpop/kpop_012_000.wav,6,kpop,7,pop,0.9141255021095276,0.41507238149642944,0.0017962247366085649,0.001950698671862483,0.002311363583430648,0.01900777406990528,0.04553176090121269,0.001226153690367937,0.0029476098716259003,0.9141255021095276,0.0013379327720031142,0.009764885529875755
1740,1740,datasets/audios/eastern_sliced/kpop/kpop_012_001.wav,6,kpop,7,pop,0.9583780169487,0.25154590606689453,0.001054974622093141,0.00403272919356823,0.0020950862672179937,0.006802236195653677,0.00861230306327343,0.0008995754760690033,0.00574114453047514,0.9583780169487,0.0008913759374991059,0.011492581106722355
1741,1741,datasets/audios/eastern_sliced/kpop/kpop_012_002.wav,6,kpop,7,pop,0.9160963296890259,0.3753906488418579,0.0011570495553314686,0.0018253165762871504,0.0006735337665304542,0.004364967346191406,0.061910852789878845,0.001143091358244419,0.0023250391241163015,0.9160963296890259,0.0020600995048880577,0.008443664759397507
1742,1742,datasets/audios/eastern_sliced/kpop/kpop_013_000.wav,6,kpop,7,pop,0.8806084990501404,0.4799911379814148,0.0019229954341426492,0.0013237405801191926,0.003204240696504712,0.007662713527679443,0.09211573749780655,0.0023036631755530834,0.00036212996928952634,0.8806084990501404,0.00608734879642725,0.004408930893987417
1743,1743,datasets/audios/eastern_sliced/kpop/kpop_013_001.wav,6,kpop,7,pop,0.9107174873352051,0.47089290618896484,0.0025589230936020613,0.022948220372200012,0.008590624667704105,0.00962089654058218,0.013427389785647392,0.003597787581384182,0.002350839553400874,0.9107174873352051,0.003632529638707638,0.02255525253713131
1744,1744,datasets/audios/eastern_sliced/kpop/kpop_013_002.wav,6,kpop,7,pop,0.9509690999984741,0.2816255986690521,0.0013571884483098984,0.0048356568440794945,0.003919328097254038,0.005415278486907482,0.020895658060908318,0.0019188432488590479,0.0009880990255624056,0.9509690999984741,0.0016696250531822443,0.008031120523810387
1745,1745,datasets/audios/eastern_sliced/kpop/kpop_014_000.wav,6,kpop,7,pop,0.96637362241745,0.19204410910606384,0.00044941913802176714,0.0013025300577282906,0.0016154336044564843,0.019803473725914955,0.006049479357898235,0.000914566742721945,0.00011782548972405493,0.96637362241745,0.00041307954234071076,0.002960585057735443
1746,1746,datasets/audios/eastern_sliced/kpop/kpop_014_001.wav,6,kpop,7,pop,0.9718208312988281,0.16217990219593048,0.0003292540495749563,0.0005948347970843315,0.0012051345547661185,0.017884692177176476,0.004670711234211922,0.0005435638595372438,5.2229770517442375e-05,0.9718208312988281,0.00017985493468586355,0.0027188370004296303
1747,1747,datasets/audios/eastern_sliced/kpop/kpop_014_002.wav,6,kpop,7,pop,0.9646934866905212,0.20177094638347626,0.0005099121481180191,0.0008514956571161747,0.0028515004087239504,0.01913396641612053,0.004820140544325113,0.0006863948656246066,0.00010107065463671461,0.9646934866905212,0.00024017869145609438,0.006111789960414171
1748,1748,datasets/audios/eastern_sliced/kpop/kpop_015_000.wav,6,kpop,7,pop,0.5951253771781921,1.296107530593872,0.008521411567926407,0.010032139718532562,0.010199138894677162,0.14383713901042938,0.16213662922382355,0.018749801442027092,0.010191458277404308,0.5951253771781921,0.02605498768389225,0.015151924453675747
1749,1749,datasets/audios/eastern_sliced/kpop/kpop_015_001.wav,6,kpop,7,pop,0.9761006236076355,0.15068911015987396,0.0004965540138073266,0.0014480544487014413,0.0012596823507919908,0.004418971017003059,0.011517119593918324,0.0008935117512010038,0.0001692476507741958,0.9761006236076355,0.0005817686324007809,0.003114425577223301
1750,1750,datasets/audios/eastern_sliced/kpop/kpop_015_002.wav,6,kpop,7,pop,0.9602714776992798,0.2310418337583542,0.0008365796529687941,0.002521316520869732,0.0019900330808013678,0.007822400890290737,0.019177526235580444,0.001771574723534286,0.0004894075682386756,0.9602714776992798,0.0013865286018699408,0.003733182791620493
1751,1751,datasets/audios/eastern_sliced/kpop/kpop_016_000.wav,6,kpop,7,pop,0.9303372502326965,0.3652958571910858,0.0015004532178863883,0.0035331053659319878,0.00473431870341301,0.030971761792898178,0.017936045303940773,0.0024833406787365675,0.0008970913477241993,0.9303372502326965,0.0028589442372322083,0.004747776780277491
1752,1752,datasets/audios/eastern_sliced/kpop/kpop_016_001.wav,6,kpop,3,disco,0.4600064158439636,1.5510934591293335,0.01344920415431261,0.017946364358067513,0.023428799584507942,0.4600064158439636,0.10034562647342682,0.01887601986527443,0.006701992359012365,0.24540767073631287,0.09875098615884781,0.015086903236806393
1753,1753,datasets/audios/eastern_sliced/kpop/kpop_016_002.wav,6,kpop,3,disco,0.7950830459594727,0.8400644659996033,0.0051521058194339275,0.008231098763644695,0.010699409060180187,0.7950830459594727,0.03491159528493881,0.005922870710492134,0.005849042907357216,0.10024328529834747,0.024883495643734932,0.009024122729897499
1754,1754,datasets/audios/eastern_sliced/kpop/kpop_017_000.wav,6,kpop,7,pop,0.9485986828804016,0.29768824577331543,0.0014581989962607622,0.003508041612803936,0.005832234397530556,0.015144683420658112,0.011616533622145653,0.002117284806445241,0.0007762341410852969,0.9485986828804016,0.0018921361770480871,0.009055946953594685
1755,1755,datasets/audios/eastern_sliced/kpop/kpop_017_001.wav,6,kpop,7,pop,0.7821032404899597,0.9525498151779175,0.00878060981631279,0.011154933832585812,0.05310424044728279,0.04763387516140938,0.033643029630184174,0.018982257694005966,0.00374938128516078,0.7821032404899597,0.014844818040728569,0.02600354328751564
1756,1756,datasets/audios/eastern_sliced/kpop/kpop_017_002.wav,6,kpop,7,pop,0.8931480050086975,0.5399966835975647,0.005607292056083679,0.00856295507401228,0.023806625977158546,0.0297758299857378,0.010836297646164894,0.0037142185028642416,0.002133247209712863,0.8931480050086975,0.0023637069389224052,0.020051762461662292
1757,1757,datasets/audios/eastern_sliced/kpop/kpop_018_000.wav,6,kpop,7,pop,0.7165375351905823,1.1364046335220337,0.004224659409373999,0.062115058302879333,0.04718147963285446,0.060107529163360596,0.0111244460567832,0.014039208181202412,0.017445627599954605,0.7165375351905823,0.009143789298832417,0.05808063596487045
1758,1758,datasets/audios/eastern_sliced/kpop/kpop_018_001.wav,6,kpop,7,pop,0.7203992009162903,1.1315929889678955,0.0044152759946882725,0.06659220904111862,0.044214460998773575,0.0513877347111702,0.012263696640729904,0.018039235845208168,0.016969112679362297,0.7203992009162903,0.00890337210148573,0.056815698742866516
1759,1759,datasets/audios/eastern_sliced/kpop/kpop_018_002.wav,6,kpop,7,pop,0.7301526665687561,1.0946319103240967,0.004204722587019205,0.05797918885946274,0.04798130691051483,0.04888179525732994,0.009403524920344353,0.013187368400394917,0.01879759132862091,0.7301526665687561,0.007044248282909393,0.062367603182792664
1760,1760,datasets/audios/eastern_sliced/kpop/kpop_019_000.wav,6,kpop,7,pop,0.7612901926040649,1.0129883289337158,0.012372400611639023,0.018132226541638374,0.015065941959619522,0.02255070023238659,0.07539350539445877,0.033040858805179596,0.005593516863882542,0.7612901926040649,0.013040569610893726,0.043520115315914154
1761,1761,datasets/audios/eastern_sliced/kpop/kpop_019_001.wav,6,kpop,7,pop,0.681598961353302,1.2556010484695435,0.017086056992411613,0.02265169657766819,0.0222468264400959,0.030772807076573372,0.09163898229598999,0.05389119312167168,0.007571700029075146,0.681598961353302,0.020853864029049873,0.051687903702259064
1762,1762,datasets/audios/eastern_sliced/kpop/kpop_019_002.wav,6,kpop,7,pop,0.6757446527481079,1.280849575996399,0.01866513304412365,0.021371951326727867,0.039100538939237595,0.023611996322870255,0.07099302858114243,0.06814637780189514,0.006551021710038185,0.6757446527481079,0.02123674564063549,0.05457862839102745
1763,1763,datasets/audios/eastern_sliced/kpop/kpop_020_000.wav,6,kpop,7,pop,0.9192211627960205,0.4205029606819153,0.0019698331598192453,0.022511793300509453,0.007842711172997952,0.005677013657987118,0.006183910649269819,0.0021453530061990023,0.003085308475419879,0.9192211627960205,0.0018287416314706206,0.029534174129366875
1764,1764,datasets/audios/eastern_sliced/kpop/kpop_020_001.wav,6,kpop,7,pop,0.9110284447669983,0.4472145438194275,0.0021609135437756777,0.024813715368509293,0.010204479098320007,0.0050085182301700115,0.0049828821793198586,0.002199687296524644,0.002391873160377145,0.9110284447669983,0.0018134894780814648,0.03539590537548065
1765,1765,datasets/audios/eastern_sliced/kpop/kpop_020_002.wav,6,kpop,7,pop,0.9025858044624329,0.4966870844364166,0.003042834345251322,0.030023913830518723,0.010607042349874973,0.00891695637255907,0.0075471061281859875,0.003641830524429679,0.0033759232610464096,0.9025858044624329,0.0024868473410606384,0.02777167409658432
1766,1766,datasets/audios/eastern_sliced/kpop/kpop_021_000.wav,6,kpop,7,pop,0.962040901184082,0.22730551660060883,0.00118616025429219,0.003670446341857314,0.001547691528685391,0.0067513189278542995,0.015399200841784477,0.0022758066188544035,0.0004553697071969509,0.962040901184082,0.000929736765101552,0.005743348505347967
1767,1767,datasets/audios/eastern_sliced/kpop/kpop_021_001.wav,6,kpop,7,pop,0.9567985534667969,0.25674402713775635,0.0014696724247187376,0.005166797898709774,0.002002282999455929,0.00832632090896368,0.014382751658558846,0.002751454245299101,0.000580505293328315,0.9567985534667969,0.0010727184126153588,0.007448942866176367
1768,1768,datasets/audios/eastern_sliced/kpop/kpop_021_002.wav,6,kpop,7,pop,0.8851915597915649,0.5713137984275818,0.004297200590372086,0.03251739218831062,0.005270955618470907,0.01766599528491497,0.014737758785486221,0.007741152308881283,0.0021335454657673836,0.8851915597915649,0.0032664062455296516,0.027177946642041206
1769,1769,datasets/audios/eastern_sliced/kpop/kpop_022_000.wav,6,kpop,7,pop,0.8757854104042053,0.6323251724243164,0.004289411008358002,0.021396810188889503,0.012451272457838058,0.012317576445639133,0.023742128163576126,0.016071472316980362,0.0032742784824222326,0.8757854104042053,0.01316849049180746,0.01750323362648487
1770,1770,datasets/audios/eastern_sliced/kpop/kpop_022_001.wav,6,kpop,7,pop,0.8876897692680359,0.5705558657646179,0.0031463904306292534,0.014645162969827652,0.007830061949789524,0.011397454887628555,0.037197332829236984,0.011386645026504993,0.0029482098761945963,0.8876897692680359,0.011137319728732109,0.012621711008250713
1771,1771,datasets/audios/eastern_sliced/kpop/kpop_022_002.wav,6,kpop,7,pop,0.8856911063194275,0.588475227355957,0.004385544452816248,0.016794811934232712,0.00869662594050169,0.011157257482409477,0.026169734075665474,0.017749378457665443,0.0022359269205480814,0.8856911063194275,0.01252521388232708,0.014594487845897675
1772,1772,datasets/audios/eastern_sliced/kpop/kpop_023_000.wav,6,kpop,7,pop,0.4822399914264679,1.7530536651611328,0.013721076771616936,0.11736150085926056,0.03863409161567688,0.04933973401784897,0.07443790137767792,0.03202146291732788,0.032772429287433624,0.4822399914264679,0.06709699332714081,0.092374786734581
1773,1773,datasets/audios/eastern_sliced/kpop/kpop_023_001.wav,6,kpop,7,pop,0.35506072640419006,1.949902057647705,0.025044826790690422,0.18571917712688446,0.033327993005514145,0.06760627031326294,0.08287464082241058,0.05852879583835602,0.027262097224593163,0.35506072640419006,0.0820130705833435,0.08256246894598007
1774,1774,datasets/audios/eastern_sliced/kpop/kpop_023_002.wav,6,kpop,7,pop,0.6701487302780151,1.2532832622528076,0.01187962107360363,0.053918126970529556,0.012665487825870514,0.023270240053534508,0.11816016584634781,0.021787984296679497,0.01058129034936428,0.6701487302780151,0.026616767048835754,0.05097155645489693
1775,1775,datasets/audios/eastern_sliced/kpop/kpop_024_000.wav,6,kpop,7,pop,0.5898805260658264,1.4402623176574707,0.0127559844404459,0.11966864764690399,0.07279614359140396,0.02541247010231018,0.018394578248262405,0.026000959798693657,0.008429132401943207,0.5898805260658264,0.02635972388088703,0.10030186921358109
1776,1776,datasets/audios/eastern_sliced/kpop/kpop_024_001.wav,6,kpop,7,pop,0.543769359588623,1.5186010599136353,0.014206481166183949,0.17125625908374786,0.06033529341220856,0.038197509944438934,0.015537062659859657,0.036735255271196365,0.006971779745072126,0.543769359588623,0.02820424921810627,0.08478670567274094
1777,1777,datasets/audios/eastern_sliced/kpop/kpop_024_002.wav,6,kpop,7,pop,0.556121826171875,1.4975285530090332,0.013119763694703579,0.17197655141353607,0.05775643512606621,0.028512027114629745,0.01592707261443138,0.04784669727087021,0.006515607703477144,0.556121826171875,0.03947634994983673,0.06274765729904175
1778,1778,datasets/audios/eastern_sliced/kpop/kpop_025_000.wav,6,kpop,1,classical,0.5776218771934509,1.3235652446746826,0.014967902563512325,0.5776218771934509,0.022584274411201477,0.024722086265683174,0.005901569500565529,0.039957065135240555,0.007059718016535044,0.23155879974365234,0.015708697959780693,0.059917982667684555
1779,1779,datasets/audios/eastern_sliced/kpop/kpop_025_001.wav,6,kpop,1,classical,0.48128843307495117,1.4701414108276367,0.104823537170887,0.48128843307495117,0.01284724846482277,0.01010875403881073,0.004420895129442215,0.24219557642936707,0.015414233319461346,0.016135171055793762,0.010515052825212479,0.10225103795528412
1780,1780,datasets/audios/eastern_sliced/kpop/kpop_025_002.wav,6,kpop,1,classical,0.2694534659385681,1.8364067077636719,0.2112497091293335,0.2694534659385681,0.01831868477165699,0.009676029905676842,0.011447071097791195,0.14409202337265015,0.02489975094795227,0.07814321666955948,0.023298628628253937,0.20942138135433197
1781,1781,datasets/audios/eastern_sliced/kpop/kpop_026_000.wav,6,kpop,1,classical,0.48498085141181946,1.6076281070709229,0.006006513722240925,0.48498085141181946,0.099733367562294,0.11938450485467911,0.0015610831324011087,0.0158022902905941,0.05423984304070473,0.08871281892061234,0.007594849448651075,0.1219838485121727
1782,1782,datasets/audios/eastern_sliced/kpop/kpop_026_001.wav,6,kpop,1,classical,0.36567649245262146,1.7501757144927979,0.015091601759195328,0.36567649245262146,0.186240553855896,0.03086741827428341,0.005920473951846361,0.06696521490812302,0.016119003295898438,0.2086927741765976,0.025249507278203964,0.07917695492506027
1783,1783,datasets/audios/eastern_sliced/kpop/kpop_026_002.wav,6,kpop,1,classical,0.44296368956565857,1.6107004880905151,0.020579203963279724,0.44296368956565857,0.0728282555937767,0.020364148542284966,0.007337580900639296,0.03625044971704483,0.02005581185221672,0.2529376149177551,0.02036820538341999,0.10631497949361801
1784,1784,datasets/audios/eastern_sliced/kpop/kpop_027_000.wav,6,kpop,7,pop,0.9453179836273193,0.3144198954105377,0.0014350535348057747,0.005277205258607864,0.012151893228292465,0.007355802692472935,0.013926037587225437,0.002010057680308819,0.000493739265948534,0.9453179836273193,0.002066523302346468,0.009965821169316769
1785,1785,datasets/audios/eastern_sliced/kpop/kpop_027_001.wav,6,kpop,7,pop,0.9560469388961792,0.25952330231666565,0.0010093895252794027,0.003386469092220068,0.01318326499313116,0.005248520988970995,0.010859404690563679,0.0011112125357612967,0.0004407104570418596,0.9560469388961792,0.0016969857970252633,0.007017083931714296
1786,1786,datasets/audios/eastern_sliced/kpop/kpop_027_002.wav,6,kpop,7,pop,0.9513217806816101,0.26990559697151184,0.0005634010885842144,0.003362983465194702,0.003797756740823388,0.022393453866243362,0.008039084263145924,0.001005074824206531,0.00022212366457097232,0.9513217806816101,0.00043663536780513823,0.008857759647071362
1787,1787,datasets/audios/eastern_sliced/kpop/kpop_028_000.wav,6,kpop,7,pop,0.8643234968185425,0.6503179669380188,0.00714376475661993,0.006911900360137224,0.036526940762996674,0.023361217230558395,0.025518396869301796,0.00459955632686615,0.0014675984857603908,0.8643234968185425,0.004355005454272032,0.025792060419917107
1788,1788,datasets/audios/eastern_sliced/kpop/kpop_028_001.wav,6,kpop,7,pop,0.8880393505096436,0.5572975277900696,0.004411112051457167,0.00815363135188818,0.029040314257144928,0.02407248318195343,0.014375168830156326,0.003048036014661193,0.001421842840500176,0.8880393505096436,0.0030644016806036234,0.02437361143529415
1789,1789,datasets/audios/eastern_sliced/kpop/kpop_028_002.wav,6,kpop,7,pop,0.6907286047935486,1.1305502653121948,0.011785229668021202,0.031150251626968384,0.10597255825996399,0.03725988045334816,0.011021317914128304,0.004913287702947855,0.003408262273296714,0.6907286047935486,0.00634761294350028,0.09741295129060745
1790,1790,datasets/audios/eastern_sliced/kpop/kpop_029_000.wav,6,kpop,3,disco,0.5610893964767456,0.9402127265930176,0.0023567602038383484,0.004154808819293976,0.01393083855509758,0.5610893964767456,0.014097161591053009,0.003990065306425095,0.0020545385777950287,0.38708844780921936,0.0032234343234449625,0.008014555089175701
1791,1791,datasets/audios/eastern_sliced/kpop/kpop_029_001.wav,6,kpop,7,pop,0.8264883756637573,0.731887936592102,0.0027004554867744446,0.02348228543996811,0.016783684492111206,0.09012044966220856,0.011276831850409508,0.010107604786753654,0.000990182626992464,0.8264883756637573,0.003245925297960639,0.014804290607571602
1792,1792,datasets/audios/eastern_sliced/kpop/kpop_029_002.wav,6,kpop,3,disco,0.5100638270378113,0.9360699653625488,0.0020833774469792843,0.007027836050838232,0.006079913582652807,0.5100638270378113,0.01592552289366722,0.005634619854390621,0.0017721167532727122,0.4426046907901764,0.0024220210034400225,0.006386002525687218
1793,1793,datasets/audios/eastern_sliced/kpop/kpop_030_000.wav,6,kpop,7,pop,0.935263991355896,0.36510181427001953,0.0020870210137218237,0.00807652436196804,0.008372166194021702,0.009457011707127094,0.011834649369120598,0.0024780300445854664,0.0016679966356605291,0.935263991355896,0.00273708114400506,0.01802554912865162
1794,1794,datasets/audios/eastern_sliced/kpop/kpop_030_001.wav,6,kpop,7,pop,0.7899611592292786,0.9086105823516846,0.005988624412566423,0.022122006863355637,0.04780852794647217,0.048125483095645905,0.01643420197069645,0.009634342975914478,0.005032688844949007,0.7899611592292786,0.005482323933392763,0.04941058158874512
1795,1795,datasets/audios/eastern_sliced/kpop/kpop_030_002.wav,6,kpop,7,pop,0.8632572889328003,0.6655829548835754,0.004342617932707071,0.03463258221745491,0.02014736272394657,0.0256055761128664,0.01064286008477211,0.007351407781243324,0.0031368741765618324,0.8632572889328003,0.006659516133368015,0.02422388829290867
1796,1796,datasets/audios/eastern_sliced/kpop/kpop_031_000.wav,6,kpop,7,pop,0.7309679388999939,1.1011693477630615,0.006288669537752867,0.06296390295028687,0.04743443429470062,0.04039210453629494,0.017759235575795174,0.02193247340619564,0.005296878982335329,0.7309679388999939,0.00971126463264227,0.05725305527448654
1797,1797,datasets/audios/eastern_sliced/kpop/kpop_031_001.wav,6,kpop,1,classical,0.3764842748641968,1.5736855268478394,0.020181262865662575,0.3764842748641968,0.035182032734155655,0.038353949785232544,0.017126943916082382,0.028653569519519806,0.01012216042727232,0.3524516522884369,0.01369314081966877,0.10775098204612732
1798,1798,datasets/audios/eastern_sliced/kpop/kpop_031_002.wav,6,kpop,7,pop,0.849026083946228,0.7050488591194153,0.01024242490530014,0.00967275071889162,0.014967025257647038,0.014818444848060608,0.060244735330343246,0.014794071204960346,0.0011212258832529187,0.849026083946228,0.011262756772339344,0.013850475661456585
1799,1799,datasets/audios/eastern_sliced/kpop/kpop_032_000.wav,6,kpop,7,pop,0.8823288083076477,0.5588162541389465,0.0026209824718534946,0.012478206306695938,0.002395899733528495,0.03461408615112305,0.04047190025448799,0.004047348164021969,0.0013212023768574,0.8823288083076477,0.0033017336390912533,0.01641978695988655
1800,1800,datasets/audios/eastern_sliced/kpop/kpop_032_001.wav,6,kpop,7,pop,0.9391618967056274,0.3452741205692291,0.003145987167954445,0.016608498990535736,0.004431893117725849,0.006737818941473961,0.008588888682425022,0.004644257947802544,0.0008247046498581767,0.9391618967056274,0.0015425890451297164,0.014313414692878723
1801,1801,datasets/audios/eastern_sliced/kpop/kpop_032_002.wav,6,kpop,7,pop,0.9714987277984619,0.18138468265533447,0.0010713408701121807,0.002238356275483966,0.002862438326701522,0.003282487392425537,0.009304700419306755,0.0013665447477251291,0.00045244916691444814,0.9714987277984619,0.0007246117456816137,0.00719840731471777
1802,1802,datasets/audios/eastern_sliced/kpop/kpop_033_000.wav,6,kpop,1,classical,0.6559337377548218,1.1636518239974976,0.01044492982327938,0.6559337377548218,0.015531784854829311,0.009011647664010525,0.0033428187016397715,0.01859837770462036,0.025327693670988083,0.17645172774791718,0.009524957276880741,0.07583234459161758
1803,1803,datasets/audios/eastern_sliced/kpop/kpop_033_001.wav,6,kpop,1,classical,0.720697820186615,1.0303499698638916,0.008742210455238819,0.720697820186615,0.014837999828159809,0.007013250142335892,0.002389888046309352,0.01809360459446907,0.01969124749302864,0.12695524096488953,0.00737730972468853,0.0742013230919838
1804,1804,datasets/audios/eastern_sliced/kpop/kpop_033_002.wav,6,kpop,1,classical,0.6165244579315186,1.2368755340576172,0.008980837650597095,0.6165244579315186,0.01941920444369316,0.00808564480394125,0.0032954758498817682,0.014382529072463512,0.026533838361501694,0.16818544268608093,0.00974988006055355,0.12484265118837357
1805,1805,datasets/audios/eastern_sliced/kpop/kpop_034_000.wav,6,kpop,7,pop,0.872613787651062,0.5916572213172913,0.0021026330068707466,0.012813741341233253,0.010917048901319504,0.019438499584794044,0.006703565362840891,0.0013743066228926182,0.013666614890098572,0.872613787651062,0.001574027701281011,0.0587957389652729
1806,1806,datasets/audios/eastern_sliced/kpop/kpop_034_001.wav,6,kpop,7,pop,0.9800834655761719,0.13091351091861725,0.00035122744156979024,0.0021127385552972555,0.0015114397974684834,0.0023906026035547256,0.0028737832326442003,0.00047787753283046186,0.0007767225033603609,0.9800834655761719,0.00025101882056333125,0.009171141311526299
1807,1807,datasets/audios/eastern_sliced/kpop/kpop_034_002.wav,6,kpop,7,pop,0.8347371220588684,0.707666277885437,0.0019783235620707273,0.016521427780389786,0.011397121474146843,0.01750962622463703,0.005166600923985243,0.001238146680407226,0.03232400491833687,0.8347371220588684,0.0015944564947858453,0.07753315567970276
1808,1808,datasets/audios/eastern_sliced/kpop/kpop_035_000.wav,6,kpop,7,pop,0.8288611769676208,0.7433782815933228,0.003658039728179574,0.006670339033007622,0.006754205096513033,0.008450477384030819,0.07037442922592163,0.004816693719476461,0.024816889315843582,0.8288611769676208,0.004532502964138985,0.04106524959206581
1809,1809,datasets/audios/eastern_sliced/kpop/kpop_035_001.wav,6,kpop,7,pop,0.9356771111488342,0.35749107599258423,0.0020532908383756876,0.008463232778012753,0.01935551129281521,0.005997274070978165,0.0063345711678266525,0.003962081857025623,0.0007202036213129759,0.9356771111488342,0.0016050225822255015,0.01583179272711277
1810,1810,datasets/audios/eastern_sliced/kpop/kpop_035_002.wav,6,kpop,7,pop,0.9708908796310425,0.18644163012504578,0.0008212506654672325,0.003298702882602811,0.0065270704217255116,0.004340020008385181,0.0038518013898283243,0.0015943271573632956,0.0004009688273072243,0.9708908796310425,0.0005916138179600239,0.007683374918997288
1811,1811,datasets/audios/eastern_sliced/kpop/kpop_036_000.wav,6,kpop,7,pop,0.7505950331687927,0.9826439619064331,0.0039005433209240437,0.07072560489177704,0.023585764691233635,0.014432379975914955,0.01657186448574066,0.005797023884952068,0.011515122838318348,0.7505950331687927,0.007013272028416395,0.0958634540438652
1812,1812,datasets/audios/eastern_sliced/kpop/kpop_036_001.wav,6,kpop,7,pop,0.30831289291381836,1.8471758365631104,0.016024978831410408,0.04981717839837074,0.13571131229400635,0.28367531299591064,0.04728063568472862,0.031699806451797485,0.01608430966734886,0.30831289291381836,0.06488441675901413,0.04650914669036865
1813,1813,datasets/audios/eastern_sliced/kpop/kpop_036_002.wav,6,kpop,3,disco,0.36190706491470337,1.5977420806884766,0.01366625539958477,0.02234942466020584,0.15488964319229126,0.36190706491470337,0.030944710597395897,0.01553730946034193,0.007461877539753914,0.3281420171260834,0.03295644372701645,0.03214516490697861
1814,1814,datasets/audios/eastern_sliced/kpop/kpop_037_000.wav,6,kpop,7,pop,0.751699686050415,0.9559940099716187,0.005431485362350941,0.01792411506175995,0.06042991951107979,0.10430685430765152,0.00929831899702549,0.005916185211390257,0.0026956635992974043,0.751699686050415,0.0035069305449724197,0.03879081830382347
1815,1815,datasets/audios/eastern_sliced/kpop/kpop_037_001.wav,6,kpop,7,pop,0.6775030493736267,1.1485295295715332,0.005984248593449593,0.03628578782081604,0.1069442480802536,0.0985821858048439,0.007388810161501169,0.005775553174316883,0.003732310840860009,0.6775030493736267,0.004036013502627611,0.05376777425408363
1816,1816,datasets/audios/eastern_sliced/kpop/kpop_037_002.wav,6,kpop,7,pop,0.6998653411865234,0.9257835745811462,0.0031814775429666042,0.01084855291992426,0.02898089587688446,0.2184373140335083,0.009284121915698051,0.003923631738871336,0.001912789768539369,0.6998653411865234,0.002632252871990204,0.020933613181114197
1817,1817,datasets/audios/eastern_sliced/kpop/kpop_038_000.wav,6,kpop,7,pop,0.39306744933128357,1.4232553243637085,0.01853874884545803,0.01485424768179655,0.38116541504859924,0.017212973907589912,0.02790324203670025,0.011624160222709179,0.005017145071178675,0.39306744933128357,0.011157283559441566,0.11945930123329163
1818,1818,datasets/audios/eastern_sliced/kpop/kpop_038_001.wav,6,kpop,7,pop,0.8422123789787292,0.6508585810661316,0.0036031967028975487,0.003089331556111574,0.08911550045013428,0.015089808031916618,0.011064724065363407,0.00250605633482337,0.0009298541699536145,0.8422123789787292,0.001792068243958056,0.030596992000937462
1819,1819,datasets/audios/eastern_sliced/kpop/kpop_038_002.wav,6,kpop,7,pop,0.5304739475250244,1.6025906801223755,0.057265687733888626,0.04633477330207825,0.15992271900177002,0.044567324221134186,0.04460958391427994,0.018028587102890015,0.00807973649352789,0.5304739475250244,0.03521846979856491,0.05549918860197067
1820,1820,datasets/audios/eastern_sliced/kpop/kpop_039_000.wav,6,kpop,1,classical,0.4972301125526428,1.4712482690811157,0.012280005030333996,0.4972301125526428,0.027856698259711266,0.02533157728612423,0.013427152298390865,0.026057938113808632,0.02046755887567997,0.261587917804718,0.014686516486108303,0.10107456147670746
1821,1821,datasets/audios/eastern_sliced/kpop/kpop_039_001.wav,6,kpop,7,pop,0.42290830612182617,1.792427659034729,0.02156708762049675,0.19633619487285614,0.021996770054101944,0.0509849488735199,0.07155868411064148,0.037746209651231766,0.03794732689857483,0.42290830612182617,0.03611147776246071,0.10284294188022614
1822,1822,datasets/audios/eastern_sliced/kpop/kpop_039_002.wav,6,kpop,1,classical,0.4516066610813141,1.565025806427002,0.014554081484675407,0.4516066610813141,0.02645479328930378,0.02877967432141304,0.02229803055524826,0.026499614119529724,0.02158370241522789,0.2675485610961914,0.017994027584791183,0.12268082797527313
1823,1823,datasets/audios/eastern_sliced/kpop/kpop_040_000.wav,6,kpop,7,pop,0.3687240481376648,1.8636901378631592,0.02654973231256008,0.08890321105718613,0.02379767969250679,0.16897019743919373,0.048313409090042114,0.011850547045469284,0.10881565511226654,0.3687240481376648,0.023866262286901474,0.1302092969417572
1824,1824,datasets/audios/eastern_sliced/kpop/kpop_040_001.wav,6,kpop,7,pop,0.46203160285949707,1.7168258428573608,0.020073985680937767,0.08824808150529861,0.02431614324450493,0.14476345479488373,0.036770470440387726,0.011516142636537552,0.082685187458992,0.46203160285949707,0.018688837066292763,0.11090601980686188
1825,1825,datasets/audios/eastern_sliced/kpop/kpop_040_002.wav,6,kpop,7,pop,0.5148363709449768,1.6067190170288086,0.020292721688747406,0.10833187401294708,0.023605570197105408,0.09985990822315216,0.028818665072321892,0.011167535558342934,0.048568688333034515,0.5148363709449768,0.01477054413408041,0.12974804639816284
1826,1826,datasets/audios/eastern_sliced/kpop/kpop_041_000.wav,6,kpop,7,pop,0.6199131011962891,1.362121820449829,0.01369431335479021,0.10120505094528198,0.024460293352603912,0.01848696917295456,0.04776787385344505,0.03067614510655403,0.01230591256171465,0.6199131011962891,0.010875974781811237,0.1206144466996193
1827,1827,datasets/audios/eastern_sliced/kpop/kpop_041_001.wav,6,kpop,7,pop,0.6337384581565857,1.206527590751648,0.006700535304844379,0.04330674558877945,0.018855605274438858,0.00930833537131548,0.057758480310440063,0.009902012534439564,0.013868609443306923,0.6337384581565857,0.008062656037509441,0.19849850237369537
1828,1828,datasets/audios/eastern_sliced/kpop/kpop_041_002.wav,6,kpop,7,pop,0.479633092880249,1.5924487113952637,0.012395823374390602,0.169707790017128,0.03850456327199936,0.02794479764997959,0.0340062752366066,0.027889592573046684,0.021548505872488022,0.479633092880249,0.012992377392947674,0.17537717521190643
1829,1829,datasets/audios/eastern_sliced/kpop/kpop_042_000.wav,6,kpop,7,pop,0.8316901326179504,0.7587406039237976,0.006618110463023186,0.018410807475447655,0.007291844580322504,0.013113884255290031,0.051507435739040375,0.009288727305829525,0.005730367731302977,0.8316901326179504,0.005537490360438824,0.050811175256967545
1830,1830,datasets/audios/eastern_sliced/kpop/kpop_042_001.wav,6,kpop,7,pop,0.48664095997810364,1.3890395164489746,0.015950074419379234,0.010733506642282009,0.006711930967867374,0.010990454815328121,0.27916744351387024,0.011225433088839054,0.022949011996388435,0.48664095997810364,0.01911528781056404,0.13651585578918457
1831,1831,datasets/audios/eastern_sliced/kpop/kpop_042_002.wav,6,kpop,7,pop,0.47952109575271606,1.3295812606811523,0.015108793042600155,0.009091831743717194,0.006058824714273214,0.011007128283381462,0.33524325489997864,0.012117140926420689,0.015430513769388199,0.47952109575271606,0.021638572216033936,0.09478282928466797
1832,1832,datasets/audios/eastern_sliced/kpop/kpop_043_000.wav,6,kpop,7,pop,0.896119236946106,0.5435321927070618,0.005552093032747507,0.014709954150021076,0.012413306161761284,0.009686250239610672,0.025897663086652756,0.014494664967060089,0.0020672630053013563,0.896119236946106,0.004747299011796713,0.014312339015305042
1833,1833,datasets/audios/eastern_sliced/kpop/kpop_043_001.wav,6,kpop,7,pop,0.850230872631073,0.7274867296218872,0.008256236091256142,0.026260893791913986,0.01730623096227646,0.012518297880887985,0.028749629855155945,0.02649546042084694,0.00321472086943686,0.850230872631073,0.006761270109564066,0.02020638808608055
1834,1834,datasets/audios/eastern_sliced/kpop/kpop_043_002.wav,6,kpop,7,pop,0.8412505984306335,0.7593371272087097,0.007031281478703022,0.033923786133527756,0.022384440526366234,0.014334897510707378,0.02302781492471695,0.02325454168021679,0.0032176312524825335,0.8412505984306335,0.006835924927145243,0.02473902516067028
1835,1835,datasets/audios/eastern_sliced/kpop/kpop_044_000.wav,6,kpop,7,pop,0.48054203391075134,1.6611812114715576,0.017772100865840912,0.02509027160704136,0.03214100003242493,0.01638816110789776,0.18037664890289307,0.02742297574877739,0.03701053187251091,0.48054203391075134,0.08500049263238907,0.0982557088136673
1836,1836,datasets/audios/eastern_sliced/kpop/kpop_044_001.wav,6,kpop,7,pop,0.6999996304512024,1.2120459079742432,0.009364412166178226,0.02632155641913414,0.04037817567586899,0.01784881018102169,0.07021389156579971,0.017474548891186714,0.011601641774177551,0.6999996304512024,0.05799142271280289,0.04880595952272415
1837,1837,datasets/audios/eastern_sliced/kpop/kpop_044_002.wav,6,kpop,7,pop,0.7145036458969116,1.1668545007705688,0.010828073136508465,0.0593191422522068,0.06001145392656326,0.022956842556595802,0.02301732450723648,0.022432368248701096,0.009527287445962429,0.7145036458969116,0.016605542972683907,0.06079833209514618
1838,1838,datasets/audios/eastern_sliced/kpop/kpop_045_000.wav,6,kpop,7,pop,0.24517326056957245,2.013047218322754,0.04071362689137459,0.031137896701693535,0.01967640593647957,0.06836968660354614,0.24077022075653076,0.038523536175489426,0.13351298868656158,0.24517326056957245,0.07152692973613739,0.1105954498052597
1839,1839,datasets/audios/eastern_sliced/kpop/kpop_045_001.wav,6,kpop,4,hiphop,0.2680756747722626,1.969824194908142,0.041744768619537354,0.028319355100393295,0.01633940450847149,0.052450262010097504,0.2680756747722626,0.038760047405958176,0.12886247038841248,0.24833934009075165,0.07040306180715561,0.10670564323663712
1840,1840,datasets/audios/eastern_sliced/kpop/kpop_045_002.wav,6,kpop,7,pop,0.3308435082435608,2.0651421546936035,0.05041935294866562,0.10076466202735901,0.11116719245910645,0.05608876794576645,0.04210587963461876,0.08665429055690765,0.055539779365062714,0.3308435082435608,0.05745028331875801,0.10896630585193634
1841,1841,datasets/audios/eastern_sliced/kpop/kpop_046_000.wav,6,kpop,9,rock,0.3648519217967987,1.5876765251159668,0.020757650956511497,0.03452566638588905,0.18064570426940918,0.019566735252738,0.01017642579972744,0.03221588954329491,0.014192617498338223,0.31013619899749756,0.012931200675666332,0.3648519217967987
1842,1842,datasets/audios/eastern_sliced/kpop/kpop_046_001.wav,6,kpop,9,rock,0.4227031469345093,1.6182528734207153,0.032271623611450195,0.0321294330060482,0.23812361061573029,0.015569952316582203,0.011263859458267689,0.03359755873680115,0.021174324676394463,0.1738816350698471,0.01928487792611122,0.4227031469345093
1843,1843,datasets/audios/eastern_sliced/kpop/kpop_046_002.wav,6,kpop,7,pop,0.5594114065170288,1.3540079593658447,0.012264279648661613,0.03854167088866234,0.1127808690071106,0.019397664815187454,0.007518960162997246,0.023415757343173027,0.0067688780836761,0.5594114065170288,0.00833193026483059,0.2115686535835266
1844,1844,datasets/audios/eastern_sliced/kpop/kpop_047_000.wav,6,kpop,7,pop,0.7912622690200806,0.904281735420227,0.009747600182890892,0.023293625563383102,0.04961162060499191,0.0192751232534647,0.015030641108751297,0.007087993901222944,0.010969643481075764,0.7912622690200806,0.006201745476573706,0.06751976907253265
1845,1845,datasets/audios/eastern_sliced/kpop/kpop_047_001.wav,6,kpop,7,pop,0.7792783975601196,0.9577274322509766,0.011504236608743668,0.028186369687318802,0.05162546783685684,0.02290392480790615,0.016275765374302864,0.007908865809440613,0.013505792245268822,0.7792783975601196,0.007798180449754,0.06101302057504654
1846,1846,datasets/audios/eastern_sliced/kpop/kpop_047_002.wav,6,kpop,7,pop,0.6859858632087708,1.1823021173477173,0.009087757207453251,0.08625221997499466,0.049719858914613724,0.04491237550973892,0.006621927488595247,0.007613183930516243,0.015154751017689705,0.6859858632087708,0.006656317505985498,0.08799570053815842
1847,1847,datasets/audios/eastern_sliced/kpop/kpop_048_000.wav,6,kpop,7,pop,0.8471890687942505,0.7234344482421875,0.006141721270978451,0.035399481654167175,0.02948545664548874,0.009550398215651512,0.014478554017841816,0.010679701343178749,0.002711401553824544,0.8471890687942505,0.008069638162851334,0.03629457578063011
1848,1848,datasets/audios/eastern_sliced/kpop/kpop_048_001.wav,6,kpop,7,pop,0.5971801280975342,1.472544550895691,0.02616024762392044,0.05720251798629761,0.03538452833890915,0.014904926531016827,0.05818686634302139,0.0446431040763855,0.010690060444176197,0.5971801280975342,0.03457845374941826,0.12106926739215851
1849,1849,datasets/audios/eastern_sliced/kpop/kpop_048_002.wav,6,kpop,7,pop,0.6238678097724915,1.3772680759429932,0.020767271518707275,0.11699869483709335,0.024059105664491653,0.017025168985128403,0.026913676410913467,0.05656867101788521,0.011490901932120323,0.6238678097724915,0.018310420215129852,0.08399830013513565
1850,1850,datasets/audios/eastern_sliced/kpop/kpop_049_000.wav,6,kpop,7,pop,0.6384343504905701,1.1731185913085938,0.0038749559316784143,0.01120026595890522,0.007174407131969929,0.04545067250728607,0.20124587416648865,0.006768840830773115,0.009842801839113235,0.6384343504905701,0.01755737140774727,0.058450471609830856
1851,1851,datasets/audios/eastern_sliced/kpop/kpop_049_001.wav,6,kpop,7,pop,0.4975605905056,1.3809126615524292,0.005541581194847822,0.011228231713175774,0.007916240952908993,0.042220067232847214,0.29557856917381287,0.009088603779673576,0.015551548451185226,0.4975605905056,0.029573954641819,0.08574064075946808
1852,1852,datasets/audios/eastern_sliced/kpop/kpop_049_002.wav,6,kpop,7,pop,0.5879112482070923,1.3151723146438599,0.0068118940107524395,0.153401181101799,0.018152175471186638,0.053069889545440674,0.011464850045740604,0.012154210358858109,0.006050748284906149,0.5879112482070923,0.008089671842753887,0.14289416372776031
1853,1853,datasets/audios/eastern_sliced/kpop/kpop_050_000.wav,6,kpop,7,pop,0.6887177228927612,1.2310842275619507,0.014046208932995796,0.04029259458184242,0.023610243573784828,0.031598497182130814,0.08003972470760345,0.024490540847182274,0.011047187261283398,0.6887177228927612,0.011237449944019318,0.07491990178823471
1854,1854,datasets/audios/eastern_sliced/kpop/kpop_050_001.wav,6,kpop,7,pop,0.7348778247833252,1.0888726711273193,0.00970433745533228,0.041447196155786514,0.01624619960784912,0.026617400348186493,0.07080956548452377,0.01968873292207718,0.008608081378042698,0.7348778247833252,0.008898180909454823,0.06310254335403442
1855,1855,datasets/audios/eastern_sliced/kpop/kpop_050_002.wav,6,kpop,7,pop,0.7000565528869629,1.174585223197937,0.010820112191140652,0.036160729825496674,0.017071684822440147,0.027332225814461708,0.09301657229661942,0.01911294087767601,0.01071014441549778,0.7000565528869629,0.010733007453382015,0.07498610019683838
1856,1856,datasets/audios/eastern_sliced/kpop/kpop_051_000.wav,6,kpop,7,pop,0.9008557796478271,0.496463805437088,0.004018651321530342,0.016268935054540634,0.002462487667798996,0.0057134502567350864,0.027140337973833084,0.008966801688075066,0.0014545342419296503,0.9008557796478271,0.0016007424565032125,0.031518202275037766
1857,1857,datasets/audios/eastern_sliced/kpop/kpop_051_001.wav,6,kpop,7,pop,0.7486597895622253,0.9745804071426392,0.006940856110304594,0.08607058972120285,0.00813351757824421,0.007395396940410137,0.026648756116628647,0.022271936759352684,0.0036942726001143456,0.7486597895622253,0.004489746410399675,0.08569513261318207
1858,1858,datasets/audios/eastern_sliced/kpop/kpop_051_002.wav,6,kpop,7,pop,0.7159390449523926,1.0371328592300415,0.0077024707570672035,0.08601179718971252,0.009895394556224346,0.0060605015605688095,0.02300947718322277,0.020827259868383408,0.004088594112545252,0.7159390449523926,0.005101052578538656,0.12136444449424744
1859,1859,datasets/audios/eastern_sliced/kpop/kpop_052_000.wav,6,kpop,7,pop,0.3349330723285675,1.8222267627716064,0.014234417118132114,0.04489508643746376,0.23801906406879425,0.014022234827280045,0.0640433132648468,0.030681218951940536,0.014257744885981083,0.3349330723285675,0.10241809487342834,0.14249566197395325
1860,1860,datasets/audios/eastern_sliced/kpop/kpop_052_001.wav,6,kpop,7,pop,0.4839687943458557,1.5165433883666992,0.010607648640871048,0.06441095471382141,0.2352065145969391,0.01646554470062256,0.014301336370408535,0.02704107016324997,0.006649981252849102,0.4839687943458557,0.02384842373430729,0.11749979853630066
1861,1861,datasets/audios/eastern_sliced/kpop/kpop_052_002.wav,6,kpop,2,country,0.25396865606307983,1.8903120756149292,0.032720115035772324,0.22174903750419617,0.25396865606307983,0.02404707483947277,0.011361395940184593,0.034599192440509796,0.015857040882110596,0.11337492614984512,0.07586867362260818,0.21645377576351166
1862,1862,datasets/audios/eastern_sliced/kpop/kpop_053_000.wav,6,kpop,1,classical,0.3150140643119812,2.010807514190674,0.02240598574280739,0.3150140643119812,0.08159783482551575,0.05890844762325287,0.038003429770469666,0.03887900710105896,0.060232799500226974,0.11297385394573212,0.0867590457201004,0.18522551655769348
1863,1863,datasets/audios/eastern_sliced/kpop/kpop_053_001.wav,6,kpop,1,classical,0.5431625843048096,1.3619484901428223,0.021826913580298424,0.5431625843048096,0.014082646928727627,0.01667879708111286,0.014046424999833107,0.05417034775018692,0.007531771901994944,0.2605980932712555,0.011500478722155094,0.05640199035406113
1864,1864,datasets/audios/eastern_sliced/kpop/kpop_053_002.wav,6,kpop,7,pop,0.8297394514083862,0.7465039491653442,0.009191606193780899,0.02324836328625679,0.003173793898895383,0.008805016055703163,0.07285107672214508,0.01848885416984558,0.0023437265772372484,0.8297394514083862,0.0038748481310904026,0.028283225372433662
1865,1865,datasets/audios/eastern_sliced/kpop/kpop_054_000.wav,6,kpop,7,pop,0.6048386693000793,1.2166779041290283,0.013775850646197796,0.22941243648529053,0.0053828200325369835,0.01028471253812313,0.022870274260640144,0.03895202651619911,0.003932649735361338,0.6048386693000793,0.005348849110305309,0.06520172208547592
1866,1866,datasets/audios/eastern_sliced/kpop/kpop_054_001.wav,6,kpop,7,pop,0.9348881244659424,0.3451797664165497,0.0028423857875168324,0.0036866283044219017,0.0026889722794294357,0.007846956141293049,0.03304776921868324,0.0036511996295303106,0.0006690795999020338,0.9348881244659424,0.0015441850991919637,0.009134692139923573
1867,1867,datasets/audios/eastern_sliced/kpop/kpop_054_002.wav,6,kpop,7,pop,0.8614710569381714,0.6739547848701477,0.005383267067372799,0.010639679618179798,0.023547068238258362,0.018718328326940536,0.03583424910902977,0.006632503122091293,0.0024652904830873013,0.8614710569381714,0.009825433604419231,0.025483205914497375
1868,1868,datasets/audios/eastern_sliced/kpop/kpop_055_000.wav,6,kpop,7,pop,0.8130199909210205,0.7901236414909363,0.006213134154677391,0.09108133614063263,0.02794438600540161,0.008213016204535961,0.007926912046968937,0.015200134366750717,0.0017414416652172804,0.8130199909210205,0.008912835270166397,0.019746825098991394
1869,1869,datasets/audios/eastern_sliced/kpop/kpop_055_001.wav,6,kpop,7,pop,0.7318683862686157,1.1176681518554688,0.01676781475543976,0.07218955457210541,0.03730042651295662,0.010445845313370228,0.026818012818694115,0.020952796563506126,0.005785037763416767,0.7318683862686157,0.03819814696907997,0.039674028754234314
1870,1870,datasets/audios/eastern_sliced/kpop/kpop_055_002.wav,6,kpop,7,pop,0.5958126187324524,1.5119044780731201,0.02257951907813549,0.05370436608791351,0.053274646401405334,0.012809837237000465,0.06470602005720139,0.06084685027599335,0.013891221024096012,0.5958126187324524,0.058834802359342575,0.06354014575481415
1871,1871,datasets/audios/eastern_sliced/kpop/kpop_056_000.wav,6,kpop,7,pop,0.8806902170181274,0.5674741864204407,0.0036360269878059626,0.01237455289810896,0.017962751910090446,0.019163085147738457,0.0077686915174126625,0.0036192394327372313,0.0016676365630701184,0.8806902170181274,0.0018897699192166328,0.05122793838381767
1872,1872,datasets/audios/eastern_sliced/kpop/kpop_056_001.wav,6,kpop,7,pop,0.8540063500404358,0.6760178804397583,0.003967190161347389,0.01825800910592079,0.021856648847460747,0.04169825464487076,0.008929315954446793,0.004008755553513765,0.002529603661969304,0.8540063500404358,0.0032946078572422266,0.041451286524534225
1873,1873,datasets/audios/eastern_sliced/kpop/kpop_056_002.wav,6,kpop,7,pop,0.8222885727882385,0.7890429496765137,0.00554603710770607,0.018813349306583405,0.024534940719604492,0.046198900789022446,0.013576846569776535,0.0058087254874408245,0.003403081325814128,0.8222885727882385,0.004298584535717964,0.05553097650408745
1874,1874,datasets/audios/eastern_sliced/kpop/kpop_057_000.wav,6,kpop,7,pop,0.8958148956298828,0.5240685343742371,0.0024813776835799217,0.009645297192037106,0.016515949741005898,0.037725500762462616,0.012067342177033424,0.005019912030547857,0.0012249083956703544,0.8958148956298828,0.0037562923971563578,0.015748532488942146
1875,1875,datasets/audios/eastern_sliced/kpop/kpop_057_001.wav,6,kpop,7,pop,0.7489025592803955,1.043190836906433,0.009719531051814556,0.02876799739897251,0.06447257101535797,0.02910958230495453,0.01911070942878723,0.013118026778101921,0.007571950554847717,0.7489025592803955,0.009720194153487682,0.0695069208741188
1876,1876,datasets/audios/eastern_sliced/kpop/kpop_057_002.wav,6,kpop,7,pop,0.8381842374801636,0.7507799863815308,0.006507478188723326,0.014172633178532124,0.04466560482978821,0.0306220855563879,0.014558923430740833,0.0066492632031440735,0.0040252432227134705,0.8381842374801636,0.005948049947619438,0.034666500985622406
1877,1877,datasets/audios/eastern_sliced/kpop/kpop_058_000.wav,6,kpop,7,pop,0.8091340065002441,0.8395912647247314,0.01229929830878973,0.05328312888741493,0.012653225101530552,0.0066260830499231815,0.022781196981668472,0.013976981863379478,0.003942538984119892,0.8091340065002441,0.007607234176248312,0.05769633129239082
1878,1878,datasets/audios/eastern_sliced/kpop/kpop_058_001.wav,6,kpop,7,pop,0.8000512719154358,0.8322360515594482,0.010669007897377014,0.01633262448012829,0.0058686877600848675,0.004543866962194443,0.08224161714315414,0.01178516261279583,0.003974356688559055,0.8000512719154358,0.00943001825362444,0.0551033578813076
1879,1879,datasets/audios/eastern_sliced/kpop/kpop_058_002.wav,6,kpop,7,pop,0.7384721636772156,1.0609548091888428,0.015386457554996014,0.0598711334168911,0.011032980866730213,0.007997647859156132,0.04954538866877556,0.020055416971445084,0.006829360034316778,0.7384721636772156,0.012697745114564896,0.0781116858124733
1880,1880,datasets/audios/eastern_sliced/kpop/kpop_059_000.wav,6,kpop,7,pop,0.7325287461280823,1.0187017917633057,0.005641583818942308,0.0977509617805481,0.017344892024993896,0.01137915812432766,0.014886990189552307,0.015683632344007492,0.008133047260344028,0.7325287461280823,0.005165236536413431,0.09148582816123962
1881,1881,datasets/audios/eastern_sliced/kpop/kpop_059_001.wav,6,kpop,7,pop,0.4355906844139099,1.613372564315796,0.011351182125508785,0.044609904289245605,0.022422051057219505,0.01548701710999012,0.1436772495508194,0.03267384320497513,0.025744926184415817,0.4355906844139099,0.02126576192677021,0.2471773624420166
1882,1882,datasets/audios/eastern_sliced/kpop/kpop_059_002.wav,6,kpop,7,pop,0.5677231550216675,1.4543631076812744,0.008471579290926456,0.08080015331506729,0.032753732055425644,0.016905097290873528,0.05635834485292435,0.02990739420056343,0.019092023372650146,0.5677231550216675,0.014666651375591755,0.17332185804843903
1883,1883,datasets/audios/eastern_sliced/kpop/kpop_060_000.wav,6,kpop,7,pop,0.5338048934936523,1.6354079246520996,0.017705637961626053,0.05099931359291077,0.03244616463780403,0.06384990364313126,0.10866707563400269,0.027063565328717232,0.02852327935397625,0.5338048934936523,0.034818630665540695,0.10212156921625137
1884,1884,datasets/audios/eastern_sliced/kpop/kpop_060_001.wav,6,kpop,7,pop,0.5667317509651184,1.4935634136199951,0.014095442369580269,0.057645879685878754,0.04109014943242073,0.035422760993242264,0.04386431351304054,0.01774243637919426,0.032607607543468475,0.5667317509651184,0.018758030608296394,0.17204169929027557
1885,1885,datasets/audios/eastern_sliced/kpop/kpop_060_002.wav,6,kpop,7,pop,0.5596457123756409,1.5644309520721436,0.014111698605120182,0.06254144757986069,0.02667691744863987,0.04478858411312103,0.08710626512765884,0.024403372779488564,0.028529075905680656,0.5596457123756409,0.03264274820685387,0.11955418437719345
1886,1886,datasets/audios/eastern_sliced/kpop/kpop_061_000.wav,6,kpop,7,pop,0.7936554551124573,0.8824648857116699,0.014256787486374378,0.05882665142416954,0.006692879367619753,0.01109137013554573,0.033718567341566086,0.01750757545232773,0.002862311201170087,0.7936554551124573,0.004139505792409182,0.05724889039993286
1887,1887,datasets/audios/eastern_sliced/kpop/kpop_061_001.wav,6,kpop,7,pop,0.7812861204147339,0.905509889125824,0.011687916703522205,0.031930163502693176,0.01029703114181757,0.012520131655037403,0.028113439679145813,0.01917554996907711,0.0037170308642089367,0.7812861204147339,0.004962794948369265,0.09630979597568512
1888,1888,datasets/audios/eastern_sliced/kpop/kpop_061_002.wav,6,kpop,7,pop,0.8197242617607117,0.7369096875190735,0.00880628265440464,0.008079099468886852,0.004875381477177143,0.004854593891650438,0.06950612366199493,0.006055142730474472,0.0025506317615509033,0.8197242617607117,0.0037498995661735535,0.07179862260818481
1889,1889,datasets/audios/eastern_sliced/kpop/kpop_062_000.wav,6,kpop,1,classical,0.4964424669742584,1.5627684593200684,0.03733683377504349,0.4964424669742584,0.01397603377699852,0.02008584514260292,0.0186771173030138,0.04187875613570213,0.0174651350826025,0.16972441971302032,0.02008792757987976,0.16432544589042664
1890,1890,datasets/audios/eastern_sliced/kpop/kpop_062_001.wav,6,kpop,7,pop,0.41387903690338135,1.8704512119293213,0.08435863256454468,0.047916579991579056,0.03933421149849892,0.02871672250330448,0.12122267484664917,0.056846678256988525,0.021347736939787865,0.41387903690338135,0.049525175243616104,0.13685250282287598
1891,1891,datasets/audios/eastern_sliced/kpop/kpop_062_002.wav,6,kpop,7,pop,0.6563753485679626,1.335902214050293,0.030003588646650314,0.03848888352513313,0.031071370467543602,0.024467753246426582,0.08168014138936996,0.02343502826988697,0.009620129130780697,0.6563753485679626,0.024171818047761917,0.08068595826625824
1892,1892,datasets/audios/eastern_sliced/kpop/kpop_063_000.wav,6,kpop,7,pop,0.5131564140319824,1.148052453994751,0.008946661837399006,0.368765652179718,0.007832248695194721,0.007372424006462097,0.006222088821232319,0.022045554593205452,0.0032798280008137226,0.5131564140319824,0.0036480852868407965,0.0587310828268528
1893,1893,datasets/audios/eastern_sliced/kpop/kpop_063_001.wav,6,kpop,7,pop,0.7081734538078308,1.028287649154663,0.012027052231132984,0.14649532735347748,0.006088643800467253,0.007556263357400894,0.016552532091736794,0.01610483042895794,0.0043509588576853275,0.7081734538078308,0.0044405520893633366,0.07821034640073776
1894,1894,datasets/audios/eastern_sliced/kpop/kpop_063_002.wav,6,kpop,7,pop,0.7033531665802002,1.0618083477020264,0.010096046142280102,0.10682151466608047,0.0063947350718081,0.007754191756248474,0.02367125265300274,0.015250733122229576,0.005632274318486452,0.7033531665802002,0.0053255315870046616,0.11570052802562714
1895,1895,datasets/audios/eastern_sliced/kpop/kpop_064_000.wav,6,kpop,4,hiphop,0.36739686131477356,1.9159055948257446,0.03224522992968559,0.027254188433289528,0.05284706503152847,0.06872976571321487,0.36739686131477356,0.0422789640724659,0.03332315385341644,0.1679704785346985,0.14636217057704926,0.06159207597374916
1896,1896,datasets/audios/eastern_sliced/kpop/kpop_064_001.wav,6,kpop,4,hiphop,0.32804781198501587,1.9853391647338867,0.042844776064157486,0.028491247445344925,0.0841662809252739,0.06439071893692017,0.32804781198501587,0.047559984028339386,0.02578616328537464,0.12499770522117615,0.1817072331905365,0.07200810313224792
1897,1897,datasets/audios/eastern_sliced/kpop/kpop_064_002.wav,6,kpop,4,hiphop,0.4082019627094269,1.8268969058990479,0.03653528541326523,0.02095438353717327,0.054654981940984726,0.07526370137929916,0.4082019627094269,0.036752279847860336,0.031777385622262955,0.0645734891295433,0.21089942753314972,0.060387156903743744
1898,1898,datasets/audios/eastern_sliced/kpop/kpop_065_000.wav,6,kpop,7,pop,0.7361673712730408,1.0617802143096924,0.007989081554114819,0.04889686033129692,0.040905918926000595,0.04030919447541237,0.013452786952257156,0.008548238314688206,0.009252611547708511,0.7361673712730408,0.007032561115920544,0.08744538575410843
1899,1899,datasets/audios/eastern_sliced/kpop/kpop_065_001.wav,6,kpop,7,pop,0.6730203628540039,1.1953867673873901,0.0074574570171535015,0.09313386678695679,0.04198228567838669,0.044317908585071564,0.008975624106824398,0.007577745709568262,0.010713057592511177,0.6730203628540039,0.006910191383212805,0.10591141879558563
1900,1900,datasets/audios/eastern_sliced/kpop/kpop_065_002.wav,6,kpop,7,pop,0.6525553464889526,1.2433664798736572,0.006613161880522966,0.07633955031633377,0.053976576775312424,0.06805601716041565,0.008471732027828693,0.006467161700129509,0.010095067322254181,0.6525553464889526,0.0060525801964104176,0.11137285828590393
1901,1901,datasets/audios/eastern_sliced/kpop/kpop_066_000.wav,6,kpop,7,pop,0.7621211409568787,0.9286013841629028,0.006309480406343937,0.06648057699203491,0.009679201990365982,0.010152842849493027,0.01928025297820568,0.009268349967896938,0.005188963375985622,0.7621211409568787,0.007112680934369564,0.1044064462184906
1902,1902,datasets/audios/eastern_sliced/kpop/kpop_066_001.wav,6,kpop,7,pop,0.8289878964424133,0.7657061219215393,0.006574684754014015,0.03733576461672783,0.004664884880185127,0.010066969320178032,0.059658344835042953,0.022121042013168335,0.002321704523637891,0.8289878964424133,0.00691674929112196,0.021351901814341545
1903,1903,datasets/audios/eastern_sliced/kpop/kpop_066_002.wav,6,kpop,7,pop,0.816424548625946,0.8014984130859375,0.006264622788876295,0.04555422440171242,0.003984028939157724,0.011467800475656986,0.062393009662628174,0.019894510507583618,0.0026128296740353107,0.816424548625946,0.005724887363612652,0.02567959390580654
1904,1904,datasets/audios/eastern_sliced/kpop/kpop_067_000.wav,6,kpop,7,pop,0.5585686564445496,1.3041369915008545,0.006778879556804895,0.20232713222503662,0.02929815836250782,0.0165058933198452,0.005776164587587118,0.010183608159422874,0.012216120027005672,0.5585686564445496,0.006911311764270067,0.15143409371376038
1905,1905,datasets/audios/eastern_sliced/kpop/kpop_067_001.wav,6,kpop,9,rock,0.38761118054389954,1.633126974105835,0.027669426053762436,0.31785908341407776,0.030444419011473656,0.00981164164841175,0.012065297923982143,0.05324694514274597,0.03687993809580803,0.10107593238353729,0.023336229845881462,0.38761118054389954
1906,1906,datasets/audios/eastern_sliced/kpop/kpop_067_002.wav,6,kpop,9,rock,0.7769721150398254,0.9633122086524963,0.015974849462509155,0.0346716083586216,0.033509496599435806,0.005468511488288641,0.010863144882023335,0.009571056813001633,0.03719816729426384,0.06511817127466202,0.01065280381590128,0.7769721150398254
1907,1907,datasets/audios/eastern_sliced/kpop/kpop_068_000.wav,6,kpop,7,pop,0.8595070838928223,0.6865013241767883,0.0037260637618601322,0.025333408266305923,0.011839165352284908,0.010529464110732079,0.03709105774760246,0.007601398508995771,0.008623404428362846,0.8595070838928223,0.011686413548886776,0.024062491953372955
1908,1908,datasets/audios/eastern_sliced/kpop/kpop_068_001.wav,6,kpop,7,pop,0.9148658514022827,0.4612081050872803,0.0023905495181679726,0.018544523045420647,0.011522267013788223,0.006225276738405228,0.017087221145629883,0.00684082368388772,0.0022537289187312126,0.9148658514022827,0.005637225229293108,0.014632499776780605
1909,1909,datasets/audios/eastern_sliced/kpop/kpop_068_002.wav,6,kpop,7,pop,0.8149075508117676,0.8449544310569763,0.004830686375498772,0.03942927345633507,0.014887979254126549,0.015595371834933758,0.036480292677879333,0.00939222052693367,0.011234896257519722,0.8149075508117676,0.010316954925656319,0.042924776673316956
1910,1910,datasets/audios/eastern_sliced/kpop/kpop_069_000.wav,6,kpop,4,hiphop,0.7280847430229187,0.9686474204063416,0.011990318074822426,0.005602186545729637,0.002438503783196211,0.010734345763921738,0.7280847430229187,0.018449177965521812,0.0030775140039622784,0.15456616878509521,0.05069341883063316,0.01436358317732811
1911,1911,datasets/audios/eastern_sliced/kpop/kpop_070_000.wav,6,kpop,7,pop,0.8615399599075317,0.6471711993217468,0.0031766663305461407,0.050770699977874756,0.009454001672565937,0.02854529768228531,0.012286213226616383,0.0058420621789991856,0.0014008632861077785,0.8615399599075317,0.004923140164464712,0.022061074152588844
1912,1912,datasets/audios/eastern_sliced/kpop/kpop_070_001.wav,6,kpop,7,pop,0.9151642918586731,0.45363709330558777,0.0029275326523929834,0.014093654230237007,0.007271783426403999,0.016789238899946213,0.01796869747340679,0.003590457374230027,0.0009694230975583196,0.9151642918586731,0.0038235262036323547,0.017401453107595444
1913,1913,datasets/audios/eastern_sliced/kpop/kpop_070_002.wav,6,kpop,7,pop,0.9801453351974487,0.13333754241466522,0.0005828457651659846,0.0023062024265527725,0.0019387969514355063,0.0025015997234731913,0.007255448494106531,0.0008610233780927956,0.00012531800894066691,0.9801453351974487,0.0007206184091046453,0.003562810132279992
1914,1914,datasets/audios/eastern_sliced/kpop/kpop_071_000.wav,6,kpop,7,pop,0.9462552666664124,0.29686594009399414,0.0008621246088296175,0.0023292999248951674,0.010985838249325752,0.02353382483124733,0.005618561524897814,0.0012819197727367282,0.0005236820434220135,0.9462552666664124,0.0015440379502251744,0.0070654479786753654
1915,1915,datasets/audios/eastern_sliced/kpop/kpop_071_001.wav,6,kpop,7,pop,0.9185503721237183,0.4366108775138855,0.00249603227712214,0.005921245086938143,0.012999926693737507,0.02628394402563572,0.012283065356314182,0.004020207561552525,0.0018304690020158887,0.9185503721237183,0.0036069140769541264,0.01200773287564516
1916,1916,datasets/audios/eastern_sliced/kpop/kpop_071_002.wav,6,kpop,7,pop,0.9713597893714905,0.18348060548305511,0.0008298720349557698,0.0022499989718198776,0.003537902608513832,0.00837759766727686,0.006270947400480509,0.0016361030284315348,0.00034135268651880324,0.9713597893714905,0.000886668567545712,0.004509737249463797
1917,1917,datasets/audios/eastern_sliced/kpop/kpop_072_000.wav,6,kpop,7,pop,0.9929238557815552,0.05532049387693405,0.00027621936169452965,0.0011095372028648853,0.0007060474017634988,0.0007729259668849409,0.0017351290443912148,0.00038130488246679306,7.51264306018129e-05,0.9929238557815552,0.0001438511535525322,0.0018759509548544884
1918,1918,datasets/audios/eastern_sliced/kpop/kpop_072_001.wav,6,kpop,7,pop,0.960011899471283,0.24146810173988342,0.0016769381472840905,0.008382639847695827,0.005174155812710524,0.002075642580166459,0.005894696339964867,0.001557791605591774,0.0005539149860851467,0.960011899471283,0.001575091271661222,0.01309731975197792
1919,1919,datasets/audios/eastern_sliced/kpop/kpop_072_002.wav,6,kpop,7,pop,0.9855851531028748,0.10084220767021179,0.0005103937583044171,0.0017520701512694359,0.0007755901897326112,0.003446967341005802,0.004898931831121445,0.0004779913288075477,0.00017176373512484133,0.9855851531028748,0.00027907988987863064,0.0021020309068262577
1920,1920,datasets/audios/eastern_sliced/kpop/kpop_073_000.wav,6,kpop,7,pop,0.9535110592842102,0.276402086019516,0.0028091592248529196,0.0029659660067409277,0.00722305104136467,0.004990138113498688,0.015002092346549034,0.0025168824940919876,0.0006813633372075856,0.9535110592842102,0.0019642349798232317,0.008336033672094345
1921,1921,datasets/audios/eastern_sliced/kpop/kpop_073_001.wav,6,kpop,7,pop,0.9886815547943115,0.08257090300321579,0.00026602527941577137,0.0016479501500725746,0.00326396687887609,0.0017754987347871065,0.0013323063030838966,0.0004747343482449651,4.938197889714502e-05,0.9886815547943115,0.00018901852308772504,0.002319519640877843
1922,1922,datasets/audios/eastern_sliced/kpop/kpop_073_002.wav,6,kpop,7,pop,0.9831861257553101,0.11661189794540405,0.00035802353522740304,0.0026275801938027143,0.0029874416068196297,0.0035447850823402405,0.002358847763389349,0.0006546511431224644,0.00011760296183638275,0.9831861257553101,0.0003316854708828032,0.0038332687690854073
1923,1923,datasets/audios/eastern_sliced/kpop/kpop_074_000.wav,6,kpop,7,pop,0.9882283806800842,0.08433422446250916,0.00034367438638582826,0.001563348458148539,0.0027518332935869694,0.0009245399269275367,0.0010910616256296635,0.0004089203430339694,0.00011899238597834483,0.9882283806800842,0.00018651077698450536,0.0043828305788338184
1924,1924,datasets/audios/eastern_sliced/kpop/kpop_074_001.wav,6,kpop,7,pop,0.9828491806983948,0.11552494764328003,0.00026064287521876395,0.0036277833860367537,0.0031114546582102776,0.0010361718013882637,0.001032741623930633,0.0006760632968507707,0.0003402112633921206,0.9828491806983948,0.0002739026676863432,0.006791791412979364
1925,1925,datasets/audios/eastern_sliced/kpop/kpop_074_002.wav,6,kpop,7,pop,0.6366455554962158,1.385560154914856,0.012298135086894035,0.05654057115316391,0.047424085438251495,0.013028335757553577,0.02634948492050171,0.020856983959674835,0.030845966190099716,0.6366455554962158,0.06764400750398636,0.08836689591407776
1926,1926,datasets/audios/eastern_sliced/kpop/kpop_075_000.wav,6,kpop,7,pop,0.9732898473739624,0.1727639138698578,0.0008078984683379531,0.004047389607876539,0.005745496600866318,0.0052506220526993275,0.0030138317961245775,0.0009083186741918325,0.00020883201796095818,0.9732898473739624,0.0005402971873991191,0.00618752371519804
1927,1927,datasets/audios/eastern_sliced/kpop/kpop_075_001.wav,6,kpop,7,pop,0.974332332611084,0.1663244217634201,0.0007648718892596662,0.004710752051323652,0.003925943281501532,0.0069957938976585865,0.002669866429641843,0.0008039855165407062,0.00019904221699107438,0.974332332611084,0.00043242803076282144,0.005165022797882557
1928,1928,datasets/audios/eastern_sliced/kpop/kpop_075_002.wav,6,kpop,7,pop,0.9714490175247192,0.18468527495861053,0.0013723450247198343,0.004393429029732943,0.0046829646453261375,0.0035987242590636015,0.0055642640218138695,0.001356258406303823,0.00024850908084772527,0.9714490175247192,0.0007092649466358125,0.006625186651945114
1929,1929,datasets/audios/eastern_sliced/kpop/kpop_076_000.wav,6,kpop,7,pop,0.9924512505531311,0.05816631019115448,0.00027731945738196373,0.000878125021699816,0.0010184466373175383,0.0009994374122470617,0.0012750235619023442,0.0003445408074185252,7.537457713624462e-05,0.9924512505531311,0.00010435772128403187,0.0025759537238627672
1930,1930,datasets/audios/eastern_sliced/kpop/kpop_076_001.wav,6,kpop,7,pop,0.9961782693862915,0.031280092895030975,0.00010485976963536814,0.00027800831594504416,0.00016101750952657312,0.0006684127729386091,0.0015072915703058243,0.0001289423234993592,2.1403500795713626e-05,0.9961782693862915,3.067652869503945e-05,0.0009211024735122919
1931,1931,datasets/audios/eastern_sliced/kpop/kpop_076_002.wav,6,kpop,7,pop,0.9932249188423157,0.05191630497574806,0.0002132294757757336,0.0005999230779707432,0.0002663478080648929,0.001110494020394981,0.002661356935277581,0.0002869822783395648,5.471253098221496e-05,0.9932249188423157,7.623413694091141e-05,0.0015057164710015059
1932,1932,datasets/audios/eastern_sliced/kpop/kpop_077_000.wav,6,kpop,7,pop,0.9887253642082214,0.08112163841724396,0.00043573087896220386,0.0014083953574299812,0.002237459644675255,0.0008008113945834339,0.001296370755881071,0.0003034630499314517,9.441709698876366e-05,0.9887253642082214,0.00018907665798906237,0.004508973564952612
1933,1933,datasets/audios/eastern_sliced/kpop/kpop_077_001.wav,6,kpop,7,pop,0.8833909630775452,0.5773263573646545,0.0075691514648497105,0.025959374383091927,0.0214594304561615,0.007295795250684023,0.00834177527576685,0.0037621494848281145,0.002276425249874592,0.8833909630775452,0.004613798577338457,0.035331156104803085
1934,1934,datasets/audios/eastern_sliced/kpop/kpop_077_002.wav,6,kpop,7,pop,0.8608965873718262,0.6597816348075867,0.009998906403779984,0.029797840863466263,0.028223887085914612,0.0077048116363584995,0.008671882562339306,0.004154684487730265,0.0024048094637691975,0.8608965873718262,0.005649010185152292,0.04249763861298561
1935,1935,datasets/audios/eastern_sliced/kpop/kpop_078_000.wav,6,kpop,7,pop,0.9697239995002747,0.17747139930725098,0.0002988241903949529,0.0006858237320557237,0.0020979454275220633,0.015724120661616325,0.007596087642014027,0.0005576651310548186,0.0001268114720005542,0.9697239995002747,0.00044559084926731884,0.00274303974583745
1936,1936,datasets/audios/eastern_sliced/kpop/kpop_078_001.wav,6,kpop,7,pop,0.5286163687705994,0.9247139096260071,0.0015510745579376817,0.0042119212448596954,0.008437128737568855,0.4246354103088379,0.01752207800745964,0.00275995722040534,0.000982118071988225,0.5286163687705994,0.0026271401438862085,0.008656753227114677
1937,1937,datasets/audios/eastern_sliced/kpop/kpop_078_002.wav,6,kpop,7,pop,0.31160271167755127,1.8387356996536255,0.028818193823099136,0.2731783986091614,0.02765072137117386,0.019912762567400932,0.0784091129899025,0.06978857517242432,0.010592171922326088,0.31160271167755127,0.1368326097726822,0.043214768171310425
1938,1938,datasets/audios/eastern_sliced/kpop/kpop_079_000.wav,6,kpop,7,pop,0.9792376756668091,0.11180996149778366,9.890245564747602e-05,0.00010251327330479398,0.00011243750486755744,0.0011437572538852692,0.018420051783323288,0.00012970922398380935,2.079563455481548e-05,0.9792376756668091,0.000158045077114366,0.0005761394277215004
1939,1939,datasets/audios/eastern_sliced/kpop/kpop_079_001.wav,6,kpop,7,pop,0.992280125617981,0.05553214251995087,8.730564877623692e-05,0.00030710583087056875,0.00019100085773970932,0.002209485275670886,0.004021142143756151,0.00020342852803878486,3.0284340027719736e-05,0.992280125617981,9.459954162593931e-05,0.0005755036836490035
1940,1940,datasets/audios/eastern_sliced/kpop/kpop_079_002.wav,6,kpop,7,pop,0.9941282272338867,0.04427000507712364,6.198838673299178e-05,0.00026443295064382255,0.00018188879766967148,0.0020963153801858425,0.002508443081751466,0.00015002515283413231,2.2511252609547228e-05,0.9941282272338867,6.115844007581472e-05,0.0005250123213045299
1941,1941,datasets/audios/eastern_sliced/kpop/kpop_080_000.wav,6,kpop,7,pop,0.8275349736213684,0.7471433281898499,0.0035977945663034916,0.010539700277149677,0.006533432751893997,0.03807077929377556,0.07687234878540039,0.010321862064301968,0.0024864289443939924,0.8275349736213684,0.014854531735181808,0.009188161231577396
1942,1942,datasets/audios/eastern_sliced/kpop/kpop_080_001.wav,6,kpop,7,pop,0.9741945266723633,0.16321948170661926,0.0003561304765753448,0.001494289841502905,0.0030002580024302006,0.009922953322529793,0.005834690760821104,0.0009706764249131083,0.00020046786812599748,0.9741945266723633,0.00041698277345858514,0.0036090360954403877
1943,1943,datasets/audios/eastern_sliced/kpop/kpop_080_002.wav,6,kpop,7,pop,0.9513429403305054,0.2704489231109619,0.0007632544729858637,0.0025629843585193157,0.0036379615776240826,0.02313987724483013,0.010424226522445679,0.0012623417424038053,0.0004140462551731616,0.9513429403305054,0.0010575014166533947,0.005394933745265007
1944,1944,datasets/audios/eastern_sliced/kpop/kpop_081_000.wav,6,kpop,7,pop,0.9725031852722168,0.16883009672164917,0.00044399796752259135,0.0014987388858571649,0.0018675228348001838,0.002109278691932559,0.01345185935497284,0.0006685745320282876,0.000293838296784088,0.9725031852722168,0.0011751721613109112,0.005987933371216059
1945,1945,datasets/audios/eastern_sliced/kpop/kpop_081_001.wav,6,kpop,7,pop,0.9824971556663513,0.11740759015083313,0.0004716620023828,0.003043948905542493,0.002413261914625764,0.0014194408431649208,0.0014392253942787647,0.00047333238762803376,0.00021668648696504533,0.9824971556663513,0.00032563565764576197,0.007699704263359308
1946,1946,datasets/audios/eastern_sliced/kpop/kpop_081_002.wav,6,kpop,7,pop,0.9906045794487,0.06914279609918594,0.000281188462395221,0.001556703937239945,0.0010697068646550179,0.0008161147707141936,0.0010327702620998025,0.0003022805612999946,0.0001087571945390664,0.9906045794487,0.0001518550852779299,0.004076116252690554
1947,1947,datasets/audios/eastern_sliced/kpop/kpop_082_000.wav,6,kpop,7,pop,0.9677262306213379,0.19415181875228882,0.0012961776228621602,0.0021173155400902033,0.012797188945114613,0.005634787026792765,0.0011528002796694636,0.0006016598199494183,0.00024197089078370482,0.9677262306213379,0.0002853730693459511,0.00814652256667614
1948,1948,datasets/audios/eastern_sliced/kpop/kpop_082_001.wav,6,kpop,7,pop,0.8235966563224792,0.7664929032325745,0.004812933970242739,0.015368643216788769,0.05878778174519539,0.041212353855371475,0.005562650039792061,0.005436378065496683,0.0029986719600856304,0.8235966563224792,0.002875099191442132,0.039348844438791275
1949,1949,datasets/audios/eastern_sliced/kpop/kpop_082_002.wav,6,kpop,7,pop,0.6393066048622131,1.197492241859436,0.016642363741993904,0.03569285199046135,0.17145489156246185,0.06281112879514694,0.002296868246048689,0.008691852912306786,0.002129255561158061,0.6393066048622131,0.0021526189520955086,0.058821532875299454
1950,1950,datasets/audios/eastern_sliced/kpop/kpop_083_000.wav,6,kpop,7,pop,0.9127037525177002,0.4679139256477356,0.00291643338277936,0.014222782105207443,0.018073778599500656,0.01046058814972639,0.012209848500788212,0.004499553237110376,0.001000777818262577,0.9127037525177002,0.005184963345527649,0.01872747763991356
1951,1951,datasets/audios/eastern_sliced/kpop/kpop_083_001.wav,6,kpop,1,classical,0.5873960852622986,1.4856619834899902,0.03195657581090927,0.5873960852622986,0.0686737671494484,0.012600032612681389,0.013310974463820457,0.03155151382088661,0.010430567897856236,0.0887322947382927,0.08997980505228043,0.06536835432052612
1952,1952,datasets/audios/eastern_sliced/kpop/kpop_083_002.wav,6,kpop,1,classical,0.6174533367156982,1.4046958684921265,0.02453196607530117,0.6174533367156982,0.06036585941910744,0.010240577161312103,0.019563322886824608,0.028002994135022163,0.016800902783870697,0.05132446065545082,0.0451677031815052,0.1265488564968109
1953,1953,datasets/audios/eastern_sliced/kpop/kpop_084_000.wav,6,kpop,7,pop,0.9495437741279602,0.2984941005706787,0.0020070280879735947,0.012928339652717113,0.0065219588577747345,0.004717040341347456,0.005180803593248129,0.006376892793923616,0.0008036818471737206,0.9495437741279602,0.0015103255864232779,0.01041014026850462
1954,1954,datasets/audios/eastern_sliced/kpop/kpop_084_001.wav,6,kpop,7,pop,0.9584334492683411,0.25467196106910706,0.001846865052357316,0.009193548001348972,0.005124823655933142,0.003104605944827199,0.0052239359356462955,0.006037533283233643,0.0006564479554072022,0.9584334492683411,0.0012263377429917455,0.009152481332421303
1955,1955,datasets/audios/eastern_sliced/kpop/kpop_084_002.wav,6,kpop,7,pop,0.7411507368087769,0.9131699800491333,0.009399652481079102,0.16210444271564484,0.014665375463664532,0.01178140938282013,0.003937712404876947,0.010370058938860893,0.0037334361113607883,0.7411507368087769,0.0038903148379176855,0.03896687924861908
1956,1956,datasets/audios/eastern_sliced/kpop/kpop_085_000.wav,6,kpop,7,pop,0.979764461517334,0.13702601194381714,0.0007735122344456613,0.004730126820504665,0.003211131552234292,0.0016009901883080602,0.003949727397412062,0.0007853925344534218,0.00014359375927597284,0.979764461517334,0.0006707687280140817,0.004370419774204493
1957,1957,datasets/audios/eastern_sliced/kpop/kpop_085_001.wav,6,kpop,7,pop,0.9822691679000854,0.12215244024991989,0.0006184736266732216,0.0029333208221942186,0.002534389030188322,0.0015044547617435455,0.004771681968122721,0.0006066744099371135,0.00012149639951530844,0.9822691679000854,0.0006892462843097746,0.003951086197048426
1958,1958,datasets/audios/eastern_sliced/kpop/kpop_085_002.wav,6,kpop,7,pop,0.982342541217804,0.121712826192379,0.0005556370597332716,0.002471175277605653,0.002409720327705145,0.0019511402351781726,0.0050028846599161625,0.000588388938922435,0.00012962579785380512,0.982342541217804,0.0006925679626874626,0.0038562712725251913
1959,1959,datasets/audios/eastern_sliced/kpop/kpop_086_000.wav,6,kpop,7,pop,0.9885268211364746,0.07804960757493973,0.00016024299839045852,0.00034520792542025447,0.0005013306508772075,0.0020564182195812464,0.006507955025881529,0.00017158967966679484,6.665183900622651e-05,0.9885268211364746,0.00011520678526721895,0.001548454281874001
1960,1960,datasets/audios/eastern_sliced/kpop/kpop_086_001.wav,6,kpop,7,pop,0.39085498452186584,1.7420697212219238,0.017878031358122826,0.06701146811246872,0.02400217577815056,0.0336584709584713,0.04294014349579811,0.016372721642255783,0.20952410995960236,0.39085498452186584,0.021348515525460243,0.17640931904315948
1961,1961,datasets/audios/eastern_sliced/kpop/kpop_086_002.wav,6,kpop,7,pop,0.8688583970069885,0.5727324485778809,0.002927810186520219,0.003776022233068943,0.01719382219016552,0.0774010717868805,0.010353907011449337,0.0024323202669620514,0.003335133893415332,0.8688583970069885,0.0014847865095362067,0.012236681766808033
1962,1962,datasets/audios/eastern_sliced/kpop/kpop_087_000.wav,6,kpop,7,pop,0.9187614321708679,0.3826686143875122,0.003130243392661214,0.0013517022598534822,0.002945645246654749,0.009194165468215942,0.05384844169020653,0.002050789538770914,0.0007197183440439403,0.9187614321708679,0.0014075090875849128,0.006590294651687145
1963,1963,datasets/audios/eastern_sliced/kpop/kpop_087_001.wav,6,kpop,7,pop,0.9858894348144531,0.09632258862257004,0.0005543131846934557,0.0004691279318649322,0.0011737043969333172,0.0020505376160144806,0.006834274623543024,0.0003665299736894667,0.00010625901632010937,0.9858894348144531,0.00021824882423970848,0.0023375223390758038
1964,1964,datasets/audios/eastern_sliced/kpop/kpop_087_002.wav,6,kpop,7,pop,0.9857520461082458,0.09758000075817108,0.0006118537276051939,0.0005627690115943551,0.0011664732592180371,0.0019031732808798552,0.006725819315761328,0.00040982963400892913,0.0001169703173218295,0.9857520461082458,0.00022521668870467693,0.0025258688256144524
1965,1965,datasets/audios/eastern_sliced/kpop/kpop_088_000.wav,6,kpop,7,pop,0.5104872584342957,1.5635414123535156,0.011991032399237156,0.05971250683069229,0.02213442698121071,0.02786925807595253,0.0932297632098198,0.08603844046592712,0.004519669804722071,0.5104872584342957,0.1711278110742569,0.012889856472611427
1966,1966,datasets/audios/eastern_sliced/kpop/kpop_088_001.wav,6,kpop,7,pop,0.9364521503448486,0.29276591539382935,0.0012381784617900848,0.0006887236959300935,0.0015702546807006001,0.004302311688661575,0.0502786748111248,0.0012354367645457387,0.00016879414033610374,0.9364521503448486,0.0007447220268659294,0.00332078174687922
1967,1967,datasets/audios/eastern_sliced/kpop/kpop_088_002.wav,6,kpop,7,pop,0.936873197555542,0.30511474609375,0.001604018034413457,0.001294572721235454,0.002765899756923318,0.0039955624379217625,0.04569384083151817,0.0016985107213258743,0.00025803293101489544,0.936873197555542,0.0011073193745687604,0.004708998370915651
1968,1968,datasets/audios/eastern_sliced/kpop/kpop_089_000.wav,6,kpop,9,rock,0.3278473913669586,2.013031244277954,0.10769707709550858,0.04196969419717789,0.06172867864370346,0.013652258552610874,0.11462920159101486,0.06378921121358871,0.036916401237249374,0.12832920253276825,0.10344085842370987,0.3278473913669586
1969,1969,datasets/audios/eastern_sliced/kpop/kpop_089_001.wav,6,kpop,7,pop,0.4905237853527069,1.5269588232040405,0.02718169428408146,0.017986126244068146,0.21674580872058868,0.023844128474593163,0.022143490612506866,0.030971534550189972,0.0098152756690979,0.4905237853527069,0.017614392563700676,0.14317379891872406
1970,1970,datasets/audios/eastern_sliced/kpop/kpop_089_002.wav,6,kpop,7,pop,0.5167756080627441,1.5131690502166748,0.026642799377441406,0.019731691107153893,0.196271613240242,0.02327384240925312,0.02387954853475094,0.034407082945108414,0.009765511378645897,0.5167756080627441,0.018876656889915466,0.13037559390068054
1971,1971,datasets/audios/eastern_sliced/kpop/kpop_090_000.wav,6,kpop,7,pop,0.5880131721496582,1.2856388092041016,0.007506589405238628,0.10848075896501541,0.022892598062753677,0.016622738912701607,0.014123793691396713,0.01126869861036539,0.016747932881116867,0.5880131721496582,0.007293517701327801,0.20705020427703857
1972,1972,datasets/audios/eastern_sliced/kpop/kpop_090_001.wav,6,kpop,4,hiphop,0.2920891344547272,1.8936357498168945,0.0685180127620697,0.019509248435497284,0.021842066198587418,0.016902636736631393,0.2920891344547272,0.037146467715501785,0.03736846148967743,0.22904427349567413,0.1023327186703682,0.1752469539642334
1973,1973,datasets/audios/eastern_sliced/kpop/kpop_090_002.wav,6,kpop,7,pop,0.4460064470767975,1.8312711715698242,0.11345401406288147,0.027809374034404755,0.08818371593952179,0.0252993181347847,0.06962068378925323,0.05178707838058472,0.02825978770852089,0.4460064470767975,0.04769511520862579,0.10188444703817368
1974,1974,datasets/audios/eastern_sliced/kpop/kpop_091_000.wav,6,kpop,7,pop,0.8963558673858643,0.5303446054458618,0.004367154091596603,0.03186216950416565,0.018588030710816383,0.008095703087747097,0.008291738107800484,0.00933268666267395,0.001851310720667243,0.8963558673858643,0.0030789554584771395,0.018176453188061714
1975,1975,datasets/audios/eastern_sliced/kpop/kpop_091_001.wav,6,kpop,7,pop,0.9023914337158203,0.5008225440979004,0.003626798978075385,0.03162949159741402,0.01833612658083439,0.006474239286035299,0.006083595100790262,0.00833112746477127,0.0016693564830347896,0.9023914337158203,0.0029181085992604494,0.018539736047387123
1976,1976,datasets/audios/eastern_sliced/kpop/kpop_091_002.wav,6,kpop,7,pop,0.8998303413391113,0.5091376304626465,0.003598497249186039,0.03475446626543999,0.01799575611948967,0.006319171283394098,0.006089703179895878,0.008179293014109135,0.0017399727366864681,0.8998303413391113,0.003112922888249159,0.018379870802164078
1977,1977,datasets/audios/eastern_sliced/kpop/kpop_092_000.wav,6,kpop,7,pop,0.8577920794487,0.636134922504425,0.0026610386557877064,0.00382500933483243,0.011505930684506893,0.039233267307281494,0.06113636493682861,0.004346334375441074,0.001556097762659192,0.8577920794487,0.00820066500455141,0.009743268601596355
1978,1978,datasets/audios/eastern_sliced/kpop/kpop_092_001.wav,6,kpop,7,pop,0.6616343259811401,0.9592656493186951,0.0033250567503273487,0.011340043507516384,0.016786547377705574,0.2634570002555847,0.014385756105184555,0.003913899417966604,0.002895873971283436,0.6616343259811401,0.004990259185433388,0.017271259799599648
1979,1979,datasets/audios/eastern_sliced/kpop/kpop_092_002.wav,6,kpop,7,pop,0.8933149576187134,0.5139030814170837,0.0022943078074604273,0.008683008141815662,0.009938081726431847,0.05357480049133301,0.012627216055989265,0.003612765809521079,0.001706733601167798,0.8933149576187134,0.003911386243999004,0.01033677440136671
1980,1980,datasets/audios/eastern_sliced/kpop/kpop_093_000.wav,6,kpop,7,pop,0.990620493888855,0.06846069544553757,0.00026043204707093537,0.0004304343310650438,0.0008470086613669991,0.0018941487651318312,0.0038379987236112356,0.00025244514108635485,5.8919726143358275e-05,0.990620493888855,0.00010247138561680913,0.0016955698374658823
1981,1981,datasets/audios/eastern_sliced/kpop/kpop_093_001.wav,6,kpop,7,pop,0.9894204139709473,0.07494477182626724,0.0002936631499323994,0.0004067721893079579,0.0007683957810513675,0.0019405859056860209,0.00507029052823782,0.000266465125605464,6.359977851388976e-05,0.9894204139709473,0.000110038643470034,0.0016598100773990154
1982,1982,datasets/audios/eastern_sliced/kpop/kpop_093_002.wav,6,kpop,7,pop,0.9925927519798279,0.05642276257276535,0.00010624334390740842,0.0010757108684629202,0.0008453193586319685,0.0019243984716013074,0.0009360790718346834,0.00015530973905697465,3.8962192775215954e-05,0.9925927519798279,7.119533984223381e-05,0.002253993647173047
1983,1983,datasets/audios/eastern_sliced/kpop/kpop_094_000.wav,6,kpop,7,pop,0.9835624098777771,0.11038022488355637,0.00014024385018274188,0.0009634146117605269,0.0015686695696786046,0.00345984217710793,0.007520122919231653,0.0005905007710680366,8.589302160544321e-05,0.9835624098777771,0.0009204177767969668,0.0011885514250025153
1984,1984,datasets/audios/eastern_sliced/kpop/kpop_094_001.wav,6,kpop,7,pop,0.715694010257721,1.1079221963882446,0.006437901873141527,0.0804426446557045,0.06053660064935684,0.006443835329264402,0.01152440719306469,0.015216569416224957,0.0028000662568956614,0.715694010257721,0.040609776973724365,0.06029409170150757
1985,1985,datasets/audios/eastern_sliced/kpop/kpop_094_002.wav,6,kpop,7,pop,0.7154579162597656,1.080768346786499,0.005537500139325857,0.10608047246932983,0.052921246737241745,0.006275378167629242,0.008692635223269463,0.013160362839698792,0.002327385824173689,0.7154579162597656,0.03248736634850502,0.057059720158576965
1986,1986,datasets/audios/eastern_sliced/kpop/kpop_095_000.wav,6,kpop,7,pop,0.9955465793609619,0.03604700788855553,8.500965486746281e-05,0.0002595818950794637,0.00048366098781116307,0.0006045598420314491,0.001657268963754177,0.00013932723959442228,2.6404852178529836e-05,0.9955465793609619,8.547155448468402e-05,0.0011120993876829743
1987,1987,datasets/audios/eastern_sliced/kpop/kpop_095_001.wav,6,kpop,7,pop,0.9924943447113037,0.057768113911151886,0.00012295764463488013,0.0010021394118666649,0.001460093422792852,0.001538028591312468,0.0010546086123213172,0.00014517632371280342,5.635706475004554e-05,0.9924943447113037,0.00018169275426771492,0.0019445823272690177
1988,1988,datasets/audios/eastern_sliced/kpop/kpop_095_002.wav,6,kpop,7,pop,0.9951323866844177,0.039212264120578766,8.390409493586048e-05,0.0007407946977764368,0.000817361637018621,0.000607837806455791,0.000630267197266221,9.36121359700337e-05,3.078415829804726e-05,0.9951323866844177,9.448753553442657e-05,0.0017686085775494576
1989,1989,datasets/audios/eastern_sliced/kpop/kpop_096_000.wav,6,kpop,7,pop,0.9214142560958862,0.42730894684791565,0.002369874157011509,0.009303472936153412,0.006039958912879229,0.012601513415575027,0.025307901203632355,0.00571732921525836,0.0019376138225197792,0.9214142560958862,0.004675965756177902,0.010631990619003773
1990,1990,datasets/audios/eastern_sliced/kpop/kpop_096_001.wav,6,kpop,7,pop,0.9294182062149048,0.39361050724983215,0.0024309454020112753,0.008566979318857193,0.006897880230098963,0.008940061554312706,0.022349217906594276,0.005562980193644762,0.0016232520574703813,0.9294182062149048,0.00462475698441267,0.00958581455051899
1991,1991,datasets/audios/eastern_sliced/kpop/kpop_096_002.wav,6,kpop,7,pop,0.9440762996673584,0.31305310130119324,0.0008982765721157193,0.005242825020104647,0.004778978414833546,0.02285560965538025,0.010763607919216156,0.002444180194288492,0.0008979648118838668,0.9440762996673584,0.0019294846570119262,0.0061127180233597755
1992,1992,datasets/audios/eastern_sliced/kpop/kpop_097_000.wav,6,kpop,7,pop,0.9874760508537292,0.08843225985765457,0.00045551691437140107,0.00044369150418788195,0.0016034217551350594,0.0031942958012223244,0.004449400585144758,0.0003461799642536789,5.939221955486573e-05,0.9874760508537292,0.00021019433916080743,0.0017618106212466955
1993,1993,datasets/audios/eastern_sliced/kpop/kpop_097_001.wav,6,kpop,7,pop,0.9870447516441345,0.0909886285662651,0.0004604650312103331,0.00045181968016549945,0.0016470657428726554,0.003472457639873028,0.004522895906120539,0.00035684640170075,6.201805808814242e-05,0.9870447516441345,0.0002222117327619344,0.001759471488185227
1994,1994,datasets/audios/eastern_sliced/kpop/kpop_097_002.wav,6,kpop,7,pop,0.8647457361221313,0.6094789505004883,0.002447545761242509,0.04119955748319626,0.01778862066566944,0.048041049391031265,0.0027653644792735577,0.0026759947650134563,0.0006901000742800534,0.8647457361221313,0.00171373609919101,0.017932306975126266
1995,1995,datasets/audios/eastern_sliced/kpop/kpop_098_000.wav,6,kpop,7,pop,0.9140927195549011,0.41115081310272217,0.0021546094212681055,0.001834337948821485,0.037925660610198975,0.022905927151441574,0.0017044029664248228,0.0005817864439450204,0.00037720834370702505,0.9140927195549011,0.0003927654179278761,0.018030570819973946
1996,1996,datasets/audios/eastern_sliced/kpop/kpop_098_001.wav,6,kpop,7,pop,0.9185006618499756,0.3958679437637329,0.0017005467088893056,0.00205929484218359,0.03567279130220413,0.021241331472992897,0.0017331287963315845,0.0005836354685015976,0.0004420713521540165,0.9185006618499756,0.00047070460277609527,0.017595762386918068
1997,1997,datasets/audios/eastern_sliced/kpop/kpop_098_002.wav,6,kpop,7,pop,0.5558146238327026,1.4625524282455444,0.008691157214343548,0.05278749391436577,0.1285645067691803,0.10088656097650528,0.008814193308353424,0.0072488365694880486,0.014262466691434383,0.5558146238327026,0.016644109040498734,0.10628601163625717
1998,1998,datasets/audios/eastern_sliced/kpop/kpop_099_000.wav,6,kpop,7,pop,0.9692599773406982,0.18535134196281433,0.0004943425301462412,0.00277907308191061,0.013948580250144005,0.0040055387653410435,0.001331330626271665,0.0005699710454791784,0.00035997279337607324,0.9692599773406982,0.00042353058233857155,0.0068275341764092445
1999,1999,datasets/audios/eastern_sliced/kpop/kpop_099_001.wav,6,kpop,7,pop,0.8799407482147217,0.5662381649017334,0.0027695586904883385,0.0489257387816906,0.024327034130692482,0.010117918252944946,0.0027124015614390373,0.005511508788913488,0.0015817444073036313,0.8799407482147217,0.002557305619120598,0.021555978804826736
2000,2000,datasets/audios/eastern_sliced/kpop/kpop_099_002.wav,6,kpop,7,pop,0.8004591464996338,0.8559539914131165,0.010049528442323208,0.08271864056587219,0.016518210992217064,0.017225228250026703,0.013256373815238476,0.012355709448456764,0.00463691633194685,0.8004591464996338,0.0054537211544811726,0.037326451390981674
2001,2001,datasets/audios/eastern_sliced/sitar/sitar_000_000.wav,7,sitar,7,pop,0.3421802222728729,1.7534610033035278,0.030789891257882118,0.28519609570503235,0.04170522838830948,0.02343169040977955,0.031054306775331497,0.15630005300045013,0.010798744857311249,0.3421802222728729,0.039217352867126465,0.03932640329003334
2002,2002,datasets/audios/eastern_sliced/sitar/sitar_000_001.wav,7,sitar,7,pop,0.3563452959060669,1.6526340246200562,0.044931717216968536,0.2178937941789627,0.014584717340767384,0.01589137688279152,0.03930120915174484,0.25667357444763184,0.00543459877371788,0.3563452959060669,0.02645876444876194,0.02248489297926426
2003,2003,datasets/audios/eastern_sliced/sitar/sitar_001_000.wav,7,sitar,7,pop,0.5112590789794922,1.5318224430084229,0.03264503926038742,0.039746735244989395,0.007705791387706995,0.046353332698345184,0.15976788103580475,0.15073230862617493,0.003743937937542796,0.5112590789794922,0.0384337492287159,0.009612085297703743
2004,2004,datasets/audios/eastern_sliced/sitar/sitar_001_001.wav,7,sitar,7,pop,0.5937948226928711,1.283416986465454,0.02333156391978264,0.029230043292045593,0.003472045762464404,0.021872224286198616,0.18006327748298645,0.1238052099943161,0.0022173619363456964,0.5937948226928711,0.014644878916442394,0.007568554952740669
2005,2005,datasets/audios/eastern_sliced/sitar/sitar_002_000.wav,7,sitar,4,hiphop,0.2543468773365021,2.001581907272339,0.07349196076393127,0.05302654579281807,0.010820032097399235,0.015888752415776253,0.2543468773365021,0.16808512806892395,0.0740116536617279,0.21151815354824066,0.06447156518697739,0.074339359998703
2006,2006,datasets/audios/eastern_sliced/sitar/sitar_002_001.wav,7,sitar,4,hiphop,0.29401326179504395,1.9893434047698975,0.07526545971632004,0.037364210933446884,0.00840279832482338,0.012253782711923122,0.29401326179504395,0.15832550823688507,0.11217892169952393,0.14364351332187653,0.07786592096090317,0.08068656176328659
2007,2007,datasets/audios/eastern_sliced/sitar/sitar_003_000.wav,7,sitar,5,jazz,0.5791065096855164,1.4416511058807373,0.14596982300281525,0.07003116607666016,0.007526705507189035,0.03403225168585777,0.044183399528265,0.5791065096855164,0.003385951742529869,0.06793958693742752,0.040080342441797256,0.007744251284748316
2008,2008,datasets/audios/eastern_sliced/sitar/sitar_003_001.wav,7,sitar,0,blues,0.25261151790618896,1.9509432315826416,0.25261151790618896,0.0507977269589901,0.018595734611153603,0.06846146285533905,0.11473003029823303,0.22055499255657196,0.010814809240400791,0.05364604294300079,0.1835791915655136,0.026208538562059402
2009,2009,datasets/audios/eastern_sliced/sitar/sitar_004_000.wav,7,sitar,7,pop,0.2430005967617035,2.0626027584075928,0.10914123058319092,0.07350020110607147,0.030001331120729446,0.03890349715948105,0.19662229716777802,0.16172921657562256,0.03330554813146591,0.2430005967617035,0.05311951786279678,0.060676608234643936
2010,2010,datasets/audios/eastern_sliced/sitar/sitar_004_001.wav,7,sitar,4,hiphop,0.25882893800735474,2.0446267127990723,0.11845654994249344,0.05485393851995468,0.026632217690348625,0.03463401645421982,0.25882893800735474,0.13912242650985718,0.03561884164810181,0.203085795044899,0.0687832236289978,0.059983983635902405
2011,2011,datasets/audios/eastern_sliced/sitar/sitar_005_000.wav,7,sitar,7,pop,0.57133549451828,1.4590635299682617,0.0327799953520298,0.05447046458721161,0.006107653025537729,0.02259262278676033,0.14862824976444244,0.10468439012765884,0.015819581225514412,0.57133549451828,0.021253453567624092,0.022328054532408714
2012,2012,datasets/audios/eastern_sliced/sitar/sitar_005_001.wav,7,sitar,7,pop,0.6357083916664124,1.358952283859253,0.023198202252388,0.07489489763975143,0.010041230358183384,0.022482477128505707,0.08026935905218124,0.09347982704639435,0.016478439792990685,0.6357083916664124,0.02230965904891491,0.021137529984116554
2013,2013,datasets/audios/eastern_sliced/sitar/sitar_006_000.wav,7,sitar,7,pop,0.6924515962600708,1.2315399646759033,0.02311267890036106,0.07471738755702972,0.01679268106818199,0.03583066910505295,0.044429950416088104,0.06101255491375923,0.005601951386779547,0.6924515962600708,0.01424177922308445,0.03180869296193123
2014,2014,datasets/audios/eastern_sliced/sitar/sitar_006_001.wav,7,sitar,7,pop,0.8118345141410828,0.8561732769012451,0.013165151700377464,0.048909787088632584,0.009790968149900436,0.024637999013066292,0.02736818604171276,0.03306565806269646,0.0030100937001407146,0.8118345141410828,0.007589924614876509,0.020627755671739578
2015,2015,datasets/audios/eastern_sliced/sitar/sitar_007_000.wav,7,sitar,5,jazz,0.4146434962749481,1.587042212486267,0.07051493227481842,0.05558859929442406,0.008685671724379063,0.03384186699986458,0.08649399131536484,0.4146434962749481,0.0025949629489332438,0.29418134689331055,0.025965847074985504,0.007489222567528486
2016,2016,datasets/audios/eastern_sliced/sitar/sitar_007_001.wav,7,sitar,5,jazz,0.33979877829551697,1.7142497301101685,0.08593707531690598,0.04838157817721367,0.01327119953930378,0.050435636192560196,0.09100685268640518,0.33979877829551697,0.0033041294664144516,0.3139890134334564,0.04511268064379692,0.008762998506426811
2017,2017,datasets/audios/eastern_sliced/sitar/sitar_008_000.wav,7,sitar,4,hiphop,0.26210126280784607,1.9923131465911865,0.11616037040948868,0.04675079137086868,0.014542789198458195,0.015824763104319572,0.26210126280784607,0.20977996289730072,0.03332679718732834,0.13336224853992462,0.10457417368888855,0.06357673555612564
2018,2018,datasets/audios/eastern_sliced/sitar/sitar_008_001.wav,7,sitar,5,jazz,0.29327863454818726,1.8943703174591064,0.102993443608284,0.05444028973579407,0.009273061528801918,0.013449198566377163,0.21781201660633087,0.29327863454818726,0.023561645299196243,0.17764055728912354,0.06076221540570259,0.04678899794816971
2019,2019,datasets/audios/eastern_sliced/sitar/sitar_009_000.wav,7,sitar,1,classical,0.4308471977710724,1.7325390577316284,0.16117516160011292,0.4308471977710724,0.01981830783188343,0.015363047830760479,0.027652660384774208,0.17089678347110748,0.016760142520070076,0.05377820506691933,0.05026041343808174,0.053448114544153214
2020,2020,datasets/audios/eastern_sliced/sitar/sitar_009_001.wav,7,sitar,1,classical,0.2994140088558197,1.9202756881713867,0.19059531390666962,0.2994140088558197,0.03306391090154648,0.020356617867946625,0.027873290702700615,0.20942874252796173,0.03213397040963173,0.041516322642564774,0.073116235435009,0.07250159978866577
2021,2021,datasets/audios/eastern_sliced/sitar/sitar_010_000.wav,7,sitar,4,hiphop,0.46217450499534607,1.6038856506347656,0.06075754016637802,0.029530299827456474,0.004327771253883839,0.02117770165205002,0.46217450499534607,0.20038047432899475,0.0039412942714989185,0.0945524126291275,0.1094960868358612,0.013661839067935944
2022,2022,datasets/audios/eastern_sliced/sitar/sitar_010_001.wav,7,sitar,1,classical,0.34728774428367615,1.8720033168792725,0.14152583479881287,0.34728774428367615,0.023194991052150726,0.01641327142715454,0.05733783170580864,0.2101464718580246,0.0163448303937912,0.08126980066299438,0.06358899921178818,0.04289023205637932
2023,2023,datasets/audios/eastern_sliced/sitar/sitar_011_000.wav,7,sitar,5,jazz,0.24562375247478485,2.019968271255493,0.15471620857715607,0.06680374592542648,0.010987699963152409,0.019993823021650314,0.13166597485542297,0.24562375247478485,0.05304736644029617,0.1993149071931839,0.06049954891204834,0.057346928864717484
2024,2024,datasets/audios/eastern_sliced/sitar/sitar_011_001.wav,7,sitar,7,pop,0.34596365690231323,1.8126295804977417,0.07964802533388138,0.06307397782802582,0.007922200486063957,0.02243806980550289,0.17505350708961487,0.21758027374744415,0.02211999148130417,0.34596365690231323,0.03814399614930153,0.028056228533387184
2025,2025,datasets/audios/eastern_sliced/sitar/sitar_012_000.wav,7,sitar,7,pop,0.7114045023918152,1.0971366167068481,0.03235430270433426,0.08126677572727203,0.00636210897937417,0.03341538831591606,0.02079974114894867,0.09626685827970505,0.0015234494348987937,0.7114045023918152,0.005226816516369581,0.011380120180547237
2026,2026,datasets/audios/eastern_sliced/sitar/sitar_012_001.wav,7,sitar,7,pop,0.6769089698791504,1.2202826738357544,0.02424664795398712,0.09945481270551682,0.009800301864743233,0.05961649492383003,0.028424855321645737,0.07076118886470795,0.00343904341571033,0.6769089698791504,0.007880086079239845,0.019467486068606377
2027,2027,datasets/audios/eastern_sliced/sitar/sitar_013_000.wav,7,sitar,7,pop,0.34563931822776794,1.591394066810608,0.02313811331987381,0.342495858669281,0.02452460117638111,0.018944647163152695,0.018878581002354622,0.16473115980625153,0.008510639891028404,0.34563931822776794,0.020542815327644348,0.03259431943297386
2028,2028,datasets/audios/eastern_sliced/sitar/sitar_013_001.wav,7,sitar,7,pop,0.4958362877368927,1.5405893325805664,0.06716617941856384,0.06089812144637108,0.010788768529891968,0.03423861786723137,0.0621010921895504,0.2266220599412918,0.0029848034027963877,0.4958362877368927,0.02883993275463581,0.010524211451411247
2029,2029,datasets/audios/eastern_sliced/sitar/sitar_014_000.wav,7,sitar,7,pop,0.6461285352706909,1.2220399379730225,0.020747125148773193,0.029595497995615005,0.004297615960240364,0.02785203978419304,0.14696364104747772,0.09669128060340881,0.0025310597848147154,0.6461285352706909,0.016018277034163475,0.009174899198114872
2030,2030,datasets/audios/eastern_sliced/sitar/sitar_014_001.wav,7,sitar,7,pop,0.4851938784122467,1.4590988159179688,0.027471644803881645,0.0307941697537899,0.0036518482957035303,0.031308483332395554,0.20626327395439148,0.18129611015319824,0.002209137659519911,0.4851938784122467,0.026117810979485512,0.005693611688911915
2031,2031,datasets/audios/eastern_sliced/sitar/sitar_015_000.wav,7,sitar,4,hiphop,0.29679980874061584,1.9831578731536865,0.07159483432769775,0.040736570954322815,0.008944441564381123,0.01322909165173769,0.29679980874061584,0.15084293484687805,0.09937235713005066,0.1675533801317215,0.07396387308835983,0.07696272432804108
2032,2032,datasets/audios/eastern_sliced/sitar/sitar_015_001.wav,7,sitar,7,pop,0.2697170078754425,1.929162859916687,0.05919991806149483,0.05226767435669899,0.009822136722505093,0.011551924981176853,0.20841051638126373,0.1960209608078003,0.04664043337106705,0.2697170078754425,0.0408722348511219,0.10549720376729965
2033,2033,datasets/audios/eastern_sliced/sitar/sitar_016_000.wav,7,sitar,5,jazz,0.26000556349754333,1.9473053216934204,0.22327931225299835,0.05649688094854355,0.019216109067201614,0.06896499544382095,0.10851769149303436,0.26000556349754333,0.01007102057337761,0.05688313767313957,0.17430414259433746,0.022261198610067368
2034,2034,datasets/audios/eastern_sliced/sitar/sitar_016_001.wav,7,sitar,5,jazz,0.23930016160011292,2.033186912536621,0.1403966099023819,0.0771515890955925,0.01672324165701866,0.10356689989566803,0.13376452028751373,0.23930016160011292,0.010494906455278397,0.09304327517747879,0.16528622806072235,0.020272500813007355
2035,2035,datasets/audios/eastern_sliced/sitar/sitar_017_000.wav,7,sitar,1,classical,0.30557981133461,1.59956693649292,0.018053976818919182,0.30557981133461,0.030936814844608307,0.010674528777599335,0.016680201515555382,0.3006674349308014,0.006842172704637051,0.25604960322380066,0.029051827266812325,0.02546357549726963
2036,2036,datasets/audios/eastern_sliced/sitar/sitar_017_001.wav,7,sitar,7,pop,0.47120335698127747,1.6831728219985962,0.02292601577937603,0.16601510345935822,0.052785344421863556,0.017803793773055077,0.03959093615412712,0.13280294835567474,0.012139375321567059,0.47120335698127747,0.03809250891208649,0.046640682965517044
2037,2037,datasets/audios/eastern_sliced/sitar/sitar_018_000.wav,7,sitar,5,jazz,0.5530282855033875,1.390787959098816,0.0733121782541275,0.06952851265668869,0.00792018137872219,0.009003610350191593,0.043703217059373856,0.5530282855033875,0.003895238973200321,0.2119670808315277,0.012970484793186188,0.014671282842755318
2038,2038,datasets/audios/eastern_sliced/sitar/sitar_018_001.wav,7,sitar,7,pop,0.6275802850723267,1.2044588327407837,0.029410583898425102,0.04460848122835159,0.011371067725121975,0.012639596126973629,0.03678194805979729,0.2138543725013733,0.0031090741977095604,0.6275802850723267,0.0088160065934062,0.01182859018445015
2039,2039,datasets/audios/eastern_sliced/sitar/sitar_019_000.wav,7,sitar,7,pop,0.4805324673652649,1.5638113021850586,0.03803981840610504,0.16656865179538727,0.012663238681852818,0.02031419426202774,0.043847788125276566,0.1831943690776825,0.0065924800001084805,0.4805324673652649,0.01182468794286251,0.03642234206199646
2040,2040,datasets/audios/eastern_sliced/sitar/sitar_019_001.wav,7,sitar,7,pop,0.6723574995994568,1.237473964691162,0.034316662698984146,0.113707035779953,0.008332299999892712,0.021460035815835,0.03285974636673927,0.0669599175453186,0.0060152760706841946,0.6723574995994568,0.01023007556796074,0.03376146778464317
2041,2041,datasets/audios/eastern_sliced/sitar/sitar_020_000.wav,7,sitar,7,pop,0.34986424446105957,1.9927597045898438,0.02845846861600876,0.10368460416793823,0.04809972271323204,0.048142947256565094,0.11890097707509995,0.06619668006896973,0.05485307797789574,0.34986424446105957,0.039320867508649826,0.14247845113277435
2042,2042,datasets/audios/eastern_sliced/sitar/sitar_020_001.wav,7,sitar,7,pop,0.27190908789634705,2.0683488845825195,0.022685766220092773,0.12273721396923065,0.06243499368429184,0.03057228773832321,0.14574310183525085,0.13744178414344788,0.0340365432202816,0.27190908789634705,0.08447092026472092,0.0879683643579483
2043,2043,datasets/audios/eastern_sliced/sitar/sitar_021_000.wav,7,sitar,7,pop,0.3530408442020416,1.714390516281128,0.11607130616903305,0.0560905821621418,0.012929457239806652,0.029055658727884293,0.08827356994152069,0.2930002510547638,0.009398947469890118,0.3530408442020416,0.011778470128774643,0.0303608700633049
2044,2044,datasets/audios/eastern_sliced/sitar/sitar_021_001.wav,7,sitar,7,pop,0.4387834668159485,1.5962975025177002,0.02446729689836502,0.25512000918388367,0.09359344840049744,0.014436833560466766,0.013502688147127628,0.03633296489715576,0.007663086522370577,0.4387834668159485,0.016124093905091286,0.09997604042291641
2045,2045,datasets/audios/eastern_sliced/sitar/sitar_022_000.wav,7,sitar,5,jazz,0.5565167665481567,1.466271996498108,0.04270708188414574,0.1408984512090683,0.010129236616194248,0.013832822442054749,0.04955023527145386,0.5565167665481567,0.0096840038895607,0.13589413464069366,0.01841934397816658,0.022367853671312332
2046,2046,datasets/audios/eastern_sliced/sitar/sitar_022_001.wav,7,sitar,5,jazz,0.33422988653182983,1.8971984386444092,0.07503773272037506,0.13375665247440338,0.02028210274875164,0.0238631758838892,0.07626475393772125,0.33422988653182983,0.02717806212604046,0.2211114466190338,0.03079400397837162,0.05748213827610016
2047,2047,datasets/audios/eastern_sliced/sitar/sitar_023_000.wav,7,sitar,5,jazz,0.6981184482574463,1.0491503477096558,0.020634250715374947,0.07472419738769531,0.003601658158004284,0.010298538021743298,0.03191875293850899,0.6981184482574463,0.0009507660870440304,0.14859995245933533,0.007624874357134104,0.0035285213962197304
2048,2048,datasets/audios/eastern_sliced/sitar/sitar_023_001.wav,7,sitar,5,jazz,0.4357890486717224,1.4909768104553223,0.06106021627783775,0.05481898412108421,0.006629917770624161,0.02185761369764805,0.08166220039129257,0.4357890486717224,0.0027069260831922293,0.31369054317474365,0.013036071322858334,0.008748503401875496
2049,2049,datasets/audios/eastern_sliced/sitar/sitar_024_000.wav,7,sitar,7,pop,0.6077534556388855,1.3741865158081055,0.016102496534585953,0.07062327116727829,0.025936543941497803,0.02660248801112175,0.04577163606882095,0.15827855467796326,0.004813404753804207,0.6077534556388855,0.02426789700984955,0.01985027827322483
2050,2050,datasets/audios/eastern_sliced/sitar/sitar_024_001.wav,7,sitar,7,pop,0.4304738938808441,1.6152935028076172,0.021317575126886368,0.08917778730392456,0.022312970831990242,0.018333449959754944,0.0912894681096077,0.2624746263027191,0.004473482258617878,0.4304738938808441,0.045102499425411224,0.0150442561134696
2051,2051,datasets/audios/eastern_sliced/sitar/sitar_025_000.wav,7,sitar,7,pop,0.41376930475234985,1.70357084274292,0.06427539885044098,0.08950623124837875,0.008555694483220577,0.05459879711270332,0.10280465334653854,0.22439825534820557,0.008171956054866314,0.41376930475234985,0.01901421882212162,0.014905523508787155
2052,2052,datasets/audios/eastern_sliced/sitar/sitar_025_001.wav,7,sitar,5,jazz,0.6380910873413086,1.232237458229065,0.06126552075147629,0.159877747297287,0.0076708621345460415,0.011542094871401787,0.023146525025367737,0.6380910873413086,0.0035408991388976574,0.07517904788255692,0.011135741136968136,0.008550474420189857
2053,2053,datasets/audios/eastern_sliced/sitar/sitar_026_000.wav,7,sitar,5,jazz,0.47116580605506897,1.6938364505767822,0.14357434213161469,0.03545702248811722,0.015570290386676788,0.07151230424642563,0.08040253072977066,0.47116580605506897,0.0039565348997712135,0.09533380717039108,0.0714760348200798,0.011551255360245705
2054,2054,datasets/audios/eastern_sliced/sitar/sitar_026_001.wav,7,sitar,5,jazz,0.3764426112174988,1.6464265584945679,0.02356168068945408,0.04045542702078819,0.008687376044690609,0.052086345851421356,0.21268224716186523,0.3764426112174988,0.00252509699203074,0.057183604687452316,0.2221059948205948,0.004269682802259922
2055,2055,datasets/audios/eastern_sliced/sitar/sitar_027_000.wav,7,sitar,7,pop,0.5756462216377258,1.240027904510498,0.0072584617882966995,0.2515992224216461,0.016140596941113472,0.011463381350040436,0.01659698411822319,0.09029531478881836,0.002704349346458912,0.5756462216377258,0.01216623093932867,0.01612931489944458
2056,2056,datasets/audios/eastern_sliced/sitar/sitar_027_001.wav,7,sitar,5,jazz,0.1832808256149292,2.1730520725250244,0.05796683579683304,0.17714659869670868,0.04368637129664421,0.03612496331334114,0.0792090967297554,0.1832808256149292,0.07533111423254013,0.1512766033411026,0.08108151704072952,0.1148960292339325
2057,2057,datasets/audios/eastern_sliced/sitar/sitar_028_000.wav,7,sitar,5,jazz,0.4032202959060669,1.717834234237671,0.033723071217536926,0.20093250274658203,0.03705195337533951,0.01989084482192993,0.04163579270243645,0.4032202959060669,0.009328089654445648,0.18760426342487335,0.04080256447196007,0.025810642167925835
2058,2058,datasets/audios/eastern_sliced/sitar/sitar_028_001.wav,7,sitar,7,pop,0.30811262130737305,1.9146733283996582,0.06319549679756165,0.14913883805274963,0.029211780056357384,0.0332997664809227,0.09244412183761597,0.22947338223457336,0.014041440561413765,0.30811262130737305,0.04538167268037796,0.035700876265764236
2059,2059,datasets/audios/eastern_sliced/sitar/sitar_029_000.wav,7,sitar,7,pop,0.5618317127227783,1.5204697847366333,0.02284383587539196,0.12283645570278168,0.0520288459956646,0.0225415900349617,0.03973628953099251,0.11509448289871216,0.008366885595023632,0.5618317127227783,0.023357287049293518,0.031362682580947876
2060,2060,datasets/audios/eastern_sliced/sitar/sitar_029_001.wav,7,sitar,7,pop,0.4541449248790741,1.6927380561828613,0.02602446638047695,0.17659538984298706,0.08857157826423645,0.019642479717731476,0.031054608523845673,0.1256977766752243,0.008377015590667725,0.4541449248790741,0.027143437415361404,0.04274832084774971
2061,2061,datasets/audios/eastern_sliced/sitar/sitar_030_000.wav,7,sitar,1,classical,0.7123528122901917,1.1211700439453125,0.03100476786494255,0.7123528122901917,0.011109832674264908,0.03129752352833748,0.012182864360511303,0.12473423033952713,0.008398795500397682,0.024790801107883453,0.02223999612033367,0.021888453513383865
2062,2062,datasets/audios/eastern_sliced/sitar/sitar_030_001.wav,7,sitar,5,jazz,0.4533367156982422,1.5975403785705566,0.07214885205030441,0.26069843769073486,0.010002005845308304,0.01782296411693096,0.05436863377690315,0.4533367156982422,0.0082129817456007,0.05696867033839226,0.04744686186313629,0.018993845209479332
2063,2063,datasets/audios/eastern_sliced/sitar/sitar_031_000.wav,7,sitar,7,pop,0.3028990626335144,1.6391217708587646,0.03864246979355812,0.2772414982318878,0.01681409403681755,0.01155023742467165,0.0302369873970747,0.26634228229522705,0.007688641082495451,0.3028990626335144,0.020984485745429993,0.02760029397904873
2064,2064,datasets/audios/eastern_sliced/sitar/sitar_031_001.wav,7,sitar,5,jazz,0.3388119637966156,1.5902401208877563,0.035059139132499695,0.2945762872695923,0.012645373120903969,0.0107978954911232,0.03795776888728142,0.3388119637966156,0.005168554373085499,0.2256460189819336,0.019649909809231758,0.019687114283442497
2065,2065,datasets/audios/eastern_sliced/sitar/sitar_032_000.wav,7,sitar,1,classical,0.39444491267204285,1.7722493410110474,0.0630173310637474,0.39444491267204285,0.013135151006281376,0.006707469001412392,0.018266528844833374,0.15160661935806274,0.02834506519138813,0.1613577902317047,0.03958751633763313,0.12353157252073288
2066,2066,datasets/audios/eastern_sliced/sitar/sitar_032_001.wav,7,sitar,1,classical,0.4251457750797272,1.6938062906265259,0.032556015998125076,0.4251457750797272,0.02513224445283413,0.013513591140508652,0.014572331681847572,0.22976121306419373,0.03486959636211395,0.12763279676437378,0.033695098012685776,0.06312138587236404
2067,2067,datasets/audios/eastern_sliced/sitar/sitar_033_000.wav,7,sitar,7,pop,0.639002799987793,1.2388466596603394,0.01866474747657776,0.10926347970962524,0.0061719706282019615,0.01053174864500761,0.04700830206274986,0.1363765150308609,0.00314645329490304,0.639002799987793,0.009623657912015915,0.0202102642506361
2068,2068,datasets/audios/eastern_sliced/sitar/sitar_033_001.wav,7,sitar,7,pop,0.5683913826942444,1.41312575340271,0.021795418113470078,0.12583979964256287,0.009992603212594986,0.01568763144314289,0.05920939892530441,0.15525126457214355,0.005390494596213102,0.5683913826942444,0.02005201205611229,0.018389949575066566
2069,2069,datasets/audios/eastern_sliced/sitar/sitar_034_000.wav,7,sitar,4,hiphop,0.31845784187316895,1.668040156364441,0.0554242767393589,0.0183982215821743,0.007475777063518763,0.04167776554822922,0.31845784187316895,0.3030531704425812,0.004258328583091497,0.06460071355104446,0.1809713989496231,0.005682546645402908
2070,2070,datasets/audios/eastern_sliced/sitar/sitar_034_001.wav,7,sitar,5,jazz,0.3958553671836853,1.8799265623092651,0.10614248365163803,0.12122785300016403,0.015258305706083775,0.015653857961297035,0.08531023561954498,0.3958553671836853,0.018847336992621422,0.09370800852775574,0.0852680578827858,0.06272850185632706
2071,2071,datasets/audios/eastern_sliced/sitar/sitar_035_000.wav,7,sitar,8,reggae,0.28787076473236084,1.7843695878982544,0.26321688294410706,0.10166365653276443,0.04279828444123268,0.01688290573656559,0.03287001699209213,0.20385277271270752,0.006734988186508417,0.022208912298083305,0.28787076473236084,0.021900875493884087
2072,2072,datasets/audios/eastern_sliced/sitar/sitar_035_001.wav,7,sitar,5,jazz,0.2928929328918457,1.8844079971313477,0.2186112403869629,0.08175399154424667,0.037757523357868195,0.022953305393457413,0.04456214979290962,0.2928929328918457,0.00741959223523736,0.07960891723632812,0.19256745278835297,0.021872851997613907
2073,2073,datasets/audios/eastern_sliced/sitar/sitar_036_000.wav,7,sitar,4,hiphop,0.2901342809200287,1.9126378297805786,0.054626062512397766,0.05651482939720154,0.01627626083791256,0.08498983085155487,0.2901342809200287,0.12373678386211395,0.0063298726454377174,0.12485130876302719,0.22540324926376343,0.017137520015239716
2074,2074,datasets/audios/eastern_sliced/sitar/sitar_036_001.wav,7,sitar,8,reggae,0.37036868929862976,1.8397690057754517,0.05547705665230751,0.04833649471402168,0.02754979021847248,0.06860220432281494,0.23629534244537354,0.07539522647857666,0.011694805696606636,0.08274146169424057,0.37036868929862976,0.023538917303085327
2075,2075,datasets/audios/eastern_sliced/sitar/sitar_037_000.wav,7,sitar,7,pop,0.1903691291809082,2.0463674068450928,0.0565551295876503,0.1563216596841812,0.026397446170449257,0.06910479068756104,0.16535502672195435,0.17210537195205688,0.012553110718727112,0.1903691291809082,0.13264892995357513,0.018589459359645844
2076,2076,datasets/audios/eastern_sliced/sitar/sitar_037_001.wav,7,sitar,8,reggae,0.19272707402706146,2.086228847503662,0.09692783653736115,0.14459651708602905,0.0359424352645874,0.05445540323853493,0.10832954198122025,0.14252011477947235,0.01576327160000801,0.18488770723342896,0.19272707402706146,0.023850129917263985
2077,2077,datasets/audios/eastern_sliced/sitar/sitar_038_000.wav,7,sitar,4,hiphop,0.2144467681646347,1.9910616874694824,0.07910411059856415,0.12307000160217285,0.008152150548994541,0.026110883802175522,0.2144467681646347,0.2071777880191803,0.028213264420628548,0.20434579253196716,0.04665744677186012,0.06272178888320923
2078,2078,datasets/audios/eastern_sliced/sitar/sitar_038_001.wav,7,sitar,4,hiphop,0.20707903802394867,2.0522449016571045,0.09115459024906158,0.11066583544015884,0.008901653811335564,0.02865944243967533,0.20707903802394867,0.1692517250776291,0.0427885502576828,0.20391257107257843,0.04612679407000542,0.09145980328321457
2079,2079,datasets/audios/eastern_sliced/sitar/sitar_039_000.wav,7,sitar,7,pop,0.29255518317222595,1.824133276939392,0.06391067802906036,0.05042213946580887,0.009696933440864086,0.07914694398641586,0.21343809366226196,0.22672156989574432,0.004538996145129204,0.29255518317222595,0.04436252638697624,0.015206988900899887
2080,2080,datasets/audios/eastern_sliced/sitar/sitar_039_001.wav,7,sitar,4,hiphop,0.27757999300956726,1.7416844367980957,0.04850923269987106,0.05593324080109596,0.006046597845852375,0.051198165863752365,0.27757999300956726,0.24490773677825928,0.004564737901091576,0.2641768157482147,0.03118887171149254,0.015894563868641853
2081,2081,datasets/audios/eastern_sliced/sitar/sitar_040_000.wav,7,sitar,7,pop,0.603033721446991,1.4604920148849487,0.03046439401805401,0.06269107013940811,0.0136170145124197,0.04298738017678261,0.08583172410726547,0.07563930004835129,0.005407765507698059,0.603033721446991,0.06048286706209183,0.01984473504126072
2082,2082,datasets/audios/eastern_sliced/sitar/sitar_040_001.wav,7,sitar,7,pop,0.3727104663848877,1.74965238571167,0.032268229871988297,0.04965856671333313,0.011838682927191257,0.041422583162784576,0.22485646605491638,0.11842446774244308,0.0060531445778906345,0.3727104663848877,0.13106992840766907,0.011697428300976753
2083,2083,datasets/audios/eastern_sliced/sitar/sitar_041_000.wav,7,sitar,7,pop,0.5862859487533569,1.3428152799606323,0.020651064813137054,0.161776602268219,0.009424736723303795,0.013370479457080364,0.03375757485628128,0.13450273871421814,0.006554731633514166,0.5862859487533569,0.012006312608718872,0.02166992425918579
2084,2084,datasets/audios/eastern_sliced/sitar/sitar_041_001.wav,7,sitar,7,pop,0.5656495094299316,1.496231198310852,0.025229889899492264,0.13921652734279633,0.016703609377145767,0.02313695102930069,0.04801280423998833,0.11088470369577408,0.014274613000452518,0.5656495094299316,0.02149207331240177,0.03539930656552315
2085,2085,datasets/audios/eastern_sliced/sitar/sitar_042_000.wav,7,sitar,8,reggae,0.4685080647468567,1.4881445169448853,0.058272745460271835,0.05805492028594017,0.016076713800430298,0.019913338124752045,0.06772051751613617,0.2862878143787384,0.003874297719448805,0.013886446133255959,0.4685080647468567,0.007405076641589403
2086,2086,datasets/audios/eastern_sliced/sitar/sitar_042_001.wav,7,sitar,5,jazz,0.28174299001693726,1.775977611541748,0.07853590697050095,0.021743860095739365,0.011878309771418571,0.06660839170217514,0.1864251047372818,0.28174299001693726,0.004919334314763546,0.06626836955547333,0.27644145488739014,0.005436232779175043
2087,2087,datasets/audios/eastern_sliced/sitar/sitar_043_000.wav,7,sitar,5,jazz,0.43280065059661865,1.767903447151184,0.10376568883657455,0.08059750497341156,0.010710558854043484,0.02087320014834404,0.13876904547214508,0.43280065059661865,0.0145459258928895,0.07737092673778534,0.10338946431875229,0.017177117988467216
2088,2088,datasets/audios/eastern_sliced/sitar/sitar_043_001.wav,7,sitar,5,jazz,0.30105748772621155,1.9242041110992432,0.0891210213303566,0.09302687644958496,0.012730023823678493,0.03468291833996773,0.2129446566104889,0.30105748772621155,0.013667820952832699,0.12501990795135498,0.09728589653968811,0.020463407039642334
2089,2089,datasets/audios/eastern_sliced/sitar/sitar_044_000.wav,7,sitar,8,reggae,0.2543688416481018,2.088648557662964,0.09115329384803772,0.06904658675193787,0.07077357172966003,0.053626567125320435,0.08371707051992416,0.1415557563304901,0.018290691077709198,0.17744234204292297,0.2543688416481018,0.0400252640247345
2090,2090,datasets/audios/eastern_sliced/sitar/sitar_044_001.wav,7,sitar,1,classical,0.4889586567878723,1.4199910163879395,0.043464988470077515,0.4889586567878723,0.006567251402884722,0.008670172654092312,0.008994488045573235,0.19283156096935272,0.005925524514168501,0.20803621411323547,0.010542662814259529,0.026008425280451775
2091,2091,datasets/audios/eastern_sliced/sitar/sitar_045_000.wav,7,sitar,5,jazz,0.3379647433757782,1.8117640018463135,0.049650464206933975,0.10573871433734894,0.01617635041475296,0.030260369181632996,0.10860878974199295,0.3379647433757782,0.006716684438288212,0.2501489818096161,0.07978524267673492,0.014949717558920383
2092,2092,datasets/audios/eastern_sliced/sitar/sitar_045_001.wav,7,sitar,4,hiphop,0.2313695102930069,2.0013678073883057,0.06740797311067581,0.07995881885290146,0.020974598824977875,0.06799911707639694,0.2313695102930069,0.11307636648416519,0.008230248466134071,0.19946140050888062,0.18547029793262482,0.026051681488752365
2093,2093,datasets/audios/eastern_sliced/sitar/sitar_046_000.wav,7,sitar,5,jazz,0.20901481807231903,2.1056768894195557,0.09406467527151108,0.12877681851387024,0.021664708852767944,0.019832924008369446,0.1350751370191574,0.20901481807231903,0.04856545478105545,0.18033933639526367,0.06587063521146774,0.0967954769730568
2094,2094,datasets/audios/eastern_sliced/sitar/sitar_046_001.wav,7,sitar,5,jazz,0.24233578145503998,2.122861385345459,0.08704191446304321,0.1107432171702385,0.02278014086186886,0.02433149330317974,0.1301945596933365,0.24233578145503998,0.07615179568529129,0.1436850130558014,0.06877975910902023,0.09395631402730942
2095,2095,datasets/audios/eastern_sliced/sitar/sitar_047_000.wav,7,sitar,7,pop,0.3442923128604889,1.7885713577270508,0.043470896780490875,0.1515612006187439,0.005704705603420734,0.02080397680401802,0.15700578689575195,0.19779174029827118,0.011292758397758007,0.3442923128604889,0.02431659586727619,0.043760061264038086
2096,2096,datasets/audios/eastern_sliced/sitar/sitar_047_001.wav,7,sitar,1,classical,0.6815083026885986,1.1971001625061035,0.03276798874139786,0.6815083026885986,0.012275855988264084,0.030758094042539597,0.01458471268415451,0.14208240807056427,0.009066473692655563,0.029150180518627167,0.020663989707827568,0.027142027392983437
2097,2097,datasets/audios/eastern_sliced/sitar/sitar_048_000.wav,7,sitar,7,pop,0.3193426728248596,1.7505937814712524,0.04978569597005844,0.2223019152879715,0.01582937128841877,0.012622377835214138,0.04929093271493912,0.24865886569023132,0.011369563639163971,0.3193426728248596,0.03244437649846077,0.03835431858897209
2098,2098,datasets/audios/eastern_sliced/sitar/sitar_048_001.wav,7,sitar,5,jazz,0.32766276597976685,1.6656488180160522,0.04151587188243866,0.2743353545665741,0.017794130370020866,0.012890858575701714,0.03475286439061165,0.32766276597976685,0.008271297439932823,0.23032867908477783,0.023900870233774185,0.028547337278723717
2099,2099,datasets/audios/eastern_sliced/sitar/sitar_049_000.wav,7,sitar,7,pop,0.3180893659591675,1.767249345779419,0.03371267020702362,0.04028816148638725,0.01553734578192234,0.046017736196517944,0.20257018506526947,0.07367046177387238,0.0064234952442348,0.3180893659591675,0.25016525387763977,0.01352542545646429
2100,2100,datasets/audios/eastern_sliced/sitar/sitar_049_001.wav,7,sitar,1,classical,0.49814343452453613,1.456661343574524,0.04462806135416031,0.49814343452453613,0.00968810822814703,0.006506284233182669,0.00863603875041008,0.2577557861804962,0.014378649182617664,0.08998504281044006,0.016489094123244286,0.05378951132297516
2101,2101,datasets/audios/eastern_sliced/sitar/sitar_050_000.wav,7,sitar,7,pop,0.5792431235313416,1.3969773054122925,0.018205303698778152,0.12911999225616455,0.010128209367394447,0.014575138688087463,0.05648845061659813,0.14177203178405762,0.005145874340087175,0.5792431235313416,0.014865517616271973,0.030456360429525375
2102,2102,datasets/audios/eastern_sliced/sitar/sitar_050_001.wav,7,sitar,7,pop,0.6706663966178894,1.1719387769699097,0.01763424463570118,0.09737996757030487,0.006206531077623367,0.010776148177683353,0.04195995256304741,0.12500634789466858,0.0029601785354316235,0.6706663966178894,0.008313216269016266,0.019096994772553444
2103,2103,datasets/audios/eastern_sliced/sitar/sitar_051_000.wav,7,sitar,4,hiphop,0.3329069912433624,1.6409659385681152,0.04454005882143974,0.015118611045181751,0.0071927690878510475,0.043985649943351746,0.3329069912433624,0.26530560851097107,0.0034832051023840904,0.05991453677415848,0.22290199995040894,0.004650522489100695
2104,2104,datasets/audios/eastern_sliced/sitar/sitar_051_001.wav,7,sitar,5,jazz,0.3039994537830353,1.6889622211456299,0.063445545732975,0.02198314294219017,0.00837957113981247,0.03941236436367035,0.26009127497673035,0.3039994537830353,0.005095858592540026,0.048187822103500366,0.24267950654029846,0.006725494284182787
2105,2105,datasets/audios/eastern_sliced/sitar/sitar_052_000.wav,7,sitar,1,classical,0.3943445682525635,1.8498896360397339,0.16759759187698364,0.3943445682525635,0.055925946682691574,0.03317108750343323,0.019408300518989563,0.11959483474493027,0.007450017612427473,0.08190392702817917,0.0514308400452137,0.06917289644479752
2106,2106,datasets/audios/eastern_sliced/sitar/sitar_052_001.wav,7,sitar,8,reggae,0.3136523962020874,1.749998927116394,0.2576691210269928,0.08148089051246643,0.03690573573112488,0.018328815698623657,0.03590170666575432,0.20870375633239746,0.006198381073772907,0.022900573909282684,0.3136523962020874,0.01825862191617489
2107,2107,datasets/audios/eastern_sliced/sitar/sitar_053_000.wav,7,sitar,8,reggae,0.32093626260757446,1.9198973178863525,0.09404564648866653,0.07076720893383026,0.025365235283970833,0.08057313412427902,0.15594017505645752,0.17535032331943512,0.006093968171626329,0.05677009001374245,0.32093626260757446,0.014157920144498348
2108,2108,datasets/audios/eastern_sliced/sitar/sitar_053_001.wav,7,sitar,8,reggae,0.27334466576576233,1.909929871559143,0.0680728480219841,0.05446065217256546,0.01876598410308361,0.08173564821481705,0.26589643955230713,0.11273085325956345,0.007145072799175978,0.10058511048555374,0.27334466576576233,0.017262671142816544
2109,2109,datasets/audios/eastern_sliced/sitar/sitar_054_000.wav,7,sitar,7,pop,0.25641930103302,2.0447912216186523,0.07512995600700378,0.19251495599746704,0.03409738093614578,0.049937713891267776,0.10597753524780273,0.14097411930561066,0.015117879025638103,0.25641930103302,0.09366263449192047,0.03616849705576897
2110,2110,datasets/audios/eastern_sliced/sitar/sitar_054_001.wav,7,sitar,7,pop,0.18752339482307434,2.0445401668548584,0.0556994304060936,0.14700457453727722,0.025244856253266335,0.07131204754114151,0.1791880577802658,0.16607822477817535,0.012618443928658962,0.18752339482307434,0.13714243471622467,0.018188493326306343
