feature_index,track_id,segment_index,path,label,label_id,duration_seconds,processed_seconds,skipped_tail_seconds,source_sample_rate,target_sample_rate,num_chunks
0,0,0,datasets/audios/eastern_sliced/carnatic/carnatic_000_000.wav,carnatic,0,30.0,30.0,0.0,22050,24000,1
1,1,0,datasets/audios/eastern_sliced/carnatic/carnatic_000_001.wav,carnatic,0,30.0,30.0,0.0,22050,24000,1
2,2,0,datasets/audios/eastern_sliced/carnatic/carnatic_000_002.wav,carnatic,0,30.0,30.0,0.0,22050,24000,1
3,3,0,datasets/audios/eastern_sliced/carnatic/carnatic_000_003.wav,carnatic,0,30.0,30.0,0.0,22050,24000,1
4,4,0,datasets/audios/eastern_sliced/carnatic/carnatic_000_004.wav,carnatic,0,30.0,30.0,0.0,22050,24000,1
5,5,0,datasets/audios/eastern_sliced/carnatic/carnatic_001_000.wav,carnatic,0,30.0,30.0,0.0,22050,24000,1
6,6,0,datasets/audios/eastern_sliced/carnatic/carnatic_001_001.wav,carnatic,0,30.0,30.0,0.0,22050,24000,1
7,7,0,datasets/audios/eastern_sliced/carnatic/carnatic_001_002.wav,carnatic,0,30.0,30.0,0.0,22050,24000,1
8,8,0,datasets/audios/eastern_sliced/carnatic/carnatic_001_003.wav,carnatic,0,30.0,30.0,0.0,22050,24000,1
9,9,0,datasets/audios/eastern_sliced/carnatic/carnatic_001_004.wav,carnatic,0,30.0,30.0,0.0,22050,24000,1
10,10,0,datasets/audios/eastern_sliced/carnatic/carnatic_002_000.wav,carnatic,0,30.0,30.0,0.0,22050,24000,1
11,11,0,datasets/audios/eastern_sliced/carnatic/carnatic_002_001.wav,carnatic,0,30.0,30.0,0.0,22050,24000,1
12,12,0,datasets/audios/eastern_sliced/carnatic/carnatic_002_002.wav,carnatic,0,30.0,30.0,0.0,22050,24000,1
13,13,0,datasets/audios/eastern_sliced/carnatic/carnatic_002_003.wav,carnatic,0,30.0,30.0,0.0,22050,24000,1
14,14,0,datasets/audios/eastern_sliced/carnatic/carnatic_002_004.wav,carnatic,0,30.0,30.0,0.0,22050,24000,1
15,15,0,datasets/audios/eastern_sliced/carnatic/carnatic_003_000.wav,carnatic,0,30.0,30.0,0.0,22050,24000,1
16,16,0,datasets/audios/eastern_sliced/carnatic/carnatic_003_001.wav,carnatic,0,30.0,30.0,0.0,22050,24000,1
17,17,0,datasets/audios/eastern_sliced/carnatic/carnatic_003_002.wav,carnatic,0,30.0,30.0,0.0,22050,24000,1
18,18,0,datasets/audios/eastern_sliced/carnatic/carnatic_003_003.wav,carnatic,0,30.0,30.0,0.0,22050,24000,1
19,19,0,datasets/audios/eastern_sliced/carnatic/carnatic_003_004.wav,carnatic,0,30.0,30.0,0.0,22050,24000,1
20,20,0,datasets/audios/eastern_sliced/carnatic/carnatic_004_000.wav,carnatic,0,30.0,30.0,0.0,22050,24000,1
21,21,0,datasets/audios/eastern_sliced/carnatic/carnatic_004_001.wav,carnatic,0,30.0,30.0,0.0,22050,24000,1
22,22,0,datasets/audios/eastern_sliced/carnatic/carnatic_004_002.wav,carnatic,0,30.0,30.0,0.0,22050,24000,1
23,23,0,datasets/audios/eastern_sliced/carnatic/carnatic_004_003.wav,carnatic,0,30.0,30.0,0.0,22050,24000,1
24,24,0,datasets/audios/eastern_sliced/carnatic/carnatic_004_004.wav,carnatic,0,30.0,30.0,0.0,22050,24000,1
25,25,0,datasets/audios/eastern_sliced/carnatic/carnatic_005_000.wav,carnatic,0,30.0,30.0,0.0,22050,24000,1
26,26,0,datasets/audios/eastern_sliced/carnatic/carnatic_005_001.wav,carnatic,0,30.0,30.0,0.0,22050,24000,1
27,27,0,datasets/audios/eastern_sliced/carnatic/carnatic_005_002.wav,carnatic,0,30.0,30.0,0.0,22050,24000,1
28,28,0,datasets/audios/eastern_sliced/carnatic/carnatic_005_003.wav,carnatic,0,30.0,30.0,0.0,22050,24000,1
29,29,0,datasets/audios/eastern_sliced/carnatic/carnatic_005_004.wav,carnatic,0,30.0,30.0,0.0,22050,24000,1
30,30,0,datasets/audios/eastern_sliced/carnatic/carnatic_006_000.wav,carnatic,0,30.0,30.0,0.0,22050,24000,1
31,31,0,datasets/audios/eastern_sliced/carnatic/carnatic_006_001.wav,carnatic,0,30.0,30.0,0.0,22050,24000,1
32,32,0,datasets/audios/eastern_sliced/carnatic/carnatic_006_002.wav,carnatic,0,30.0,30.0,0.0,22050,24000,1
33,33,0,datasets/audios/eastern_sliced/carnatic/carnatic_006_003.wav,carnatic,0,30.0,30.0,0.0,22050,24000,1
34,34,0,datasets/audios/eastern_sliced/carnatic/carnatic_006_004.wav,carnatic,0,30.0,30.0,0.0,22050,24000,1
35,35,0,datasets/audios/eastern_sliced/carnatic/carnatic_007_000.wav,carnatic,0,30.0,30.0,0.0,22050,24000,1
36,36,0,datasets/audios/eastern_sliced/carnatic/carnatic_007_001.wav,carnatic,0,30.0,30.0,0.0,22050,24000,1
37,37,0,datasets/audios/eastern_sliced/carnatic/carnatic_007_002.wav,carnatic,0,30.0,30.0,0.0,22050,24000,1
38,38,0,datasets/audios/eastern_sliced/carnatic/carnatic_007_003.wav,carnatic,0,30.0,30.0,0.0,22050,24000,1
39,39,0,datasets/audios/eastern_sliced/carnatic/carnatic_007_004.wav,carnatic,0,30.0,30.0,0.0,22050,24000,1
40,40,0,datasets/audios/eastern_sliced/carnatic/carnatic_008_000.wav,carnatic,0,30.0,30.0,0.0,22050,24000,1
41,41,0,datasets/audios/eastern_sliced/carnatic/carnatic_008_001.wav,carnatic,0,30.0,30.0,0.0,22050,24000,1
42,42,0,datasets/audios/eastern_sliced/carnatic/carnatic_009_000.wav,carnatic,0,30.0,30.0,0.0,22050,24000,1
43,43,0,datasets/audios/eastern_sliced/carnatic/carnatic_009_001.wav,carnatic,0,30.0,30.0,0.0,22050,24000,1
44,44,0,datasets/audios/eastern_sliced/carnatic/carnatic_009_002.wav,carnatic,0,30.0,30.0,0.0,22050,24000,1
45,45,0,datasets/audios/eastern_sliced/carnatic/carnatic_009_003.wav,carnatic,0,30.0,30.0,0.0,22050,24000,1
46,46,0,datasets/audios/eastern_sliced/carnatic/carnatic_009_004.wav,carnatic,0,30.0,30.0,0.0,22050,24000,1
47,47,0,datasets/audios/eastern_sliced/carnatic/carnatic_010_000.wav,carnatic,0,30.0,30.0,0.0,22050,24000,1
48,48,0,datasets/audios/eastern_sliced/carnatic/carnatic_010_001.wav,carnatic,0,30.0,30.0,0.0,22050,24000,1
49,49,0,datasets/audios/eastern_sliced/carnatic/carnatic_010_002.wav,carnatic,0,30.0,30.0,0.0,22050,24000,1
50,50,0,datasets/audios/eastern_sliced/carnatic/carnatic_010_003.wav,carnatic,0,30.0,30.0,0.0,22050,24000,1
51,51,0,datasets/audios/eastern_sliced/carnatic/carnatic_010_004.wav,carnatic,0,30.0,30.0,0.0,22050,24000,1
52,52,0,datasets/audios/eastern_sliced/carnatic/carnatic_011_000.wav,carnatic,0,30.0,30.0,0.0,22050,24000,1
53,53,0,datasets/audios/eastern_sliced/carnatic/carnatic_011_001.wav,carnatic,0,30.0,30.0,0.0,22050,24000,1
54,54,0,datasets/audios/eastern_sliced/carnatic/carnatic_011_002.wav,carnatic,0,30.0,30.0,0.0,22050,24000,1
55,55,0,datasets/audios/eastern_sliced/carnatic/carnatic_011_003.wav,carnatic,0,30.0,30.0,0.0,22050,24000,1
56,56,0,datasets/audios/eastern_sliced/carnatic/carnatic_011_004.wav,carnatic,0,30.0,30.0,0.0,22050,24000,1
57,57,0,datasets/audios/eastern_sliced/carnatic/carnatic_012_000.wav,carnatic,0,30.0,30.0,0.0,22050,24000,1
58,58,0,datasets/audios/eastern_sliced/carnatic/carnatic_012_001.wav,carnatic,0,30.0,30.0,0.0,22050,24000,1
59,59,0,datasets/audios/eastern_sliced/carnatic/carnatic_012_002.wav,carnatic,0,30.0,30.0,0.0,22050,24000,1
60,60,0,datasets/audios/eastern_sliced/carnatic/carnatic_012_003.wav,carnatic,0,30.0,30.0,0.0,22050,24000,1
61,61,0,datasets/audios/eastern_sliced/carnatic/carnatic_012_004.wav,carnatic,0,30.0,30.0,0.0,22050,24000,1
62,62,0,datasets/audios/eastern_sliced/carnatic/carnatic_013_000.wav,carnatic,0,30.0,30.0,0.0,22050,24000,1
63,63,0,datasets/audios/eastern_sliced/carnatic/carnatic_013_001.wav,carnatic,0,30.0,30.0,0.0,22050,24000,1
64,64,0,datasets/audios/eastern_sliced/carnatic/carnatic_013_002.wav,carnatic,0,30.0,30.0,0.0,22050,24000,1
65,65,0,datasets/audios/eastern_sliced/carnatic/carnatic_013_003.wav,carnatic,0,30.0,30.0,0.0,22050,24000,1
66,66,0,datasets/audios/eastern_sliced/carnatic/carnatic_013_004.wav,carnatic,0,30.0,30.0,0.0,22050,24000,1
67,67,0,datasets/audios/eastern_sliced/carnatic/carnatic_014_000.wav,carnatic,0,30.0,30.0,0.0,22050,24000,1
68,68,0,datasets/audios/eastern_sliced/carnatic/carnatic_014_001.wav,carnatic,0,30.0,30.0,0.0,22050,24000,1
69,69,0,datasets/audios/eastern_sliced/carnatic/carnatic_014_002.wav,carnatic,0,30.0,30.0,0.0,22050,24000,1
70,70,0,datasets/audios/eastern_sliced/carnatic/carnatic_014_003.wav,carnatic,0,30.0,30.0,0.0,22050,24000,1
71,71,0,datasets/audios/eastern_sliced/carnatic/carnatic_014_004.wav,carnatic,0,30.0,30.0,0.0,22050,24000,1
72,72,0,datasets/audios/eastern_sliced/carnatic/carnatic_015_000.wav,carnatic,0,30.0,30.0,0.0,22050,24000,1
73,73,0,datasets/audios/eastern_sliced/carnatic/carnatic_015_001.wav,carnatic,0,30.0,30.0,0.0,22050,24000,1
74,74,0,datasets/audios/eastern_sliced/carnatic/carnatic_015_002.wav,carnatic,0,30.0,30.0,0.0,22050,24000,1
75,75,0,datasets/audios/eastern_sliced/carnatic/carnatic_015_003.wav,carnatic,0,30.0,30.0,0.0,22050,24000,1
76,76,0,datasets/audios/eastern_sliced/carnatic/carnatic_015_004.wav,carnatic,0,30.0,30.0,0.0,22050,24000,1
77,77,0,datasets/audios/eastern_sliced/carnatic/carnatic_016_000.wav,carnatic,0,30.0,30.0,0.0,22050,24000,1
78,78,0,datasets/audios/eastern_sliced/carnatic/carnatic_016_001.wav,carnatic,0,30.0,30.0,0.0,22050,24000,1
79,79,0,datasets/audios/eastern_sliced/carnatic/carnatic_016_002.wav,carnatic,0,30.0,30.0,0.0,22050,24000,1
80,80,0,datasets/audios/eastern_sliced/carnatic/carnatic_016_003.wav,carnatic,0,30.0,30.0,0.0,22050,24000,1
81,81,0,datasets/audios/eastern_sliced/carnatic/carnatic_016_004.wav,carnatic,0,30.0,30.0,0.0,22050,24000,1
82,82,0,datasets/audios/eastern_sliced/carnatic/carnatic_017_000.wav,carnatic,0,30.0,30.0,0.0,22050,24000,1
83,83,0,datasets/audios/eastern_sliced/carnatic/carnatic_017_001.wav,carnatic,0,30.0,30.0,0.0,22050,24000,1
84,84,0,datasets/audios/eastern_sliced/carnatic/carnatic_017_002.wav,carnatic,0,30.0,30.0,0.0,22050,24000,1
85,85,0,datasets/audios/eastern_sliced/carnatic/carnatic_018_000.wav,carnatic,0,30.0,30.0,0.0,22050,24000,1
86,86,0,datasets/audios/eastern_sliced/carnatic/carnatic_018_001.wav,carnatic,0,30.0,30.0,0.0,22050,24000,1
87,87,0,datasets/audios/eastern_sliced/carnatic/carnatic_018_002.wav,carnatic,0,30.0,30.0,0.0,22050,24000,1
88,88,0,datasets/audios/eastern_sliced/carnatic/carnatic_018_003.wav,carnatic,0,30.0,30.0,0.0,22050,24000,1
89,89,0,datasets/audios/eastern_sliced/carnatic/carnatic_018_004.wav,carnatic,0,30.0,30.0,0.0,22050,24000,1
90,90,0,datasets/audios/eastern_sliced/carnatic/carnatic_019_000.wav,carnatic,0,30.0,30.0,0.0,22050,24000,1
91,91,0,datasets/audios/eastern_sliced/carnatic/carnatic_019_001.wav,carnatic,0,30.0,30.0,0.0,22050,24000,1
92,92,0,datasets/audios/eastern_sliced/carnatic/carnatic_019_002.wav,carnatic,0,30.0,30.0,0.0,22050,24000,1
93,93,0,datasets/audios/eastern_sliced/carnatic/carnatic_019_003.wav,carnatic,0,30.0,30.0,0.0,22050,24000,1
94,94,0,datasets/audios/eastern_sliced/carnatic/carnatic_020_000.wav,carnatic,0,30.0,30.0,0.0,22050,24000,1
95,95,0,datasets/audios/eastern_sliced/carnatic/carnatic_021_000.wav,carnatic,0,30.0,30.0,0.0,22050,24000,1
96,96,0,datasets/audios/eastern_sliced/carnatic/carnatic_021_001.wav,carnatic,0,30.0,30.0,0.0,22050,24000,1
97,97,0,datasets/audios/eastern_sliced/carnatic/carnatic_021_002.wav,carnatic,0,30.0,30.0,0.0,22050,24000,1
98,98,0,datasets/audios/eastern_sliced/carnatic/carnatic_021_003.wav,carnatic,0,30.0,30.0,0.0,22050,24000,1
99,99,0,datasets/audios/eastern_sliced/carnatic/carnatic_021_004.wav,carnatic,0,30.0,30.0,0.0,22050,24000,1
100,100,0,datasets/audios/eastern_sliced/carnatic/carnatic_022_000.wav,carnatic,0,30.0,30.0,0.0,22050,24000,1
101,101,0,datasets/audios/eastern_sliced/carnatic/carnatic_022_001.wav,carnatic,0,30.0,30.0,0.0,22050,24000,1
102,102,0,datasets/audios/eastern_sliced/carnatic/carnatic_022_002.wav,carnatic,0,30.0,30.0,0.0,22050,24000,1
103,103,0,datasets/audios/eastern_sliced/carnatic/carnatic_022_003.wav,carnatic,0,30.0,30.0,0.0,22050,24000,1
104,104,0,datasets/audios/eastern_sliced/carnatic/carnatic_022_004.wav,carnatic,0,30.0,30.0,0.0,22050,24000,1
105,105,0,datasets/audios/eastern_sliced/carnatic/carnatic_023_000.wav,carnatic,0,30.0,30.0,0.0,22050,24000,1
106,106,0,datasets/audios/eastern_sliced/carnatic/carnatic_023_001.wav,carnatic,0,30.0,30.0,0.0,22050,24000,1
107,107,0,datasets/audios/eastern_sliced/carnatic/carnatic_023_002.wav,carnatic,0,30.0,30.0,0.0,22050,24000,1
108,108,0,datasets/audios/eastern_sliced/carnatic/carnatic_023_003.wav,carnatic,0,30.0,30.0,0.0,22050,24000,1
109,109,0,datasets/audios/eastern_sliced/carnatic/carnatic_023_004.wav,carnatic,0,30.0,30.0,0.0,22050,24000,1
110,110,0,datasets/audios/eastern_sliced/carnatic/carnatic_024_000.wav,carnatic,0,30.0,30.0,0.0,22050,24000,1
111,111,0,datasets/audios/eastern_sliced/carnatic/carnatic_024_001.wav,carnatic,0,30.0,30.0,0.0,22050,24000,1
112,112,0,datasets/audios/eastern_sliced/carnatic/carnatic_024_002.wav,carnatic,0,30.0,30.0,0.0,22050,24000,1
113,113,0,datasets/audios/eastern_sliced/carnatic/carnatic_024_003.wav,carnatic,0,30.0,30.0,0.0,22050,24000,1
114,114,0,datasets/audios/eastern_sliced/carnatic/carnatic_024_004.wav,carnatic,0,30.0,30.0,0.0,22050,24000,1
115,115,0,datasets/audios/eastern_sliced/carnatic/carnatic_025_000.wav,carnatic,0,30.0,30.0,0.0,22050,24000,1
116,116,0,datasets/audios/eastern_sliced/carnatic/carnatic_025_001.wav,carnatic,0,30.0,30.0,0.0,22050,24000,1
117,117,0,datasets/audios/eastern_sliced/carnatic/carnatic_025_002.wav,carnatic,0,30.0,30.0,0.0,22050,24000,1
118,118,0,datasets/audios/eastern_sliced/carnatic/carnatic_025_003.wav,carnatic,0,30.0,30.0,0.0,22050,24000,1
119,119,0,datasets/audios/eastern_sliced/carnatic/carnatic_025_004.wav,carnatic,0,30.0,30.0,0.0,22050,24000,1
120,120,0,datasets/audios/eastern_sliced/carnatic/carnatic_026_000.wav,carnatic,0,30.0,30.0,0.0,22050,24000,1
121,121,0,datasets/audios/eastern_sliced/carnatic/carnatic_026_001.wav,carnatic,0,30.0,30.0,0.0,22050,24000,1
122,122,0,datasets/audios/eastern_sliced/carnatic/carnatic_026_002.wav,carnatic,0,30.0,30.0,0.0,22050,24000,1
123,123,0,datasets/audios/eastern_sliced/carnatic/carnatic_026_003.wav,carnatic,0,30.0,30.0,0.0,22050,24000,1
124,124,0,datasets/audios/eastern_sliced/carnatic/carnatic_026_004.wav,carnatic,0,30.0,30.0,0.0,22050,24000,1
125,125,0,datasets/audios/eastern_sliced/carnatic/carnatic_027_000.wav,carnatic,0,30.0,30.0,0.0,22050,24000,1
126,126,0,datasets/audios/eastern_sliced/carnatic/carnatic_027_001.wav,carnatic,0,30.0,30.0,0.0,22050,24000,1
127,127,0,datasets/audios/eastern_sliced/carnatic/carnatic_027_002.wav,carnatic,0,30.0,30.0,0.0,22050,24000,1
128,128,0,datasets/audios/eastern_sliced/carnatic/carnatic_027_003.wav,carnatic,0,30.0,30.0,0.0,22050,24000,1
129,129,0,datasets/audios/eastern_sliced/carnatic/carnatic_028_000.wav,carnatic,0,30.0,30.0,0.0,22050,24000,1
130,130,0,datasets/audios/eastern_sliced/carnatic/carnatic_028_001.wav,carnatic,0,30.0,30.0,0.0,22050,24000,1
131,131,0,datasets/audios/eastern_sliced/carnatic/carnatic_028_002.wav,carnatic,0,30.0,30.0,0.0,22050,24000,1
132,132,0,datasets/audios/eastern_sliced/carnatic/carnatic_028_003.wav,carnatic,0,30.0,30.0,0.0,22050,24000,1
133,133,0,datasets/audios/eastern_sliced/carnatic/carnatic_028_004.wav,carnatic,0,30.0,30.0,0.0,22050,24000,1
134,134,0,datasets/audios/eastern_sliced/carnatic/carnatic_029_000.wav,carnatic,0,30.0,30.0,0.0,22050,24000,1
135,135,0,datasets/audios/eastern_sliced/carnatic/carnatic_029_001.wav,carnatic,0,30.0,30.0,0.0,22050,24000,1
136,136,0,datasets/audios/eastern_sliced/carnatic/carnatic_029_002.wav,carnatic,0,30.0,30.0,0.0,22050,24000,1
137,137,0,datasets/audios/eastern_sliced/carnatic/carnatic_029_003.wav,carnatic,0,30.0,30.0,0.0,22050,24000,1
138,138,0,datasets/audios/eastern_sliced/carnatic/carnatic_029_004.wav,carnatic,0,30.0,30.0,0.0,22050,24000,1
139,139,0,datasets/audios/eastern_sliced/carnatic/carnatic_030_000.wav,carnatic,0,30.0,30.0,0.0,22050,24000,1
140,140,0,datasets/audios/eastern_sliced/carnatic/carnatic_030_001.wav,carnatic,0,30.0,30.0,0.0,22050,24000,1
141,141,0,datasets/audios/eastern_sliced/carnatic/carnatic_031_000.wav,carnatic,0,30.0,30.0,0.0,22050,24000,1
142,142,0,datasets/audios/eastern_sliced/carnatic/carnatic_031_001.wav,carnatic,0,30.0,30.0,0.0,22050,24000,1
143,143,0,datasets/audios/eastern_sliced/carnatic/carnatic_031_002.wav,carnatic,0,30.0,30.0,0.0,22050,24000,1
144,144,0,datasets/audios/eastern_sliced/carnatic/carnatic_031_003.wav,carnatic,0,30.0,30.0,0.0,22050,24000,1
145,145,0,datasets/audios/eastern_sliced/carnatic/carnatic_031_004.wav,carnatic,0,30.0,30.0,0.0,22050,24000,1
146,146,0,datasets/audios/eastern_sliced/carnatic/carnatic_032_000.wav,carnatic,0,30.0,30.0,0.0,22050,24000,1
147,147,0,datasets/audios/eastern_sliced/carnatic/carnatic_033_000.wav,carnatic,0,30.0,30.0,0.0,22050,24000,1
148,148,0,datasets/audios/eastern_sliced/carnatic/carnatic_033_001.wav,carnatic,0,30.0,30.0,0.0,22050,24000,1
149,149,0,datasets/audios/eastern_sliced/carnatic/carnatic_033_002.wav,carnatic,0,30.0,30.0,0.0,22050,24000,1
150,150,0,datasets/audios/eastern_sliced/carnatic/carnatic_033_003.wav,carnatic,0,30.0,30.0,0.0,22050,24000,1
151,151,0,datasets/audios/eastern_sliced/carnatic/carnatic_033_004.wav,carnatic,0,30.0,30.0,0.0,22050,24000,1
152,152,0,datasets/audios/eastern_sliced/carnatic/carnatic_034_000.wav,carnatic,0,30.0,30.0,0.0,22050,24000,1
153,153,0,datasets/audios/eastern_sliced/carnatic/carnatic_034_001.wav,carnatic,0,30.0,30.0,0.0,22050,24000,1
154,154,0,datasets/audios/eastern_sliced/carnatic/carnatic_034_002.wav,carnatic,0,30.0,30.0,0.0,22050,24000,1
155,155,0,datasets/audios/eastern_sliced/carnatic/carnatic_034_003.wav,carnatic,0,30.0,30.0,0.0,22050,24000,1
156,156,0,datasets/audios/eastern_sliced/carnatic/carnatic_034_004.wav,carnatic,0,30.0,30.0,0.0,22050,24000,1
157,157,0,datasets/audios/eastern_sliced/carnatic/carnatic_035_000.wav,carnatic,0,30.0,30.0,0.0,22050,24000,1
158,158,0,datasets/audios/eastern_sliced/carnatic/carnatic_035_001.wav,carnatic,0,30.0,30.0,0.0,22050,24000,1
159,159,0,datasets/audios/eastern_sliced/carnatic/carnatic_036_000.wav,carnatic,0,30.0,30.0,0.0,22050,24000,1
160,160,0,datasets/audios/eastern_sliced/carnatic/carnatic_036_001.wav,carnatic,0,30.0,30.0,0.0,22050,24000,1
161,161,0,datasets/audios/eastern_sliced/carnatic/carnatic_036_002.wav,carnatic,0,30.0,30.0,0.0,22050,24000,1
162,162,0,datasets/audios/eastern_sliced/carnatic/carnatic_036_003.wav,carnatic,0,30.0,30.0,0.0,22050,24000,1
163,163,0,datasets/audios/eastern_sliced/carnatic/carnatic_036_004.wav,carnatic,0,30.0,30.0,0.0,22050,24000,1
164,164,0,datasets/audios/eastern_sliced/carnatic/carnatic_037_000.wav,carnatic,0,30.0,30.0,0.0,22050,24000,1
165,165,0,datasets/audios/eastern_sliced/carnatic/carnatic_037_001.wav,carnatic,0,30.0,30.0,0.0,22050,24000,1
166,166,0,datasets/audios/eastern_sliced/carnatic/carnatic_037_002.wav,carnatic,0,30.0,30.0,0.0,22050,24000,1
167,167,0,datasets/audios/eastern_sliced/carnatic/carnatic_038_000.wav,carnatic,0,30.0,30.0,0.0,22050,24000,1
168,168,0,datasets/audios/eastern_sliced/carnatic/carnatic_039_000.wav,carnatic,0,30.0,30.0,0.0,22050,24000,1
169,169,0,datasets/audios/eastern_sliced/carnatic/carnatic_039_001.wav,carnatic,0,30.0,30.0,0.0,22050,24000,1
170,170,0,datasets/audios/eastern_sliced/carnatic/carnatic_039_002.wav,carnatic,0,30.0,30.0,0.0,22050,24000,1
171,171,0,datasets/audios/eastern_sliced/carnatic/carnatic_039_003.wav,carnatic,0,30.0,30.0,0.0,22050,24000,1
172,172,0,datasets/audios/eastern_sliced/carnatic/carnatic_039_004.wav,carnatic,0,30.0,30.0,0.0,22050,24000,1
173,173,0,datasets/audios/eastern_sliced/carnatic/carnatic_040_000.wav,carnatic,0,30.0,30.0,0.0,22050,24000,1
174,174,0,datasets/audios/eastern_sliced/carnatic/carnatic_040_001.wav,carnatic,0,30.0,30.0,0.0,22050,24000,1
175,175,0,datasets/audios/eastern_sliced/carnatic/carnatic_040_002.wav,carnatic,0,30.0,30.0,0.0,22050,24000,1
176,176,0,datasets/audios/eastern_sliced/carnatic/carnatic_040_003.wav,carnatic,0,30.0,30.0,0.0,22050,24000,1
177,177,0,datasets/audios/eastern_sliced/carnatic/carnatic_040_004.wav,carnatic,0,30.0,30.0,0.0,22050,24000,1
178,178,0,datasets/audios/eastern_sliced/carnatic/carnatic_041_000.wav,carnatic,0,30.0,30.0,0.0,22050,24000,1
179,179,0,datasets/audios/eastern_sliced/carnatic/carnatic_041_001.wav,carnatic,0,30.0,30.0,0.0,22050,24000,1
180,180,0,datasets/audios/eastern_sliced/carnatic/carnatic_041_002.wav,carnatic,0,30.0,30.0,0.0,22050,24000,1
181,181,0,datasets/audios/eastern_sliced/carnatic/carnatic_041_003.wav,carnatic,0,30.0,30.0,0.0,22050,24000,1
182,182,0,datasets/audios/eastern_sliced/carnatic/carnatic_041_004.wav,carnatic,0,30.0,30.0,0.0,22050,24000,1
183,183,0,datasets/audios/eastern_sliced/carnatic/carnatic_042_000.wav,carnatic,0,30.0,30.0,0.0,22050,24000,1
184,184,0,datasets/audios/eastern_sliced/carnatic/carnatic_042_001.wav,carnatic,0,30.0,30.0,0.0,22050,24000,1
185,185,0,datasets/audios/eastern_sliced/carnatic/carnatic_042_002.wav,carnatic,0,30.0,30.0,0.0,22050,24000,1
186,186,0,datasets/audios/eastern_sliced/carnatic/carnatic_042_003.wav,carnatic,0,30.0,30.0,0.0,22050,24000,1
187,187,0,datasets/audios/eastern_sliced/carnatic/carnatic_042_004.wav,carnatic,0,30.0,30.0,0.0,22050,24000,1
188,188,0,datasets/audios/eastern_sliced/carnatic/carnatic_043_000.wav,carnatic,0,30.0,30.0,0.0,22050,24000,1
189,189,0,datasets/audios/eastern_sliced/carnatic/carnatic_043_001.wav,carnatic,0,30.0,30.0,0.0,22050,24000,1
190,190,0,datasets/audios/eastern_sliced/carnatic/carnatic_043_002.wav,carnatic,0,30.0,30.0,0.0,22050,24000,1
191,191,0,datasets/audios/eastern_sliced/carnatic/carnatic_043_003.wav,carnatic,0,30.0,30.0,0.0,22050,24000,1
192,192,0,datasets/audios/eastern_sliced/carnatic/carnatic_043_004.wav,carnatic,0,30.0,30.0,0.0,22050,24000,1
193,193,0,datasets/audios/eastern_sliced/carnatic/carnatic_044_000.wav,carnatic,0,30.0,30.0,0.0,22050,24000,1
194,194,0,datasets/audios/eastern_sliced/carnatic/carnatic_044_001.wav,carnatic,0,30.0,30.0,0.0,22050,24000,1
195,195,0,datasets/audios/eastern_sliced/carnatic/carnatic_044_002.wav,carnatic,0,30.0,30.0,0.0,22050,24000,1
196,196,0,datasets/audios/eastern_sliced/carnatic/carnatic_044_003.wav,carnatic,0,30.0,30.0,0.0,22050,24000,1
197,197,0,datasets/audios/eastern_sliced/carnatic/carnatic_044_004.wav,carnatic,0,30.0,30.0,0.0,22050,24000,1
198,198,0,datasets/audios/eastern_sliced/carnatic/carnatic_045_000.wav,carnatic,0,30.0,30.0,0.0,22050,24000,1
199,199,0,datasets/audios/eastern_sliced/carnatic/carnatic_045_001.wav,carnatic,0,30.0,30.0,0.0,22050,24000,1
200,200,0,datasets/audios/eastern_sliced/carnatic/carnatic_045_002.wav,carnatic,0,30.0,30.0,0.0,22050,24000,1
201,201,0,datasets/audios/eastern_sliced/carnatic/carnatic_045_003.wav,carnatic,0,30.0,30.0,0.0,22050,24000,1
202,202,0,datasets/audios/eastern_sliced/carnatic/carnatic_045_004.wav,carnatic,0,30.0,30.0,0.0,22050,24000,1
203,203,0,datasets/audios/eastern_sliced/carnatic/carnatic_046_000.wav,carnatic,0,30.0,30.0,0.0,22050,24000,1
204,204,0,datasets/audios/eastern_sliced/carnatic/carnatic_046_001.wav,carnatic,0,30.0,30.0,0.0,22050,24000,1
205,205,0,datasets/audios/eastern_sliced/carnatic/carnatic_046_002.wav,carnatic,0,30.0,30.0,0.0,22050,24000,1
206,206,0,datasets/audios/eastern_sliced/carnatic/carnatic_046_003.wav,carnatic,0,30.0,30.0,0.0,22050,24000,1
207,207,0,datasets/audios/eastern_sliced/carnatic/carnatic_046_004.wav,carnatic,0,30.0,30.0,0.0,22050,24000,1
208,208,0,datasets/audios/eastern_sliced/carnatic/carnatic_047_000.wav,carnatic,0,30.0,30.0,0.0,22050,24000,1
209,209,0,datasets/audios/eastern_sliced/carnatic/carnatic_047_001.wav,carnatic,0,30.0,30.0,0.0,22050,24000,1
210,210,0,datasets/audios/eastern_sliced/carnatic/carnatic_047_002.wav,carnatic,0,30.0,30.0,0.0,22050,24000,1
211,211,0,datasets/audios/eastern_sliced/carnatic/carnatic_047_003.wav,carnatic,0,30.0,30.0,0.0,22050,24000,1
212,212,0,datasets/audios/eastern_sliced/carnatic/carnatic_047_004.wav,carnatic,0,30.0,30.0,0.0,22050,24000,1
213,213,0,datasets/audios/eastern_sliced/carnatic/carnatic_048_000.wav,carnatic,0,30.0,30.0,0.0,22050,24000,1
214,214,0,datasets/audios/eastern_sliced/carnatic/carnatic_048_001.wav,carnatic,0,30.0,30.0,0.0,22050,24000,1
215,215,0,datasets/audios/eastern_sliced/carnatic/carnatic_048_002.wav,carnatic,0,30.0,30.0,0.0,22050,24000,1
216,216,0,datasets/audios/eastern_sliced/carnatic/carnatic_048_003.wav,carnatic,0,30.0,30.0,0.0,22050,24000,1
217,217,0,datasets/audios/eastern_sliced/carnatic/carnatic_048_004.wav,carnatic,0,30.0,30.0,0.0,22050,24000,1
218,218,0,datasets/audios/eastern_sliced/carnatic/carnatic_049_000.wav,carnatic,0,30.0,30.0,0.0,22050,24000,1
219,219,0,datasets/audios/eastern_sliced/carnatic/carnatic_049_001.wav,carnatic,0,30.0,30.0,0.0,22050,24000,1
220,220,0,datasets/audios/eastern_sliced/carnatic/carnatic_049_002.wav,carnatic,0,30.0,30.0,0.0,22050,24000,1
221,221,0,datasets/audios/eastern_sliced/carnatic/carnatic_049_003.wav,carnatic,0,30.0,30.0,0.0,22050,24000,1
222,222,0,datasets/audios/eastern_sliced/carnatic/carnatic_049_004.wav,carnatic,0,30.0,30.0,0.0,22050,24000,1
223,223,0,datasets/audios/eastern_sliced/carnatic/carnatic_050_000.wav,carnatic,0,30.0,30.0,0.0,22050,24000,1
224,224,0,datasets/audios/eastern_sliced/carnatic/carnatic_050_001.wav,carnatic,0,30.0,30.0,0.0,22050,24000,1
225,225,0,datasets/audios/eastern_sliced/carnatic/carnatic_050_002.wav,carnatic,0,30.0,30.0,0.0,22050,24000,1
226,226,0,datasets/audios/eastern_sliced/carnatic/carnatic_050_003.wav,carnatic,0,30.0,30.0,0.0,22050,24000,1
227,227,0,datasets/audios/eastern_sliced/carnatic/carnatic_050_004.wav,carnatic,0,30.0,30.0,0.0,22050,24000,1
228,228,0,datasets/audios/eastern_sliced/carnatic/carnatic_051_000.wav,carnatic,0,30.0,30.0,0.0,22050,24000,1
229,229,0,datasets/audios/eastern_sliced/carnatic/carnatic_051_001.wav,carnatic,0,30.0,30.0,0.0,22050,24000,1
230,230,0,datasets/audios/eastern_sliced/carnatic/carnatic_051_002.wav,carnatic,0,30.0,30.0,0.0,22050,24000,1
231,231,0,datasets/audios/eastern_sliced/carnatic/carnatic_051_003.wav,carnatic,0,30.0,30.0,0.0,22050,24000,1
232,232,0,datasets/audios/eastern_sliced/carnatic/carnatic_051_004.wav,carnatic,0,30.0,30.0,0.0,22050,24000,1
233,233,0,datasets/audios/eastern_sliced/carnatic/carnatic_052_000.wav,carnatic,0,30.0,30.0,0.0,22050,24000,1
234,234,0,datasets/audios/eastern_sliced/carnatic/carnatic_052_001.wav,carnatic,0,30.0,30.0,0.0,22050,24000,1
235,235,0,datasets/audios/eastern_sliced/carnatic/carnatic_052_002.wav,carnatic,0,30.0,30.0,0.0,22050,24000,1
236,236,0,datasets/audios/eastern_sliced/carnatic/carnatic_052_003.wav,carnatic,0,30.0,30.0,0.0,22050,24000,1
237,237,0,datasets/audios/eastern_sliced/carnatic/carnatic_052_004.wav,carnatic,0,30.0,30.0,0.0,22050,24000,1
238,238,0,datasets/audios/eastern_sliced/carnatic/carnatic_053_000.wav,carnatic,0,30.0,30.0,0.0,22050,24000,1
239,239,0,datasets/audios/eastern_sliced/carnatic/carnatic_053_001.wav,carnatic,0,30.0,30.0,0.0,22050,24000,1
240,240,0,datasets/audios/eastern_sliced/carnatic/carnatic_053_002.wav,carnatic,0,30.0,30.0,0.0,22050,24000,1
241,241,0,datasets/audios/eastern_sliced/carnatic/carnatic_053_003.wav,carnatic,0,30.0,30.0,0.0,22050,24000,1
242,242,0,datasets/audios/eastern_sliced/carnatic/carnatic_053_004.wav,carnatic,0,30.0,30.0,0.0,22050,24000,1
243,243,0,datasets/audios/eastern_sliced/carnatic/carnatic_054_000.wav,carnatic,0,30.0,30.0,0.0,22050,24000,1
244,244,0,datasets/audios/eastern_sliced/carnatic/carnatic_054_001.wav,carnatic,0,30.0,30.0,0.0,22050,24000,1
245,245,0,datasets/audios/eastern_sliced/carnatic/carnatic_054_002.wav,carnatic,0,30.0,30.0,0.0,22050,24000,1
246,246,0,datasets/audios/eastern_sliced/carnatic/carnatic_054_003.wav,carnatic,0,30.0,30.0,0.0,22050,24000,1
247,247,0,datasets/audios/eastern_sliced/carnatic/carnatic_054_004.wav,carnatic,0,30.0,30.0,0.0,22050,24000,1
248,248,0,datasets/audios/eastern_sliced/carnatic/carnatic_055_000.wav,carnatic,0,30.0,30.0,0.0,22050,24000,1
249,249,0,datasets/audios/eastern_sliced/carnatic/carnatic_055_001.wav,carnatic,0,30.0,30.0,0.0,22050,24000,1
250,250,0,datasets/audios/eastern_sliced/carnatic/carnatic_055_002.wav,carnatic,0,30.0,30.0,0.0,22050,24000,1
251,251,0,datasets/audios/eastern_sliced/carnatic/carnatic_055_003.wav,carnatic,0,30.0,30.0,0.0,22050,24000,1
252,252,0,datasets/audios/eastern_sliced/carnatic/carnatic_055_004.wav,carnatic,0,30.0,30.0,0.0,22050,24000,1
253,253,0,datasets/audios/eastern_sliced/carnatic/carnatic_056_000.wav,carnatic,0,30.0,30.0,0.0,22050,24000,1
254,254,0,datasets/audios/eastern_sliced/carnatic/carnatic_056_001.wav,carnatic,0,30.0,30.0,0.0,22050,24000,1
255,255,0,datasets/audios/eastern_sliced/carnatic/carnatic_056_002.wav,carnatic,0,30.0,30.0,0.0,22050,24000,1
256,256,0,datasets/audios/eastern_sliced/carnatic/carnatic_056_003.wav,carnatic,0,30.0,30.0,0.0,22050,24000,1
257,257,0,datasets/audios/eastern_sliced/carnatic/carnatic_056_004.wav,carnatic,0,30.0,30.0,0.0,22050,24000,1
258,258,0,datasets/audios/eastern_sliced/carnatic/carnatic_057_000.wav,carnatic,0,30.0,30.0,0.0,22050,24000,1
259,259,0,datasets/audios/eastern_sliced/carnatic/carnatic_057_001.wav,carnatic,0,30.0,30.0,0.0,22050,24000,1
260,260,0,datasets/audios/eastern_sliced/carnatic/carnatic_057_002.wav,carnatic,0,30.0,30.0,0.0,22050,24000,1
261,261,0,datasets/audios/eastern_sliced/carnatic/carnatic_057_003.wav,carnatic,0,30.0,30.0,0.0,22050,24000,1
262,262,0,datasets/audios/eastern_sliced/carnatic/carnatic_058_000.wav,carnatic,0,30.0,30.0,0.0,22050,24000,1
263,263,0,datasets/audios/eastern_sliced/carnatic/carnatic_058_001.wav,carnatic,0,30.0,30.0,0.0,22050,24000,1
264,264,0,datasets/audios/eastern_sliced/carnatic/carnatic_058_002.wav,carnatic,0,30.0,30.0,0.0,22050,24000,1
265,265,0,datasets/audios/eastern_sliced/carnatic/carnatic_058_003.wav,carnatic,0,30.0,30.0,0.0,22050,24000,1
266,266,0,datasets/audios/eastern_sliced/carnatic/carnatic_058_004.wav,carnatic,0,30.0,30.0,0.0,22050,24000,1
267,267,0,datasets/audios/eastern_sliced/carnatic/carnatic_059_000.wav,carnatic,0,30.0,30.0,0.0,22050,24000,1
268,268,0,datasets/audios/eastern_sliced/carnatic/carnatic_059_001.wav,carnatic,0,30.0,30.0,0.0,22050,24000,1
269,269,0,datasets/audios/eastern_sliced/carnatic/carnatic_059_002.wav,carnatic,0,30.0,30.0,0.0,22050,24000,1
270,270,0,datasets/audios/eastern_sliced/carnatic/carnatic_059_003.wav,carnatic,0,30.0,30.0,0.0,22050,24000,1
271,271,0,datasets/audios/eastern_sliced/carnatic/carnatic_059_004.wav,carnatic,0,30.0,30.0,0.0,22050,24000,1
272,272,0,datasets/audios/eastern_sliced/carnatic/carnatic_060_000.wav,carnatic,0,30.0,30.0,0.0,22050,24000,1
273,273,0,datasets/audios/eastern_sliced/carnatic/carnatic_060_001.wav,carnatic,0,30.0,30.0,0.0,22050,24000,1
274,274,0,datasets/audios/eastern_sliced/carnatic/carnatic_060_002.wav,carnatic,0,30.0,30.0,0.0,22050,24000,1
275,275,0,datasets/audios/eastern_sliced/carnatic/carnatic_060_003.wav,carnatic,0,30.0,30.0,0.0,22050,24000,1
276,276,0,datasets/audios/eastern_sliced/carnatic/carnatic_060_004.wav,carnatic,0,30.0,30.0,0.0,22050,24000,1
277,277,0,datasets/audios/eastern_sliced/carnatic/carnatic_061_000.wav,carnatic,0,30.0,30.0,0.0,22050,24000,1
278,278,0,datasets/audios/eastern_sliced/carnatic/carnatic_061_001.wav,carnatic,0,30.0,30.0,0.0,22050,24000,1
279,279,0,datasets/audios/eastern_sliced/carnatic/carnatic_061_002.wav,carnatic,0,30.0,30.0,0.0,22050,24000,1
280,280,0,datasets/audios/eastern_sliced/carnatic/carnatic_061_003.wav,carnatic,0,30.0,30.0,0.0,22050,24000,1
281,281,0,datasets/audios/eastern_sliced/carnatic/carnatic_061_004.wav,carnatic,0,30.0,30.0,0.0,22050,24000,1
282,282,0,datasets/audios/eastern_sliced/carnatic/carnatic_062_000.wav,carnatic,0,30.0,30.0,0.0,22050,24000,1
283,283,0,datasets/audios/eastern_sliced/carnatic/carnatic_062_001.wav,carnatic,0,30.0,30.0,0.0,22050,24000,1
284,284,0,datasets/audios/eastern_sliced/carnatic/carnatic_062_002.wav,carnatic,0,30.0,30.0,0.0,22050,24000,1
285,285,0,datasets/audios/eastern_sliced/carnatic/carnatic_063_000.wav,carnatic,0,30.0,30.0,0.0,22050,24000,1
286,286,0,datasets/audios/eastern_sliced/carnatic/carnatic_063_001.wav,carnatic,0,30.0,30.0,0.0,22050,24000,1
287,287,0,datasets/audios/eastern_sliced/carnatic/carnatic_063_002.wav,carnatic,0,30.0,30.0,0.0,22050,24000,1
288,288,0,datasets/audios/eastern_sliced/carnatic/carnatic_063_003.wav,carnatic,0,30.0,30.0,0.0,22050,24000,1
289,289,0,datasets/audios/eastern_sliced/carnatic/carnatic_063_004.wav,carnatic,0,30.0,30.0,0.0,22050,24000,1
290,290,0,datasets/audios/eastern_sliced/carnatic/carnatic_064_000.wav,carnatic,0,30.0,30.0,0.0,22050,24000,1
291,291,0,datasets/audios/eastern_sliced/carnatic/carnatic_064_001.wav,carnatic,0,30.0,30.0,0.0,22050,24000,1
292,292,0,datasets/audios/eastern_sliced/carnatic/carnatic_064_002.wav,carnatic,0,30.0,30.0,0.0,22050,24000,1
293,293,0,datasets/audios/eastern_sliced/carnatic/carnatic_064_003.wav,carnatic,0,30.0,30.0,0.0,22050,24000,1
294,294,0,datasets/audios/eastern_sliced/carnatic/carnatic_064_004.wav,carnatic,0,30.0,30.0,0.0,22050,24000,1
295,295,0,datasets/audios/eastern_sliced/carnatic/carnatic_065_000.wav,carnatic,0,30.0,30.0,0.0,22050,24000,1
296,296,0,datasets/audios/eastern_sliced/carnatic/carnatic_065_001.wav,carnatic,0,30.0,30.0,0.0,22050,24000,1
297,297,0,datasets/audios/eastern_sliced/carnatic/carnatic_065_002.wav,carnatic,0,30.0,30.0,0.0,22050,24000,1
298,298,0,datasets/audios/eastern_sliced/carnatic/carnatic_065_003.wav,carnatic,0,30.0,30.0,0.0,22050,24000,1
299,299,0,datasets/audios/eastern_sliced/carnatic/carnatic_065_004.wav,carnatic,0,30.0,30.0,0.0,22050,24000,1
300,300,0,datasets/audios/eastern_sliced/carnatic/carnatic_066_000.wav,carnatic,0,30.0,30.0,0.0,22050,24000,1
301,301,0,datasets/audios/eastern_sliced/carnatic/carnatic_066_001.wav,carnatic,0,30.0,30.0,0.0,22050,24000,1
302,302,0,datasets/audios/eastern_sliced/carnatic/carnatic_066_002.wav,carnatic,0,30.0,30.0,0.0,22050,24000,1
303,303,0,datasets/audios/eastern_sliced/carnatic/carnatic_066_003.wav,carnatic,0,30.0,30.0,0.0,22050,24000,1
304,304,0,datasets/audios/eastern_sliced/carnatic/carnatic_066_004.wav,carnatic,0,30.0,30.0,0.0,22050,24000,1
305,305,0,datasets/audios/eastern_sliced/carnatic/carnatic_067_000.wav,carnatic,0,30.0,30.0,0.0,22050,24000,1
306,306,0,datasets/audios/eastern_sliced/carnatic/carnatic_067_001.wav,carnatic,0,30.0,30.0,0.0,22050,24000,1
307,307,0,datasets/audios/eastern_sliced/carnatic/carnatic_067_002.wav,carnatic,0,30.0,30.0,0.0,22050,24000,1
308,308,0,datasets/audios/eastern_sliced/carnatic/carnatic_067_003.wav,carnatic,0,30.0,30.0,0.0,22050,24000,1
309,309,0,datasets/audios/eastern_sliced/carnatic/carnatic_067_004.wav,carnatic,0,30.0,30.0,0.0,22050,24000,1
310,310,0,datasets/audios/eastern_sliced/carnatic/carnatic_068_000.wav,carnatic,0,30.0,30.0,0.0,22050,24000,1
311,311,0,datasets/audios/eastern_sliced/carnatic/carnatic_068_001.wav,carnatic,0,30.0,30.0,0.0,22050,24000,1
312,312,0,datasets/audios/eastern_sliced/carnatic/carnatic_068_002.wav,carnatic,0,30.0,30.0,0.0,22050,24000,1
313,313,0,datasets/audios/eastern_sliced/carnatic/carnatic_068_003.wav,carnatic,0,30.0,30.0,0.0,22050,24000,1
314,314,0,datasets/audios/eastern_sliced/carnatic/carnatic_068_004.wav,carnatic,0,30.0,30.0,0.0,22050,24000,1
315,315,0,datasets/audios/eastern_sliced/carnatic/carnatic_069_000.wav,carnatic,0,30.0,30.0,0.0,22050,24000,1
316,316,0,datasets/audios/eastern_sliced/carnatic/carnatic_069_001.wav,carnatic,0,30.0,30.0,0.0,22050,24000,1
317,317,0,datasets/audios/eastern_sliced/carnatic/carnatic_069_002.wav,carnatic,0,30.0,30.0,0.0,22050,24000,1
318,318,0,datasets/audios/eastern_sliced/carnatic/carnatic_069_003.wav,carnatic,0,30.0,30.0,0.0,22050,24000,1
319,319,0,datasets/audios/eastern_sliced/carnatic/carnatic_069_004.wav,carnatic,0,30.0,30.0,0.0,22050,24000,1
320,320,0,datasets/audios/eastern_sliced/carnatic/carnatic_070_000.wav,carnatic,0,30.0,30.0,0.0,22050,24000,1
321,321,0,datasets/audios/eastern_sliced/carnatic/carnatic_070_001.wav,carnatic,0,30.0,30.0,0.0,22050,24000,1
322,322,0,datasets/audios/eastern_sliced/carnatic/carnatic_070_002.wav,carnatic,0,30.0,30.0,0.0,22050,24000,1
323,323,0,datasets/audios/eastern_sliced/carnatic/carnatic_070_003.wav,carnatic,0,30.0,30.0,0.0,22050,24000,1
324,324,0,datasets/audios/eastern_sliced/carnatic/carnatic_071_000.wav,carnatic,0,30.0,30.0,0.0,22050,24000,1
325,325,0,datasets/audios/eastern_sliced/carnatic/carnatic_071_001.wav,carnatic,0,30.0,30.0,0.0,22050,24000,1
326,326,0,datasets/audios/eastern_sliced/carnatic/carnatic_072_000.wav,carnatic,0,30.0,30.0,0.0,22050,24000,1
327,327,0,datasets/audios/eastern_sliced/carnatic/carnatic_072_001.wav,carnatic,0,30.0,30.0,0.0,22050,24000,1
328,328,0,datasets/audios/eastern_sliced/carnatic/carnatic_072_002.wav,carnatic,0,30.0,30.0,0.0,22050,24000,1
329,329,0,datasets/audios/eastern_sliced/carnatic/carnatic_072_003.wav,carnatic,0,30.0,30.0,0.0,22050,24000,1
330,330,0,datasets/audios/eastern_sliced/carnatic/carnatic_072_004.wav,carnatic,0,30.0,30.0,0.0,22050,24000,1
331,331,0,datasets/audios/eastern_sliced/carnatic/carnatic_073_000.wav,carnatic,0,30.0,30.0,0.0,22050,24000,1
332,332,0,datasets/audios/eastern_sliced/carnatic/carnatic_073_001.wav,carnatic,0,30.0,30.0,0.0,22050,24000,1
333,333,0,datasets/audios/eastern_sliced/carnatic/carnatic_073_002.wav,carnatic,0,30.0,30.0,0.0,22050,24000,1
334,334,0,datasets/audios/eastern_sliced/carnatic/carnatic_073_003.wav,carnatic,0,30.0,30.0,0.0,22050,24000,1
335,335,0,datasets/audios/eastern_sliced/carnatic/carnatic_073_004.wav,carnatic,0,30.0,30.0,0.0,22050,24000,1
336,336,0,datasets/audios/eastern_sliced/carnatic/carnatic_074_000.wav,carnatic,0,30.0,30.0,0.0,22050,24000,1
337,337,0,datasets/audios/eastern_sliced/carnatic/carnatic_074_001.wav,carnatic,0,30.0,30.0,0.0,22050,24000,1
338,338,0,datasets/audios/eastern_sliced/carnatic/carnatic_074_002.wav,carnatic,0,30.0,30.0,0.0,22050,24000,1
339,339,0,datasets/audios/eastern_sliced/carnatic/carnatic_074_003.wav,carnatic,0,30.0,30.0,0.0,22050,24000,1
340,340,0,datasets/audios/eastern_sliced/carnatic/carnatic_074_004.wav,carnatic,0,30.0,30.0,0.0,22050,24000,1
341,341,0,datasets/audios/eastern_sliced/carnatic/carnatic_075_000.wav,carnatic,0,30.0,30.0,0.0,22050,24000,1
342,342,0,datasets/audios/eastern_sliced/carnatic/carnatic_075_001.wav,carnatic,0,30.0,30.0,0.0,22050,24000,1
343,343,0,datasets/audios/eastern_sliced/carnatic/carnatic_075_002.wav,carnatic,0,30.0,30.0,0.0,22050,24000,1
344,344,0,datasets/audios/eastern_sliced/carnatic/carnatic_075_003.wav,carnatic,0,30.0,30.0,0.0,22050,24000,1
345,345,0,datasets/audios/eastern_sliced/carnatic/carnatic_075_004.wav,carnatic,0,30.0,30.0,0.0,22050,24000,1
346,346,0,datasets/audios/eastern_sliced/carnatic/carnatic_076_000.wav,carnatic,0,30.0,30.0,0.0,22050,24000,1
347,347,0,datasets/audios/eastern_sliced/carnatic/carnatic_076_001.wav,carnatic,0,30.0,30.0,0.0,22050,24000,1
348,348,0,datasets/audios/eastern_sliced/carnatic/carnatic_076_002.wav,carnatic,0,30.0,30.0,0.0,22050,24000,1
349,349,0,datasets/audios/eastern_sliced/carnatic/carnatic_076_003.wav,carnatic,0,30.0,30.0,0.0,22050,24000,1
350,350,0,datasets/audios/eastern_sliced/carnatic/carnatic_076_004.wav,carnatic,0,30.0,30.0,0.0,22050,24000,1
351,351,0,datasets/audios/eastern_sliced/carnatic/carnatic_077_000.wav,carnatic,0,30.0,30.0,0.0,22050,24000,1
352,352,0,datasets/audios/eastern_sliced/carnatic/carnatic_077_001.wav,carnatic,0,30.0,30.0,0.0,22050,24000,1
353,353,0,datasets/audios/eastern_sliced/carnatic/carnatic_077_002.wav,carnatic,0,30.0,30.0,0.0,22050,24000,1
354,354,0,datasets/audios/eastern_sliced/carnatic/carnatic_077_003.wav,carnatic,0,30.0,30.0,0.0,22050,24000,1
355,355,0,datasets/audios/eastern_sliced/carnatic/carnatic_078_000.wav,carnatic,0,30.0,30.0,0.0,22050,24000,1
356,356,0,datasets/audios/eastern_sliced/carnatic/carnatic_078_001.wav,carnatic,0,30.0,30.0,0.0,22050,24000,1
357,357,0,datasets/audios/eastern_sliced/carnatic/carnatic_078_002.wav,carnatic,0,30.0,30.0,0.0,22050,24000,1
358,358,0,datasets/audios/eastern_sliced/carnatic/carnatic_078_003.wav,carnatic,0,30.0,30.0,0.0,22050,24000,1
359,359,0,datasets/audios/eastern_sliced/carnatic/carnatic_078_004.wav,carnatic,0,30.0,30.0,0.0,22050,24000,1
360,360,0,datasets/audios/eastern_sliced/carnatic/carnatic_079_000.wav,carnatic,0,30.0,30.0,0.0,22050,24000,1
361,361,0,datasets/audios/eastern_sliced/carnatic/carnatic_079_001.wav,carnatic,0,30.0,30.0,0.0,22050,24000,1
362,362,0,datasets/audios/eastern_sliced/carnatic/carnatic_079_002.wav,carnatic,0,30.0,30.0,0.0,22050,24000,1
363,363,0,datasets/audios/eastern_sliced/carnatic/carnatic_079_003.wav,carnatic,0,30.0,30.0,0.0,22050,24000,1
364,364,0,datasets/audios/eastern_sliced/carnatic/carnatic_079_004.wav,carnatic,0,30.0,30.0,0.0,22050,24000,1
365,365,0,datasets/audios/eastern_sliced/carnatic/carnatic_080_000.wav,carnatic,0,30.0,30.0,0.0,22050,24000,1
366,366,0,datasets/audios/eastern_sliced/carnatic/carnatic_080_001.wav,carnatic,0,30.0,30.0,0.0,22050,24000,1
367,367,0,datasets/audios/eastern_sliced/carnatic/carnatic_081_000.wav,carnatic,0,30.0,30.0,0.0,22050,24000,1
368,368,0,datasets/audios/eastern_sliced/carnatic/carnatic_081_001.wav,carnatic,0,30.0,30.0,0.0,22050,24000,1
369,369,0,datasets/audios/eastern_sliced/carnatic/carnatic_081_002.wav,carnatic,0,30.0,30.0,0.0,22050,24000,1
370,370,0,datasets/audios/eastern_sliced/carnatic/carnatic_081_003.wav,carnatic,0,30.0,30.0,0.0,22050,24000,1
371,371,0,datasets/audios/eastern_sliced/carnatic/carnatic_081_004.wav,carnatic,0,30.0,30.0,0.0,22050,24000,1
372,372,0,datasets/audios/eastern_sliced/carnatic/carnatic_082_000.wav,carnatic,0,30.0,30.0,0.0,22050,24000,1
373,373,0,datasets/audios/eastern_sliced/carnatic/carnatic_082_001.wav,carnatic,0,30.0,30.0,0.0,22050,24000,1
374,374,0,datasets/audios/eastern_sliced/carnatic/carnatic_082_002.wav,carnatic,0,30.0,30.0,0.0,22050,24000,1
375,375,0,datasets/audios/eastern_sliced/carnatic/carnatic_082_003.wav,carnatic,0,30.0,30.0,0.0,22050,24000,1
376,376,0,datasets/audios/eastern_sliced/carnatic/carnatic_082_004.wav,carnatic,0,30.0,30.0,0.0,22050,24000,1
377,377,0,datasets/audios/eastern_sliced/carnatic/carnatic_083_000.wav,carnatic,0,30.0,30.0,0.0,22050,24000,1
378,378,0,datasets/audios/eastern_sliced/carnatic/carnatic_083_001.wav,carnatic,0,30.0,30.0,0.0,22050,24000,1
379,379,0,datasets/audios/eastern_sliced/carnatic/carnatic_083_002.wav,carnatic,0,30.0,30.0,0.0,22050,24000,1
380,380,0,datasets/audios/eastern_sliced/carnatic/carnatic_083_003.wav,carnatic,0,30.0,30.0,0.0,22050,24000,1
381,381,0,datasets/audios/eastern_sliced/carnatic/carnatic_083_004.wav,carnatic,0,30.0,30.0,0.0,22050,24000,1
382,382,0,datasets/audios/eastern_sliced/carnatic/carnatic_084_000.wav,carnatic,0,30.0,30.0,0.0,22050,24000,1
383,383,0,datasets/audios/eastern_sliced/carnatic/carnatic_084_001.wav,carnatic,0,30.0,30.0,0.0,22050,24000,1
384,384,0,datasets/audios/eastern_sliced/carnatic/carnatic_084_002.wav,carnatic,0,30.0,30.0,0.0,22050,24000,1
385,385,0,datasets/audios/eastern_sliced/carnatic/carnatic_084_003.wav,carnatic,0,30.0,30.0,0.0,22050,24000,1
386,386,0,datasets/audios/eastern_sliced/carnatic/carnatic_084_004.wav,carnatic,0,30.0,30.0,0.0,22050,24000,1
387,387,0,datasets/audios/eastern_sliced/carnatic/carnatic_085_000.wav,carnatic,0,30.0,30.0,0.0,22050,24000,1
388,388,0,datasets/audios/eastern_sliced/carnatic/carnatic_085_001.wav,carnatic,0,30.0,30.0,0.0,22050,24000,1
389,389,0,datasets/audios/eastern_sliced/carnatic/carnatic_085_002.wav,carnatic,0,30.0,30.0,0.0,22050,24000,1
390,390,0,datasets/audios/eastern_sliced/carnatic/carnatic_085_003.wav,carnatic,0,30.0,30.0,0.0,22050,24000,1
391,391,0,datasets/audios/eastern_sliced/carnatic/carnatic_085_004.wav,carnatic,0,30.0,30.0,0.0,22050,24000,1
392,392,0,datasets/audios/eastern_sliced/carnatic/carnatic_086_000.wav,carnatic,0,30.0,30.0,0.0,22050,24000,1
393,393,0,datasets/audios/eastern_sliced/carnatic/carnatic_086_001.wav,carnatic,0,30.0,30.0,0.0,22050,24000,1
394,394,0,datasets/audios/eastern_sliced/carnatic/carnatic_086_002.wav,carnatic,0,30.0,30.0,0.0,22050,24000,1
395,395,0,datasets/audios/eastern_sliced/carnatic/carnatic_086_003.wav,carnatic,0,30.0,30.0,0.0,22050,24000,1
396,396,0,datasets/audios/eastern_sliced/carnatic/carnatic_086_004.wav,carnatic,0,30.0,30.0,0.0,22050,24000,1
397,397,0,datasets/audios/eastern_sliced/carnatic/carnatic_087_000.wav,carnatic,0,30.0,30.0,0.0,22050,24000,1
398,398,0,datasets/audios/eastern_sliced/carnatic/carnatic_087_001.wav,carnatic,0,30.0,30.0,0.0,22050,24000,1
399,399,0,datasets/audios/eastern_sliced/carnatic/carnatic_087_002.wav,carnatic,0,30.0,30.0,0.0,22050,24000,1
400,400,0,datasets/audios/eastern_sliced/carnatic/carnatic_087_003.wav,carnatic,0,30.0,30.0,0.0,22050,24000,1
401,401,0,datasets/audios/eastern_sliced/carnatic/carnatic_087_004.wav,carnatic,0,30.0,30.0,0.0,22050,24000,1
402,402,0,datasets/audios/eastern_sliced/carnatic/carnatic_088_000.wav,carnatic,0,30.0,30.0,0.0,22050,24000,1
403,403,0,datasets/audios/eastern_sliced/carnatic/carnatic_088_001.wav,carnatic,0,30.0,30.0,0.0,22050,24000,1
404,404,0,datasets/audios/eastern_sliced/carnatic/carnatic_088_002.wav,carnatic,0,30.0,30.0,0.0,22050,24000,1
405,405,0,datasets/audios/eastern_sliced/carnatic/carnatic_088_003.wav,carnatic,0,30.0,30.0,0.0,22050,24000,1
406,406,0,datasets/audios/eastern_sliced/carnatic/carnatic_088_004.wav,carnatic,0,30.0,30.0,0.0,22050,24000,1
407,407,0,datasets/audios/eastern_sliced/carnatic/carnatic_089_000.wav,carnatic,0,30.0,30.0,0.0,22050,24000,1
408,408,0,datasets/audios/eastern_sliced/carnatic/carnatic_089_001.wav,carnatic,0,30.0,30.0,0.0,22050,24000,1
409,409,0,datasets/audios/eastern_sliced/carnatic/carnatic_089_002.wav,carnatic,0,30.0,30.0,0.0,22050,24000,1
410,410,0,datasets/audios/eastern_sliced/carnatic/carnatic_089_003.wav,carnatic,0,30.0,30.0,0.0,22050,24000,1
411,411,0,datasets/audios/eastern_sliced/carnatic/carnatic_089_004.wav,carnatic,0,30.0,30.0,0.0,22050,24000,1
412,412,0,datasets/audios/eastern_sliced/carnatic/carnatic_090_000.wav,carnatic,0,30.0,30.0,0.0,22050,24000,1
413,413,0,datasets/audios/eastern_sliced/carnatic/carnatic_090_001.wav,carnatic,0,30.0,30.0,0.0,22050,24000,1
414,414,0,datasets/audios/eastern_sliced/carnatic/carnatic_091_000.wav,carnatic,0,30.0,30.0,0.0,22050,24000,1
415,415,0,datasets/audios/eastern_sliced/carnatic/carnatic_091_001.wav,carnatic,0,30.0,30.0,0.0,22050,24000,1
416,416,0,datasets/audios/eastern_sliced/carnatic/carnatic_091_002.wav,carnatic,0,30.0,30.0,0.0,22050,24000,1
417,417,0,datasets/audios/eastern_sliced/carnatic/carnatic_091_003.wav,carnatic,0,30.0,30.0,0.0,22050,24000,1
418,418,0,datasets/audios/eastern_sliced/carnatic/carnatic_092_000.wav,carnatic,0,30.0,30.0,0.0,22050,24000,1
419,419,0,datasets/audios/eastern_sliced/carnatic/carnatic_092_001.wav,carnatic,0,30.0,30.0,0.0,22050,24000,1
420,420,0,datasets/audios/eastern_sliced/carnatic/carnatic_092_002.wav,carnatic,0,30.0,30.0,0.0,22050,24000,1
421,421,0,datasets/audios/eastern_sliced/carnatic/carnatic_092_003.wav,carnatic,0,30.0,30.0,0.0,22050,24000,1
422,422,0,datasets/audios/eastern_sliced/carnatic/carnatic_092_004.wav,carnatic,0,30.0,30.0,0.0,22050,24000,1
423,423,0,datasets/audios/eastern_sliced/carnatic/carnatic_093_000.wav,carnatic,0,30.0,30.0,0.0,22050,24000,1
424,424,0,datasets/audios/eastern_sliced/carnatic/carnatic_093_001.wav,carnatic,0,30.0,30.0,0.0,22050,24000,1
425,425,0,datasets/audios/eastern_sliced/carnatic/carnatic_093_002.wav,carnatic,0,30.0,30.0,0.0,22050,24000,1
426,426,0,datasets/audios/eastern_sliced/carnatic/carnatic_093_003.wav,carnatic,0,30.0,30.0,0.0,22050,24000,1
427,427,0,datasets/audios/eastern_sliced/carnatic/carnatic_093_004.wav,carnatic,0,30.0,30.0,0.0,22050,24000,1
428,428,0,datasets/audios/eastern_sliced/carnatic/carnatic_094_000.wav,carnatic,0,30.0,30.0,0.0,22050,24000,1
429,429,0,datasets/audios/eastern_sliced/carnatic/carnatic_094_001.wav,carnatic,0,30.0,30.0,0.0,22050,24000,1
430,430,0,datasets/audios/eastern_sliced/carnatic/carnatic_094_002.wav,carnatic,0,30.0,30.0,0.0,22050,24000,1
431,431,0,datasets/audios/eastern_sliced/carnatic/carnatic_094_003.wav,carnatic,0,30.0,30.0,0.0,22050,24000,1
432,432,0,datasets/audios/eastern_sliced/carnatic/carnatic_094_004.wav,carnatic,0,30.0,30.0,0.0,22050,24000,1
433,433,0,datasets/audios/eastern_sliced/carnatic/carnatic_095_000.wav,carnatic,0,30.0,30.0,0.0,22050,24000,1
434,434,0,datasets/audios/eastern_sliced/carnatic/carnatic_095_001.wav,carnatic,0,30.0,30.0,0.0,22050,24000,1
435,435,0,datasets/audios/eastern_sliced/carnatic/carnatic_095_002.wav,carnatic,0,30.0,30.0,0.0,22050,24000,1
436,436,0,datasets/audios/eastern_sliced/carnatic/carnatic_095_003.wav,carnatic,0,30.0,30.0,0.0,22050,24000,1
437,437,0,datasets/audios/eastern_sliced/carnatic/carnatic_095_004.wav,carnatic,0,30.0,30.0,0.0,22050,24000,1
438,438,0,datasets/audios/eastern_sliced/carnatic/carnatic_096_000.wav,carnatic,0,30.0,30.0,0.0,22050,24000,1
439,439,0,datasets/audios/eastern_sliced/carnatic/carnatic_096_001.wav,carnatic,0,30.0,30.0,0.0,22050,24000,1
440,440,0,datasets/audios/eastern_sliced/carnatic/carnatic_096_002.wav,carnatic,0,30.0,30.0,0.0,22050,24000,1
441,441,0,datasets/audios/eastern_sliced/carnatic/carnatic_096_003.wav,carnatic,0,30.0,30.0,0.0,22050,24000,1
442,442,0,datasets/audios/eastern_sliced/carnatic/carnatic_096_004.wav,carnatic,0,30.0,30.0,0.0,22050,24000,1
443,443,0,datasets/audios/eastern_sliced/carnatic/carnatic_097_000.wav,carnatic,0,30.0,30.0,0.0,22050,24000,1
444,444,0,datasets/audios/eastern_sliced/carnatic/carnatic_097_001.wav,carnatic,0,30.0,30.0,0.0,22050,24000,1
445,445,0,datasets/audios/eastern_sliced/carnatic/carnatic_097_002.wav,carnatic,0,30.0,30.0,0.0,22050,24000,1
446,446,0,datasets/audios/eastern_sliced/carnatic/carnatic_097_003.wav,carnatic,0,30.0,30.0,0.0,22050,24000,1
447,447,0,datasets/audios/eastern_sliced/carnatic/carnatic_097_004.wav,carnatic,0,30.0,30.0,0.0,22050,24000,1
448,448,0,datasets/audios/eastern_sliced/carnatic/carnatic_098_000.wav,carnatic,0,30.0,30.0,0.0,22050,24000,1
449,449,0,datasets/audios/eastern_sliced/carnatic/carnatic_098_001.wav,carnatic,0,30.0,30.0,0.0,22050,24000,1
450,450,0,datasets/audios/eastern_sliced/carnatic/carnatic_098_002.wav,carnatic,0,30.0,30.0,0.0,22050,24000,1
451,451,0,datasets/audios/eastern_sliced/carnatic/carnatic_098_003.wav,carnatic,0,30.0,30.0,0.0,22050,24000,1
452,452,0,datasets/audios/eastern_sliced/carnatic/carnatic_098_004.wav,carnatic,0,30.0,30.0,0.0,22050,24000,1
453,453,0,datasets/audios/eastern_sliced/carnatic/carnatic_099_000.wav,carnatic,0,30.0,30.0,0.0,22050,24000,1
454,454,0,datasets/audios/eastern_sliced/carnatic/carnatic_099_001.wav,carnatic,0,30.0,30.0,0.0,22050,24000,1
455,455,0,datasets/audios/eastern_sliced/carnatic/carnatic_099_002.wav,carnatic,0,30.0,30.0,0.0,22050,24000,1
456,456,0,datasets/audios/eastern_sliced/carnatic/carnatic_099_003.wav,carnatic,0,30.0,30.0,0.0,22050,24000,1
457,457,0,datasets/audios/eastern_sliced/carnatic/carnatic_099_004.wav,carnatic,0,30.0,30.0,0.0,22050,24000,1
458,458,0,datasets/audios/eastern_sliced/cpop/cpop_000_000.wav,cpop,1,27.0,27.0,0.0,48000,24000,1
459,459,0,datasets/audios/eastern_sliced/cpop/cpop_001_000.wav,cpop,1,26.0,26.0,0.0,48000,24000,1
460,460,0,datasets/audios/eastern_sliced/cpop/cpop_002_000.wav,cpop,1,27.0,27.0,0.0,48000,24000,1
461,461,0,datasets/audios/eastern_sliced/cpop/cpop_003_000.wav,cpop,1,27.0,27.0,0.0,48000,24000,1
462,462,0,datasets/audios/eastern_sliced/cpop/cpop_004_000.wav,cpop,1,28.0,28.0,0.0,48000,24000,1
463,463,0,datasets/audios/eastern_sliced/cpop/cpop_005_000.wav,cpop,1,26.0,26.0,0.0,48000,24000,1
464,464,0,datasets/audios/eastern_sliced/cpop/cpop_006_000.wav,cpop,1,27.0,27.0,0.0,48000,24000,1
465,465,0,datasets/audios/eastern_sliced/cpop/cpop_007_000.wav,cpop,1,30.0,30.0,0.0,48000,24000,1
466,466,0,datasets/audios/eastern_sliced/cpop/cpop_008_000.wav,cpop,1,29.0,29.0,0.0,48000,24000,1
467,467,0,datasets/audios/eastern_sliced/cpop/cpop_009_000.wav,cpop,1,26.0,26.0,0.0,48000,24000,1
468,468,0,datasets/audios/eastern_sliced/cpop/cpop_010_000.wav,cpop,1,25.0,25.0,0.0,48000,24000,1
469,469,0,datasets/audios/eastern_sliced/cpop/cpop_011_000.wav,cpop,1,28.0,28.0,0.0,48000,24000,1
470,470,0,datasets/audios/eastern_sliced/cpop/cpop_012_000.wav,cpop,1,25.0,25.0,0.0,48000,24000,1
471,471,0,datasets/audios/eastern_sliced/cpop/cpop_013_000.wav,cpop,1,28.0,28.0,0.0,48000,24000,1
472,472,0,datasets/audios/eastern_sliced/cpop/cpop_014_000.wav,cpop,1,28.0,28.0,0.0,48000,24000,1
473,473,0,datasets/audios/eastern_sliced/cpop/cpop_015_000.wav,cpop,1,25.0,25.0,0.0,48000,24000,1
474,474,0,datasets/audios/eastern_sliced/cpop/cpop_016_000.wav,cpop,1,27.0,27.0,0.0,48000,24000,1
475,475,0,datasets/audios/eastern_sliced/cpop/cpop_017_000.wav,cpop,1,30.0,30.0,0.0,48000,24000,1
476,476,0,datasets/audios/eastern_sliced/cpop/cpop_018_000.wav,cpop,1,27.0,27.0,0.0,48000,24000,1
477,477,0,datasets/audios/eastern_sliced/cpop/cpop_019_000.wav,cpop,1,28.0,28.0,0.0,48000,24000,1
478,478,0,datasets/audios/eastern_sliced/cpop/cpop_020_000.wav,cpop,1,27.0,27.0,0.0,48000,24000,1
479,479,0,datasets/audios/eastern_sliced/cpop/cpop_021_000.wav,cpop,1,29.0,29.0,0.0,48000,24000,1
480,480,0,datasets/audios/eastern_sliced/cpop/cpop_022_000.wav,cpop,1,25.0,25.0,0.0,48000,24000,1
481,481,0,datasets/audios/eastern_sliced/cpop/cpop_023_000.wav,cpop,1,28.0,28.0,0.0,48000,24000,1
482,482,0,datasets/audios/eastern_sliced/cpop/cpop_024_000.wav,cpop,1,27.0,27.0,0.0,48000,24000,1
483,483,0,datasets/audios/eastern_sliced/cpop/cpop_025_000.wav,cpop,1,27.0,27.0,0.0,48000,24000,1
484,484,0,datasets/audios/eastern_sliced/cpop/cpop_026_000.wav,cpop,1,30.0,30.0,0.0,48000,24000,1
485,485,0,datasets/audios/eastern_sliced/cpop/cpop_027_000.wav,cpop,1,30.0,30.0,0.0,48000,24000,1
486,486,0,datasets/audios/eastern_sliced/cpop/cpop_028_000.wav,cpop,1,25.0,25.0,0.0,48000,24000,1
487,487,0,datasets/audios/eastern_sliced/cpop/cpop_029_000.wav,cpop,1,29.0,29.0,0.0,48000,24000,1
488,488,0,datasets/audios/eastern_sliced/cpop/cpop_030_000.wav,cpop,1,27.0,27.0,0.0,48000,24000,1
489,489,0,datasets/audios/eastern_sliced/cpop/cpop_031_000.wav,cpop,1,28.0,28.0,0.0,48000,24000,1
490,490,0,datasets/audios/eastern_sliced/cpop/cpop_032_000.wav,cpop,1,28.0,28.0,0.0,48000,24000,1
491,491,0,datasets/audios/eastern_sliced/cpop/cpop_033_000.wav,cpop,1,24.0,24.0,0.0,48000,24000,1
492,492,0,datasets/audios/eastern_sliced/cpop/cpop_034_000.wav,cpop,1,30.0,30.0,0.0,48000,24000,1
493,493,0,datasets/audios/eastern_sliced/cpop/cpop_035_000.wav,cpop,1,29.0,29.0,0.0,48000,24000,1
494,494,0,datasets/audios/eastern_sliced/cpop/cpop_036_000.wav,cpop,1,26.0,26.0,0.0,48000,24000,1
495,495,0,datasets/audios/eastern_sliced/cpop/cpop_037_000.wav,cpop,1,28.0,28.0,0.0,48000,24000,1
496,496,0,datasets/audios/eastern_sliced/cpop/cpop_038_000.wav,cpop,1,28.0,28.0,0.0,48000,24000,1
497,497,0,datasets/audios/eastern_sliced/cpop/cpop_039_000.wav,cpop,1,29.0,29.0,0.0,48000,24000,1
498,498,0,datasets/audios/eastern_sliced/cpop/cpop_040_000.wav,cpop,1,27.0,27.0,0.0,48000,24000,1
499,499,0,datasets/audios/eastern_sliced/cpop/cpop_041_000.wav,cpop,1,28.0,28.0,0.0,48000,24000,1
500,500,0,datasets/audios/eastern_sliced/cpop/cpop_042_000.wav,cpop,1,28.0,28.0,0.0,48000,24000,1
501,501,0,datasets/audios/eastern_sliced/cpop/cpop_043_000.wav,cpop,1,27.0,27.0,0.0,48000,24000,1
502,502,0,datasets/audios/eastern_sliced/cpop/cpop_044_000.wav,cpop,1,28.0,28.0,0.0,48000,24000,1
503,503,0,datasets/audios/eastern_sliced/cpop/cpop_045_000.wav,cpop,1,27.0,27.0,0.0,48000,24000,1
504,504,0,datasets/audios/eastern_sliced/cpop/cpop_046_000.wav,cpop,1,28.0,28.0,0.0,48000,24000,1
505,505,0,datasets/audios/eastern_sliced/cpop/cpop_047_000.wav,cpop,1,28.0,28.0,0.0,48000,24000,1
506,506,0,datasets/audios/eastern_sliced/cpop/cpop_048_000.wav,cpop,1,27.0,27.0,0.0,48000,24000,1
507,507,0,datasets/audios/eastern_sliced/cpop/cpop_049_000.wav,cpop,1,28.0,28.0,0.0,48000,24000,1
508,508,0,datasets/audios/eastern_sliced/cpop/cpop_050_000.wav,cpop,1,28.0,28.0,0.0,48000,24000,1
509,509,0,datasets/audios/eastern_sliced/cpop/cpop_051_000.wav,cpop,1,28.0,28.0,0.0,48000,24000,1
510,510,0,datasets/audios/eastern_sliced/cpop/cpop_052_000.wav,cpop,1,28.0,28.0,0.0,48000,24000,1
511,511,0,datasets/audios/eastern_sliced/cpop/cpop_053_000.wav,cpop,1,28.0,28.0,0.0,48000,24000,1
512,512,0,datasets/audios/eastern_sliced/cpop/cpop_054_000.wav,cpop,1,28.0,28.0,0.0,48000,24000,1
513,513,0,datasets/audios/eastern_sliced/cpop/cpop_055_000.wav,cpop,1,28.0,28.0,0.0,48000,24000,1
514,514,0,datasets/audios/eastern_sliced/cpop/cpop_056_000.wav,cpop,1,28.0,28.0,0.0,48000,24000,1
515,515,0,datasets/audios/eastern_sliced/cpop/cpop_057_000.wav,cpop,1,28.0,28.0,0.0,48000,24000,1
516,516,0,datasets/audios/eastern_sliced/cpop/cpop_058_000.wav,cpop,1,28.0,28.0,0.0,48000,24000,1
517,517,0,datasets/audios/eastern_sliced/cpop/cpop_059_000.wav,cpop,1,28.0,28.0,0.0,48000,24000,1
518,518,0,datasets/audios/eastern_sliced/cpop/cpop_060_000.wav,cpop,1,28.0,28.0,0.0,48000,24000,1
519,519,0,datasets/audios/eastern_sliced/cpop/cpop_061_000.wav,cpop,1,28.0,28.0,0.0,48000,24000,1
520,520,0,datasets/audios/eastern_sliced/cpop/cpop_062_000.wav,cpop,1,28.0,28.0,0.0,48000,24000,1
521,521,0,datasets/audios/eastern_sliced/cpop/cpop_063_000.wav,cpop,1,28.0,28.0,0.0,48000,24000,1
522,522,0,datasets/audios/eastern_sliced/cpop/cpop_064_000.wav,cpop,1,28.0,28.0,0.0,48000,24000,1
523,523,0,datasets/audios/eastern_sliced/cpop/cpop_065_000.wav,cpop,1,28.0,28.0,0.0,48000,24000,1
524,524,0,datasets/audios/eastern_sliced/cpop/cpop_066_000.wav,cpop,1,28.0,28.0,0.0,48000,24000,1
525,525,0,datasets/audios/eastern_sliced/cpop/cpop_067_000.wav,cpop,1,28.0,28.0,0.0,48000,24000,1
526,526,0,datasets/audios/eastern_sliced/cpop/cpop_068_000.wav,cpop,1,28.0,28.0,0.0,48000,24000,1
527,527,0,datasets/audios/eastern_sliced/cpop/cpop_069_000.wav,cpop,1,28.0,28.0,0.0,48000,24000,1
528,528,0,datasets/audios/eastern_sliced/cpop/cpop_070_000.wav,cpop,1,28.0,28.0,0.0,48000,24000,1
529,529,0,datasets/audios/eastern_sliced/cpop/cpop_071_000.wav,cpop,1,28.0,28.0,0.0,48000,24000,1
530,530,0,datasets/audios/eastern_sliced/cpop/cpop_072_000.wav,cpop,1,28.0,28.0,0.0,48000,24000,1
531,531,0,datasets/audios/eastern_sliced/cpop/cpop_073_000.wav,cpop,1,28.0,28.0,0.0,48000,24000,1
532,532,0,datasets/audios/eastern_sliced/cpop/cpop_074_000.wav,cpop,1,28.0,28.0,0.0,48000,24000,1
533,533,0,datasets/audios/eastern_sliced/cpop/cpop_075_000.wav,cpop,1,28.0,28.0,0.0,48000,24000,1
534,534,0,datasets/audios/eastern_sliced/cpop/cpop_076_000.wav,cpop,1,28.0,28.0,0.0,48000,24000,1
535,535,0,datasets/audios/eastern_sliced/cpop/cpop_077_000.wav,cpop,1,28.0,28.0,0.0,48000,24000,1
536,536,0,datasets/audios/eastern_sliced/cpop/cpop_078_000.wav,cpop,1,28.0,28.0,0.0,48000,24000,1
537,537,0,datasets/audios/eastern_sliced/cpop/cpop_079_000.wav,cpop,1,28.0,28.0,0.0,48000,24000,1
538,538,0,datasets/audios/eastern_sliced/cpop/cpop_080_000.wav,cpop,1,28.0,28.0,0.0,48000,24000,1
539,539,0,datasets/audios/eastern_sliced/cpop/cpop_081_000.wav,cpop,1,28.0,28.0,0.0,48000,24000,1
540,540,0,datasets/audios/eastern_sliced/cpop/cpop_082_000.wav,cpop,1,28.0,28.0,0.0,48000,24000,1
541,541,0,datasets/audios/eastern_sliced/cpop/cpop_083_000.wav,cpop,1,28.0,28.0,0.0,48000,24000,1
542,542,0,datasets/audios/eastern_sliced/cpop/cpop_084_000.wav,cpop,1,28.0,28.0,0.0,48000,24000,1
543,543,0,datasets/audios/eastern_sliced/cpop/cpop_085_000.wav,cpop,1,28.0,28.0,0.0,48000,24000,1
544,544,0,datasets/audios/eastern_sliced/cpop/cpop_086_000.wav,cpop,1,28.0,28.0,0.0,48000,24000,1
545,545,0,datasets/audios/eastern_sliced/cpop/cpop_087_000.wav,cpop,1,28.0,28.0,0.0,48000,24000,1
546,546,0,datasets/audios/eastern_sliced/cpop/cpop_088_000.wav,cpop,1,28.0,28.0,0.0,48000,24000,1
547,547,0,datasets/audios/eastern_sliced/cpop/cpop_089_000.wav,cpop,1,28.0,28.0,0.0,48000,24000,1
548,548,0,datasets/audios/eastern_sliced/cpop/cpop_090_000.wav,cpop,1,28.0,28.0,0.0,48000,24000,1
549,549,0,datasets/audios/eastern_sliced/cpop/cpop_091_000.wav,cpop,1,28.0,28.0,0.0,48000,24000,1
550,550,0,datasets/audios/eastern_sliced/cpop/cpop_092_000.wav,cpop,1,28.0,28.0,0.0,48000,24000,1
551,551,0,datasets/audios/eastern_sliced/cpop/cpop_093_000.wav,cpop,1,28.0,28.0,0.0,48000,24000,1
552,552,0,datasets/audios/eastern_sliced/cpop/cpop_094_000.wav,cpop,1,28.0,28.0,0.0,48000,24000,1
553,553,0,datasets/audios/eastern_sliced/cpop/cpop_095_000.wav,cpop,1,28.0,28.0,0.0,48000,24000,1
554,554,0,datasets/audios/eastern_sliced/cpop/cpop_096_000.wav,cpop,1,28.0,28.0,0.0,48000,24000,1
555,555,0,datasets/audios/eastern_sliced/cpop/cpop_097_000.wav,cpop,1,28.0,28.0,0.0,48000,24000,1
556,556,0,datasets/audios/eastern_sliced/cpop/cpop_098_000.wav,cpop,1,28.0,28.0,0.0,48000,24000,1
557,557,0,datasets/audios/eastern_sliced/cpop/cpop_099_000.wav,cpop,1,28.0,28.0,0.0,48000,24000,1
558,558,0,datasets/audios/eastern_sliced/enka/enka_000_000.wav,enka,2,30.0,30.0,0.0,24000,24000,1
559,559,0,datasets/audios/eastern_sliced/enka/enka_000_001.wav,enka,2,30.0,30.0,0.0,24000,24000,1
560,560,0,datasets/audios/eastern_sliced/enka/enka_000_002.wav,enka,2,30.0,30.0,0.0,24000,24000,1
561,561,0,datasets/audios/eastern_sliced/enka/enka_001_000.wav,enka,2,30.0,30.0,0.0,24000,24000,1
562,562,0,datasets/audios/eastern_sliced/enka/enka_001_001.wav,enka,2,30.0,30.0,0.0,24000,24000,1
563,563,0,datasets/audios/eastern_sliced/enka/enka_001_002.wav,enka,2,30.0,30.0,0.0,24000,24000,1
564,564,0,datasets/audios/eastern_sliced/enka/enka_002_000.wav,enka,2,30.0,30.0,0.0,24000,24000,1
565,565,0,datasets/audios/eastern_sliced/enka/enka_002_001.wav,enka,2,30.0,30.0,0.0,24000,24000,1
566,566,0,datasets/audios/eastern_sliced/enka/enka_002_002.wav,enka,2,30.0,30.0,0.0,24000,24000,1
567,567,0,datasets/audios/eastern_sliced/enka/enka_003_000.wav,enka,2,30.0,30.0,0.0,24000,24000,1
568,568,0,datasets/audios/eastern_sliced/enka/enka_003_001.wav,enka,2,30.0,30.0,0.0,24000,24000,1
569,569,0,datasets/audios/eastern_sliced/enka/enka_003_002.wav,enka,2,30.0,30.0,0.0,24000,24000,1
570,570,0,datasets/audios/eastern_sliced/enka/enka_004_000.wav,enka,2,30.0,30.0,0.0,24000,24000,1
571,571,0,datasets/audios/eastern_sliced/enka/enka_004_001.wav,enka,2,30.0,30.0,0.0,24000,24000,1
572,572,0,datasets/audios/eastern_sliced/enka/enka_004_002.wav,enka,2,30.0,30.0,0.0,24000,24000,1
573,573,0,datasets/audios/eastern_sliced/enka/enka_005_000.wav,enka,2,30.0,30.0,0.0,24000,24000,1
574,574,0,datasets/audios/eastern_sliced/enka/enka_005_001.wav,enka,2,30.0,30.0,0.0,24000,24000,1
575,575,0,datasets/audios/eastern_sliced/enka/enka_005_002.wav,enka,2,30.0,30.0,0.0,24000,24000,1
576,576,0,datasets/audios/eastern_sliced/enka/enka_006_000.wav,enka,2,30.0,30.0,0.0,24000,24000,1
577,577,0,datasets/audios/eastern_sliced/enka/enka_006_001.wav,enka,2,30.0,30.0,0.0,24000,24000,1
578,578,0,datasets/audios/eastern_sliced/enka/enka_006_002.wav,enka,2,30.0,30.0,0.0,24000,24000,1
579,579,0,datasets/audios/eastern_sliced/enka/enka_007_000.wav,enka,2,30.0,30.0,0.0,24000,24000,1
580,580,0,datasets/audios/eastern_sliced/enka/enka_007_001.wav,enka,2,30.0,30.0,0.0,24000,24000,1
581,581,0,datasets/audios/eastern_sliced/enka/enka_007_002.wav,enka,2,30.0,30.0,0.0,24000,24000,1
582,582,0,datasets/audios/eastern_sliced/enka/enka_008_000.wav,enka,2,30.0,30.0,0.0,24000,24000,1
583,583,0,datasets/audios/eastern_sliced/enka/enka_008_001.wav,enka,2,30.0,30.0,0.0,24000,24000,1
584,584,0,datasets/audios/eastern_sliced/enka/enka_008_002.wav,enka,2,30.0,30.0,0.0,24000,24000,1
585,585,0,datasets/audios/eastern_sliced/enka/enka_009_000.wav,enka,2,30.0,30.0,0.0,24000,24000,1
586,586,0,datasets/audios/eastern_sliced/enka/enka_009_001.wav,enka,2,30.0,30.0,0.0,24000,24000,1
587,587,0,datasets/audios/eastern_sliced/enka/enka_009_002.wav,enka,2,30.0,30.0,0.0,24000,24000,1
588,588,0,datasets/audios/eastern_sliced/enka/enka_010_000.wav,enka,2,30.0,30.0,0.0,24000,24000,1
589,589,0,datasets/audios/eastern_sliced/enka/enka_010_001.wav,enka,2,30.0,30.0,0.0,24000,24000,1
590,590,0,datasets/audios/eastern_sliced/enka/enka_010_002.wav,enka,2,30.0,30.0,0.0,24000,24000,1
591,591,0,datasets/audios/eastern_sliced/enka/enka_011_000.wav,enka,2,30.0,30.0,0.0,24000,24000,1
592,592,0,datasets/audios/eastern_sliced/enka/enka_011_001.wav,enka,2,30.0,30.0,0.0,24000,24000,1
593,593,0,datasets/audios/eastern_sliced/enka/enka_011_002.wav,enka,2,30.0,30.0,0.0,24000,24000,1
594,594,0,datasets/audios/eastern_sliced/enka/enka_012_000.wav,enka,2,30.0,30.0,0.0,24000,24000,1
595,595,0,datasets/audios/eastern_sliced/enka/enka_012_001.wav,enka,2,30.0,30.0,0.0,24000,24000,1
596,596,0,datasets/audios/eastern_sliced/enka/enka_012_002.wav,enka,2,30.0,30.0,0.0,24000,24000,1
597,597,0,datasets/audios/eastern_sliced/enka/enka_013_000.wav,enka,2,30.0,30.0,0.0,24000,24000,1
598,598,0,datasets/audios/eastern_sliced/enka/enka_013_001.wav,enka,2,30.0,30.0,0.0,24000,24000,1
599,599,0,datasets/audios/eastern_sliced/enka/enka_013_002.wav,enka,2,30.0,30.0,0.0,24000,24000,1
600,600,0,datasets/audios/eastern_sliced/enka/enka_014_000.wav,enka,2,30.0,30.0,0.0,24000,24000,1
601,601,0,datasets/audios/eastern_sliced/enka/enka_014_001.wav,enka,2,30.0,30.0,0.0,24000,24000,1
602,602,0,datasets/audios/eastern_sliced/enka/enka_014_002.wav,enka,2,30.0,30.0,0.0,24000,24000,1
603,603,0,datasets/audios/eastern_sliced/enka/enka_015_000.wav,enka,2,30.0,30.0,0.0,24000,24000,1
604,604,0,datasets/audios/eastern_sliced/enka/enka_015_001.wav,enka,2,30.0,30.0,0.0,24000,24000,1
605,605,0,datasets/audios/eastern_sliced/enka/enka_015_002.wav,enka,2,30.0,30.0,0.0,24000,24000,1
606,606,0,datasets/audios/eastern_sliced/enka/enka_016_000.wav,enka,2,30.0,30.0,0.0,24000,24000,1
607,607,0,datasets/audios/eastern_sliced/enka/enka_016_001.wav,enka,2,30.0,30.0,0.0,24000,24000,1
608,608,0,datasets/audios/eastern_sliced/enka/enka_016_002.wav,enka,2,30.0,30.0,0.0,24000,24000,1
609,609,0,datasets/audios/eastern_sliced/enka/enka_017_000.wav,enka,2,30.0,30.0,0.0,24000,24000,1
610,610,0,datasets/audios/eastern_sliced/enka/enka_017_001.wav,enka,2,30.0,30.0,0.0,24000,24000,1
611,611,0,datasets/audios/eastern_sliced/enka/enka_017_002.wav,enka,2,30.0,30.0,0.0,24000,24000,1
612,612,0,datasets/audios/eastern_sliced/enka/enka_018_000.wav,enka,2,30.0,30.0,0.0,24000,24000,1
613,613,0,datasets/audios/eastern_sliced/enka/enka_018_001.wav,enka,2,30.0,30.0,0.0,24000,24000,1
614,614,0,datasets/audios/eastern_sliced/enka/enka_018_002.wav,enka,2,30.0,30.0,0.0,24000,24000,1
615,615,0,datasets/audios/eastern_sliced/enka/enka_019_000.wav,enka,2,30.0,30.0,0.0,24000,24000,1
616,616,0,datasets/audios/eastern_sliced/enka/enka_019_001.wav,enka,2,30.0,30.0,0.0,24000,24000,1
617,617,0,datasets/audios/eastern_sliced/enka/enka_019_002.wav,enka,2,30.0,30.0,0.0,24000,24000,1
618,618,0,datasets/audios/eastern_sliced/enka/enka_020_000.wav,enka,2,30.0,30.0,0.0,24000,24000,1
619,619,0,datasets/audios/eastern_sliced/enka/enka_020_001.wav,enka,2,30.0,30.0,0.0,24000,24000,1
620,620,0,datasets/audios/eastern_sliced/enka/enka_020_002.wav,enka,2,30.0,30.0,0.0,24000,24000,1
621,621,0,datasets/audios/eastern_sliced/enka/enka_021_000.wav,enka,2,30.0,30.0,0.0,24000,24000,1
622,622,0,datasets/audios/eastern_sliced/enka/enka_021_001.wav,enka,2,30.0,30.0,0.0,24000,24000,1
623,623,0,datasets/audios/eastern_sliced/enka/enka_021_002.wav,enka,2,30.0,30.0,0.0,24000,24000,1
624,624,0,datasets/audios/eastern_sliced/enka/enka_022_000.wav,enka,2,30.0,30.0,0.0,24000,24000,1
625,625,0,datasets/audios/eastern_sliced/enka/enka_022_001.wav,enka,2,30.0,30.0,0.0,24000,24000,1
626,626,0,datasets/audios/eastern_sliced/enka/enka_022_002.wav,enka,2,30.0,30.0,0.0,24000,24000,1
627,627,0,datasets/audios/eastern_sliced/enka/enka_023_000.wav,enka,2,30.0,30.0,0.0,24000,24000,1
628,628,0,datasets/audios/eastern_sliced/enka/enka_023_001.wav,enka,2,30.0,30.0,0.0,24000,24000,1
629,629,0,datasets/audios/eastern_sliced/enka/enka_023_002.wav,enka,2,30.0,30.0,0.0,24000,24000,1
630,630,0,datasets/audios/eastern_sliced/enka/enka_024_000.wav,enka,2,30.0,30.0,0.0,24000,24000,1
631,631,0,datasets/audios/eastern_sliced/enka/enka_024_001.wav,enka,2,30.0,30.0,0.0,24000,24000,1
632,632,0,datasets/audios/eastern_sliced/enka/enka_024_002.wav,enka,2,30.0,30.0,0.0,24000,24000,1
633,633,0,datasets/audios/eastern_sliced/enka/enka_025_000.wav,enka,2,30.0,30.0,0.0,24000,24000,1
634,634,0,datasets/audios/eastern_sliced/enka/enka_025_001.wav,enka,2,30.0,30.0,0.0,24000,24000,1
635,635,0,datasets/audios/eastern_sliced/enka/enka_025_002.wav,enka,2,30.0,30.0,0.0,24000,24000,1
636,636,0,datasets/audios/eastern_sliced/enka/enka_026_000.wav,enka,2,30.0,30.0,0.0,24000,24000,1
637,637,0,datasets/audios/eastern_sliced/enka/enka_026_001.wav,enka,2,30.0,30.0,0.0,24000,24000,1
638,638,0,datasets/audios/eastern_sliced/enka/enka_026_002.wav,enka,2,30.0,30.0,0.0,24000,24000,1
639,639,0,datasets/audios/eastern_sliced/enka/enka_027_000.wav,enka,2,30.0,30.0,0.0,24000,24000,1
640,640,0,datasets/audios/eastern_sliced/enka/enka_027_001.wav,enka,2,30.0,30.0,0.0,24000,24000,1
641,641,0,datasets/audios/eastern_sliced/enka/enka_027_002.wav,enka,2,30.0,30.0,0.0,24000,24000,1
642,642,0,datasets/audios/eastern_sliced/enka/enka_028_000.wav,enka,2,30.0,30.0,0.0,24000,24000,1
643,643,0,datasets/audios/eastern_sliced/enka/enka_028_001.wav,enka,2,30.0,30.0,0.0,24000,24000,1
644,644,0,datasets/audios/eastern_sliced/enka/enka_028_002.wav,enka,2,30.0,30.0,0.0,24000,24000,1
645,645,0,datasets/audios/eastern_sliced/enka/enka_029_000.wav,enka,2,30.0,30.0,0.0,24000,24000,1
646,646,0,datasets/audios/eastern_sliced/enka/enka_029_001.wav,enka,2,30.0,30.0,0.0,24000,24000,1
647,647,0,datasets/audios/eastern_sliced/enka/enka_029_002.wav,enka,2,30.0,30.0,0.0,24000,24000,1
648,648,0,datasets/audios/eastern_sliced/enka/enka_030_000.wav,enka,2,30.0,30.0,0.0,24000,24000,1
649,649,0,datasets/audios/eastern_sliced/enka/enka_030_001.wav,enka,2,30.0,30.0,0.0,24000,24000,1
650,650,0,datasets/audios/eastern_sliced/enka/enka_030_002.wav,enka,2,30.0,30.0,0.0,24000,24000,1
651,651,0,datasets/audios/eastern_sliced/enka/enka_031_000.wav,enka,2,30.0,30.0,0.0,24000,24000,1
652,652,0,datasets/audios/eastern_sliced/enka/enka_031_001.wav,enka,2,30.0,30.0,0.0,24000,24000,1
653,653,0,datasets/audios/eastern_sliced/enka/enka_031_002.wav,enka,2,30.0,30.0,0.0,24000,24000,1
654,654,0,datasets/audios/eastern_sliced/enka/enka_032_000.wav,enka,2,30.0,30.0,0.0,24000,24000,1
655,655,0,datasets/audios/eastern_sliced/enka/enka_032_001.wav,enka,2,30.0,30.0,0.0,24000,24000,1
656,656,0,datasets/audios/eastern_sliced/enka/enka_032_002.wav,enka,2,30.0,30.0,0.0,24000,24000,1
657,657,0,datasets/audios/eastern_sliced/enka/enka_033_000.wav,enka,2,30.0,30.0,0.0,24000,24000,1
658,658,0,datasets/audios/eastern_sliced/enka/enka_033_001.wav,enka,2,30.0,30.0,0.0,24000,24000,1
659,659,0,datasets/audios/eastern_sliced/enka/enka_033_002.wav,enka,2,30.0,30.0,0.0,24000,24000,1
660,660,0,datasets/audios/eastern_sliced/enka/enka_034_000.wav,enka,2,30.0,30.0,0.0,24000,24000,1
661,661,0,datasets/audios/eastern_sliced/enka/enka_034_001.wav,enka,2,30.0,30.0,0.0,24000,24000,1
662,662,0,datasets/audios/eastern_sliced/enka/enka_034_002.wav,enka,2,30.0,30.0,0.0,24000,24000,1
663,663,0,datasets/audios/eastern_sliced/enka/enka_035_000.wav,enka,2,30.0,30.0,0.0,24000,24000,1
664,664,0,datasets/audios/eastern_sliced/enka/enka_035_001.wav,enka,2,30.0,30.0,0.0,24000,24000,1
665,665,0,datasets/audios/eastern_sliced/enka/enka_035_002.wav,enka,2,30.0,30.0,0.0,24000,24000,1
666,666,0,datasets/audios/eastern_sliced/enka/enka_036_000.wav,enka,2,30.0,30.0,0.0,24000,24000,1
667,667,0,datasets/audios/eastern_sliced/enka/enka_036_001.wav,enka,2,30.0,30.0,0.0,24000,24000,1
668,668,0,datasets/audios/eastern_sliced/enka/enka_036_002.wav,enka,2,30.0,30.0,0.0,24000,24000,1
669,669,0,datasets/audios/eastern_sliced/enka/enka_037_000.wav,enka,2,30.0,30.0,0.0,24000,24000,1
670,670,0,datasets/audios/eastern_sliced/enka/enka_037_001.wav,enka,2,30.0,30.0,0.0,24000,24000,1
671,671,0,datasets/audios/eastern_sliced/enka/enka_037_002.wav,enka,2,30.0,30.0,0.0,24000,24000,1
672,672,0,datasets/audios/eastern_sliced/enka/enka_038_000.wav,enka,2,30.0,30.0,0.0,24000,24000,1
673,673,0,datasets/audios/eastern_sliced/enka/enka_038_001.wav,enka,2,30.0,30.0,0.0,24000,24000,1
674,674,0,datasets/audios/eastern_sliced/enka/enka_038_002.wav,enka,2,30.0,30.0,0.0,24000,24000,1
675,675,0,datasets/audios/eastern_sliced/guqinguzheng/guqinguzheng_000_000.wav,guqinguzheng,3,30.0,30.0,0.0,44100,24000,1
676,676,0,datasets/audios/eastern_sliced/guqinguzheng/guqinguzheng_000_001.wav,guqinguzheng,3,30.0,30.0,0.0,44100,24000,1
677,677,0,datasets/audios/eastern_sliced/guqinguzheng/guqinguzheng_000_002.wav,guqinguzheng,3,30.0,30.0,0.0,44100,24000,1
678,678,0,datasets/audios/eastern_sliced/guqinguzheng/guqinguzheng_000_003.wav,guqinguzheng,3,30.0,30.0,0.0,44100,24000,1
679,679,0,datasets/audios/eastern_sliced/guqinguzheng/guqinguzheng_000_004.wav,guqinguzheng,3,30.0,30.0,0.0,44100,24000,1
680,680,0,datasets/audios/eastern_sliced/guqinguzheng/guqinguzheng_001_000.wav,guqinguzheng,3,30.0,30.0,0.0,44100,24000,1
681,681,0,datasets/audios/eastern_sliced/guqinguzheng/guqinguzheng_001_001.wav,guqinguzheng,3,30.0,30.0,0.0,44100,24000,1
682,682,0,datasets/audios/eastern_sliced/guqinguzheng/guqinguzheng_001_002.wav,guqinguzheng,3,30.0,30.0,0.0,44100,24000,1
683,683,0,datasets/audios/eastern_sliced/guqinguzheng/guqinguzheng_001_003.wav,guqinguzheng,3,30.0,30.0,0.0,44100,24000,1
684,684,0,datasets/audios/eastern_sliced/guqinguzheng/guqinguzheng_001_004.wav,guqinguzheng,3,30.0,30.0,0.0,44100,24000,1
685,685,0,datasets/audios/eastern_sliced/guqinguzheng/guqinguzheng_002_000.wav,guqinguzheng,3,30.0,30.0,0.0,44100,24000,1
686,686,0,datasets/audios/eastern_sliced/guqinguzheng/guqinguzheng_002_001.wav,guqinguzheng,3,30.0,30.0,0.0,44100,24000,1
687,687,0,datasets/audios/eastern_sliced/guqinguzheng/guqinguzheng_002_002.wav,guqinguzheng,3,30.0,30.0,0.0,44100,24000,1
688,688,0,datasets/audios/eastern_sliced/guqinguzheng/guqinguzheng_002_003.wav,guqinguzheng,3,30.0,30.0,0.0,44100,24000,1
689,689,0,datasets/audios/eastern_sliced/guqinguzheng/guqinguzheng_002_004.wav,guqinguzheng,3,30.0,30.0,0.0,44100,24000,1
690,690,0,datasets/audios/eastern_sliced/guqinguzheng/guqinguzheng_003_000.wav,guqinguzheng,3,30.0,30.0,0.0,44100,24000,1
691,691,0,datasets/audios/eastern_sliced/guqinguzheng/guqinguzheng_003_001.wav,guqinguzheng,3,30.0,30.0,0.0,44100,24000,1
692,692,0,datasets/audios/eastern_sliced/guqinguzheng/guqinguzheng_003_002.wav,guqinguzheng,3,30.0,30.0,0.0,44100,24000,1
693,693,0,datasets/audios/eastern_sliced/guqinguzheng/guqinguzheng_003_003.wav,guqinguzheng,3,30.0,30.0,0.0,44100,24000,1
694,694,0,datasets/audios/eastern_sliced/guqinguzheng/guqinguzheng_003_004.wav,guqinguzheng,3,30.0,30.0,0.0,44100,24000,1
695,695,0,datasets/audios/eastern_sliced/guqinguzheng/guqinguzheng_004_000.wav,guqinguzheng,3,30.0,30.0,0.0,44100,24000,1
696,696,0,datasets/audios/eastern_sliced/guqinguzheng/guqinguzheng_004_001.wav,guqinguzheng,3,30.0,30.0,0.0,44100,24000,1
697,697,0,datasets/audios/eastern_sliced/guqinguzheng/guqinguzheng_005_000.wav,guqinguzheng,3,30.0,30.0,0.0,44100,24000,1
698,698,0,datasets/audios/eastern_sliced/guqinguzheng/guqinguzheng_005_001.wav,guqinguzheng,3,30.0,30.0,0.0,44100,24000,1
699,699,0,datasets/audios/eastern_sliced/guqinguzheng/guqinguzheng_005_002.wav,guqinguzheng,3,30.0,30.0,0.0,44100,24000,1
700,700,0,datasets/audios/eastern_sliced/guqinguzheng/guqinguzheng_005_003.wav,guqinguzheng,3,30.0,30.0,0.0,44100,24000,1
701,701,0,datasets/audios/eastern_sliced/guqinguzheng/guqinguzheng_005_004.wav,guqinguzheng,3,30.0,30.0,0.0,44100,24000,1
702,702,0,datasets/audios/eastern_sliced/guqinguzheng/guqinguzheng_006_000.wav,guqinguzheng,3,30.0,30.0,0.0,44100,24000,1
703,703,0,datasets/audios/eastern_sliced/guqinguzheng/guqinguzheng_006_001.wav,guqinguzheng,3,30.0,30.0,0.0,44100,24000,1
704,704,0,datasets/audios/eastern_sliced/guqinguzheng/guqinguzheng_006_002.wav,guqinguzheng,3,30.0,30.0,0.0,44100,24000,1
705,705,0,datasets/audios/eastern_sliced/guqinguzheng/guqinguzheng_006_003.wav,guqinguzheng,3,30.0,30.0,0.0,44100,24000,1
706,706,0,datasets/audios/eastern_sliced/guqinguzheng/guqinguzheng_007_000.wav,guqinguzheng,3,30.0,30.0,0.0,44100,24000,1
707,707,0,datasets/audios/eastern_sliced/guqinguzheng/guqinguzheng_007_001.wav,guqinguzheng,3,30.0,30.0,0.0,44100,24000,1
708,708,0,datasets/audios/eastern_sliced/guqinguzheng/guqinguzheng_007_002.wav,guqinguzheng,3,30.0,30.0,0.0,44100,24000,1
709,709,0,datasets/audios/eastern_sliced/guqinguzheng/guqinguzheng_008_000.wav,guqinguzheng,3,30.0,30.0,0.0,44100,24000,1
710,710,0,datasets/audios/eastern_sliced/guqinguzheng/guqinguzheng_008_001.wav,guqinguzheng,3,30.0,30.0,0.0,44100,24000,1
711,711,0,datasets/audios/eastern_sliced/guqinguzheng/guqinguzheng_008_002.wav,guqinguzheng,3,30.0,30.0,0.0,44100,24000,1
712,712,0,datasets/audios/eastern_sliced/guqinguzheng/guqinguzheng_008_003.wav,guqinguzheng,3,30.0,30.0,0.0,44100,24000,1
713,713,0,datasets/audios/eastern_sliced/guqinguzheng/guqinguzheng_009_000.wav,guqinguzheng,3,30.0,30.0,0.0,44100,24000,1
714,714,0,datasets/audios/eastern_sliced/guqinguzheng/guqinguzheng_009_001.wav,guqinguzheng,3,30.0,30.0,0.0,44100,24000,1
715,715,0,datasets/audios/eastern_sliced/guqinguzheng/guqinguzheng_009_002.wav,guqinguzheng,3,30.0,30.0,0.0,44100,24000,1
716,716,0,datasets/audios/eastern_sliced/guqinguzheng/guqinguzheng_009_003.wav,guqinguzheng,3,30.0,30.0,0.0,44100,24000,1
717,717,0,datasets/audios/eastern_sliced/guqinguzheng/guqinguzheng_009_004.wav,guqinguzheng,3,30.0,30.0,0.0,44100,24000,1
718,718,0,datasets/audios/eastern_sliced/guqinguzheng/guqinguzheng_010_000.wav,guqinguzheng,3,30.0,30.0,0.0,44100,24000,1
719,719,0,datasets/audios/eastern_sliced/guqinguzheng/guqinguzheng_010_001.wav,guqinguzheng,3,30.0,30.0,0.0,44100,24000,1
720,720,0,datasets/audios/eastern_sliced/guqinguzheng/guqinguzheng_010_002.wav,guqinguzheng,3,30.0,30.0,0.0,44100,24000,1
721,721,0,datasets/audios/eastern_sliced/guqinguzheng/guqinguzheng_010_003.wav,guqinguzheng,3,30.0,30.0,0.0,44100,24000,1
722,722,0,datasets/audios/eastern_sliced/guqinguzheng/guqinguzheng_010_004.wav,guqinguzheng,3,30.0,30.0,0.0,44100,24000,1
723,723,0,datasets/audios/eastern_sliced/guqinguzheng/guqinguzheng_011_000.wav,guqinguzheng,3,30.0,30.0,0.0,48000,24000,1
724,724,0,datasets/audios/eastern_sliced/guqinguzheng/guqinguzheng_011_001.wav,guqinguzheng,3,30.0,30.0,0.0,48000,24000,1
725,725,0,datasets/audios/eastern_sliced/guqinguzheng/guqinguzheng_011_002.wav,guqinguzheng,3,30.0,30.0,0.0,48000,24000,1
726,726,0,datasets/audios/eastern_sliced/guqinguzheng/guqinguzheng_011_003.wav,guqinguzheng,3,30.0,30.0,0.0,48000,24000,1
727,727,0,datasets/audios/eastern_sliced/guqinguzheng/guqinguzheng_011_004.wav,guqinguzheng,3,30.0,30.0,0.0,48000,24000,1
728,728,0,datasets/audios/eastern_sliced/guqinguzheng/guqinguzheng_012_000.wav,guqinguzheng,3,30.0,30.0,0.0,44100,24000,1
729,729,0,datasets/audios/eastern_sliced/guqinguzheng/guqinguzheng_012_001.wav,guqinguzheng,3,30.0,30.0,0.0,44100,24000,1
730,730,0,datasets/audios/eastern_sliced/guqinguzheng/guqinguzheng_012_002.wav,guqinguzheng,3,30.0,30.0,0.0,44100,24000,1
731,731,0,datasets/audios/eastern_sliced/guqinguzheng/guqinguzheng_013_000.wav,guqinguzheng,3,30.0,30.0,0.0,44100,24000,1
732,732,0,datasets/audios/eastern_sliced/guqinguzheng/guqinguzheng_013_001.wav,guqinguzheng,3,30.0,30.0,0.0,44100,24000,1
733,733,0,datasets/audios/eastern_sliced/guqinguzheng/guqinguzheng_013_002.wav,guqinguzheng,3,30.0,30.0,0.0,44100,24000,1
734,734,0,datasets/audios/eastern_sliced/guqinguzheng/guqinguzheng_013_003.wav,guqinguzheng,3,30.0,30.0,0.0,44100,24000,1
735,735,0,datasets/audios/eastern_sliced/guqinguzheng/guqinguzheng_013_004.wav,guqinguzheng,3,30.0,30.0,0.0,44100,24000,1
736,736,0,datasets/audios/eastern_sliced/guqinguzheng/guqinguzheng_014_000.wav,guqinguzheng,3,30.0,30.0,0.0,44100,24000,1
737,737,0,datasets/audios/eastern_sliced/guqinguzheng/guqinguzheng_014_001.wav,guqinguzheng,3,30.0,30.0,0.0,44100,24000,1
738,738,0,datasets/audios/eastern_sliced/guqinguzheng/guqinguzheng_014_002.wav,guqinguzheng,3,30.0,30.0,0.0,44100,24000,1
739,739,0,datasets/audios/eastern_sliced/guqinguzheng/guqinguzheng_014_003.wav,guqinguzheng,3,30.0,30.0,0.0,44100,24000,1
740,740,0,datasets/audios/eastern_sliced/guqinguzheng/guqinguzheng_015_000.wav,guqinguzheng,3,30.0,30.0,0.0,44100,24000,1
741,741,0,datasets/audios/eastern_sliced/guqinguzheng/guqinguzheng_015_001.wav,guqinguzheng,3,30.0,30.0,0.0,44100,24000,1
742,742,0,datasets/audios/eastern_sliced/guqinguzheng/guqinguzheng_015_002.wav,guqinguzheng,3,30.0,30.0,0.0,44100,24000,1
743,743,0,datasets/audios/eastern_sliced/guqinguzheng/guqinguzheng_015_003.wav,guqinguzheng,3,30.0,30.0,0.0,44100,24000,1
744,744,0,datasets/audios/eastern_sliced/guqinguzheng/guqinguzheng_016_000.wav,guqinguzheng,3,30.0,30.0,0.0,44100,24000,1
745,745,0,datasets/audios/eastern_sliced/guqinguzheng/guqinguzheng_016_001.wav,guqinguzheng,3,30.0,30.0,0.0,44100,24000,1
746,746,0,datasets/audios/eastern_sliced/guqinguzheng/guqinguzheng_016_002.wav,guqinguzheng,3,30.0,30.0,0.0,44100,24000,1
747,747,0,datasets/audios/eastern_sliced/guqinguzheng/guqinguzheng_016_003.wav,guqinguzheng,3,30.0,30.0,0.0,44100,24000,1
748,748,0,datasets/audios/eastern_sliced/guqinguzheng/guqinguzheng_016_004.wav,guqinguzheng,3,30.0,30.0,0.0,44100,24000,1
749,749,0,datasets/audios/eastern_sliced/guqinguzheng/guqinguzheng_017_000.wav,guqinguzheng,3,30.0,30.0,0.0,44100,24000,1
750,750,0,datasets/audios/eastern_sliced/guqinguzheng/guqinguzheng_017_001.wav,guqinguzheng,3,30.0,30.0,0.0,44100,24000,1
751,751,0,datasets/audios/eastern_sliced/guqinguzheng/guqinguzheng_017_002.wav,guqinguzheng,3,30.0,30.0,0.0,44100,24000,1
752,752,0,datasets/audios/eastern_sliced/guqinguzheng/guqinguzheng_017_003.wav,guqinguzheng,3,30.0,30.0,0.0,44100,24000,1
753,753,0,datasets/audios/eastern_sliced/guqinguzheng/guqinguzheng_018_000.wav,guqinguzheng,3,30.0,30.0,0.0,44100,24000,1
754,754,0,datasets/audios/eastern_sliced/guqinguzheng/guqinguzheng_018_001.wav,guqinguzheng,3,30.0,30.0,0.0,44100,24000,1
755,755,0,datasets/audios/eastern_sliced/guqinguzheng/guqinguzheng_018_002.wav,guqinguzheng,3,30.0,30.0,0.0,44100,24000,1
756,756,0,datasets/audios/eastern_sliced/guqinguzheng/guqinguzheng_018_003.wav,guqinguzheng,3,30.0,30.0,0.0,44100,24000,1
757,757,0,datasets/audios/eastern_sliced/guqinguzheng/guqinguzheng_018_004.wav,guqinguzheng,3,30.0,30.0,0.0,44100,24000,1
758,758,0,datasets/audios/eastern_sliced/guqinguzheng/guqinguzheng_019_000.wav,guqinguzheng,3,30.0,30.0,0.0,44100,24000,1
759,759,0,datasets/audios/eastern_sliced/guqinguzheng/guqinguzheng_019_001.wav,guqinguzheng,3,30.0,30.0,0.0,44100,24000,1
760,760,0,datasets/audios/eastern_sliced/guqinguzheng/guqinguzheng_019_002.wav,guqinguzheng,3,30.0,30.0,0.0,44100,24000,1
761,761,0,datasets/audios/eastern_sliced/guqinguzheng/guqinguzheng_019_003.wav,guqinguzheng,3,30.0,30.0,0.0,44100,24000,1
762,762,0,datasets/audios/eastern_sliced/guqinguzheng/guqinguzheng_019_004.wav,guqinguzheng,3,30.0,30.0,0.0,44100,24000,1
763,763,0,datasets/audios/eastern_sliced/guqinguzheng/guqinguzheng_020_000.wav,guqinguzheng,3,30.0,30.0,0.0,44100,24000,1
764,764,0,datasets/audios/eastern_sliced/guqinguzheng/guqinguzheng_020_001.wav,guqinguzheng,3,30.0,30.0,0.0,44100,24000,1
765,765,0,datasets/audios/eastern_sliced/guqinguzheng/guqinguzheng_020_002.wav,guqinguzheng,3,30.0,30.0,0.0,44100,24000,1
766,766,0,datasets/audios/eastern_sliced/guqinguzheng/guqinguzheng_020_003.wav,guqinguzheng,3,30.0,30.0,0.0,44100,24000,1
767,767,0,datasets/audios/eastern_sliced/guqinguzheng/guqinguzheng_020_004.wav,guqinguzheng,3,30.0,30.0,0.0,44100,24000,1
768,768,0,datasets/audios/eastern_sliced/guqinguzheng/guqinguzheng_021_000.wav,guqinguzheng,3,30.0,30.0,0.0,44100,24000,1
769,769,0,datasets/audios/eastern_sliced/guqinguzheng/guqinguzheng_021_001.wav,guqinguzheng,3,30.0,30.0,0.0,44100,24000,1
770,770,0,datasets/audios/eastern_sliced/guqinguzheng/guqinguzheng_021_002.wav,guqinguzheng,3,30.0,30.0,0.0,44100,24000,1
771,771,0,datasets/audios/eastern_sliced/guqinguzheng/guqinguzheng_021_003.wav,guqinguzheng,3,30.0,30.0,0.0,44100,24000,1
772,772,0,datasets/audios/eastern_sliced/guqinguzheng/guqinguzheng_022_000.wav,guqinguzheng,3,30.0,30.0,0.0,44100,24000,1
773,773,0,datasets/audios/eastern_sliced/guqinguzheng/guqinguzheng_022_001.wav,guqinguzheng,3,30.0,30.0,0.0,44100,24000,1
774,774,0,datasets/audios/eastern_sliced/guqinguzheng/guqinguzheng_022_002.wav,guqinguzheng,3,30.0,30.0,0.0,44100,24000,1
775,775,0,datasets/audios/eastern_sliced/guqinguzheng/guqinguzheng_022_003.wav,guqinguzheng,3,30.0,30.0,0.0,44100,24000,1
776,776,0,datasets/audios/eastern_sliced/guqinguzheng/guqinguzheng_023_000.wav,guqinguzheng,3,30.0,30.0,0.0,44100,24000,1
777,777,0,datasets/audios/eastern_sliced/guqinguzheng/guqinguzheng_023_001.wav,guqinguzheng,3,30.0,30.0,0.0,44100,24000,1
778,778,0,datasets/audios/eastern_sliced/guqinguzheng/guqinguzheng_024_000.wav,guqinguzheng,3,30.0,30.0,0.0,44100,24000,1
779,779,0,datasets/audios/eastern_sliced/guqinguzheng/guqinguzheng_024_001.wav,guqinguzheng,3,30.0,30.0,0.0,44100,24000,1
780,780,0,datasets/audios/eastern_sliced/guqinguzheng/guqinguzheng_024_002.wav,guqinguzheng,3,30.0,30.0,0.0,44100,24000,1
781,781,0,datasets/audios/eastern_sliced/guqinguzheng/guqinguzheng_024_003.wav,guqinguzheng,3,30.0,30.0,0.0,44100,24000,1
782,782,0,datasets/audios/eastern_sliced/guqinguzheng/guqinguzheng_024_004.wav,guqinguzheng,3,30.0,30.0,0.0,44100,24000,1
783,783,0,datasets/audios/eastern_sliced/guqinguzheng/guqinguzheng_025_000.wav,guqinguzheng,3,30.0,30.0,0.0,44100,24000,1
784,784,0,datasets/audios/eastern_sliced/guqinguzheng/guqinguzheng_025_001.wav,guqinguzheng,3,30.0,30.0,0.0,44100,24000,1
785,785,0,datasets/audios/eastern_sliced/guqinguzheng/guqinguzheng_025_002.wav,guqinguzheng,3,30.0,30.0,0.0,44100,24000,1
786,786,0,datasets/audios/eastern_sliced/guqinguzheng/guqinguzheng_025_003.wav,guqinguzheng,3,30.0,30.0,0.0,44100,24000,1
787,787,0,datasets/audios/eastern_sliced/guqinguzheng/guqinguzheng_025_004.wav,guqinguzheng,3,30.0,30.0,0.0,44100,24000,1
788,788,0,datasets/audios/eastern_sliced/guqinguzheng/guqinguzheng_026_000.wav,guqinguzheng,3,30.0,30.0,0.0,44100,24000,1
789,789,0,datasets/audios/eastern_sliced/guqinguzheng/guqinguzheng_026_001.wav,guqinguzheng,3,30.0,30.0,0.0,44100,24000,1
790,790,0,datasets/audios/eastern_sliced/guqinguzheng/guqinguzheng_026_002.wav,guqinguzheng,3,30.0,30.0,0.0,44100,24000,1
791,791,0,datasets/audios/eastern_sliced/guqinguzheng/guqinguzheng_026_003.wav,guqinguzheng,3,30.0,30.0,0.0,44100,24000,1
792,792,0,datasets/audios/eastern_sliced/guqinguzheng/guqinguzheng_026_004.wav,guqinguzheng,3,30.0,30.0,0.0,44100,24000,1
793,793,0,datasets/audios/eastern_sliced/guqinguzheng/guqinguzheng_027_000.wav,guqinguzheng,3,30.0,30.0,0.0,48000,24000,1
794,794,0,datasets/audios/eastern_sliced/guqinguzheng/guqinguzheng_027_001.wav,guqinguzheng,3,30.0,30.0,0.0,48000,24000,1
795,795,0,datasets/audios/eastern_sliced/guqinguzheng/guqinguzheng_027_002.wav,guqinguzheng,3,30.0,30.0,0.0,48000,24000,1
796,796,0,datasets/audios/eastern_sliced/guqinguzheng/guqinguzheng_027_003.wav,guqinguzheng,3,30.0,30.0,0.0,48000,24000,1
797,797,0,datasets/audios/eastern_sliced/guqinguzheng/guqinguzheng_027_004.wav,guqinguzheng,3,30.0,30.0,0.0,48000,24000,1
798,798,0,datasets/audios/eastern_sliced/guqinguzheng/guqinguzheng_028_000.wav,guqinguzheng,3,30.0,30.0,0.0,44100,24000,1
799,799,0,datasets/audios/eastern_sliced/guqinguzheng/guqinguzheng_028_001.wav,guqinguzheng,3,30.0,30.0,0.0,44100,24000,1
800,800,0,datasets/audios/eastern_sliced/guqinguzheng/guqinguzheng_029_000.wav,guqinguzheng,3,30.0,30.0,0.0,44100,24000,1
801,801,0,datasets/audios/eastern_sliced/guqinguzheng/guqinguzheng_029_001.wav,guqinguzheng,3,30.0,30.0,0.0,44100,24000,1
802,802,0,datasets/audios/eastern_sliced/guqinguzheng/guqinguzheng_029_002.wav,guqinguzheng,3,30.0,30.0,0.0,44100,24000,1
803,803,0,datasets/audios/eastern_sliced/guqinguzheng/guqinguzheng_029_003.wav,guqinguzheng,3,30.0,30.0,0.0,44100,24000,1
804,804,0,datasets/audios/eastern_sliced/guqinguzheng/guqinguzheng_030_000.wav,guqinguzheng,3,30.0,30.0,0.0,44100,24000,1
805,805,0,datasets/audios/eastern_sliced/guqinguzheng/guqinguzheng_030_001.wav,guqinguzheng,3,30.0,30.0,0.0,44100,24000,1
806,806,0,datasets/audios/eastern_sliced/guqinguzheng/guqinguzheng_030_002.wav,guqinguzheng,3,30.0,30.0,0.0,44100,24000,1
807,807,0,datasets/audios/eastern_sliced/guqinguzheng/guqinguzheng_030_003.wav,guqinguzheng,3,30.0,30.0,0.0,44100,24000,1
808,808,0,datasets/audios/eastern_sliced/guqinguzheng/guqinguzheng_030_004.wav,guqinguzheng,3,30.0,30.0,0.0,44100,24000,1
809,809,0,datasets/audios/eastern_sliced/guqinguzheng/guqinguzheng_031_000.wav,guqinguzheng,3,30.0,30.0,0.0,48000,24000,1
810,810,0,datasets/audios/eastern_sliced/guqinguzheng/guqinguzheng_031_001.wav,guqinguzheng,3,30.0,30.0,0.0,48000,24000,1
811,811,0,datasets/audios/eastern_sliced/guqinguzheng/guqinguzheng_031_002.wav,guqinguzheng,3,30.0,30.0,0.0,48000,24000,1
812,812,0,datasets/audios/eastern_sliced/guqinguzheng/guqinguzheng_031_003.wav,guqinguzheng,3,30.0,30.0,0.0,48000,24000,1
813,813,0,datasets/audios/eastern_sliced/guqinguzheng/guqinguzheng_031_004.wav,guqinguzheng,3,30.0,30.0,0.0,48000,24000,1
814,814,0,datasets/audios/eastern_sliced/guqinguzheng/guqinguzheng_032_000.wav,guqinguzheng,3,30.0,30.0,0.0,44100,24000,1
815,815,0,datasets/audios/eastern_sliced/guqinguzheng/guqinguzheng_032_001.wav,guqinguzheng,3,30.0,30.0,0.0,44100,24000,1
816,816,0,datasets/audios/eastern_sliced/guqinguzheng/guqinguzheng_033_000.wav,guqinguzheng,3,30.0,30.0,0.0,44100,24000,1
817,817,0,datasets/audios/eastern_sliced/guqinguzheng/guqinguzheng_033_001.wav,guqinguzheng,3,30.0,30.0,0.0,44100,24000,1
818,818,0,datasets/audios/eastern_sliced/guqinguzheng/guqinguzheng_033_002.wav,guqinguzheng,3,30.0,30.0,0.0,44100,24000,1
819,819,0,datasets/audios/eastern_sliced/guqinguzheng/guqinguzheng_033_003.wav,guqinguzheng,3,30.0,30.0,0.0,44100,24000,1
820,820,0,datasets/audios/eastern_sliced/guqinguzheng/guqinguzheng_033_004.wav,guqinguzheng,3,30.0,30.0,0.0,44100,24000,1
821,821,0,datasets/audios/eastern_sliced/guqinguzheng/guqinguzheng_034_000.wav,guqinguzheng,3,30.0,30.0,0.0,48000,24000,1
822,822,0,datasets/audios/eastern_sliced/guqinguzheng/guqinguzheng_034_001.wav,guqinguzheng,3,30.0,30.0,0.0,48000,24000,1
823,823,0,datasets/audios/eastern_sliced/guqinguzheng/guqinguzheng_034_002.wav,guqinguzheng,3,30.0,30.0,0.0,48000,24000,1
824,824,0,datasets/audios/eastern_sliced/guqinguzheng/guqinguzheng_034_003.wav,guqinguzheng,3,30.0,30.0,0.0,48000,24000,1
825,825,0,datasets/audios/eastern_sliced/guqinguzheng/guqinguzheng_034_004.wav,guqinguzheng,3,30.0,30.0,0.0,48000,24000,1
826,826,0,datasets/audios/eastern_sliced/guqinguzheng/guqinguzheng_035_000.wav,guqinguzheng,3,30.0,30.0,0.0,44100,24000,1
827,827,0,datasets/audios/eastern_sliced/guqinguzheng/guqinguzheng_035_001.wav,guqinguzheng,3,30.0,30.0,0.0,44100,24000,1
828,828,0,datasets/audios/eastern_sliced/guqinguzheng/guqinguzheng_035_002.wav,guqinguzheng,3,30.0,30.0,0.0,44100,24000,1
829,829,0,datasets/audios/eastern_sliced/guqinguzheng/guqinguzheng_035_003.wav,guqinguzheng,3,30.0,30.0,0.0,44100,24000,1
830,830,0,datasets/audios/eastern_sliced/guqinguzheng/guqinguzheng_035_004.wav,guqinguzheng,3,30.0,30.0,0.0,44100,24000,1
831,831,0,datasets/audios/eastern_sliced/guqinguzheng/guqinguzheng_036_000.wav,guqinguzheng,3,30.0,30.0,0.0,44100,24000,1
832,832,0,datasets/audios/eastern_sliced/guqinguzheng/guqinguzheng_036_001.wav,guqinguzheng,3,30.0,30.0,0.0,44100,24000,1
833,833,0,datasets/audios/eastern_sliced/guqinguzheng/guqinguzheng_036_002.wav,guqinguzheng,3,30.0,30.0,0.0,44100,24000,1
834,834,0,datasets/audios/eastern_sliced/guqinguzheng/guqinguzheng_036_003.wav,guqinguzheng,3,30.0,30.0,0.0,44100,24000,1
835,835,0,datasets/audios/eastern_sliced/guqinguzheng/guqinguzheng_037_000.wav,guqinguzheng,3,30.0,30.0,0.0,44100,24000,1
836,836,0,datasets/audios/eastern_sliced/guqinguzheng/guqinguzheng_037_001.wav,guqinguzheng,3,30.0,30.0,0.0,44100,24000,1
837,837,0,datasets/audios/eastern_sliced/guqinguzheng/guqinguzheng_037_002.wav,guqinguzheng,3,30.0,30.0,0.0,44100,24000,1
838,838,0,datasets/audios/eastern_sliced/guqinguzheng/guqinguzheng_037_003.wav,guqinguzheng,3,30.0,30.0,0.0,44100,24000,1
839,839,0,datasets/audios/eastern_sliced/guqinguzheng/guqinguzheng_037_004.wav,guqinguzheng,3,30.0,30.0,0.0,44100,24000,1
840,840,0,datasets/audios/eastern_sliced/guqinguzheng/guqinguzheng_038_000.wav,guqinguzheng,3,30.0,30.0,0.0,44100,24000,1
841,841,0,datasets/audios/eastern_sliced/guqinguzheng/guqinguzheng_038_001.wav,guqinguzheng,3,30.0,30.0,0.0,44100,24000,1
842,842,0,datasets/audios/eastern_sliced/guqinguzheng/guqinguzheng_038_002.wav,guqinguzheng,3,30.0,30.0,0.0,44100,24000,1
843,843,0,datasets/audios/eastern_sliced/guqinguzheng/guqinguzheng_038_003.wav,guqinguzheng,3,30.0,30.0,0.0,44100,24000,1
844,844,0,datasets/audios/eastern_sliced/guqinguzheng/guqinguzheng_038_004.wav,guqinguzheng,3,30.0,30.0,0.0,44100,24000,1
845,845,0,datasets/audios/eastern_sliced/guqinguzheng/guqinguzheng_039_000.wav,guqinguzheng,3,30.0,30.0,0.0,44100,24000,1
846,846,0,datasets/audios/eastern_sliced/guqinguzheng/guqinguzheng_039_001.wav,guqinguzheng,3,30.0,30.0,0.0,44100,24000,1
847,847,0,datasets/audios/eastern_sliced/guqinguzheng/guqinguzheng_039_002.wav,guqinguzheng,3,30.0,30.0,0.0,44100,24000,1
848,848,0,datasets/audios/eastern_sliced/guqinguzheng/guqinguzheng_039_003.wav,guqinguzheng,3,30.0,30.0,0.0,44100,24000,1
849,849,0,datasets/audios/eastern_sliced/guqinguzheng/guqinguzheng_039_004.wav,guqinguzheng,3,30.0,30.0,0.0,44100,24000,1
850,850,0,datasets/audios/eastern_sliced/guqinguzheng/guqinguzheng_040_000.wav,guqinguzheng,3,30.0,30.0,0.0,44100,24000,1
851,851,0,datasets/audios/eastern_sliced/guqinguzheng/guqinguzheng_040_001.wav,guqinguzheng,3,30.0,30.0,0.0,44100,24000,1
852,852,0,datasets/audios/eastern_sliced/guqinguzheng/guqinguzheng_040_002.wav,guqinguzheng,3,30.0,30.0,0.0,44100,24000,1
853,853,0,datasets/audios/eastern_sliced/guqinguzheng/guqinguzheng_040_003.wav,guqinguzheng,3,30.0,30.0,0.0,44100,24000,1
854,854,0,datasets/audios/eastern_sliced/guqinguzheng/guqinguzheng_040_004.wav,guqinguzheng,3,30.0,30.0,0.0,44100,24000,1
855,855,0,datasets/audios/eastern_sliced/guqinguzheng/guqinguzheng_041_000.wav,guqinguzheng,3,30.0,30.0,0.0,44100,24000,1
856,856,0,datasets/audios/eastern_sliced/guqinguzheng/guqinguzheng_041_001.wav,guqinguzheng,3,30.0,30.0,0.0,44100,24000,1
857,857,0,datasets/audios/eastern_sliced/guqinguzheng/guqinguzheng_041_002.wav,guqinguzheng,3,30.0,30.0,0.0,44100,24000,1
858,858,0,datasets/audios/eastern_sliced/guqinguzheng/guqinguzheng_041_003.wav,guqinguzheng,3,30.0,30.0,0.0,44100,24000,1
859,859,0,datasets/audios/eastern_sliced/guqinguzheng/guqinguzheng_042_000.wav,guqinguzheng,3,30.0,30.0,0.0,44100,24000,1
860,860,0,datasets/audios/eastern_sliced/guqinguzheng/guqinguzheng_042_001.wav,guqinguzheng,3,30.0,30.0,0.0,44100,24000,1
861,861,0,datasets/audios/eastern_sliced/guqinguzheng/guqinguzheng_042_002.wav,guqinguzheng,3,30.0,30.0,0.0,44100,24000,1
862,862,0,datasets/audios/eastern_sliced/guqinguzheng/guqinguzheng_042_003.wav,guqinguzheng,3,30.0,30.0,0.0,44100,24000,1
863,863,0,datasets/audios/eastern_sliced/guqinguzheng/guqinguzheng_042_004.wav,guqinguzheng,3,30.0,30.0,0.0,44100,24000,1
864,864,0,datasets/audios/eastern_sliced/guqinguzheng/guqinguzheng_043_000.wav,guqinguzheng,3,30.0,30.0,0.0,44100,24000,1
865,865,0,datasets/audios/eastern_sliced/guqinguzheng/guqinguzheng_043_001.wav,guqinguzheng,3,30.0,30.0,0.0,44100,24000,1
866,866,0,datasets/audios/eastern_sliced/guqinguzheng/guqinguzheng_043_002.wav,guqinguzheng,3,30.0,30.0,0.0,44100,24000,1
867,867,0,datasets/audios/eastern_sliced/guqinguzheng/guqinguzheng_043_003.wav,guqinguzheng,3,30.0,30.0,0.0,44100,24000,1
868,868,0,datasets/audios/eastern_sliced/guqinguzheng/guqinguzheng_044_000.wav,guqinguzheng,3,30.0,30.0,0.0,48000,24000,1
869,869,0,datasets/audios/eastern_sliced/guqinguzheng/guqinguzheng_044_001.wav,guqinguzheng,3,30.0,30.0,0.0,48000,24000,1
870,870,0,datasets/audios/eastern_sliced/guqinguzheng/guqinguzheng_044_002.wav,guqinguzheng,3,30.0,30.0,0.0,48000,24000,1
871,871,0,datasets/audios/eastern_sliced/guqinguzheng/guqinguzheng_044_003.wav,guqinguzheng,3,30.0,30.0,0.0,48000,24000,1
872,872,0,datasets/audios/eastern_sliced/guqinguzheng/guqinguzheng_045_000.wav,guqinguzheng,3,30.0,30.0,0.0,44100,24000,1
873,873,0,datasets/audios/eastern_sliced/guqinguzheng/guqinguzheng_045_001.wav,guqinguzheng,3,30.0,30.0,0.0,44100,24000,1
874,874,0,datasets/audios/eastern_sliced/guqinguzheng/guqinguzheng_045_002.wav,guqinguzheng,3,30.0,30.0,0.0,44100,24000,1
875,875,0,datasets/audios/eastern_sliced/guqinguzheng/guqinguzheng_045_003.wav,guqinguzheng,3,30.0,30.0,0.0,44100,24000,1
876,876,0,datasets/audios/eastern_sliced/guqinguzheng/guqinguzheng_045_004.wav,guqinguzheng,3,30.0,30.0,0.0,44100,24000,1
877,877,0,datasets/audios/eastern_sliced/guqinguzheng/guqinguzheng_046_000.wav,guqinguzheng,3,30.0,30.0,0.0,44100,24000,1
878,878,0,datasets/audios/eastern_sliced/guqinguzheng/guqinguzheng_046_001.wav,guqinguzheng,3,30.0,30.0,0.0,44100,24000,1
879,879,0,datasets/audios/eastern_sliced/guqinguzheng/guqinguzheng_046_002.wav,guqinguzheng,3,30.0,30.0,0.0,44100,24000,1
880,880,0,datasets/audios/eastern_sliced/guqinguzheng/guqinguzheng_046_003.wav,guqinguzheng,3,30.0,30.0,0.0,44100,24000,1
881,881,0,datasets/audios/eastern_sliced/guqinguzheng/guqinguzheng_046_004.wav,guqinguzheng,3,30.0,30.0,0.0,44100,24000,1
882,882,0,datasets/audios/eastern_sliced/guqinguzheng/guqinguzheng_047_000.wav,guqinguzheng,3,30.0,30.0,0.0,44100,24000,1
883,883,0,datasets/audios/eastern_sliced/guqinguzheng/guqinguzheng_047_001.wav,guqinguzheng,3,30.0,30.0,0.0,44100,24000,1
884,884,0,datasets/audios/eastern_sliced/guqinguzheng/guqinguzheng_048_000.wav,guqinguzheng,3,30.0,30.0,0.0,44100,24000,1
885,885,0,datasets/audios/eastern_sliced/guqinguzheng/guqinguzheng_048_001.wav,guqinguzheng,3,30.0,30.0,0.0,44100,24000,1
886,886,0,datasets/audios/eastern_sliced/guqinguzheng/guqinguzheng_048_002.wav,guqinguzheng,3,30.0,30.0,0.0,44100,24000,1
887,887,0,datasets/audios/eastern_sliced/guqinguzheng/guqinguzheng_048_003.wav,guqinguzheng,3,30.0,30.0,0.0,44100,24000,1
888,888,0,datasets/audios/eastern_sliced/guqinguzheng/guqinguzheng_049_000.wav,guqinguzheng,3,30.0,30.0,0.0,44100,24000,1
889,889,0,datasets/audios/eastern_sliced/guqinguzheng/guqinguzheng_049_001.wav,guqinguzheng,3,30.0,30.0,0.0,44100,24000,1
890,890,0,datasets/audios/eastern_sliced/guqinguzheng/guqinguzheng_049_002.wav,guqinguzheng,3,30.0,30.0,0.0,44100,24000,1
891,891,0,datasets/audios/eastern_sliced/guqinguzheng/guqinguzheng_049_003.wav,guqinguzheng,3,30.0,30.0,0.0,44100,24000,1
892,892,0,datasets/audios/eastern_sliced/guqinguzheng/guqinguzheng_050_000.wav,guqinguzheng,3,30.0,30.0,0.0,44100,24000,1
893,893,0,datasets/audios/eastern_sliced/guqinguzheng/guqinguzheng_050_001.wav,guqinguzheng,3,30.0,30.0,0.0,44100,24000,1
894,894,0,datasets/audios/eastern_sliced/guqinguzheng/guqinguzheng_050_002.wav,guqinguzheng,3,30.0,30.0,0.0,44100,24000,1
895,895,0,datasets/audios/eastern_sliced/guqinguzheng/guqinguzheng_050_003.wav,guqinguzheng,3,30.0,30.0,0.0,44100,24000,1
896,896,0,datasets/audios/eastern_sliced/guqinguzheng/guqinguzheng_051_000.wav,guqinguzheng,3,30.0,30.0,0.0,44100,24000,1
897,897,0,datasets/audios/eastern_sliced/guqinguzheng/guqinguzheng_051_001.wav,guqinguzheng,3,30.0,30.0,0.0,44100,24000,1
898,898,0,datasets/audios/eastern_sliced/guqinguzheng/guqinguzheng_051_002.wav,guqinguzheng,3,30.0,30.0,0.0,44100,24000,1
899,899,0,datasets/audios/eastern_sliced/guqinguzheng/guqinguzheng_052_000.wav,guqinguzheng,3,30.0,30.0,0.0,44100,24000,1
900,900,0,datasets/audios/eastern_sliced/guqinguzheng/guqinguzheng_052_001.wav,guqinguzheng,3,30.0,30.0,0.0,44100,24000,1
901,901,0,datasets/audios/eastern_sliced/guqinguzheng/guqinguzheng_052_002.wav,guqinguzheng,3,30.0,30.0,0.0,44100,24000,1
902,902,0,datasets/audios/eastern_sliced/guqinguzheng/guqinguzheng_052_003.wav,guqinguzheng,3,30.0,30.0,0.0,44100,24000,1
903,903,0,datasets/audios/eastern_sliced/guqinguzheng/guqinguzheng_052_004.wav,guqinguzheng,3,30.0,30.0,0.0,44100,24000,1
904,904,0,datasets/audios/eastern_sliced/guqinguzheng/guqinguzheng_053_000.wav,guqinguzheng,3,30.0,30.0,0.0,44100,24000,1
905,905,0,datasets/audios/eastern_sliced/guqinguzheng/guqinguzheng_053_001.wav,guqinguzheng,3,30.0,30.0,0.0,44100,24000,1
906,906,0,datasets/audios/eastern_sliced/guqinguzheng/guqinguzheng_053_002.wav,guqinguzheng,3,30.0,30.0,0.0,44100,24000,1
907,907,0,datasets/audios/eastern_sliced/guqinguzheng/guqinguzheng_053_003.wav,guqinguzheng,3,30.0,30.0,0.0,44100,24000,1
908,908,0,datasets/audios/eastern_sliced/guqinguzheng/guqinguzheng_053_004.wav,guqinguzheng,3,30.0,30.0,0.0,44100,24000,1
909,909,0,datasets/audios/eastern_sliced/guqinguzheng/guqinguzheng_054_000.wav,guqinguzheng,3,30.0,30.0,0.0,44100,24000,1
910,910,0,datasets/audios/eastern_sliced/guqinguzheng/guqinguzheng_054_001.wav,guqinguzheng,3,30.0,30.0,0.0,44100,24000,1
911,911,0,datasets/audios/eastern_sliced/guqinguzheng/guqinguzheng_054_002.wav,guqinguzheng,3,30.0,30.0,0.0,44100,24000,1
912,912,0,datasets/audios/eastern_sliced/guqinguzheng/guqinguzheng_054_003.wav,guqinguzheng,3,30.0,30.0,0.0,44100,24000,1
913,913,0,datasets/audios/eastern_sliced/guqinguzheng/guqinguzheng_054_004.wav,guqinguzheng,3,30.0,30.0,0.0,44100,24000,1
914,914,0,datasets/audios/eastern_sliced/guqinguzheng/guqinguzheng_055_000.wav,guqinguzheng,3,30.0,30.0,0.0,44100,24000,1
915,915,0,datasets/audios/eastern_sliced/guqinguzheng/guqinguzheng_055_001.wav,guqinguzheng,3,30.0,30.0,0.0,44100,24000,1
916,916,0,datasets/audios/eastern_sliced/guqinguzheng/guqinguzheng_055_002.wav,guqinguzheng,3,30.0,30.0,0.0,44100,24000,1
917,917,0,datasets/audios/eastern_sliced/guqinguzheng/guqinguzheng_055_003.wav,guqinguzheng,3,30.0,30.0,0.0,44100,24000,1
918,918,0,datasets/audios/eastern_sliced/guqinguzheng/guqinguzheng_055_004.wav,guqinguzheng,3,30.0,30.0,0.0,44100,24000,1
919,919,0,datasets/audios/eastern_sliced/guqinguzheng/guqinguzheng_056_000.wav,guqinguzheng,3,30.0,30.0,0.0,44100,24000,1
920,920,0,datasets/audios/eastern_sliced/guqinguzheng/guqinguzheng_056_001.wav,guqinguzheng,3,30.0,30.0,0.0,44100,24000,1
921,921,0,datasets/audios/eastern_sliced/guqinguzheng/guqinguzheng_056_002.wav,guqinguzheng,3,30.0,30.0,0.0,44100,24000,1
922,922,0,datasets/audios/eastern_sliced/guqinguzheng/guqinguzheng_057_000.wav,guqinguzheng,3,30.0,30.0,0.0,44100,24000,1
923,923,0,datasets/audios/eastern_sliced/guqinguzheng/guqinguzheng_057_001.wav,guqinguzheng,3,30.0,30.0,0.0,44100,24000,1
924,924,0,datasets/audios/eastern_sliced/guqinguzheng/guqinguzheng_057_002.wav,guqinguzheng,3,30.0,30.0,0.0,44100,24000,1
925,925,0,datasets/audios/eastern_sliced/guqinguzheng/guqinguzheng_057_003.wav,guqinguzheng,3,30.0,30.0,0.0,44100,24000,1
926,926,0,datasets/audios/eastern_sliced/guqinguzheng/guqinguzheng_057_004.wav,guqinguzheng,3,30.0,30.0,0.0,44100,24000,1
927,927,0,datasets/audios/eastern_sliced/guqinguzheng/guqinguzheng_058_000.wav,guqinguzheng,3,30.0,30.0,0.0,44100,24000,1
928,928,0,datasets/audios/eastern_sliced/guqinguzheng/guqinguzheng_058_001.wav,guqinguzheng,3,30.0,30.0,0.0,44100,24000,1
929,929,0,datasets/audios/eastern_sliced/guqinguzheng/guqinguzheng_058_002.wav,guqinguzheng,3,30.0,30.0,0.0,44100,24000,1
930,930,0,datasets/audios/eastern_sliced/guqinguzheng/guqinguzheng_058_003.wav,guqinguzheng,3,30.0,30.0,0.0,44100,24000,1
931,931,0,datasets/audios/eastern_sliced/guqinguzheng/guqinguzheng_059_000.wav,guqinguzheng,3,30.0,30.0,0.0,44100,24000,1
932,932,0,datasets/audios/eastern_sliced/guqinguzheng/guqinguzheng_059_001.wav,guqinguzheng,3,30.0,30.0,0.0,44100,24000,1
933,933,0,datasets/audios/eastern_sliced/guqinguzheng/guqinguzheng_059_002.wav,guqinguzheng,3,30.0,30.0,0.0,44100,24000,1
934,934,0,datasets/audios/eastern_sliced/guqinguzheng/guqinguzheng_060_000.wav,guqinguzheng,3,30.0,30.0,0.0,44100,24000,1
935,935,0,datasets/audios/eastern_sliced/guqinguzheng/guqinguzheng_060_001.wav,guqinguzheng,3,30.0,30.0,0.0,44100,24000,1
936,936,0,datasets/audios/eastern_sliced/guqinguzheng/guqinguzheng_060_002.wav,guqinguzheng,3,30.0,30.0,0.0,44100,24000,1
937,937,0,datasets/audios/eastern_sliced/guqinguzheng/guqinguzheng_060_003.wav,guqinguzheng,3,30.0,30.0,0.0,44100,24000,1
938,938,0,datasets/audios/eastern_sliced/guqinguzheng/guqinguzheng_060_004.wav,guqinguzheng,3,30.0,30.0,0.0,44100,24000,1
939,939,0,datasets/audios/eastern_sliced/guqinguzheng/guqinguzheng_061_000.wav,guqinguzheng,3,30.0,30.0,0.0,44100,24000,1
940,940,0,datasets/audios/eastern_sliced/guqinguzheng/guqinguzheng_061_001.wav,guqinguzheng,3,30.0,30.0,0.0,44100,24000,1
941,941,0,datasets/audios/eastern_sliced/guqinguzheng/guqinguzheng_061_002.wav,guqinguzheng,3,30.0,30.0,0.0,44100,24000,1
942,942,0,datasets/audios/eastern_sliced/guqinguzheng/guqinguzheng_062_000.wav,guqinguzheng,3,30.0,30.0,0.0,44100,24000,1
943,943,0,datasets/audios/eastern_sliced/guqinguzheng/guqinguzheng_062_001.wav,guqinguzheng,3,30.0,30.0,0.0,44100,24000,1
944,944,0,datasets/audios/eastern_sliced/guqinguzheng/guqinguzheng_062_002.wav,guqinguzheng,3,30.0,30.0,0.0,44100,24000,1
945,945,0,datasets/audios/eastern_sliced/guqinguzheng/guqinguzheng_062_003.wav,guqinguzheng,3,30.0,30.0,0.0,44100,24000,1
946,946,0,datasets/audios/eastern_sliced/guqinguzheng/guqinguzheng_062_004.wav,guqinguzheng,3,30.0,30.0,0.0,44100,24000,1
947,947,0,datasets/audios/eastern_sliced/guqinguzheng/guqinguzheng_063_000.wav,guqinguzheng,3,30.0,30.0,0.0,44100,24000,1
948,948,0,datasets/audios/eastern_sliced/guqinguzheng/guqinguzheng_063_001.wav,guqinguzheng,3,30.0,30.0,0.0,44100,24000,1
949,949,0,datasets/audios/eastern_sliced/guqinguzheng/guqinguzheng_063_002.wav,guqinguzheng,3,30.0,30.0,0.0,44100,24000,1
950,950,0,datasets/audios/eastern_sliced/guqinguzheng/guqinguzheng_063_003.wav,guqinguzheng,3,30.0,30.0,0.0,44100,24000,1
951,951,0,datasets/audios/eastern_sliced/guqinguzheng/guqinguzheng_064_000.wav,guqinguzheng,3,30.0,30.0,0.0,48000,24000,1
952,952,0,datasets/audios/eastern_sliced/guqinguzheng/guqinguzheng_064_001.wav,guqinguzheng,3,30.0,30.0,0.0,48000,24000,1
953,953,0,datasets/audios/eastern_sliced/guqinguzheng/guqinguzheng_064_002.wav,guqinguzheng,3,30.0,30.0,0.0,48000,24000,1
954,954,0,datasets/audios/eastern_sliced/guqinguzheng/guqinguzheng_064_003.wav,guqinguzheng,3,30.0,30.0,0.0,48000,24000,1
955,955,0,datasets/audios/eastern_sliced/guqinguzheng/guqinguzheng_064_004.wav,guqinguzheng,3,30.0,30.0,0.0,48000,24000,1
956,956,0,datasets/audios/eastern_sliced/guqinguzheng/guqinguzheng_065_000.wav,guqinguzheng,3,30.0,30.0,0.0,44100,24000,1
957,957,0,datasets/audios/eastern_sliced/guqinguzheng/guqinguzheng_065_001.wav,guqinguzheng,3,30.0,30.0,0.0,44100,24000,1
958,958,0,datasets/audios/eastern_sliced/guqinguzheng/guqinguzheng_065_002.wav,guqinguzheng,3,30.0,30.0,0.0,44100,24000,1
959,959,0,datasets/audios/eastern_sliced/guqinguzheng/guqinguzheng_065_003.wav,guqinguzheng,3,30.0,30.0,0.0,44100,24000,1
960,960,0,datasets/audios/eastern_sliced/guqinguzheng/guqinguzheng_066_000.wav,guqinguzheng,3,30.0,30.0,0.0,44100,24000,1
961,961,0,datasets/audios/eastern_sliced/guqinguzheng/guqinguzheng_066_001.wav,guqinguzheng,3,30.0,30.0,0.0,44100,24000,1
962,962,0,datasets/audios/eastern_sliced/guqinguzheng/guqinguzheng_066_002.wav,guqinguzheng,3,30.0,30.0,0.0,44100,24000,1
963,963,0,datasets/audios/eastern_sliced/guqinguzheng/guqinguzheng_066_003.wav,guqinguzheng,3,30.0,30.0,0.0,44100,24000,1
964,964,0,datasets/audios/eastern_sliced/guqinguzheng/guqinguzheng_066_004.wav,guqinguzheng,3,30.0,30.0,0.0,44100,24000,1
965,965,0,datasets/audios/eastern_sliced/guqinguzheng/guqinguzheng_067_000.wav,guqinguzheng,3,30.0,30.0,0.0,44100,24000,1
966,966,0,datasets/audios/eastern_sliced/guqinguzheng/guqinguzheng_067_001.wav,guqinguzheng,3,30.0,30.0,0.0,44100,24000,1
967,967,0,datasets/audios/eastern_sliced/guqinguzheng/guqinguzheng_067_002.wav,guqinguzheng,3,30.0,30.0,0.0,44100,24000,1
968,968,0,datasets/audios/eastern_sliced/guqinguzheng/guqinguzheng_067_003.wav,guqinguzheng,3,30.0,30.0,0.0,44100,24000,1
969,969,0,datasets/audios/eastern_sliced/guqinguzheng/guqinguzheng_067_004.wav,guqinguzheng,3,30.0,30.0,0.0,44100,24000,1
970,970,0,datasets/audios/eastern_sliced/guqinguzheng/guqinguzheng_068_000.wav,guqinguzheng,3,30.0,30.0,0.0,44100,24000,1
971,971,0,datasets/audios/eastern_sliced/guqinguzheng/guqinguzheng_068_001.wav,guqinguzheng,3,30.0,30.0,0.0,44100,24000,1
972,972,0,datasets/audios/eastern_sliced/guqinguzheng/guqinguzheng_068_002.wav,guqinguzheng,3,30.0,30.0,0.0,44100,24000,1
973,973,0,datasets/audios/eastern_sliced/guqinguzheng/guqinguzheng_068_003.wav,guqinguzheng,3,30.0,30.0,0.0,44100,24000,1
974,974,0,datasets/audios/eastern_sliced/guqinguzheng/guqinguzheng_068_004.wav,guqinguzheng,3,30.0,30.0,0.0,44100,24000,1
975,975,0,datasets/audios/eastern_sliced/guqinguzheng/guqinguzheng_069_000.wav,guqinguzheng,3,30.0,30.0,0.0,48000,24000,1
976,976,0,datasets/audios/eastern_sliced/guqinguzheng/guqinguzheng_069_001.wav,guqinguzheng,3,30.0,30.0,0.0,48000,24000,1
977,977,0,datasets/audios/eastern_sliced/guqinguzheng/guqinguzheng_069_002.wav,guqinguzheng,3,30.0,30.0,0.0,48000,24000,1
978,978,0,datasets/audios/eastern_sliced/guqinguzheng/guqinguzheng_069_003.wav,guqinguzheng,3,30.0,30.0,0.0,48000,24000,1
979,979,0,datasets/audios/eastern_sliced/guqinguzheng/guqinguzheng_069_004.wav,guqinguzheng,3,30.0,30.0,0.0,48000,24000,1
980,980,0,datasets/audios/eastern_sliced/guqinguzheng/guqinguzheng_070_000.wav,guqinguzheng,3,30.0,30.0,0.0,44100,24000,1
981,981,0,datasets/audios/eastern_sliced/guqinguzheng/guqinguzheng_070_001.wav,guqinguzheng,3,30.0,30.0,0.0,44100,24000,1
982,982,0,datasets/audios/eastern_sliced/guqinguzheng/guqinguzheng_070_002.wav,guqinguzheng,3,30.0,30.0,0.0,44100,24000,1
983,983,0,datasets/audios/eastern_sliced/guqinguzheng/guqinguzheng_071_000.wav,guqinguzheng,3,30.0,30.0,0.0,44100,24000,1
984,984,0,datasets/audios/eastern_sliced/guqinguzheng/guqinguzheng_071_001.wav,guqinguzheng,3,30.0,30.0,0.0,44100,24000,1
985,985,0,datasets/audios/eastern_sliced/guqinguzheng/guqinguzheng_072_000.wav,guqinguzheng,3,30.0,30.0,0.0,44100,24000,1
986,986,0,datasets/audios/eastern_sliced/guqinguzheng/guqinguzheng_072_001.wav,guqinguzheng,3,30.0,30.0,0.0,44100,24000,1
987,987,0,datasets/audios/eastern_sliced/guqinguzheng/guqinguzheng_072_002.wav,guqinguzheng,3,30.0,30.0,0.0,44100,24000,1
988,988,0,datasets/audios/eastern_sliced/guqinguzheng/guqinguzheng_073_000.wav,guqinguzheng,3,30.0,30.0,0.0,44100,24000,1
989,989,0,datasets/audios/eastern_sliced/guqinguzheng/guqinguzheng_073_001.wav,guqinguzheng,3,30.0,30.0,0.0,44100,24000,1
990,990,0,datasets/audios/eastern_sliced/guqinguzheng/guqinguzheng_073_002.wav,guqinguzheng,3,30.0,30.0,0.0,44100,24000,1
991,991,0,datasets/audios/eastern_sliced/guqinguzheng/guqinguzheng_073_003.wav,guqinguzheng,3,30.0,30.0,0.0,44100,24000,1
992,992,0,datasets/audios/eastern_sliced/guqinguzheng/guqinguzheng_073_004.wav,guqinguzheng,3,30.0,30.0,0.0,44100,24000,1
993,993,0,datasets/audios/eastern_sliced/guqinguzheng/guqinguzheng_074_000.wav,guqinguzheng,3,30.0,30.0,0.0,44100,24000,1
994,994,0,datasets/audios/eastern_sliced/guqinguzheng/guqinguzheng_074_001.wav,guqinguzheng,3,30.0,30.0,0.0,44100,24000,1
995,995,0,datasets/audios/eastern_sliced/guqinguzheng/guqinguzheng_075_000.wav,guqinguzheng,3,30.0,30.0,0.0,44100,24000,1
996,996,0,datasets/audios/eastern_sliced/guqinguzheng/guqinguzheng_075_001.wav,guqinguzheng,3,30.0,30.0,0.0,44100,24000,1
997,997,0,datasets/audios/eastern_sliced/guqinguzheng/guqinguzheng_075_002.wav,guqinguzheng,3,30.0,30.0,0.0,44100,24000,1
998,998,0,datasets/audios/eastern_sliced/guqinguzheng/guqinguzheng_075_003.wav,guqinguzheng,3,30.0,30.0,0.0,44100,24000,1
999,999,0,datasets/audios/eastern_sliced/guqinguzheng/guqinguzheng_075_004.wav,guqinguzheng,3,30.0,30.0,0.0,44100,24000,1
1000,1000,0,datasets/audios/eastern_sliced/guqinguzheng/guqinguzheng_076_000.wav,guqinguzheng,3,30.0,30.0,0.0,44100,24000,1
1001,1001,0,datasets/audios/eastern_sliced/guqinguzheng/guqinguzheng_076_001.wav,guqinguzheng,3,30.0,30.0,0.0,44100,24000,1
1002,1002,0,datasets/audios/eastern_sliced/guqinguzheng/guqinguzheng_076_002.wav,guqinguzheng,3,30.0,30.0,0.0,44100,24000,1
1003,1003,0,datasets/audios/eastern_sliced/guqinguzheng/guqinguzheng_076_003.wav,guqinguzheng,3,30.0,30.0,0.0,44100,24000,1
1004,1004,0,datasets/audios/eastern_sliced/guqinguzheng/guqinguzheng_076_004.wav,guqinguzheng,3,30.0,30.0,0.0,44100,24000,1
1005,1005,0,datasets/audios/eastern_sliced/guqinguzheng/guqinguzheng_077_000.wav,guqinguzheng,3,30.0,30.0,0.0,44100,24000,1
1006,1006,0,datasets/audios/eastern_sliced/guqinguzheng/guqinguzheng_077_001.wav,guqinguzheng,3,30.0,30.0,0.0,44100,24000,1
1007,1007,0,datasets/audios/eastern_sliced/guqinguzheng/guqinguzheng_077_002.wav,guqinguzheng,3,30.0,30.0,0.0,44100,24000,1
1008,1008,0,datasets/audios/eastern_sliced/guqinguzheng/guqinguzheng_078_000.wav,guqinguzheng,3,30.0,30.0,0.0,44100,24000,1
1009,1009,0,datasets/audios/eastern_sliced/guqinguzheng/guqinguzheng_078_001.wav,guqinguzheng,3,30.0,30.0,0.0,44100,24000,1
1010,1010,0,datasets/audios/eastern_sliced/guqinguzheng/guqinguzheng_078_002.wav,guqinguzheng,3,30.0,30.0,0.0,44100,24000,1
1011,1011,0,datasets/audios/eastern_sliced/guqinguzheng/guqinguzheng_078_003.wav,guqinguzheng,3,30.0,30.0,0.0,44100,24000,1
1012,1012,0,datasets/audios/eastern_sliced/guqinguzheng/guqinguzheng_078_004.wav,guqinguzheng,3,30.0,30.0,0.0,44100,24000,1
1013,1013,0,datasets/audios/eastern_sliced/guqinguzheng/guqinguzheng_079_000.wav,guqinguzheng,3,30.0,30.0,0.0,44100,24000,1
1014,1014,0,datasets/audios/eastern_sliced/guqinguzheng/guqinguzheng_079_001.wav,guqinguzheng,3,30.0,30.0,0.0,44100,24000,1
1015,1015,0,datasets/audios/eastern_sliced/guqinguzheng/guqinguzheng_079_002.wav,guqinguzheng,3,30.0,30.0,0.0,44100,24000,1
1016,1016,0,datasets/audios/eastern_sliced/guqinguzheng/guqinguzheng_079_003.wav,guqinguzheng,3,30.0,30.0,0.0,44100,24000,1
1017,1017,0,datasets/audios/eastern_sliced/guqinguzheng/guqinguzheng_079_004.wav,guqinguzheng,3,30.0,30.0,0.0,44100,24000,1
1018,1018,0,datasets/audios/eastern_sliced/guqinguzheng/guqinguzheng_080_000.wav,guqinguzheng,3,30.0,30.0,0.0,44100,24000,1
1019,1019,0,datasets/audios/eastern_sliced/guqinguzheng/guqinguzheng_080_001.wav,guqinguzheng,3,30.0,30.0,0.0,44100,24000,1
1020,1020,0,datasets/audios/eastern_sliced/guqinguzheng/guqinguzheng_080_002.wav,guqinguzheng,3,30.0,30.0,0.0,44100,24000,1
1021,1021,0,datasets/audios/eastern_sliced/guqinguzheng/guqinguzheng_080_003.wav,guqinguzheng,3,30.0,30.0,0.0,44100,24000,1
1022,1022,0,datasets/audios/eastern_sliced/guqinguzheng/guqinguzheng_080_004.wav,guqinguzheng,3,30.0,30.0,0.0,44100,24000,1
1023,1023,0,datasets/audios/eastern_sliced/guqinguzheng/guqinguzheng_081_000.wav,guqinguzheng,3,30.0,30.0,0.0,44100,24000,1
1024,1024,0,datasets/audios/eastern_sliced/guqinguzheng/guqinguzheng_081_001.wav,guqinguzheng,3,30.0,30.0,0.0,44100,24000,1
1025,1025,0,datasets/audios/eastern_sliced/guqinguzheng/guqinguzheng_081_002.wav,guqinguzheng,3,30.0,30.0,0.0,44100,24000,1
1026,1026,0,datasets/audios/eastern_sliced/guqinguzheng/guqinguzheng_081_003.wav,guqinguzheng,3,30.0,30.0,0.0,44100,24000,1
1027,1027,0,datasets/audios/eastern_sliced/guqinguzheng/guqinguzheng_081_004.wav,guqinguzheng,3,30.0,30.0,0.0,44100,24000,1
1028,1028,0,datasets/audios/eastern_sliced/guqinguzheng/guqinguzheng_082_000.wav,guqinguzheng,3,30.0,30.0,0.0,44100,24000,1
1029,1029,0,datasets/audios/eastern_sliced/guqinguzheng/guqinguzheng_082_001.wav,guqinguzheng,3,30.0,30.0,0.0,44100,24000,1
1030,1030,0,datasets/audios/eastern_sliced/guqinguzheng/guqinguzheng_082_002.wav,guqinguzheng,3,30.0,30.0,0.0,44100,24000,1
1031,1031,0,datasets/audios/eastern_sliced/guqinguzheng/guqinguzheng_083_000.wav,guqinguzheng,3,30.0,30.0,0.0,44100,24000,1
1032,1032,0,datasets/audios/eastern_sliced/guqinguzheng/guqinguzheng_083_001.wav,guqinguzheng,3,30.0,30.0,0.0,44100,24000,1
1033,1033,0,datasets/audios/eastern_sliced/guqinguzheng/guqinguzheng_083_002.wav,guqinguzheng,3,30.0,30.0,0.0,44100,24000,1
1034,1034,0,datasets/audios/eastern_sliced/guqinguzheng/guqinguzheng_083_003.wav,guqinguzheng,3,30.0,30.0,0.0,44100,24000,1
1035,1035,0,datasets/audios/eastern_sliced/guqinguzheng/guqinguzheng_083_004.wav,guqinguzheng,3,30.0,30.0,0.0,44100,24000,1
1036,1036,0,datasets/audios/eastern_sliced/guqinguzheng/guqinguzheng_084_000.wav,guqinguzheng,3,30.0,30.0,0.0,44100,24000,1
1037,1037,0,datasets/audios/eastern_sliced/guqinguzheng/guqinguzheng_084_001.wav,guqinguzheng,3,30.0,30.0,0.0,44100,24000,1
1038,1038,0,datasets/audios/eastern_sliced/guqinguzheng/guqinguzheng_084_002.wav,guqinguzheng,3,30.0,30.0,0.0,44100,24000,1
1039,1039,0,datasets/audios/eastern_sliced/guqinguzheng/guqinguzheng_084_003.wav,guqinguzheng,3,30.0,30.0,0.0,44100,24000,1
1040,1040,0,datasets/audios/eastern_sliced/guqinguzheng/guqinguzheng_084_004.wav,guqinguzheng,3,30.0,30.0,0.0,44100,24000,1
1041,1041,0,datasets/audios/eastern_sliced/guqinguzheng/guqinguzheng_085_000.wav,guqinguzheng,3,30.0,30.0,0.0,44100,24000,1
1042,1042,0,datasets/audios/eastern_sliced/guqinguzheng/guqinguzheng_085_001.wav,guqinguzheng,3,30.0,30.0,0.0,44100,24000,1
1043,1043,0,datasets/audios/eastern_sliced/guqinguzheng/guqinguzheng_085_002.wav,guqinguzheng,3,30.0,30.0,0.0,44100,24000,1
1044,1044,0,datasets/audios/eastern_sliced/guqinguzheng/guqinguzheng_085_003.wav,guqinguzheng,3,30.0,30.0,0.0,44100,24000,1
1045,1045,0,datasets/audios/eastern_sliced/guqinguzheng/guqinguzheng_086_000.wav,guqinguzheng,3,30.0,30.0,0.0,44100,24000,1
1046,1046,0,datasets/audios/eastern_sliced/guqinguzheng/guqinguzheng_086_001.wav,guqinguzheng,3,30.0,30.0,0.0,44100,24000,1
1047,1047,0,datasets/audios/eastern_sliced/guqinguzheng/guqinguzheng_086_002.wav,guqinguzheng,3,30.0,30.0,0.0,44100,24000,1
1048,1048,0,datasets/audios/eastern_sliced/guqinguzheng/guqinguzheng_087_000.wav,guqinguzheng,3,30.0,30.0,0.0,44100,24000,1
1049,1049,0,datasets/audios/eastern_sliced/guqinguzheng/guqinguzheng_087_001.wav,guqinguzheng,3,30.0,30.0,0.0,44100,24000,1
1050,1050,0,datasets/audios/eastern_sliced/guqinguzheng/guqinguzheng_087_002.wav,guqinguzheng,3,30.0,30.0,0.0,44100,24000,1
1051,1051,0,datasets/audios/eastern_sliced/guqinguzheng/guqinguzheng_087_003.wav,guqinguzheng,3,30.0,30.0,0.0,44100,24000,1
1052,1052,0,datasets/audios/eastern_sliced/guqinguzheng/guqinguzheng_087_004.wav,guqinguzheng,3,30.0,30.0,0.0,44100,24000,1
1053,1053,0,datasets/audios/eastern_sliced/guqinguzheng/guqinguzheng_088_000.wav,guqinguzheng,3,30.0,30.0,0.0,44100,24000,1
1054,1054,0,datasets/audios/eastern_sliced/guqinguzheng/guqinguzheng_088_001.wav,guqinguzheng,3,30.0,30.0,0.0,44100,24000,1
1055,1055,0,datasets/audios/eastern_sliced/guqinguzheng/guqinguzheng_088_002.wav,guqinguzheng,3,30.0,30.0,0.0,44100,24000,1
1056,1056,0,datasets/audios/eastern_sliced/guqinguzheng/guqinguzheng_088_003.wav,guqinguzheng,3,30.0,30.0,0.0,44100,24000,1
1057,1057,0,datasets/audios/eastern_sliced/guqinguzheng/guqinguzheng_088_004.wav,guqinguzheng,3,30.0,30.0,0.0,44100,24000,1
1058,1058,0,datasets/audios/eastern_sliced/guqinguzheng/guqinguzheng_089_000.wav,guqinguzheng,3,30.0,30.0,0.0,44100,24000,1
1059,1059,0,datasets/audios/eastern_sliced/guqinguzheng/guqinguzheng_089_001.wav,guqinguzheng,3,30.0,30.0,0.0,44100,24000,1
1060,1060,0,datasets/audios/eastern_sliced/guqinguzheng/guqinguzheng_089_002.wav,guqinguzheng,3,30.0,30.0,0.0,44100,24000,1
1061,1061,0,datasets/audios/eastern_sliced/guqinguzheng/guqinguzheng_089_003.wav,guqinguzheng,3,30.0,30.0,0.0,44100,24000,1
1062,1062,0,datasets/audios/eastern_sliced/guqinguzheng/guqinguzheng_089_004.wav,guqinguzheng,3,30.0,30.0,0.0,44100,24000,1
1063,1063,0,datasets/audios/eastern_sliced/guqinguzheng/guqinguzheng_090_000.wav,guqinguzheng,3,30.0,30.0,0.0,44100,24000,1
1064,1064,0,datasets/audios/eastern_sliced/guqinguzheng/guqinguzheng_090_001.wav,guqinguzheng,3,30.0,30.0,0.0,44100,24000,1
1065,1065,0,datasets/audios/eastern_sliced/guqinguzheng/guqinguzheng_090_002.wav,guqinguzheng,3,30.0,30.0,0.0,44100,24000,1
1066,1066,0,datasets/audios/eastern_sliced/guqinguzheng/guqinguzheng_090_003.wav,guqinguzheng,3,30.0,30.0,0.0,44100,24000,1
1067,1067,0,datasets/audios/eastern_sliced/guqinguzheng/guqinguzheng_090_004.wav,guqinguzheng,3,30.0,30.0,0.0,44100,24000,1
1068,1068,0,datasets/audios/eastern_sliced/guqinguzheng/guqinguzheng_091_000.wav,guqinguzheng,3,30.0,30.0,0.0,44100,24000,1
1069,1069,0,datasets/audios/eastern_sliced/guqinguzheng/guqinguzheng_091_001.wav,guqinguzheng,3,30.0,30.0,0.0,44100,24000,1
1070,1070,0,datasets/audios/eastern_sliced/guqinguzheng/guqinguzheng_091_002.wav,guqinguzheng,3,30.0,30.0,0.0,44100,24000,1
1071,1071,0,datasets/audios/eastern_sliced/guqinguzheng/guqinguzheng_091_003.wav,guqinguzheng,3,30.0,30.0,0.0,44100,24000,1
1072,1072,0,datasets/audios/eastern_sliced/guqinguzheng/guqinguzheng_091_004.wav,guqinguzheng,3,30.0,30.0,0.0,44100,24000,1
1073,1073,0,datasets/audios/eastern_sliced/guqinguzheng/guqinguzheng_092_000.wav,guqinguzheng,3,30.0,30.0,0.0,44100,24000,1
1074,1074,0,datasets/audios/eastern_sliced/guqinguzheng/guqinguzheng_092_001.wav,guqinguzheng,3,30.0,30.0,0.0,44100,24000,1
1075,1075,0,datasets/audios/eastern_sliced/guqinguzheng/guqinguzheng_092_002.wav,guqinguzheng,3,30.0,30.0,0.0,44100,24000,1
1076,1076,0,datasets/audios/eastern_sliced/guqinguzheng/guqinguzheng_092_003.wav,guqinguzheng,3,30.0,30.0,0.0,44100,24000,1
1077,1077,0,datasets/audios/eastern_sliced/guqinguzheng/guqinguzheng_092_004.wav,guqinguzheng,3,30.0,30.0,0.0,44100,24000,1
1078,1078,0,datasets/audios/eastern_sliced/guqinguzheng/guqinguzheng_093_000.wav,guqinguzheng,3,30.0,30.0,0.0,48000,24000,1
1079,1079,0,datasets/audios/eastern_sliced/guqinguzheng/guqinguzheng_093_001.wav,guqinguzheng,3,30.0,30.0,0.0,48000,24000,1
1080,1080,0,datasets/audios/eastern_sliced/guqinguzheng/guqinguzheng_093_002.wav,guqinguzheng,3,30.0,30.0,0.0,48000,24000,1
1081,1081,0,datasets/audios/eastern_sliced/guqinguzheng/guqinguzheng_093_003.wav,guqinguzheng,3,30.0,30.0,0.0,48000,24000,1
1082,1082,0,datasets/audios/eastern_sliced/guqinguzheng/guqinguzheng_094_000.wav,guqinguzheng,3,30.0,30.0,0.0,44100,24000,1
1083,1083,0,datasets/audios/eastern_sliced/guqinguzheng/guqinguzheng_094_001.wav,guqinguzheng,3,30.0,30.0,0.0,44100,24000,1
1084,1084,0,datasets/audios/eastern_sliced/guqinguzheng/guqinguzheng_094_002.wav,guqinguzheng,3,30.0,30.0,0.0,44100,24000,1
1085,1085,0,datasets/audios/eastern_sliced/guqinguzheng/guqinguzheng_094_003.wav,guqinguzheng,3,30.0,30.0,0.0,44100,24000,1
1086,1086,0,datasets/audios/eastern_sliced/guqinguzheng/guqinguzheng_094_004.wav,guqinguzheng,3,30.0,30.0,0.0,44100,24000,1
1087,1087,0,datasets/audios/eastern_sliced/guqinguzheng/guqinguzheng_095_000.wav,guqinguzheng,3,30.0,30.0,0.0,44100,24000,1
1088,1088,0,datasets/audios/eastern_sliced/guqinguzheng/guqinguzheng_095_001.wav,guqinguzheng,3,30.0,30.0,0.0,44100,24000,1
1089,1089,0,datasets/audios/eastern_sliced/guqinguzheng/guqinguzheng_095_002.wav,guqinguzheng,3,30.0,30.0,0.0,44100,24000,1
1090,1090,0,datasets/audios/eastern_sliced/guqinguzheng/guqinguzheng_095_003.wav,guqinguzheng,3,30.0,30.0,0.0,44100,24000,1
1091,1091,0,datasets/audios/eastern_sliced/guqinguzheng/guqinguzheng_095_004.wav,guqinguzheng,3,30.0,30.0,0.0,44100,24000,1
1092,1092,0,datasets/audios/eastern_sliced/guqinguzheng/guqinguzheng_096_000.wav,guqinguzheng,3,30.0,30.0,0.0,44100,24000,1
1093,1093,0,datasets/audios/eastern_sliced/guqinguzheng/guqinguzheng_096_001.wav,guqinguzheng,3,30.0,30.0,0.0,44100,24000,1
1094,1094,0,datasets/audios/eastern_sliced/guqinguzheng/guqinguzheng_096_002.wav,guqinguzheng,3,30.0,30.0,0.0,44100,24000,1
1095,1095,0,datasets/audios/eastern_sliced/guqinguzheng/guqinguzheng_097_000.wav,guqinguzheng,3,30.0,30.0,0.0,44100,24000,1
1096,1096,0,datasets/audios/eastern_sliced/guqinguzheng/guqinguzheng_097_001.wav,guqinguzheng,3,30.0,30.0,0.0,44100,24000,1
1097,1097,0,datasets/audios/eastern_sliced/guqinguzheng/guqinguzheng_097_002.wav,guqinguzheng,3,30.0,30.0,0.0,44100,24000,1
1098,1098,0,datasets/audios/eastern_sliced/guqinguzheng/guqinguzheng_097_003.wav,guqinguzheng,3,30.0,30.0,0.0,44100,24000,1
1099,1099,0,datasets/audios/eastern_sliced/guqinguzheng/guqinguzheng_098_000.wav,guqinguzheng,3,30.0,30.0,0.0,44100,24000,1
1100,1100,0,datasets/audios/eastern_sliced/guqinguzheng/guqinguzheng_098_001.wav,guqinguzheng,3,30.0,30.0,0.0,44100,24000,1
1101,1101,0,datasets/audios/eastern_sliced/guqinguzheng/guqinguzheng_098_002.wav,guqinguzheng,3,30.0,30.0,0.0,44100,24000,1
1102,1102,0,datasets/audios/eastern_sliced/guqinguzheng/guqinguzheng_098_003.wav,guqinguzheng,3,30.0,30.0,0.0,44100,24000,1
1103,1103,0,datasets/audios/eastern_sliced/guqinguzheng/guqinguzheng_098_004.wav,guqinguzheng,3,30.0,30.0,0.0,44100,24000,1
1104,1104,0,datasets/audios/eastern_sliced/guqinguzheng/guqinguzheng_099_000.wav,guqinguzheng,3,30.0,30.0,0.0,44100,24000,1
1105,1105,0,datasets/audios/eastern_sliced/guqinguzheng/guqinguzheng_099_001.wav,guqinguzheng,3,30.0,30.0,0.0,44100,24000,1
1106,1106,0,datasets/audios/eastern_sliced/guqinguzheng/guqinguzheng_099_002.wav,guqinguzheng,3,30.0,30.0,0.0,44100,24000,1
1107,1107,0,datasets/audios/eastern_sliced/guqinguzheng/guqinguzheng_099_003.wav,guqinguzheng,3,30.0,30.0,0.0,44100,24000,1
1108,1108,0,datasets/audios/eastern_sliced/guqinguzheng/guqinguzheng_099_004.wav,guqinguzheng,3,30.0,30.0,0.0,44100,24000,1
1109,1109,0,datasets/audios/eastern_sliced/jingju/jingju_000_000.wav,jingju,4,30.0,30.0,0.0,44100,24000,1
1110,1110,0,datasets/audios/eastern_sliced/jingju/jingju_000_001.wav,jingju,4,30.0,30.0,0.0,44100,24000,1
1111,1111,0,datasets/audios/eastern_sliced/jingju/jingju_000_002.wav,jingju,4,30.0,30.0,0.0,44100,24000,1
1112,1112,0,datasets/audios/eastern_sliced/jingju/jingju_000_003.wav,jingju,4,30.0,30.0,0.0,44100,24000,1
1113,1113,0,datasets/audios/eastern_sliced/jingju/jingju_000_004.wav,jingju,4,30.0,30.0,0.0,44100,24000,1
1114,1114,0,datasets/audios/eastern_sliced/jingju/jingju_001_000.wav,jingju,4,30.0,30.0,0.0,44100,24000,1
1115,1115,0,datasets/audios/eastern_sliced/jingju/jingju_001_001.wav,jingju,4,30.0,30.0,0.0,44100,24000,1
1116,1116,0,datasets/audios/eastern_sliced/jingju/jingju_001_002.wav,jingju,4,30.0,30.0,0.0,44100,24000,1
1117,1117,0,datasets/audios/eastern_sliced/jingju/jingju_002_000.wav,jingju,4,30.0,30.0,0.0,44100,24000,1
1118,1118,0,datasets/audios/eastern_sliced/jingju/jingju_002_001.wav,jingju,4,30.0,30.0,0.0,44100,24000,1
1119,1119,0,datasets/audios/eastern_sliced/jingju/jingju_002_002.wav,jingju,4,30.0,30.0,0.0,44100,24000,1
1120,1120,0,datasets/audios/eastern_sliced/jingju/jingju_002_003.wav,jingju,4,30.0,30.0,0.0,44100,24000,1
1121,1121,0,datasets/audios/eastern_sliced/jingju/jingju_002_004.wav,jingju,4,30.0,30.0,0.0,44100,24000,1
1122,1122,0,datasets/audios/eastern_sliced/jingju/jingju_003_000.wav,jingju,4,30.0,30.0,0.0,44100,24000,1
1123,1123,0,datasets/audios/eastern_sliced/jingju/jingju_003_001.wav,jingju,4,30.0,30.0,0.0,44100,24000,1
1124,1124,0,datasets/audios/eastern_sliced/jingju/jingju_003_002.wav,jingju,4,30.0,30.0,0.0,44100,24000,1
1125,1125,0,datasets/audios/eastern_sliced/jingju/jingju_004_000.wav,jingju,4,30.0,30.0,0.0,44100,24000,1
1126,1126,0,datasets/audios/eastern_sliced/jingju/jingju_004_001.wav,jingju,4,30.0,30.0,0.0,44100,24000,1
1127,1127,0,datasets/audios/eastern_sliced/jingju/jingju_005_000.wav,jingju,4,30.0,30.0,0.0,44100,24000,1
1128,1128,0,datasets/audios/eastern_sliced/jingju/jingju_005_001.wav,jingju,4,30.0,30.0,0.0,44100,24000,1
1129,1129,0,datasets/audios/eastern_sliced/jingju/jingju_006_000.wav,jingju,4,30.0,30.0,0.0,44100,24000,1
1130,1130,0,datasets/audios/eastern_sliced/jingju/jingju_006_001.wav,jingju,4,30.0,30.0,0.0,44100,24000,1
1131,1131,0,datasets/audios/eastern_sliced/jingju/jingju_007_000.wav,jingju,4,30.0,30.0,0.0,44100,24000,1
1132,1132,0,datasets/audios/eastern_sliced/jingju/jingju_007_001.wav,jingju,4,30.0,30.0,0.0,44100,24000,1
1133,1133,0,datasets/audios/eastern_sliced/jingju/jingju_007_002.wav,jingju,4,30.0,30.0,0.0,44100,24000,1
1134,1134,0,datasets/audios/eastern_sliced/jingju/jingju_007_003.wav,jingju,4,30.0,30.0,0.0,44100,24000,1
1135,1135,0,datasets/audios/eastern_sliced/jingju/jingju_008_000.wav,jingju,4,30.0,30.0,0.0,44100,24000,1
1136,1136,0,datasets/audios/eastern_sliced/jingju/jingju_008_001.wav,jingju,4,30.0,30.0,0.0,44100,24000,1
1137,1137,0,datasets/audios/eastern_sliced/jingju/jingju_009_000.wav,jingju,4,30.0,30.0,0.0,44100,24000,1
1138,1138,0,datasets/audios/eastern_sliced/jingju/jingju_009_001.wav,jingju,4,30.0,30.0,0.0,44100,24000,1
1139,1139,0,datasets/audios/eastern_sliced/jingju/jingju_009_002.wav,jingju,4,30.0,30.0,0.0,44100,24000,1
1140,1140,0,datasets/audios/eastern_sliced/jingju/jingju_009_003.wav,jingju,4,30.0,30.0,0.0,44100,24000,1
1141,1141,0,datasets/audios/eastern_sliced/jingju/jingju_009_004.wav,jingju,4,30.0,30.0,0.0,44100,24000,1
1142,1142,0,datasets/audios/eastern_sliced/jingju/jingju_010_000.wav,jingju,4,30.0,30.0,0.0,44100,24000,1
1143,1143,0,datasets/audios/eastern_sliced/jingju/jingju_010_001.wav,jingju,4,30.0,30.0,0.0,44100,24000,1
1144,1144,0,datasets/audios/eastern_sliced/jingju/jingju_010_002.wav,jingju,4,30.0,30.0,0.0,44100,24000,1
1145,1145,0,datasets/audios/eastern_sliced/jingju/jingju_010_003.wav,jingju,4,30.0,30.0,0.0,44100,24000,1
1146,1146,0,datasets/audios/eastern_sliced/jingju/jingju_010_004.wav,jingju,4,30.0,30.0,0.0,44100,24000,1
1147,1147,0,datasets/audios/eastern_sliced/jingju/jingju_011_000.wav,jingju,4,30.0,30.0,0.0,44100,24000,1
1148,1148,0,datasets/audios/eastern_sliced/jingju/jingju_011_001.wav,jingju,4,30.0,30.0,0.0,44100,24000,1
1149,1149,0,datasets/audios/eastern_sliced/jingju/jingju_011_002.wav,jingju,4,30.0,30.0,0.0,44100,24000,1
1150,1150,0,datasets/audios/eastern_sliced/jingju/jingju_011_003.wav,jingju,4,30.0,30.0,0.0,44100,24000,1
1151,1151,0,datasets/audios/eastern_sliced/jingju/jingju_012_000.wav,jingju,4,30.0,30.0,0.0,44100,24000,1
1152,1152,0,datasets/audios/eastern_sliced/jingju/jingju_013_000.wav,jingju,4,30.0,30.0,0.0,44100,24000,1
1153,1153,0,datasets/audios/eastern_sliced/jingju/jingju_013_001.wav,jingju,4,30.0,30.0,0.0,44100,24000,1
1154,1154,0,datasets/audios/eastern_sliced/jingju/jingju_013_002.wav,jingju,4,30.0,30.0,0.0,44100,24000,1
1155,1155,0,datasets/audios/eastern_sliced/jingju/jingju_013_003.wav,jingju,4,30.0,30.0,0.0,44100,24000,1
1156,1156,0,datasets/audios/eastern_sliced/jingju/jingju_013_004.wav,jingju,4,30.0,30.0,0.0,44100,24000,1
1157,1157,0,datasets/audios/eastern_sliced/jingju/jingju_014_000.wav,jingju,4,30.0,30.0,0.0,44100,24000,1
1158,1158,0,datasets/audios/eastern_sliced/jingju/jingju_014_001.wav,jingju,4,30.0,30.0,0.0,44100,24000,1
1159,1159,0,datasets/audios/eastern_sliced/jingju/jingju_014_002.wav,jingju,4,30.0,30.0,0.0,44100,24000,1
1160,1160,0,datasets/audios/eastern_sliced/jingju/jingju_014_003.wav,jingju,4,30.0,30.0,0.0,44100,24000,1
1161,1161,0,datasets/audios/eastern_sliced/jingju/jingju_015_000.wav,jingju,4,30.0,30.0,0.0,44100,24000,1
1162,1162,0,datasets/audios/eastern_sliced/jingju/jingju_015_001.wav,jingju,4,30.0,30.0,0.0,44100,24000,1
1163,1163,0,datasets/audios/eastern_sliced/jingju/jingju_016_000.wav,jingju,4,30.0,30.0,0.0,44100,24000,1
1164,1164,0,datasets/audios/eastern_sliced/jingju/jingju_016_001.wav,jingju,4,30.0,30.0,0.0,44100,24000,1
1165,1165,0,datasets/audios/eastern_sliced/jingju/jingju_016_002.wav,jingju,4,30.0,30.0,0.0,44100,24000,1
1166,1166,0,datasets/audios/eastern_sliced/jingju/jingju_016_003.wav,jingju,4,30.0,30.0,0.0,44100,24000,1
1167,1167,0,datasets/audios/eastern_sliced/jingju/jingju_016_004.wav,jingju,4,30.0,30.0,0.0,44100,24000,1
1168,1168,0,datasets/audios/eastern_sliced/jingju/jingju_017_000.wav,jingju,4,30.0,30.0,0.0,44100,24000,1
1169,1169,0,datasets/audios/eastern_sliced/jingju/jingju_017_001.wav,jingju,4,30.0,30.0,0.0,44100,24000,1
1170,1170,0,datasets/audios/eastern_sliced/jingju/jingju_017_002.wav,jingju,4,30.0,30.0,0.0,44100,24000,1
1171,1171,0,datasets/audios/eastern_sliced/jingju/jingju_018_000.wav,jingju,4,30.0,30.0,0.0,44100,24000,1
1172,1172,0,datasets/audios/eastern_sliced/jingju/jingju_018_001.wav,jingju,4,30.0,30.0,0.0,44100,24000,1
1173,1173,0,datasets/audios/eastern_sliced/jingju/jingju_018_002.wav,jingju,4,30.0,30.0,0.0,44100,24000,1
1174,1174,0,datasets/audios/eastern_sliced/jingju/jingju_018_003.wav,jingju,4,30.0,30.0,0.0,44100,24000,1
1175,1175,0,datasets/audios/eastern_sliced/jingju/jingju_018_004.wav,jingju,4,30.0,30.0,0.0,44100,24000,1
1176,1176,0,datasets/audios/eastern_sliced/jingju/jingju_019_000.wav,jingju,4,30.0,30.0,0.0,44100,24000,1
1177,1177,0,datasets/audios/eastern_sliced/jingju/jingju_019_001.wav,jingju,4,30.0,30.0,0.0,44100,24000,1
1178,1178,0,datasets/audios/eastern_sliced/jingju/jingju_019_002.wav,jingju,4,30.0,30.0,0.0,44100,24000,1
1179,1179,0,datasets/audios/eastern_sliced/jingju/jingju_020_000.wav,jingju,4,30.0,30.0,0.0,44100,24000,1
1180,1180,0,datasets/audios/eastern_sliced/jingju/jingju_020_001.wav,jingju,4,30.0,30.0,0.0,44100,24000,1
1181,1181,0,datasets/audios/eastern_sliced/jingju/jingju_020_002.wav,jingju,4,30.0,30.0,0.0,44100,24000,1
1182,1182,0,datasets/audios/eastern_sliced/jingju/jingju_020_003.wav,jingju,4,30.0,30.0,0.0,44100,24000,1
1183,1183,0,datasets/audios/eastern_sliced/jingju/jingju_020_004.wav,jingju,4,30.0,30.0,0.0,44100,24000,1
1184,1184,0,datasets/audios/eastern_sliced/jingju/jingju_021_000.wav,jingju,4,30.0,30.0,0.0,44100,24000,1
1185,1185,0,datasets/audios/eastern_sliced/jingju/jingju_021_001.wav,jingju,4,30.0,30.0,0.0,44100,24000,1
1186,1186,0,datasets/audios/eastern_sliced/jingju/jingju_022_000.wav,jingju,4,30.0,30.0,0.0,44100,24000,1
1187,1187,0,datasets/audios/eastern_sliced/jingju/jingju_022_001.wav,jingju,4,30.0,30.0,0.0,44100,24000,1
1188,1188,0,datasets/audios/eastern_sliced/jingju/jingju_023_000.wav,jingju,4,30.0,30.0,0.0,44100,24000,1
1189,1189,0,datasets/audios/eastern_sliced/jingju/jingju_023_001.wav,jingju,4,30.0,30.0,0.0,44100,24000,1
1190,1190,0,datasets/audios/eastern_sliced/jingju/jingju_023_002.wav,jingju,4,30.0,30.0,0.0,44100,24000,1
1191,1191,0,datasets/audios/eastern_sliced/jingju/jingju_023_003.wav,jingju,4,30.0,30.0,0.0,44100,24000,1
1192,1192,0,datasets/audios/eastern_sliced/jingju/jingju_023_004.wav,jingju,4,30.0,30.0,0.0,44100,24000,1
1193,1193,0,datasets/audios/eastern_sliced/jingju/jingju_024_000.wav,jingju,4,30.0,30.0,0.0,44100,24000,1
1194,1194,0,datasets/audios/eastern_sliced/jingju/jingju_024_001.wav,jingju,4,30.0,30.0,0.0,44100,24000,1
1195,1195,0,datasets/audios/eastern_sliced/jingju/jingju_024_002.wav,jingju,4,30.0,30.0,0.0,44100,24000,1
1196,1196,0,datasets/audios/eastern_sliced/jingju/jingju_024_003.wav,jingju,4,30.0,30.0,0.0,44100,24000,1
1197,1197,0,datasets/audios/eastern_sliced/jingju/jingju_025_000.wav,jingju,4,30.0,30.0,0.0,44100,24000,1
1198,1198,0,datasets/audios/eastern_sliced/jingju/jingju_025_001.wav,jingju,4,30.0,30.0,0.0,44100,24000,1
1199,1199,0,datasets/audios/eastern_sliced/jingju/jingju_025_002.wav,jingju,4,30.0,30.0,0.0,44100,24000,1
1200,1200,0,datasets/audios/eastern_sliced/jingju/jingju_025_003.wav,jingju,4,30.0,30.0,0.0,44100,24000,1
1201,1201,0,datasets/audios/eastern_sliced/jingju/jingju_025_004.wav,jingju,4,30.0,30.0,0.0,44100,24000,1
1202,1202,0,datasets/audios/eastern_sliced/jingju/jingju_026_000.wav,jingju,4,30.0,30.0,0.0,44100,24000,1
1203,1203,0,datasets/audios/eastern_sliced/jingju/jingju_026_001.wav,jingju,4,30.0,30.0,0.0,44100,24000,1
1204,1204,0,datasets/audios/eastern_sliced/jingju/jingju_026_002.wav,jingju,4,30.0,30.0,0.0,44100,24000,1
1205,1205,0,datasets/audios/eastern_sliced/jingju/jingju_026_003.wav,jingju,4,30.0,30.0,0.0,44100,24000,1
1206,1206,0,datasets/audios/eastern_sliced/jingju/jingju_026_004.wav,jingju,4,30.0,30.0,0.0,44100,24000,1
1207,1207,0,datasets/audios/eastern_sliced/jingju/jingju_027_000.wav,jingju,4,30.0,30.0,0.0,44100,24000,1
1208,1208,0,datasets/audios/eastern_sliced/jingju/jingju_027_001.wav,jingju,4,30.0,30.0,0.0,44100,24000,1
1209,1209,0,datasets/audios/eastern_sliced/jingju/jingju_027_002.wav,jingju,4,30.0,30.0,0.0,44100,24000,1
1210,1210,0,datasets/audios/eastern_sliced/jingju/jingju_027_003.wav,jingju,4,30.0,30.0,0.0,44100,24000,1
1211,1211,0,datasets/audios/eastern_sliced/jingju/jingju_027_004.wav,jingju,4,30.0,30.0,0.0,44100,24000,1
1212,1212,0,datasets/audios/eastern_sliced/jingju/jingju_028_000.wav,jingju,4,30.0,30.0,0.0,44100,24000,1
1213,1213,0,datasets/audios/eastern_sliced/jingju/jingju_028_001.wav,jingju,4,30.0,30.0,0.0,44100,24000,1
1214,1214,0,datasets/audios/eastern_sliced/jingju/jingju_028_002.wav,jingju,4,30.0,30.0,0.0,44100,24000,1
1215,1215,0,datasets/audios/eastern_sliced/jingju/jingju_028_003.wav,jingju,4,30.0,30.0,0.0,44100,24000,1
1216,1216,0,datasets/audios/eastern_sliced/jingju/jingju_028_004.wav,jingju,4,30.0,30.0,0.0,44100,24000,1
1217,1217,0,datasets/audios/eastern_sliced/jingju/jingju_029_000.wav,jingju,4,30.0,30.0,0.0,48000,24000,1
1218,1218,0,datasets/audios/eastern_sliced/jingju/jingju_029_001.wav,jingju,4,30.0,30.0,0.0,48000,24000,1
1219,1219,0,datasets/audios/eastern_sliced/jingju/jingju_029_002.wav,jingju,4,30.0,30.0,0.0,48000,24000,1
1220,1220,0,datasets/audios/eastern_sliced/jingju/jingju_029_003.wav,jingju,4,30.0,30.0,0.0,48000,24000,1
1221,1221,0,datasets/audios/eastern_sliced/jingju/jingju_029_004.wav,jingju,4,30.0,30.0,0.0,48000,24000,1
1222,1222,0,datasets/audios/eastern_sliced/jingju/jingju_030_000.wav,jingju,4,30.0,30.0,0.0,44100,24000,1
1223,1223,0,datasets/audios/eastern_sliced/jingju/jingju_030_001.wav,jingju,4,30.0,30.0,0.0,44100,24000,1
1224,1224,0,datasets/audios/eastern_sliced/jingju/jingju_030_002.wav,jingju,4,30.0,30.0,0.0,44100,24000,1
1225,1225,0,datasets/audios/eastern_sliced/jingju/jingju_030_003.wav,jingju,4,30.0,30.0,0.0,44100,24000,1
1226,1226,0,datasets/audios/eastern_sliced/jingju/jingju_030_004.wav,jingju,4,30.0,30.0,0.0,44100,24000,1
1227,1227,0,datasets/audios/eastern_sliced/jingju/jingju_031_000.wav,jingju,4,30.0,30.0,0.0,44100,24000,1
1228,1228,0,datasets/audios/eastern_sliced/jingju/jingju_031_001.wav,jingju,4,30.0,30.0,0.0,44100,24000,1
1229,1229,0,datasets/audios/eastern_sliced/jingju/jingju_031_002.wav,jingju,4,30.0,30.0,0.0,44100,24000,1
1230,1230,0,datasets/audios/eastern_sliced/jingju/jingju_031_003.wav,jingju,4,30.0,30.0,0.0,44100,24000,1
1231,1231,0,datasets/audios/eastern_sliced/jingju/jingju_032_000.wav,jingju,4,30.0,30.0,0.0,44100,24000,1
1232,1232,0,datasets/audios/eastern_sliced/jingju/jingju_032_001.wav,jingju,4,30.0,30.0,0.0,44100,24000,1
1233,1233,0,datasets/audios/eastern_sliced/jingju/jingju_032_002.wav,jingju,4,30.0,30.0,0.0,44100,24000,1
1234,1234,0,datasets/audios/eastern_sliced/jingju/jingju_032_003.wav,jingju,4,30.0,30.0,0.0,44100,24000,1
1235,1235,0,datasets/audios/eastern_sliced/jingju/jingju_032_004.wav,jingju,4,30.0,30.0,0.0,44100,24000,1
1236,1236,0,datasets/audios/eastern_sliced/jingju/jingju_033_000.wav,jingju,4,30.0,30.0,0.0,44100,24000,1
1237,1237,0,datasets/audios/eastern_sliced/jingju/jingju_033_001.wav,jingju,4,30.0,30.0,0.0,44100,24000,1
1238,1238,0,datasets/audios/eastern_sliced/jingju/jingju_033_002.wav,jingju,4,30.0,30.0,0.0,44100,24000,1
1239,1239,0,datasets/audios/eastern_sliced/jingju/jingju_034_000.wav,jingju,4,30.0,30.0,0.0,44100,24000,1
1240,1240,0,datasets/audios/eastern_sliced/jingju/jingju_034_001.wav,jingju,4,30.0,30.0,0.0,44100,24000,1
1241,1241,0,datasets/audios/eastern_sliced/jingju/jingju_034_002.wav,jingju,4,30.0,30.0,0.0,44100,24000,1
1242,1242,0,datasets/audios/eastern_sliced/jingju/jingju_035_000.wav,jingju,4,30.0,30.0,0.0,44100,24000,1
1243,1243,0,datasets/audios/eastern_sliced/jingju/jingju_035_001.wav,jingju,4,30.0,30.0,0.0,44100,24000,1
1244,1244,0,datasets/audios/eastern_sliced/jingju/jingju_035_002.wav,jingju,4,30.0,30.0,0.0,44100,24000,1
1245,1245,0,datasets/audios/eastern_sliced/jingju/jingju_036_000.wav,jingju,4,30.0,30.0,0.0,44100,24000,1
1246,1246,0,datasets/audios/eastern_sliced/jingju/jingju_036_001.wav,jingju,4,30.0,30.0,0.0,44100,24000,1
1247,1247,0,datasets/audios/eastern_sliced/jingju/jingju_036_002.wav,jingju,4,30.0,30.0,0.0,44100,24000,1
1248,1248,0,datasets/audios/eastern_sliced/jingju/jingju_037_000.wav,jingju,4,30.0,30.0,0.0,44100,24000,1
1249,1249,0,datasets/audios/eastern_sliced/jingju/jingju_037_001.wav,jingju,4,30.0,30.0,0.0,44100,24000,1
1250,1250,0,datasets/audios/eastern_sliced/jingju/jingju_037_002.wav,jingju,4,30.0,30.0,0.0,44100,24000,1
1251,1251,0,datasets/audios/eastern_sliced/jingju/jingju_037_003.wav,jingju,4,30.0,30.0,0.0,44100,24000,1
1252,1252,0,datasets/audios/eastern_sliced/jingju/jingju_037_004.wav,jingju,4,30.0,30.0,0.0,44100,24000,1
1253,1253,0,datasets/audios/eastern_sliced/jingju/jingju_038_000.wav,jingju,4,30.0,30.0,0.0,44100,24000,1
1254,1254,0,datasets/audios/eastern_sliced/jingju/jingju_038_001.wav,jingju,4,30.0,30.0,0.0,44100,24000,1
1255,1255,0,datasets/audios/eastern_sliced/jingju/jingju_038_002.wav,jingju,4,30.0,30.0,0.0,44100,24000,1
1256,1256,0,datasets/audios/eastern_sliced/jingju/jingju_038_003.wav,jingju,4,30.0,30.0,0.0,44100,24000,1
1257,1257,0,datasets/audios/eastern_sliced/jingju/jingju_038_004.wav,jingju,4,30.0,30.0,0.0,44100,24000,1
1258,1258,0,datasets/audios/eastern_sliced/jingju/jingju_039_000.wav,jingju,4,30.0,30.0,0.0,44100,24000,1
1259,1259,0,datasets/audios/eastern_sliced/jingju/jingju_039_001.wav,jingju,4,30.0,30.0,0.0,44100,24000,1
1260,1260,0,datasets/audios/eastern_sliced/jingju/jingju_039_002.wav,jingju,4,30.0,30.0,0.0,44100,24000,1
1261,1261,0,datasets/audios/eastern_sliced/jingju/jingju_040_000.wav,jingju,4,30.0,30.0,0.0,44100,24000,1
1262,1262,0,datasets/audios/eastern_sliced/jingju/jingju_040_001.wav,jingju,4,30.0,30.0,0.0,44100,24000,1
1263,1263,0,datasets/audios/eastern_sliced/jingju/jingju_040_002.wav,jingju,4,30.0,30.0,0.0,44100,24000,1
1264,1264,0,datasets/audios/eastern_sliced/jingju/jingju_040_003.wav,jingju,4,30.0,30.0,0.0,44100,24000,1
1265,1265,0,datasets/audios/eastern_sliced/jingju/jingju_040_004.wav,jingju,4,30.0,30.0,0.0,44100,24000,1
1266,1266,0,datasets/audios/eastern_sliced/jingju/jingju_041_000.wav,jingju,4,30.0,30.0,0.0,44100,24000,1
1267,1267,0,datasets/audios/eastern_sliced/jingju/jingju_041_001.wav,jingju,4,30.0,30.0,0.0,44100,24000,1
1268,1268,0,datasets/audios/eastern_sliced/jingju/jingju_041_002.wav,jingju,4,30.0,30.0,0.0,44100,24000,1
1269,1269,0,datasets/audios/eastern_sliced/jingju/jingju_041_003.wav,jingju,4,30.0,30.0,0.0,44100,24000,1
1270,1270,0,datasets/audios/eastern_sliced/jingju/jingju_042_000.wav,jingju,4,30.0,30.0,0.0,44100,24000,1
1271,1271,0,datasets/audios/eastern_sliced/jingju/jingju_042_001.wav,jingju,4,30.0,30.0,0.0,44100,24000,1
1272,1272,0,datasets/audios/eastern_sliced/jingju/jingju_042_002.wav,jingju,4,30.0,30.0,0.0,44100,24000,1
1273,1273,0,datasets/audios/eastern_sliced/jingju/jingju_042_003.wav,jingju,4,30.0,30.0,0.0,44100,24000,1
1274,1274,0,datasets/audios/eastern_sliced/jingju/jingju_042_004.wav,jingju,4,30.0,30.0,0.0,44100,24000,1
1275,1275,0,datasets/audios/eastern_sliced/jingju/jingju_043_000.wav,jingju,4,30.0,30.0,0.0,44100,24000,1
1276,1276,0,datasets/audios/eastern_sliced/jingju/jingju_043_001.wav,jingju,4,30.0,30.0,0.0,44100,24000,1
1277,1277,0,datasets/audios/eastern_sliced/jingju/jingju_043_002.wav,jingju,4,30.0,30.0,0.0,44100,24000,1
1278,1278,0,datasets/audios/eastern_sliced/jingju/jingju_043_003.wav,jingju,4,30.0,30.0,0.0,44100,24000,1
1279,1279,0,datasets/audios/eastern_sliced/jingju/jingju_044_000.wav,jingju,4,30.0,30.0,0.0,44100,24000,1
1280,1280,0,datasets/audios/eastern_sliced/jingju/jingju_044_001.wav,jingju,4,30.0,30.0,0.0,44100,24000,1
1281,1281,0,datasets/audios/eastern_sliced/jingju/jingju_045_000.wav,jingju,4,30.0,30.0,0.0,44100,24000,1
1282,1282,0,datasets/audios/eastern_sliced/jingju/jingju_045_001.wav,jingju,4,30.0,30.0,0.0,44100,24000,1
1283,1283,0,datasets/audios/eastern_sliced/jingju/jingju_045_002.wav,jingju,4,30.0,30.0,0.0,44100,24000,1
1284,1284,0,datasets/audios/eastern_sliced/jingju/jingju_046_000.wav,jingju,4,30.0,30.0,0.0,44100,24000,1
1285,1285,0,datasets/audios/eastern_sliced/jingju/jingju_046_001.wav,jingju,4,30.0,30.0,0.0,44100,24000,1
1286,1286,0,datasets/audios/eastern_sliced/jingju/jingju_046_002.wav,jingju,4,30.0,30.0,0.0,44100,24000,1
1287,1287,0,datasets/audios/eastern_sliced/jingju/jingju_046_003.wav,jingju,4,30.0,30.0,0.0,44100,24000,1
1288,1288,0,datasets/audios/eastern_sliced/jingju/jingju_046_004.wav,jingju,4,30.0,30.0,0.0,44100,24000,1
1289,1289,0,datasets/audios/eastern_sliced/jingju/jingju_047_000.wav,jingju,4,30.0,30.0,0.0,44100,24000,1
1290,1290,0,datasets/audios/eastern_sliced/jingju/jingju_048_000.wav,jingju,4,30.0,30.0,0.0,44100,24000,1
1291,1291,0,datasets/audios/eastern_sliced/jingju/jingju_048_001.wav,jingju,4,30.0,30.0,0.0,44100,24000,1
1292,1292,0,datasets/audios/eastern_sliced/jingju/jingju_048_002.wav,jingju,4,30.0,30.0,0.0,44100,24000,1
1293,1293,0,datasets/audios/eastern_sliced/jingju/jingju_049_000.wav,jingju,4,30.0,30.0,0.0,44100,24000,1
1294,1294,0,datasets/audios/eastern_sliced/jingju/jingju_049_001.wav,jingju,4,30.0,30.0,0.0,44100,24000,1
1295,1295,0,datasets/audios/eastern_sliced/jingju/jingju_050_000.wav,jingju,4,30.0,30.0,0.0,44100,24000,1
1296,1296,0,datasets/audios/eastern_sliced/jingju/jingju_050_001.wav,jingju,4,30.0,30.0,0.0,44100,24000,1
1297,1297,0,datasets/audios/eastern_sliced/jingju/jingju_050_002.wav,jingju,4,30.0,30.0,0.0,44100,24000,1
1298,1298,0,datasets/audios/eastern_sliced/jingju/jingju_050_003.wav,jingju,4,30.0,30.0,0.0,44100,24000,1
1299,1299,0,datasets/audios/eastern_sliced/jingju/jingju_050_004.wav,jingju,4,30.0,30.0,0.0,44100,24000,1
1300,1300,0,datasets/audios/eastern_sliced/jingju/jingju_051_000.wav,jingju,4,30.0,30.0,0.0,44100,24000,1
1301,1301,0,datasets/audios/eastern_sliced/jingju/jingju_051_001.wav,jingju,4,30.0,30.0,0.0,44100,24000,1
1302,1302,0,datasets/audios/eastern_sliced/jingju/jingju_051_002.wav,jingju,4,30.0,30.0,0.0,44100,24000,1
1303,1303,0,datasets/audios/eastern_sliced/jingju/jingju_052_000.wav,jingju,4,30.0,30.0,0.0,44100,24000,1
1304,1304,0,datasets/audios/eastern_sliced/jingju/jingju_052_001.wav,jingju,4,30.0,30.0,0.0,44100,24000,1
1305,1305,0,datasets/audios/eastern_sliced/jingju/jingju_052_002.wav,jingju,4,30.0,30.0,0.0,44100,24000,1
1306,1306,0,datasets/audios/eastern_sliced/jingju/jingju_052_003.wav,jingju,4,30.0,30.0,0.0,44100,24000,1
1307,1307,0,datasets/audios/eastern_sliced/jingju/jingju_052_004.wav,jingju,4,30.0,30.0,0.0,44100,24000,1
1308,1308,0,datasets/audios/eastern_sliced/jingju/jingju_053_000.wav,jingju,4,30.0,30.0,0.0,44100,24000,1
1309,1309,0,datasets/audios/eastern_sliced/jingju/jingju_053_001.wav,jingju,4,30.0,30.0,0.0,44100,24000,1
1310,1310,0,datasets/audios/eastern_sliced/jingju/jingju_053_002.wav,jingju,4,30.0,30.0,0.0,44100,24000,1
1311,1311,0,datasets/audios/eastern_sliced/jingju/jingju_054_000.wav,jingju,4,30.0,30.0,0.0,44100,24000,1
1312,1312,0,datasets/audios/eastern_sliced/jingju/jingju_054_001.wav,jingju,4,30.0,30.0,0.0,44100,24000,1
1313,1313,0,datasets/audios/eastern_sliced/jingju/jingju_055_000.wav,jingju,4,30.0,30.0,0.0,44100,24000,1
1314,1314,0,datasets/audios/eastern_sliced/jingju/jingju_055_001.wav,jingju,4,30.0,30.0,0.0,44100,24000,1
1315,1315,0,datasets/audios/eastern_sliced/jingju/jingju_055_002.wav,jingju,4,30.0,30.0,0.0,44100,24000,1
1316,1316,0,datasets/audios/eastern_sliced/jingju/jingju_055_003.wav,jingju,4,30.0,30.0,0.0,44100,24000,1
1317,1317,0,datasets/audios/eastern_sliced/jingju/jingju_055_004.wav,jingju,4,30.0,30.0,0.0,44100,24000,1
1318,1318,0,datasets/audios/eastern_sliced/jingju/jingju_056_000.wav,jingju,4,30.0,30.0,0.0,44100,24000,1
1319,1319,0,datasets/audios/eastern_sliced/jingju/jingju_056_001.wav,jingju,4,30.0,30.0,0.0,44100,24000,1
1320,1320,0,datasets/audios/eastern_sliced/jingju/jingju_056_002.wav,jingju,4,30.0,30.0,0.0,44100,24000,1
1321,1321,0,datasets/audios/eastern_sliced/jingju/jingju_056_003.wav,jingju,4,30.0,30.0,0.0,44100,24000,1
1322,1322,0,datasets/audios/eastern_sliced/jingju/jingju_057_000.wav,jingju,4,30.0,30.0,0.0,44100,24000,1
1323,1323,0,datasets/audios/eastern_sliced/jingju/jingju_057_001.wav,jingju,4,30.0,30.0,0.0,44100,24000,1
1324,1324,0,datasets/audios/eastern_sliced/jingju/jingju_057_002.wav,jingju,4,30.0,30.0,0.0,44100,24000,1
1325,1325,0,datasets/audios/eastern_sliced/jingju/jingju_058_000.wav,jingju,4,30.0,30.0,0.0,44100,24000,1
1326,1326,0,datasets/audios/eastern_sliced/jingju/jingju_058_001.wav,jingju,4,30.0,30.0,0.0,44100,24000,1
1327,1327,0,datasets/audios/eastern_sliced/jingju/jingju_058_002.wav,jingju,4,30.0,30.0,0.0,44100,24000,1
1328,1328,0,datasets/audios/eastern_sliced/jingju/jingju_058_003.wav,jingju,4,30.0,30.0,0.0,44100,24000,1
1329,1329,0,datasets/audios/eastern_sliced/jingju/jingju_059_000.wav,jingju,4,30.0,30.0,0.0,44100,24000,1
1330,1330,0,datasets/audios/eastern_sliced/jingju/jingju_059_001.wav,jingju,4,30.0,30.0,0.0,44100,24000,1
1331,1331,0,datasets/audios/eastern_sliced/jingju/jingju_060_000.wav,jingju,4,30.0,30.0,0.0,44100,24000,1
1332,1332,0,datasets/audios/eastern_sliced/jingju/jingju_060_001.wav,jingju,4,30.0,30.0,0.0,44100,24000,1
1333,1333,0,datasets/audios/eastern_sliced/jingju/jingju_060_002.wav,jingju,4,30.0,30.0,0.0,44100,24000,1
1334,1334,0,datasets/audios/eastern_sliced/jingju/jingju_060_003.wav,jingju,4,30.0,30.0,0.0,44100,24000,1
1335,1335,0,datasets/audios/eastern_sliced/jingju/jingju_060_004.wav,jingju,4,30.0,30.0,0.0,44100,24000,1
1336,1336,0,datasets/audios/eastern_sliced/jingju/jingju_061_000.wav,jingju,4,30.0,30.0,0.0,44100,24000,1
1337,1337,0,datasets/audios/eastern_sliced/jingju/jingju_061_001.wav,jingju,4,30.0,30.0,0.0,44100,24000,1
1338,1338,0,datasets/audios/eastern_sliced/jingju/jingju_061_002.wav,jingju,4,30.0,30.0,0.0,44100,24000,1
1339,1339,0,datasets/audios/eastern_sliced/jingju/jingju_062_000.wav,jingju,4,30.0,30.0,0.0,44100,24000,1
1340,1340,0,datasets/audios/eastern_sliced/jingju/jingju_062_001.wav,jingju,4,30.0,30.0,0.0,44100,24000,1
1341,1341,0,datasets/audios/eastern_sliced/jingju/jingju_062_002.wav,jingju,4,30.0,30.0,0.0,44100,24000,1
1342,1342,0,datasets/audios/eastern_sliced/jingju/jingju_062_003.wav,jingju,4,30.0,30.0,0.0,44100,24000,1
1343,1343,0,datasets/audios/eastern_sliced/jingju/jingju_063_000.wav,jingju,4,30.0,30.0,0.0,44100,24000,1
1344,1344,0,datasets/audios/eastern_sliced/jingju/jingju_063_001.wav,jingju,4,30.0,30.0,0.0,44100,24000,1
1345,1345,0,datasets/audios/eastern_sliced/jingju/jingju_063_002.wav,jingju,4,30.0,30.0,0.0,44100,24000,1
1346,1346,0,datasets/audios/eastern_sliced/jingju/jingju_063_003.wav,jingju,4,30.0,30.0,0.0,44100,24000,1
1347,1347,0,datasets/audios/eastern_sliced/jingju/jingju_063_004.wav,jingju,4,30.0,30.0,0.0,44100,24000,1
1348,1348,0,datasets/audios/eastern_sliced/jingju/jingju_064_000.wav,jingju,4,30.0,30.0,0.0,44100,24000,1
1349,1349,0,datasets/audios/eastern_sliced/jingju/jingju_064_001.wav,jingju,4,30.0,30.0,0.0,44100,24000,1
1350,1350,0,datasets/audios/eastern_sliced/jingju/jingju_065_000.wav,jingju,4,30.0,30.0,0.0,44100,24000,1
1351,1351,0,datasets/audios/eastern_sliced/jingju/jingju_065_001.wav,jingju,4,30.0,30.0,0.0,44100,24000,1
1352,1352,0,datasets/audios/eastern_sliced/jingju/jingju_065_002.wav,jingju,4,30.0,30.0,0.0,44100,24000,1
1353,1353,0,datasets/audios/eastern_sliced/jingju/jingju_066_000.wav,jingju,4,30.0,30.0,0.0,44100,24000,1
1354,1354,0,datasets/audios/eastern_sliced/jingju/jingju_066_001.wav,jingju,4,30.0,30.0,0.0,44100,24000,1
1355,1355,0,datasets/audios/eastern_sliced/jingju/jingju_066_002.wav,jingju,4,30.0,30.0,0.0,44100,24000,1
1356,1356,0,datasets/audios/eastern_sliced/jingju/jingju_066_003.wav,jingju,4,30.0,30.0,0.0,44100,24000,1
1357,1357,0,datasets/audios/eastern_sliced/jingju/jingju_066_004.wav,jingju,4,30.0,30.0,0.0,44100,24000,1
1358,1358,0,datasets/audios/eastern_sliced/jingju/jingju_067_000.wav,jingju,4,30.0,30.0,0.0,44100,24000,1
1359,1359,0,datasets/audios/eastern_sliced/jingju/jingju_067_001.wav,jingju,4,30.0,30.0,0.0,44100,24000,1
1360,1360,0,datasets/audios/eastern_sliced/jingju/jingju_067_002.wav,jingju,4,30.0,30.0,0.0,44100,24000,1
1361,1361,0,datasets/audios/eastern_sliced/jingju/jingju_067_003.wav,jingju,4,30.0,30.0,0.0,44100,24000,1
1362,1362,0,datasets/audios/eastern_sliced/jingju/jingju_067_004.wav,jingju,4,30.0,30.0,0.0,44100,24000,1
1363,1363,0,datasets/audios/eastern_sliced/jingju/jingju_068_000.wav,jingju,4,30.0,30.0,0.0,44100,24000,1
1364,1364,0,datasets/audios/eastern_sliced/jingju/jingju_068_001.wav,jingju,4,30.0,30.0,0.0,44100,24000,1
1365,1365,0,datasets/audios/eastern_sliced/jingju/jingju_068_002.wav,jingju,4,30.0,30.0,0.0,44100,24000,1
1366,1366,0,datasets/audios/eastern_sliced/jingju/jingju_068_003.wav,jingju,4,30.0,30.0,0.0,44100,24000,1
1367,1367,0,datasets/audios/eastern_sliced/jingju/jingju_068_004.wav,jingju,4,30.0,30.0,0.0,44100,24000,1
1368,1368,0,datasets/audios/eastern_sliced/jingju/jingju_069_000.wav,jingju,4,30.0,30.0,0.0,44100,24000,1
1369,1369,0,datasets/audios/eastern_sliced/jingju/jingju_069_001.wav,jingju,4,30.0,30.0,0.0,44100,24000,1
1370,1370,0,datasets/audios/eastern_sliced/jingju/jingju_069_002.wav,jingju,4,30.0,30.0,0.0,44100,24000,1
1371,1371,0,datasets/audios/eastern_sliced/jingju/jingju_069_003.wav,jingju,4,30.0,30.0,0.0,44100,24000,1
1372,1372,0,datasets/audios/eastern_sliced/jingju/jingju_069_004.wav,jingju,4,30.0,30.0,0.0,44100,24000,1
1373,1373,0,datasets/audios/eastern_sliced/jingju/jingju_070_000.wav,jingju,4,30.0,30.0,0.0,44100,24000,1
1374,1374,0,datasets/audios/eastern_sliced/jingju/jingju_070_001.wav,jingju,4,30.0,30.0,0.0,44100,24000,1
1375,1375,0,datasets/audios/eastern_sliced/jingju/jingju_070_002.wav,jingju,4,30.0,30.0,0.0,44100,24000,1
1376,1376,0,datasets/audios/eastern_sliced/jingju/jingju_070_003.wav,jingju,4,30.0,30.0,0.0,44100,24000,1
1377,1377,0,datasets/audios/eastern_sliced/jingju/jingju_070_004.wav,jingju,4,30.0,30.0,0.0,44100,24000,1
1378,1378,0,datasets/audios/eastern_sliced/jingju/jingju_071_000.wav,jingju,4,30.0,30.0,0.0,44100,24000,1
1379,1379,0,datasets/audios/eastern_sliced/jingju/jingju_071_001.wav,jingju,4,30.0,30.0,0.0,44100,24000,1
1380,1380,0,datasets/audios/eastern_sliced/jingju/jingju_071_002.wav,jingju,4,30.0,30.0,0.0,44100,24000,1
1381,1381,0,datasets/audios/eastern_sliced/jingju/jingju_071_003.wav,jingju,4,30.0,30.0,0.0,44100,24000,1
1382,1382,0,datasets/audios/eastern_sliced/jingju/jingju_071_004.wav,jingju,4,30.0,30.0,0.0,44100,24000,1
1383,1383,0,datasets/audios/eastern_sliced/jingju/jingju_072_000.wav,jingju,4,30.0,30.0,0.0,44100,24000,1
1384,1384,0,datasets/audios/eastern_sliced/jingju/jingju_072_001.wav,jingju,4,30.0,30.0,0.0,44100,24000,1
1385,1385,0,datasets/audios/eastern_sliced/jingju/jingju_072_002.wav,jingju,4,30.0,30.0,0.0,44100,24000,1
1386,1386,0,datasets/audios/eastern_sliced/jingju/jingju_072_003.wav,jingju,4,30.0,30.0,0.0,44100,24000,1
1387,1387,0,datasets/audios/eastern_sliced/jingju/jingju_072_004.wav,jingju,4,30.0,30.0,0.0,44100,24000,1
1388,1388,0,datasets/audios/eastern_sliced/jingju/jingju_073_000.wav,jingju,4,30.0,30.0,0.0,44100,24000,1
1389,1389,0,datasets/audios/eastern_sliced/jingju/jingju_073_001.wav,jingju,4,30.0,30.0,0.0,44100,24000,1
1390,1390,0,datasets/audios/eastern_sliced/jingju/jingju_073_002.wav,jingju,4,30.0,30.0,0.0,44100,24000,1
1391,1391,0,datasets/audios/eastern_sliced/jingju/jingju_073_003.wav,jingju,4,30.0,30.0,0.0,44100,24000,1
1392,1392,0,datasets/audios/eastern_sliced/jingju/jingju_074_000.wav,jingju,4,30.0,30.0,0.0,48000,24000,1
1393,1393,0,datasets/audios/eastern_sliced/jingju/jingju_074_001.wav,jingju,4,30.0,30.0,0.0,48000,24000,1
1394,1394,0,datasets/audios/eastern_sliced/jingju/jingju_074_002.wav,jingju,4,30.0,30.0,0.0,48000,24000,1
1395,1395,0,datasets/audios/eastern_sliced/jingju/jingju_074_003.wav,jingju,4,30.0,30.0,0.0,48000,24000,1
1396,1396,0,datasets/audios/eastern_sliced/jingju/jingju_074_004.wav,jingju,4,30.0,30.0,0.0,48000,24000,1
1397,1397,0,datasets/audios/eastern_sliced/jingju/jingju_075_000.wav,jingju,4,30.0,30.0,0.0,44100,24000,1
1398,1398,0,datasets/audios/eastern_sliced/jingju/jingju_075_001.wav,jingju,4,30.0,30.0,0.0,44100,24000,1
1399,1399,0,datasets/audios/eastern_sliced/jingju/jingju_075_002.wav,jingju,4,30.0,30.0,0.0,44100,24000,1
1400,1400,0,datasets/audios/eastern_sliced/jingju/jingju_075_003.wav,jingju,4,30.0,30.0,0.0,44100,24000,1
1401,1401,0,datasets/audios/eastern_sliced/jingju/jingju_075_004.wav,jingju,4,30.0,30.0,0.0,44100,24000,1
1402,1402,0,datasets/audios/eastern_sliced/jingju/jingju_076_000.wav,jingju,4,30.0,30.0,0.0,44100,24000,1
1403,1403,0,datasets/audios/eastern_sliced/jingju/jingju_076_001.wav,jingju,4,30.0,30.0,0.0,44100,24000,1
1404,1404,0,datasets/audios/eastern_sliced/jingju/jingju_076_002.wav,jingju,4,30.0,30.0,0.0,44100,24000,1
1405,1405,0,datasets/audios/eastern_sliced/jingju/jingju_076_003.wav,jingju,4,30.0,30.0,0.0,44100,24000,1
1406,1406,0,datasets/audios/eastern_sliced/jingju/jingju_076_004.wav,jingju,4,30.0,30.0,0.0,44100,24000,1
1407,1407,0,datasets/audios/eastern_sliced/jingju/jingju_077_000.wav,jingju,4,30.0,30.0,0.0,44100,24000,1
1408,1408,0,datasets/audios/eastern_sliced/jingju/jingju_077_001.wav,jingju,4,30.0,30.0,0.0,44100,24000,1
1409,1409,0,datasets/audios/eastern_sliced/jingju/jingju_077_002.wav,jingju,4,30.0,30.0,0.0,44100,24000,1
1410,1410,0,datasets/audios/eastern_sliced/jingju/jingju_077_003.wav,jingju,4,30.0,30.0,0.0,44100,24000,1
1411,1411,0,datasets/audios/eastern_sliced/jingju/jingju_077_004.wav,jingju,4,30.0,30.0,0.0,44100,24000,1
1412,1412,0,datasets/audios/eastern_sliced/jingju/jingju_078_000.wav,jingju,4,30.0,30.0,0.0,44100,24000,1
1413,1413,0,datasets/audios/eastern_sliced/jingju/jingju_078_001.wav,jingju,4,30.0,30.0,0.0,44100,24000,1
1414,1414,0,datasets/audios/eastern_sliced/jingju/jingju_078_002.wav,jingju,4,30.0,30.0,0.0,44100,24000,1
1415,1415,0,datasets/audios/eastern_sliced/jingju/jingju_078_003.wav,jingju,4,30.0,30.0,0.0,44100,24000,1
1416,1416,0,datasets/audios/eastern_sliced/jingju/jingju_078_004.wav,jingju,4,30.0,30.0,0.0,44100,24000,1
1417,1417,0,datasets/audios/eastern_sliced/jingju/jingju_079_000.wav,jingju,4,30.0,30.0,0.0,44100,24000,1
1418,1418,0,datasets/audios/eastern_sliced/jingju/jingju_079_001.wav,jingju,4,30.0,30.0,0.0,44100,24000,1
1419,1419,0,datasets/audios/eastern_sliced/jingju/jingju_079_002.wav,jingju,4,30.0,30.0,0.0,44100,24000,1
1420,1420,0,datasets/audios/eastern_sliced/jingju/jingju_079_003.wav,jingju,4,30.0,30.0,0.0,44100,24000,1
1421,1421,0,datasets/audios/eastern_sliced/jingju/jingju_079_004.wav,jingju,4,30.0,30.0,0.0,44100,24000,1
1422,1422,0,datasets/audios/eastern_sliced/jingju/jingju_080_000.wav,jingju,4,30.0,30.0,0.0,48000,24000,1
1423,1423,0,datasets/audios/eastern_sliced/jingju/jingju_080_001.wav,jingju,4,30.0,30.0,0.0,48000,24000,1
1424,1424,0,datasets/audios/eastern_sliced/jingju/jingju_081_000.wav,jingju,4,30.0,30.0,0.0,44100,24000,1
1425,1425,0,datasets/audios/eastern_sliced/jingju/jingju_081_001.wav,jingju,4,30.0,30.0,0.0,44100,24000,1
1426,1426,0,datasets/audios/eastern_sliced/jingju/jingju_081_002.wav,jingju,4,30.0,30.0,0.0,44100,24000,1
1427,1427,0,datasets/audios/eastern_sliced/jingju/jingju_082_000.wav,jingju,4,30.0,30.0,0.0,44100,24000,1
1428,1428,0,datasets/audios/eastern_sliced/jingju/jingju_082_001.wav,jingju,4,30.0,30.0,0.0,44100,24000,1
1429,1429,0,datasets/audios/eastern_sliced/jingju/jingju_083_000.wav,jingju,4,30.0,30.0,0.0,44100,24000,1
1430,1430,0,datasets/audios/eastern_sliced/jingju/jingju_083_001.wav,jingju,4,30.0,30.0,0.0,44100,24000,1
1431,1431,0,datasets/audios/eastern_sliced/jingju/jingju_083_002.wav,jingju,4,30.0,30.0,0.0,44100,24000,1
1432,1432,0,datasets/audios/eastern_sliced/jingju/jingju_083_003.wav,jingju,4,30.0,30.0,0.0,44100,24000,1
1433,1433,0,datasets/audios/eastern_sliced/jingju/jingju_083_004.wav,jingju,4,30.0,30.0,0.0,44100,24000,1
1434,1434,0,datasets/audios/eastern_sliced/jingju/jingju_084_000.wav,jingju,4,30.0,30.0,0.0,44100,24000,1
1435,1435,0,datasets/audios/eastern_sliced/jingju/jingju_084_001.wav,jingju,4,30.0,30.0,0.0,44100,24000,1
1436,1436,0,datasets/audios/eastern_sliced/jingju/jingju_084_002.wav,jingju,4,30.0,30.0,0.0,44100,24000,1
1437,1437,0,datasets/audios/eastern_sliced/jingju/jingju_084_003.wav,jingju,4,30.0,30.0,0.0,44100,24000,1
1438,1438,0,datasets/audios/eastern_sliced/jingju/jingju_084_004.wav,jingju,4,30.0,30.0,0.0,44100,24000,1
1439,1439,0,datasets/audios/eastern_sliced/jingju/jingju_085_000.wav,jingju,4,30.0,30.0,0.0,44100,24000,1
1440,1440,0,datasets/audios/eastern_sliced/jingju/jingju_085_001.wav,jingju,4,30.0,30.0,0.0,44100,24000,1
1441,1441,0,datasets/audios/eastern_sliced/jingju/jingju_085_002.wav,jingju,4,30.0,30.0,0.0,44100,24000,1
1442,1442,0,datasets/audios/eastern_sliced/jingju/jingju_085_003.wav,jingju,4,30.0,30.0,0.0,44100,24000,1
1443,1443,0,datasets/audios/eastern_sliced/jingju/jingju_086_000.wav,jingju,4,30.0,30.0,0.0,44100,24000,1
1444,1444,0,datasets/audios/eastern_sliced/jingju/jingju_086_001.wav,jingju,4,30.0,30.0,0.0,44100,24000,1
1445,1445,0,datasets/audios/eastern_sliced/jingju/jingju_086_002.wav,jingju,4,30.0,30.0,0.0,44100,24000,1
1446,1446,0,datasets/audios/eastern_sliced/jingju/jingju_086_003.wav,jingju,4,30.0,30.0,0.0,44100,24000,1
1447,1447,0,datasets/audios/eastern_sliced/jingju/jingju_086_004.wav,jingju,4,30.0,30.0,0.0,44100,24000,1
1448,1448,0,datasets/audios/eastern_sliced/jingju/jingju_087_000.wav,jingju,4,30.0,30.0,0.0,44100,24000,1
1449,1449,0,datasets/audios/eastern_sliced/jingju/jingju_087_001.wav,jingju,4,30.0,30.0,0.0,44100,24000,1
1450,1450,0,datasets/audios/eastern_sliced/jingju/jingju_087_002.wav,jingju,4,30.0,30.0,0.0,44100,24000,1
1451,1451,0,datasets/audios/eastern_sliced/jingju/jingju_087_003.wav,jingju,4,30.0,30.0,0.0,44100,24000,1
1452,1452,0,datasets/audios/eastern_sliced/jingju/jingju_087_004.wav,jingju,4,30.0,30.0,0.0,44100,24000,1
1453,1453,0,datasets/audios/eastern_sliced/jingju/jingju_088_000.wav,jingju,4,30.0,30.0,0.0,44100,24000,1
1454,1454,0,datasets/audios/eastern_sliced/jingju/jingju_088_001.wav,jingju,4,30.0,30.0,0.0,44100,24000,1
1455,1455,0,datasets/audios/eastern_sliced/jingju/jingju_088_002.wav,jingju,4,30.0,30.0,0.0,44100,24000,1
1456,1456,0,datasets/audios/eastern_sliced/jingju/jingju_088_003.wav,jingju,4,30.0,30.0,0.0,44100,24000,1
1457,1457,0,datasets/audios/eastern_sliced/jingju/jingju_089_000.wav,jingju,4,30.0,30.0,0.0,44100,24000,1
1458,1458,0,datasets/audios/eastern_sliced/jingju/jingju_089_001.wav,jingju,4,30.0,30.0,0.0,44100,24000,1
1459,1459,0,datasets/audios/eastern_sliced/jingju/jingju_089_002.wav,jingju,4,30.0,30.0,0.0,44100,24000,1
1460,1460,0,datasets/audios/eastern_sliced/jingju/jingju_090_000.wav,jingju,4,30.0,30.0,0.0,44100,24000,1
1461,1461,0,datasets/audios/eastern_sliced/jingju/jingju_090_001.wav,jingju,4,30.0,30.0,0.0,44100,24000,1
1462,1462,0,datasets/audios/eastern_sliced/jingju/jingju_090_002.wav,jingju,4,30.0,30.0,0.0,44100,24000,1
1463,1463,0,datasets/audios/eastern_sliced/jingju/jingju_090_003.wav,jingju,4,30.0,30.0,0.0,44100,24000,1
1464,1464,0,datasets/audios/eastern_sliced/jingju/jingju_090_004.wav,jingju,4,30.0,30.0,0.0,44100,24000,1
1465,1465,0,datasets/audios/eastern_sliced/jingju/jingju_091_000.wav,jingju,4,30.0,30.0,0.0,44100,24000,1
1466,1466,0,datasets/audios/eastern_sliced/jingju/jingju_091_001.wav,jingju,4,30.0,30.0,0.0,44100,24000,1
1467,1467,0,datasets/audios/eastern_sliced/jingju/jingju_091_002.wav,jingju,4,30.0,30.0,0.0,44100,24000,1
1468,1468,0,datasets/audios/eastern_sliced/jingju/jingju_091_003.wav,jingju,4,30.0,30.0,0.0,44100,24000,1
1469,1469,0,datasets/audios/eastern_sliced/jingju/jingju_091_004.wav,jingju,4,30.0,30.0,0.0,44100,24000,1
1470,1470,0,datasets/audios/eastern_sliced/jingju/jingju_092_000.wav,jingju,4,30.0,30.0,0.0,44100,24000,1
1471,1471,0,datasets/audios/eastern_sliced/jingju/jingju_092_001.wav,jingju,4,30.0,30.0,0.0,44100,24000,1
1472,1472,0,datasets/audios/eastern_sliced/jingju/jingju_092_002.wav,jingju,4,30.0,30.0,0.0,44100,24000,1
1473,1473,0,datasets/audios/eastern_sliced/jingju/jingju_093_000.wav,jingju,4,30.0,30.0,0.0,44100,24000,1
1474,1474,0,datasets/audios/eastern_sliced/jingju/jingju_093_001.wav,jingju,4,30.0,30.0,0.0,44100,24000,1
1475,1475,0,datasets/audios/eastern_sliced/jingju/jingju_093_002.wav,jingju,4,30.0,30.0,0.0,44100,24000,1
1476,1476,0,datasets/audios/eastern_sliced/jingju/jingju_093_003.wav,jingju,4,30.0,30.0,0.0,44100,24000,1
1477,1477,0,datasets/audios/eastern_sliced/jingju/jingju_094_000.wav,jingju,4,30.0,30.0,0.0,44100,24000,1
1478,1478,0,datasets/audios/eastern_sliced/jingju/jingju_094_001.wav,jingju,4,30.0,30.0,0.0,44100,24000,1
1479,1479,0,datasets/audios/eastern_sliced/jingju/jingju_095_000.wav,jingju,4,30.0,30.0,0.0,44100,24000,1
1480,1480,0,datasets/audios/eastern_sliced/jingju/jingju_095_001.wav,jingju,4,30.0,30.0,0.0,44100,24000,1
1481,1481,0,datasets/audios/eastern_sliced/jingju/jingju_095_002.wav,jingju,4,30.0,30.0,0.0,44100,24000,1
1482,1482,0,datasets/audios/eastern_sliced/jingju/jingju_095_003.wav,jingju,4,30.0,30.0,0.0,44100,24000,1
1483,1483,0,datasets/audios/eastern_sliced/jingju/jingju_095_004.wav,jingju,4,30.0,30.0,0.0,44100,24000,1
1484,1484,0,datasets/audios/eastern_sliced/jingju/jingju_096_000.wav,jingju,4,30.0,30.0,0.0,48000,24000,1
1485,1485,0,datasets/audios/eastern_sliced/jingju/jingju_096_001.wav,jingju,4,30.0,30.0,0.0,48000,24000,1
1486,1486,0,datasets/audios/eastern_sliced/jingju/jingju_096_002.wav,jingju,4,30.0,30.0,0.0,48000,24000,1
1487,1487,0,datasets/audios/eastern_sliced/jingju/jingju_097_000.wav,jingju,4,30.0,30.0,0.0,48000,24000,1
1488,1488,0,datasets/audios/eastern_sliced/jingju/jingju_097_001.wav,jingju,4,30.0,30.0,0.0,48000,24000,1
1489,1489,0,datasets/audios/eastern_sliced/jingju/jingju_098_000.wav,jingju,4,30.0,30.0,0.0,44100,24000,1
1490,1490,0,datasets/audios/eastern_sliced/jingju/jingju_098_001.wav,jingju,4,30.0,30.0,0.0,44100,24000,1
1491,1491,0,datasets/audios/eastern_sliced/jingju/jingju_098_002.wav,jingju,4,30.0,30.0,0.0,44100,24000,1
1492,1492,0,datasets/audios/eastern_sliced/jingju/jingju_098_003.wav,jingju,4,30.0,30.0,0.0,44100,24000,1
1493,1493,0,datasets/audios/eastern_sliced/jingju/jingju_098_004.wav,jingju,4,30.0,30.0,0.0,44100,24000,1
1494,1494,0,datasets/audios/eastern_sliced/jingju/jingju_099_000.wav,jingju,4,30.0,30.0,0.0,44100,24000,1
1495,1495,0,datasets/audios/eastern_sliced/jingju/jingju_099_001.wav,jingju,4,30.0,30.0,0.0,44100,24000,1
1496,1496,0,datasets/audios/eastern_sliced/jingju/jingju_099_002.wav,jingju,4,30.0,30.0,0.0,44100,24000,1
1497,1497,0,datasets/audios/eastern_sliced/jingju/jingju_099_003.wav,jingju,4,30.0,30.0,0.0,44100,24000,1
1498,1498,0,datasets/audios/eastern_sliced/jingju/jingju_099_004.wav,jingju,4,30.0,30.0,0.0,44100,24000,1
1499,1499,0,datasets/audios/eastern_sliced/jpop/jpop_000_000.wav,jpop,5,30.0,30.0,0.0,44100,24000,1
1500,1500,0,datasets/audios/eastern_sliced/jpop/jpop_000_001.wav,jpop,5,30.0,30.0,0.0,44100,24000,1
1501,1501,0,datasets/audios/eastern_sliced/jpop/jpop_000_002.wav,jpop,5,30.0,30.0,0.0,44100,24000,1
1502,1502,0,datasets/audios/eastern_sliced/jpop/jpop_001_000.wav,jpop,5,30.0,30.0,0.0,44100,24000,1
1503,1503,0,datasets/audios/eastern_sliced/jpop/jpop_001_001.wav,jpop,5,30.0,30.0,0.0,44100,24000,1
1504,1504,0,datasets/audios/eastern_sliced/jpop/jpop_001_002.wav,jpop,5,30.0,30.0,0.0,44100,24000,1
1505,1505,0,datasets/audios/eastern_sliced/jpop/jpop_002_000.wav,jpop,5,30.0,30.0,0.0,44100,24000,1
1506,1506,0,datasets/audios/eastern_sliced/jpop/jpop_002_001.wav,jpop,5,30.0,30.0,0.0,44100,24000,1
1507,1507,0,datasets/audios/eastern_sliced/jpop/jpop_002_002.wav,jpop,5,30.0,30.0,0.0,44100,24000,1
1508,1508,0,datasets/audios/eastern_sliced/jpop/jpop_003_000.wav,jpop,5,30.0,30.0,0.0,44100,24000,1
1509,1509,0,datasets/audios/eastern_sliced/jpop/jpop_003_001.wav,jpop,5,30.0,30.0,0.0,44100,24000,1
1510,1510,0,datasets/audios/eastern_sliced/jpop/jpop_003_002.wav,jpop,5,30.0,30.0,0.0,44100,24000,1
1511,1511,0,datasets/audios/eastern_sliced/jpop/jpop_004_000.wav,jpop,5,30.0,30.0,0.0,44100,24000,1
1512,1512,0,datasets/audios/eastern_sliced/jpop/jpop_004_001.wav,jpop,5,30.0,30.0,0.0,44100,24000,1
1513,1513,0,datasets/audios/eastern_sliced/jpop/jpop_004_002.wav,jpop,5,30.0,30.0,0.0,44100,24000,1
1514,1514,0,datasets/audios/eastern_sliced/jpop/jpop_005_000.wav,jpop,5,30.0,30.0,0.0,44100,24000,1
1515,1515,0,datasets/audios/eastern_sliced/jpop/jpop_005_001.wav,jpop,5,30.0,30.0,0.0,44100,24000,1
1516,1516,0,datasets/audios/eastern_sliced/jpop/jpop_005_002.wav,jpop,5,30.0,30.0,0.0,44100,24000,1
1517,1517,0,datasets/audios/eastern_sliced/jpop/jpop_006_000.wav,jpop,5,30.0,30.0,0.0,44100,24000,1
1518,1518,0,datasets/audios/eastern_sliced/jpop/jpop_006_001.wav,jpop,5,30.0,30.0,0.0,44100,24000,1
1519,1519,0,datasets/audios/eastern_sliced/jpop/jpop_006_002.wav,jpop,5,30.0,30.0,0.0,44100,24000,1
1520,1520,0,datasets/audios/eastern_sliced/jpop/jpop_007_000.wav,jpop,5,30.0,30.0,0.0,44100,24000,1
1521,1521,0,datasets/audios/eastern_sliced/jpop/jpop_007_001.wav,jpop,5,30.0,30.0,0.0,44100,24000,1
1522,1522,0,datasets/audios/eastern_sliced/jpop/jpop_007_002.wav,jpop,5,30.0,30.0,0.0,44100,24000,1
1523,1523,0,datasets/audios/eastern_sliced/jpop/jpop_008_000.wav,jpop,5,30.0,30.0,0.0,44100,24000,1
1524,1524,0,datasets/audios/eastern_sliced/jpop/jpop_008_001.wav,jpop,5,30.0,30.0,0.0,44100,24000,1
1525,1525,0,datasets/audios/eastern_sliced/jpop/jpop_008_002.wav,jpop,5,30.0,30.0,0.0,44100,24000,1
1526,1526,0,datasets/audios/eastern_sliced/jpop/jpop_009_000.wav,jpop,5,30.0,30.0,0.0,44100,24000,1
1527,1527,0,datasets/audios/eastern_sliced/jpop/jpop_009_001.wav,jpop,5,30.0,30.0,0.0,44100,24000,1
1528,1528,0,datasets/audios/eastern_sliced/jpop/jpop_009_002.wav,jpop,5,30.0,30.0,0.0,44100,24000,1
1529,1529,0,datasets/audios/eastern_sliced/jpop/jpop_010_000.wav,jpop,5,30.0,30.0,0.0,44100,24000,1
1530,1530,0,datasets/audios/eastern_sliced/jpop/jpop_010_001.wav,jpop,5,30.0,30.0,0.0,44100,24000,1
1531,1531,0,datasets/audios/eastern_sliced/jpop/jpop_010_002.wav,jpop,5,30.0,30.0,0.0,44100,24000,1
1532,1532,0,datasets/audios/eastern_sliced/jpop/jpop_011_000.wav,jpop,5,30.0,30.0,0.0,44100,24000,1
1533,1533,0,datasets/audios/eastern_sliced/jpop/jpop_011_001.wav,jpop,5,30.0,30.0,0.0,44100,24000,1
1534,1534,0,datasets/audios/eastern_sliced/jpop/jpop_011_002.wav,jpop,5,30.0,30.0,0.0,44100,24000,1
1535,1535,0,datasets/audios/eastern_sliced/jpop/jpop_012_000.wav,jpop,5,30.0,30.0,0.0,44100,24000,1
1536,1536,0,datasets/audios/eastern_sliced/jpop/jpop_012_001.wav,jpop,5,30.0,30.0,0.0,44100,24000,1
1537,1537,0,datasets/audios/eastern_sliced/jpop/jpop_012_002.wav,jpop,5,30.0,30.0,0.0,44100,24000,1
1538,1538,0,datasets/audios/eastern_sliced/jpop/jpop_013_000.wav,jpop,5,30.0,30.0,0.0,44100,24000,1
1539,1539,0,datasets/audios/eastern_sliced/jpop/jpop_013_001.wav,jpop,5,30.0,30.0,0.0,44100,24000,1
1540,1540,0,datasets/audios/eastern_sliced/jpop/jpop_013_002.wav,jpop,5,30.0,30.0,0.0,44100,24000,1
1541,1541,0,datasets/audios/eastern_sliced/jpop/jpop_014_000.wav,jpop,5,30.0,30.0,0.0,44100,24000,1
1542,1542,0,datasets/audios/eastern_sliced/jpop/jpop_014_001.wav,jpop,5,30.0,30.0,0.0,44100,24000,1
1543,1543,0,datasets/audios/eastern_sliced/jpop/jpop_014_002.wav,jpop,5,30.0,30.0,0.0,44100,24000,1
1544,1544,0,datasets/audios/eastern_sliced/jpop/jpop_015_000.wav,jpop,5,30.0,30.0,0.0,44100,24000,1
1545,1545,0,datasets/audios/eastern_sliced/jpop/jpop_015_001.wav,jpop,5,30.0,30.0,0.0,44100,24000,1
1546,1546,0,datasets/audios/eastern_sliced/jpop/jpop_015_002.wav,jpop,5,30.0,30.0,0.0,44100,24000,1
1547,1547,0,datasets/audios/eastern_sliced/jpop/jpop_016_000.wav,jpop,5,30.0,30.0,0.0,44100,24000,1
1548,1548,0,datasets/audios/eastern_sliced/jpop/jpop_016_001.wav,jpop,5,30.0,30.0,0.0,44100,24000,1
1549,1549,0,datasets/audios/eastern_sliced/jpop/jpop_016_002.wav,jpop,5,30.0,30.0,0.0,44100,24000,1
1550,1550,0,datasets/audios/eastern_sliced/jpop/jpop_017_000.wav,jpop,5,30.0,30.0,0.0,44100,24000,1
1551,1551,0,datasets/audios/eastern_sliced/jpop/jpop_017_001.wav,jpop,5,30.0,30.0,0.0,44100,24000,1
1552,1552,0,datasets/audios/eastern_sliced/jpop/jpop_017_002.wav,jpop,5,30.0,30.0,0.0,44100,24000,1
1553,1553,0,datasets/audios/eastern_sliced/jpop/jpop_018_000.wav,jpop,5,30.0,30.0,0.0,44100,24000,1
1554,1554,0,datasets/audios/eastern_sliced/jpop/jpop_018_001.wav,jpop,5,30.0,30.0,0.0,44100,24000,1
1555,1555,0,datasets/audios/eastern_sliced/jpop/jpop_018_002.wav,jpop,5,30.0,30.0,0.0,44100,24000,1
1556,1556,0,datasets/audios/eastern_sliced/jpop/jpop_019_000.wav,jpop,5,30.0,30.0,0.0,44100,24000,1
1557,1557,0,datasets/audios/eastern_sliced/jpop/jpop_019_001.wav,jpop,5,30.0,30.0,0.0,44100,24000,1
1558,1558,0,datasets/audios/eastern_sliced/jpop/jpop_019_002.wav,jpop,5,30.0,30.0,0.0,44100,24000,1
1559,1559,0,datasets/audios/eastern_sliced/jpop/jpop_020_000.wav,jpop,5,30.0,30.0,0.0,44100,24000,1
1560,1560,0,datasets/audios/eastern_sliced/jpop/jpop_020_001.wav,jpop,5,30.0,30.0,0.0,44100,24000,1
1561,1561,0,datasets/audios/eastern_sliced/jpop/jpop_020_002.wav,jpop,5,30.0,30.0,0.0,44100,24000,1
1562,1562,0,datasets/audios/eastern_sliced/jpop/jpop_021_000.wav,jpop,5,30.0,30.0,0.0,44100,24000,1
1563,1563,0,datasets/audios/eastern_sliced/jpop/jpop_021_001.wav,jpop,5,30.0,30.0,0.0,44100,24000,1
1564,1564,0,datasets/audios/eastern_sliced/jpop/jpop_021_002.wav,jpop,5,30.0,30.0,0.0,44100,24000,1
1565,1565,0,datasets/audios/eastern_sliced/jpop/jpop_022_000.wav,jpop,5,30.0,30.0,0.0,44100,24000,1
1566,1566,0,datasets/audios/eastern_sliced/jpop/jpop_022_001.wav,jpop,5,30.0,30.0,0.0,44100,24000,1
1567,1567,0,datasets/audios/eastern_sliced/jpop/jpop_022_002.wav,jpop,5,30.0,30.0,0.0,44100,24000,1
1568,1568,0,datasets/audios/eastern_sliced/jpop/jpop_023_000.wav,jpop,5,30.0,30.0,0.0,44100,24000,1
1569,1569,0,datasets/audios/eastern_sliced/jpop/jpop_023_001.wav,jpop,5,30.0,30.0,0.0,44100,24000,1
1570,1570,0,datasets/audios/eastern_sliced/jpop/jpop_023_002.wav,jpop,5,30.0,30.0,0.0,44100,24000,1
1571,1571,0,datasets/audios/eastern_sliced/jpop/jpop_024_000.wav,jpop,5,30.0,30.0,0.0,44100,24000,1
1572,1572,0,datasets/audios/eastern_sliced/jpop/jpop_024_001.wav,jpop,5,30.0,30.0,0.0,44100,24000,1
1573,1573,0,datasets/audios/eastern_sliced/jpop/jpop_024_002.wav,jpop,5,30.0,30.0,0.0,44100,24000,1
1574,1574,0,datasets/audios/eastern_sliced/jpop/jpop_025_000.wav,jpop,5,30.0,30.0,0.0,44100,24000,1
1575,1575,0,datasets/audios/eastern_sliced/jpop/jpop_025_001.wav,jpop,5,30.0,30.0,0.0,44100,24000,1
1576,1576,0,datasets/audios/eastern_sliced/jpop/jpop_025_002.wav,jpop,5,30.0,30.0,0.0,44100,24000,1
1577,1577,0,datasets/audios/eastern_sliced/jpop/jpop_026_000.wav,jpop,5,30.0,30.0,0.0,44100,24000,1
1578,1578,0,datasets/audios/eastern_sliced/jpop/jpop_026_001.wav,jpop,5,30.0,30.0,0.0,44100,24000,1
1579,1579,0,datasets/audios/eastern_sliced/jpop/jpop_026_002.wav,jpop,5,30.0,30.0,0.0,44100,24000,1
1580,1580,0,datasets/audios/eastern_sliced/jpop/jpop_027_000.wav,jpop,5,30.0,30.0,0.0,44100,24000,1
1581,1581,0,datasets/audios/eastern_sliced/jpop/jpop_027_001.wav,jpop,5,30.0,30.0,0.0,44100,24000,1
1582,1582,0,datasets/audios/eastern_sliced/jpop/jpop_027_002.wav,jpop,5,30.0,30.0,0.0,44100,24000,1
1583,1583,0,datasets/audios/eastern_sliced/jpop/jpop_028_000.wav,jpop,5,30.0,30.0,0.0,44100,24000,1
1584,1584,0,datasets/audios/eastern_sliced/jpop/jpop_028_001.wav,jpop,5,30.0,30.0,0.0,44100,24000,1
1585,1585,0,datasets/audios/eastern_sliced/jpop/jpop_028_002.wav,jpop,5,30.0,30.0,0.0,44100,24000,1
1586,1586,0,datasets/audios/eastern_sliced/jpop/jpop_029_000.wav,jpop,5,30.0,30.0,0.0,44100,24000,1
1587,1587,0,datasets/audios/eastern_sliced/jpop/jpop_029_001.wav,jpop,5,30.0,30.0,0.0,44100,24000,1
1588,1588,0,datasets/audios/eastern_sliced/jpop/jpop_029_002.wav,jpop,5,30.0,30.0,0.0,44100,24000,1
1589,1589,0,datasets/audios/eastern_sliced/jpop/jpop_030_000.wav,jpop,5,30.0,30.0,0.0,44100,24000,1
1590,1590,0,datasets/audios/eastern_sliced/jpop/jpop_030_001.wav,jpop,5,30.0,30.0,0.0,44100,24000,1
1591,1591,0,datasets/audios/eastern_sliced/jpop/jpop_030_002.wav,jpop,5,30.0,30.0,0.0,44100,24000,1
1592,1592,0,datasets/audios/eastern_sliced/jpop/jpop_031_000.wav,jpop,5,30.0,30.0,0.0,44100,24000,1
1593,1593,0,datasets/audios/eastern_sliced/jpop/jpop_031_001.wav,jpop,5,30.0,30.0,0.0,44100,24000,1
1594,1594,0,datasets/audios/eastern_sliced/jpop/jpop_031_002.wav,jpop,5,30.0,30.0,0.0,44100,24000,1
1595,1595,0,datasets/audios/eastern_sliced/jpop/jpop_032_000.wav,jpop,5,30.0,30.0,0.0,48000,24000,1
1596,1596,0,datasets/audios/eastern_sliced/jpop/jpop_032_001.wav,jpop,5,30.0,30.0,0.0,48000,24000,1
1597,1597,0,datasets/audios/eastern_sliced/jpop/jpop_032_002.wav,jpop,5,30.0,30.0,0.0,48000,24000,1
1598,1598,0,datasets/audios/eastern_sliced/jpop/jpop_033_000.wav,jpop,5,30.0,30.0,0.0,48000,24000,1
1599,1599,0,datasets/audios/eastern_sliced/jpop/jpop_033_001.wav,jpop,5,30.0,30.0,0.0,48000,24000,1
1600,1600,0,datasets/audios/eastern_sliced/jpop/jpop_033_002.wav,jpop,5,30.0,30.0,0.0,48000,24000,1
1601,1601,0,datasets/audios/eastern_sliced/jpop/jpop_034_000.wav,jpop,5,30.0,30.0,0.0,48000,24000,1
1602,1602,0,datasets/audios/eastern_sliced/jpop/jpop_034_001.wav,jpop,5,30.0,30.0,0.0,48000,24000,1
1603,1603,0,datasets/audios/eastern_sliced/jpop/jpop_034_002.wav,jpop,5,30.0,30.0,0.0,48000,24000,1
1604,1604,0,datasets/audios/eastern_sliced/jpop/jpop_035_000.wav,jpop,5,30.0,30.0,0.0,48000,24000,1
1605,1605,0,datasets/audios/eastern_sliced/jpop/jpop_035_001.wav,jpop,5,30.0,30.0,0.0,48000,24000,1
1606,1606,0,datasets/audios/eastern_sliced/jpop/jpop_035_002.wav,jpop,5,30.0,30.0,0.0,48000,24000,1
1607,1607,0,datasets/audios/eastern_sliced/jpop/jpop_036_000.wav,jpop,5,30.0,30.0,0.0,48000,24000,1
1608,1608,0,datasets/audios/eastern_sliced/jpop/jpop_036_001.wav,jpop,5,30.0,30.0,0.0,48000,24000,1
1609,1609,0,datasets/audios/eastern_sliced/jpop/jpop_036_002.wav,jpop,5,30.0,30.0,0.0,48000,24000,1
1610,1610,0,datasets/audios/eastern_sliced/jpop/jpop_037_000.wav,jpop,5,30.0,30.0,0.0,48000,24000,1
1611,1611,0,datasets/audios/eastern_sliced/jpop/jpop_037_001.wav,jpop,5,30.0,30.0,0.0,48000,24000,1
1612,1612,0,datasets/audios/eastern_sliced/jpop/jpop_037_002.wav,jpop,5,30.0,30.0,0.0,48000,24000,1
1613,1613,0,datasets/audios/eastern_sliced/jpop/jpop_038_000.wav,jpop,5,30.0,30.0,0.0,48000,24000,1
1614,1614,0,datasets/audios/eastern_sliced/jpop/jpop_038_001.wav,jpop,5,30.0,30.0,0.0,48000,24000,1
1615,1615,0,datasets/audios/eastern_sliced/jpop/jpop_038_002.wav,jpop,5,30.0,30.0,0.0,48000,24000,1
1616,1616,0,datasets/audios/eastern_sliced/jpop/jpop_039_000.wav,jpop,5,30.0,30.0,0.0,48000,24000,1
1617,1617,0,datasets/audios/eastern_sliced/jpop/jpop_039_001.wav,jpop,5,30.0,30.0,0.0,48000,24000,1
1618,1618,0,datasets/audios/eastern_sliced/jpop/jpop_039_002.wav,jpop,5,30.0,30.0,0.0,48000,24000,1
1619,1619,0,datasets/audios/eastern_sliced/jpop/jpop_040_000.wav,jpop,5,30.0,30.0,0.0,48000,24000,1
1620,1620,0,datasets/audios/eastern_sliced/jpop/jpop_040_001.wav,jpop,5,30.0,30.0,0.0,48000,24000,1
1621,1621,0,datasets/audios/eastern_sliced/jpop/jpop_040_002.wav,jpop,5,30.0,30.0,0.0,48000,24000,1
1622,1622,0,datasets/audios/eastern_sliced/jpop/jpop_041_000.wav,jpop,5,30.0,30.0,0.0,48000,24000,1
1623,1623,0,datasets/audios/eastern_sliced/jpop/jpop_041_001.wav,jpop,5,30.0,30.0,0.0,48000,24000,1
1624,1624,0,datasets/audios/eastern_sliced/jpop/jpop_041_002.wav,jpop,5,30.0,30.0,0.0,48000,24000,1
1625,1625,0,datasets/audios/eastern_sliced/jpop/jpop_042_000.wav,jpop,5,30.0,30.0,0.0,48000,24000,1
1626,1626,0,datasets/audios/eastern_sliced/jpop/jpop_042_001.wav,jpop,5,30.0,30.0,0.0,48000,24000,1
1627,1627,0,datasets/audios/eastern_sliced/jpop/jpop_042_002.wav,jpop,5,30.0,30.0,0.0,48000,24000,1
1628,1628,0,datasets/audios/eastern_sliced/jpop/jpop_043_000.wav,jpop,5,30.0,30.0,0.0,48000,24000,1
1629,1629,0,datasets/audios/eastern_sliced/jpop/jpop_043_001.wav,jpop,5,30.0,30.0,0.0,48000,24000,1
1630,1630,0,datasets/audios/eastern_sliced/jpop/jpop_043_002.wav,jpop,5,30.0,30.0,0.0,48000,24000,1
1631,1631,0,datasets/audios/eastern_sliced/jpop/jpop_044_000.wav,jpop,5,30.0,30.0,0.0,48000,24000,1
1632,1632,0,datasets/audios/eastern_sliced/jpop/jpop_044_001.wav,jpop,5,30.0,30.0,0.0,48000,24000,1
1633,1633,0,datasets/audios/eastern_sliced/jpop/jpop_044_002.wav,jpop,5,30.0,30.0,0.0,48000,24000,1
1634,1634,0,datasets/audios/eastern_sliced/jpop/jpop_045_000.wav,jpop,5,30.0,30.0,0.0,48000,24000,1
1635,1635,0,datasets/audios/eastern_sliced/jpop/jpop_045_001.wav,jpop,5,30.0,30.0,0.0,48000,24000,1
1636,1636,0,datasets/audios/eastern_sliced/jpop/jpop_045_002.wav,jpop,5,30.0,30.0,0.0,48000,24000,1
1637,1637,0,datasets/audios/eastern_sliced/jpop/jpop_046_000.wav,jpop,5,30.0,30.0,0.0,48000,24000,1
1638,1638,0,datasets/audios/eastern_sliced/jpop/jpop_046_001.wav,jpop,5,30.0,30.0,0.0,48000,24000,1
1639,1639,0,datasets/audios/eastern_sliced/jpop/jpop_046_002.wav,jpop,5,30.0,30.0,0.0,48000,24000,1
1640,1640,0,datasets/audios/eastern_sliced/jpop/jpop_047_000.wav,jpop,5,30.0,30.0,0.0,48000,24000,1
1641,1641,0,datasets/audios/eastern_sliced/jpop/jpop_047_001.wav,jpop,5,30.0,30.0,0.0,48000,24000,1
1642,1642,0,datasets/audios/eastern_sliced/jpop/jpop_047_002.wav,jpop,5,30.0,30.0,0.0,48000,24000,1
1643,1643,0,datasets/audios/eastern_sliced/jpop/jpop_048_000.wav,jpop,5,30.0,30.0,0.0,48000,24000,1
1644,1644,0,datasets/audios/eastern_sliced/jpop/jpop_048_001.wav,jpop,5,30.0,30.0,0.0,48000,24000,1
1645,1645,0,datasets/audios/eastern_sliced/jpop/jpop_048_002.wav,jpop,5,30.0,30.0,0.0,48000,24000,1
1646,1646,0,datasets/audios/eastern_sliced/jpop/jpop_049_000.wav,jpop,5,30.0,30.0,0.0,48000,24000,1
1647,1647,0,datasets/audios/eastern_sliced/jpop/jpop_049_001.wav,jpop,5,30.0,30.0,0.0,48000,24000,1
1648,1648,0,datasets/audios/eastern_sliced/jpop/jpop_049_002.wav,jpop,5,30.0,30.0,0.0,48000,24000,1
1649,1649,0,datasets/audios/eastern_sliced/jpop/jpop_050_000.wav,jpop,5,30.0,30.0,0.0,48000,24000,1
1650,1650,0,datasets/audios/eastern_sliced/jpop/jpop_050_001.wav,jpop,5,30.0,30.0,0.0,48000,24000,1
1651,1651,0,datasets/audios/eastern_sliced/jpop/jpop_050_002.wav,jpop,5,30.0,30.0,0.0,48000,24000,1
1652,1652,0,datasets/audios/eastern_sliced/jpop/jpop_051_000.wav,jpop,5,30.0,30.0,0.0,48000,24000,1
1653,1653,0,datasets/audios/eastern_sliced/jpop/jpop_051_001.wav,jpop,5,30.0,30.0,0.0,48000,24000,1
1654,1654,0,datasets/audios/eastern_sliced/jpop/jpop_051_002.wav,jpop,5,30.0,30.0,0.0,48000,24000,1
1655,1655,0,datasets/audios/eastern_sliced/jpop/jpop_052_000.wav,jpop,5,30.0,30.0,0.0,48000,24000,1
1656,1656,0,datasets/audios/eastern_sliced/jpop/jpop_052_001.wav,jpop,5,30.0,30.0,0.0,48000,24000,1
1657,1657,0,datasets/audios/eastern_sliced/jpop/jpop_052_002.wav,jpop,5,30.0,30.0,0.0,48000,24000,1
1658,1658,0,datasets/audios/eastern_sliced/jpop/jpop_053_000.wav,jpop,5,30.0,30.0,0.0,48000,24000,1
1659,1659,0,datasets/audios/eastern_sliced/jpop/jpop_053_001.wav,jpop,5,30.0,30.0,0.0,48000,24000,1
1660,1660,0,datasets/audios/eastern_sliced/jpop/jpop_053_002.wav,jpop,5,30.0,30.0,0.0,48000,24000,1
1661,1661,0,datasets/audios/eastern_sliced/jpop/jpop_054_000.wav,jpop,5,30.0,30.0,0.0,48000,24000,1
1662,1662,0,datasets/audios/eastern_sliced/jpop/jpop_054_001.wav,jpop,5,30.0,30.0,0.0,48000,24000,1
1663,1663,0,datasets/audios/eastern_sliced/jpop/jpop_054_002.wav,jpop,5,30.0,30.0,0.0,48000,24000,1
1664,1664,0,datasets/audios/eastern_sliced/jpop/jpop_055_000.wav,jpop,5,30.0,30.0,0.0,48000,24000,1
1665,1665,0,datasets/audios/eastern_sliced/jpop/jpop_055_001.wav,jpop,5,30.0,30.0,0.0,48000,24000,1
1666,1666,0,datasets/audios/eastern_sliced/jpop/jpop_055_002.wav,jpop,5,30.0,30.0,0.0,48000,24000,1
1667,1667,0,datasets/audios/eastern_sliced/jpop/jpop_056_000.wav,jpop,5,30.0,30.0,0.0,48000,24000,1
1668,1668,0,datasets/audios/eastern_sliced/jpop/jpop_056_001.wav,jpop,5,30.0,30.0,0.0,48000,24000,1
1669,1669,0,datasets/audios/eastern_sliced/jpop/jpop_056_002.wav,jpop,5,30.0,30.0,0.0,48000,24000,1
1670,1670,0,datasets/audios/eastern_sliced/jpop/jpop_057_000.wav,jpop,5,30.0,30.0,0.0,48000,24000,1
1671,1671,0,datasets/audios/eastern_sliced/jpop/jpop_057_001.wav,jpop,5,30.0,30.0,0.0,48000,24000,1
1672,1672,0,datasets/audios/eastern_sliced/jpop/jpop_057_002.wav,jpop,5,30.0,30.0,0.0,48000,24000,1
1673,1673,0,datasets/audios/eastern_sliced/jpop/jpop_058_000.wav,jpop,5,30.0,30.0,0.0,48000,24000,1
1674,1674,0,datasets/audios/eastern_sliced/jpop/jpop_058_001.wav,jpop,5,30.0,30.0,0.0,48000,24000,1
1675,1675,0,datasets/audios/eastern_sliced/jpop/jpop_058_002.wav,jpop,5,30.0,30.0,0.0,48000,24000,1
1676,1676,0,datasets/audios/eastern_sliced/jpop/jpop_059_000.wav,jpop,5,30.0,30.0,0.0,48000,24000,1
1677,1677,0,datasets/audios/eastern_sliced/jpop/jpop_059_001.wav,jpop,5,30.0,30.0,0.0,48000,24000,1
1678,1678,0,datasets/audios/eastern_sliced/jpop/jpop_059_002.wav,jpop,5,30.0,30.0,0.0,48000,24000,1
1679,1679,0,datasets/audios/eastern_sliced/jpop/jpop_060_000.wav,jpop,5,30.0,30.0,0.0,48000,24000,1
1680,1680,0,datasets/audios/eastern_sliced/jpop/jpop_060_001.wav,jpop,5,30.0,30.0,0.0,48000,24000,1
1681,1681,0,datasets/audios/eastern_sliced/jpop/jpop_060_002.wav,jpop,5,30.0,30.0,0.0,48000,24000,1
1682,1682,0,datasets/audios/eastern_sliced/jpop/jpop_061_000.wav,jpop,5,30.0,30.0,0.0,48000,24000,1
1683,1683,0,datasets/audios/eastern_sliced/jpop/jpop_061_001.wav,jpop,5,30.0,30.0,0.0,48000,24000,1
1684,1684,0,datasets/audios/eastern_sliced/jpop/jpop_061_002.wav,jpop,5,30.0,30.0,0.0,48000,24000,1
1685,1685,0,datasets/audios/eastern_sliced/jpop/jpop_062_000.wav,jpop,5,30.0,30.0,0.0,48000,24000,1
1686,1686,0,datasets/audios/eastern_sliced/jpop/jpop_062_001.wav,jpop,5,30.0,30.0,0.0,48000,24000,1
1687,1687,0,datasets/audios/eastern_sliced/jpop/jpop_062_002.wav,jpop,5,30.0,30.0,0.0,48000,24000,1
1688,1688,0,datasets/audios/eastern_sliced/jpop/jpop_063_000.wav,jpop,5,30.0,30.0,0.0,48000,24000,1
1689,1689,0,datasets/audios/eastern_sliced/jpop/jpop_063_001.wav,jpop,5,30.0,30.0,0.0,48000,24000,1
1690,1690,0,datasets/audios/eastern_sliced/jpop/jpop_063_002.wav,jpop,5,30.0,30.0,0.0,48000,24000,1
1691,1691,0,datasets/audios/eastern_sliced/jpop/jpop_064_000.wav,jpop,5,30.0,30.0,0.0,48000,24000,1
1692,1692,0,datasets/audios/eastern_sliced/jpop/jpop_064_001.wav,jpop,5,30.0,30.0,0.0,48000,24000,1
1693,1693,0,datasets/audios/eastern_sliced/jpop/jpop_064_002.wav,jpop,5,30.0,30.0,0.0,48000,24000,1
1694,1694,0,datasets/audios/eastern_sliced/jpop/jpop_065_000.wav,jpop,5,30.0,30.0,0.0,48000,24000,1
1695,1695,0,datasets/audios/eastern_sliced/jpop/jpop_065_001.wav,jpop,5,30.0,30.0,0.0,48000,24000,1
1696,1696,0,datasets/audios/eastern_sliced/jpop/jpop_065_002.wav,jpop,5,30.0,30.0,0.0,48000,24000,1
1697,1697,0,datasets/audios/eastern_sliced/jpop/jpop_066_000.wav,jpop,5,30.0,30.0,0.0,48000,24000,1
1698,1698,0,datasets/audios/eastern_sliced/jpop/jpop_066_001.wav,jpop,5,30.0,30.0,0.0,48000,24000,1
1699,1699,0,datasets/audios/eastern_sliced/jpop/jpop_066_002.wav,jpop,5,30.0,30.0,0.0,48000,24000,1
1700,1700,0,datasets/audios/eastern_sliced/jpop/jpop_067_000.wav,jpop,5,30.0,30.0,0.0,48000,24000,1
1701,1701,0,datasets/audios/eastern_sliced/jpop/jpop_067_001.wav,jpop,5,30.0,30.0,0.0,48000,24000,1
1702,1702,0,datasets/audios/eastern_sliced/jpop/jpop_067_002.wav,jpop,5,30.0,30.0,0.0,48000,24000,1
1703,1703,0,datasets/audios/eastern_sliced/kpop/kpop_000_000.wav,kpop,6,30.0,30.0,0.0,44100,24000,1
1704,1704,0,datasets/audios/eastern_sliced/kpop/kpop_000_001.wav,kpop,6,30.0,30.0,0.0,44100,24000,1
1705,1705,0,datasets/audios/eastern_sliced/kpop/kpop_000_002.wav,kpop,6,30.0,30.0,0.0,44100,24000,1
1706,1706,0,datasets/audios/eastern_sliced/kpop/kpop_001_000.wav,kpop,6,30.0,30.0,0.0,44100,24000,1
1707,1707,0,datasets/audios/eastern_sliced/kpop/kpop_001_001.wav,kpop,6,30.0,30.0,0.0,44100,24000,1
1708,1708,0,datasets/audios/eastern_sliced/kpop/kpop_001_002.wav,kpop,6,30.0,30.0,0.0,44100,24000,1
1709,1709,0,datasets/audios/eastern_sliced/kpop/kpop_002_000.wav,kpop,6,30.0,30.0,0.0,44100,24000,1
1710,1710,0,datasets/audios/eastern_sliced/kpop/kpop_002_001.wav,kpop,6,30.0,30.0,0.0,44100,24000,1
1711,1711,0,datasets/audios/eastern_sliced/kpop/kpop_002_002.wav,kpop,6,30.0,30.0,0.0,44100,24000,1
1712,1712,0,datasets/audios/eastern_sliced/kpop/kpop_003_000.wav,kpop,6,30.0,30.0,0.0,44100,24000,1
1713,1713,0,datasets/audios/eastern_sliced/kpop/kpop_003_001.wav,kpop,6,30.0,30.0,0.0,44100,24000,1
1714,1714,0,datasets/audios/eastern_sliced/kpop/kpop_003_002.wav,kpop,6,30.0,30.0,0.0,44100,24000,1
1715,1715,0,datasets/audios/eastern_sliced/kpop/kpop_004_000.wav,kpop,6,30.0,30.0,0.0,44100,24000,1
1716,1716,0,datasets/audios/eastern_sliced/kpop/kpop_004_001.wav,kpop,6,30.0,30.0,0.0,44100,24000,1
1717,1717,0,datasets/audios/eastern_sliced/kpop/kpop_004_002.wav,kpop,6,30.0,30.0,0.0,44100,24000,1
1718,1718,0,datasets/audios/eastern_sliced/kpop/kpop_005_000.wav,kpop,6,30.0,30.0,0.0,44100,24000,1
1719,1719,0,datasets/audios/eastern_sliced/kpop/kpop_005_001.wav,kpop,6,30.0,30.0,0.0,44100,24000,1
1720,1720,0,datasets/audios/eastern_sliced/kpop/kpop_005_002.wav,kpop,6,30.0,30.0,0.0,44100,24000,1
1721,1721,0,datasets/audios/eastern_sliced/kpop/kpop_006_000.wav,kpop,6,30.0,30.0,0.0,44100,24000,1
1722,1722,0,datasets/audios/eastern_sliced/kpop/kpop_006_001.wav,kpop,6,30.0,30.0,0.0,44100,24000,1
1723,1723,0,datasets/audios/eastern_sliced/kpop/kpop_006_002.wav,kpop,6,30.0,30.0,0.0,44100,24000,1
1724,1724,0,datasets/audios/eastern_sliced/kpop/kpop_007_000.wav,kpop,6,30.0,30.0,0.0,44100,24000,1
1725,1725,0,datasets/audios/eastern_sliced/kpop/kpop_007_001.wav,kpop,6,30.0,30.0,0.0,44100,24000,1
1726,1726,0,datasets/audios/eastern_sliced/kpop/kpop_007_002.wav,kpop,6,30.0,30.0,0.0,44100,24000,1
1727,1727,0,datasets/audios/eastern_sliced/kpop/kpop_008_000.wav,kpop,6,30.0,30.0,0.0,44100,24000,1
1728,1728,0,datasets/audios/eastern_sliced/kpop/kpop_008_001.wav,kpop,6,30.0,30.0,0.0,44100,24000,1
1729,1729,0,datasets/audios/eastern_sliced/kpop/kpop_008_002.wav,kpop,6,30.0,30.0,0.0,44100,24000,1
1730,1730,0,datasets/audios/eastern_sliced/kpop/kpop_009_000.wav,kpop,6,30.0,30.0,0.0,44100,24000,1
1731,1731,0,datasets/audios/eastern_sliced/kpop/kpop_009_001.wav,kpop,6,30.0,30.0,0.0,44100,24000,1
1732,1732,0,datasets/audios/eastern_sliced/kpop/kpop_009_002.wav,kpop,6,30.0,30.0,0.0,44100,24000,1
1733,1733,0,datasets/audios/eastern_sliced/kpop/kpop_010_000.wav,kpop,6,30.0,30.0,0.0,44100,24000,1
1734,1734,0,datasets/audios/eastern_sliced/kpop/kpop_010_001.wav,kpop,6,30.0,30.0,0.0,44100,24000,1
1735,1735,0,datasets/audios/eastern_sliced/kpop/kpop_010_002.wav,kpop,6,30.0,30.0,0.0,44100,24000,1
1736,1736,0,datasets/audios/eastern_sliced/kpop/kpop_011_000.wav,kpop,6,30.0,30.0,0.0,44100,24000,1
1737,1737,0,datasets/audios/eastern_sliced/kpop/kpop_011_001.wav,kpop,6,30.0,30.0,0.0,44100,24000,1
1738,1738,0,datasets/audios/eastern_sliced/kpop/kpop_011_002.wav,kpop,6,30.0,30.0,0.0,44100,24000,1
1739,1739,0,datasets/audios/eastern_sliced/kpop/kpop_012_000.wav,kpop,6,30.0,30.0,0.0,44100,24000,1
1740,1740,0,datasets/audios/eastern_sliced/kpop/kpop_012_001.wav,kpop,6,30.0,30.0,0.0,44100,24000,1
1741,1741,0,datasets/audios/eastern_sliced/kpop/kpop_012_002.wav,kpop,6,30.0,30.0,0.0,44100,24000,1
1742,1742,0,datasets/audios/eastern_sliced/kpop/kpop_013_000.wav,kpop,6,30.0,30.0,0.0,44100,24000,1
1743,1743,0,datasets/audios/eastern_sliced/kpop/kpop_013_001.wav,kpop,6,30.0,30.0,0.0,44100,24000,1
1744,1744,0,datasets/audios/eastern_sliced/kpop/kpop_013_002.wav,kpop,6,30.0,30.0,0.0,44100,24000,1
1745,1745,0,datasets/audios/eastern_sliced/kpop/kpop_014_000.wav,kpop,6,30.0,30.0,0.0,44100,24000,1
1746,1746,0,datasets/audios/eastern_sliced/kpop/kpop_014_001.wav,kpop,6,30.0,30.0,0.0,44100,24000,1
1747,1747,0,datasets/audios/eastern_sliced/kpop/kpop_014_002.wav,kpop,6,30.0,30.0,0.0,44100,24000,1
1748,1748,0,datasets/audios/eastern_sliced/kpop/kpop_015_000.wav,kpop,6,30.0,30.0,0.0,44100,24000,1
1749,1749,0,datasets/audios/eastern_sliced/kpop/kpop_015_001.wav,kpop,6,30.0,30.0,0.0,44100,24000,1
1750,1750,0,datasets/audios/eastern_sliced/kpop/kpop_015_002.wav,kpop,6,30.0,30.0,0.0,44100,24000,1
1751,1751,0,datasets/audios/eastern_sliced/kpop/kpop_016_000.wav,kpop,6,30.0,30.0,0.0,44100,24000,1
1752,1752,0,datasets/audios/eastern_sliced/kpop/kpop_016_001.wav,kpop,6,30.0,30.0,0.0,44100,24000,1
1753,1753,0,datasets/audios/eastern_sliced/kpop/kpop_016_002.wav,kpop,6,30.0,30.0,0.0,44100,24000,1
1754,1754,0,datasets/audios/eastern_sliced/kpop/kpop_017_000.wav,kpop,6,30.0,30.0,0.0,44100,24000,1
1755,1755,0,datasets/audios/eastern_sliced/kpop/kpop_017_001.wav,kpop,6,30.0,30.0,0.0,44100,24000,1
1756,1756,0,datasets/audios/eastern_sliced/kpop/kpop_017_002.wav,kpop,6,30.0,30.0,0.0,44100,24000,1
1757,1757,0,datasets/audios/eastern_sliced/kpop/kpop_018_000.wav,kpop,6,30.0,30.0,0.0,44100,24000,1
1758,1758,0,datasets/audios/eastern_sliced/kpop/kpop_018_001.wav,kpop,6,30.0,30.0,0.0,44100,24000,1
1759,1759,0,datasets/audios/eastern_sliced/kpop/kpop_018_002.wav,kpop,6,30.0,30.0,0.0,44100,24000,1
1760,1760,0,datasets/audios/eastern_sliced/kpop/kpop_019_000.wav,kpop,6,30.0,30.0,0.0,44100,24000,1
1761,1761,0,datasets/audios/eastern_sliced/kpop/kpop_019_001.wav,kpop,6,30.0,30.0,0.0,44100,24000,1
1762,1762,0,datasets/audios/eastern_sliced/kpop/kpop_019_002.wav,kpop,6,30.0,30.0,0.0,44100,24000,1
1763,1763,0,datasets/audios/eastern_sliced/kpop/kpop_020_000.wav,kpop,6,30.0,30.0,0.0,44100,24000,1
1764,1764,0,datasets/audios/eastern_sliced/kpop/kpop_020_001.wav,kpop,6,30.0,30.0,0.0,44100,24000,1
1765,1765,0,datasets/audios/eastern_sliced/kpop/kpop_020_002.wav,kpop,6,30.0,30.0,0.0,44100,24000,1
1766,1766,0,datasets/audios/eastern_sliced/kpop/kpop_021_000.wav,kpop,6,30.0,30.0,0.0,44100,24000,1
1767,1767,0,datasets/audios/eastern_sliced/kpop/kpop_021_001.wav,kpop,6,30.0,30.0,0.0,44100,24000,1
1768,1768,0,datasets/audios/eastern_sliced/kpop/kpop_021_002.wav,kpop,6,30.0,30.0,0.0,44100,24000,1
1769,1769,0,datasets/audios/eastern_sliced/kpop/kpop_022_000.wav,kpop,6,30.0,30.0,0.0,44100,24000,1
1770,1770,0,datasets/audios/eastern_sliced/kpop/kpop_022_001.wav,kpop,6,30.0,30.0,0.0,44100,24000,1
1771,1771,0,datasets/audios/eastern_sliced/kpop/kpop_022_002.wav,kpop,6,30.0,30.0,0.0,44100,24000,1
1772,1772,0,datasets/audios/eastern_sliced/kpop/kpop_023_000.wav,kpop,6,30.0,30.0,0.0,44100,24000,1
1773,1773,0,datasets/audios/eastern_sliced/kpop/kpop_023_001.wav,kpop,6,30.0,30.0,0.0,44100,24000,1
1774,1774,0,datasets/audios/eastern_sliced/kpop/kpop_023_002.wav,kpop,6,30.0,30.0,0.0,44100,24000,1
1775,1775,0,datasets/audios/eastern_sliced/kpop/kpop_024_000.wav,kpop,6,30.0,30.0,0.0,44100,24000,1
1776,1776,0,datasets/audios/eastern_sliced/kpop/kpop_024_001.wav,kpop,6,30.0,30.0,0.0,44100,24000,1
1777,1777,0,datasets/audios/eastern_sliced/kpop/kpop_024_002.wav,kpop,6,30.0,30.0,0.0,44100,24000,1
1778,1778,0,datasets/audios/eastern_sliced/kpop/kpop_025_000.wav,kpop,6,30.0,30.0,0.0,44100,24000,1
1779,1779,0,datasets/audios/eastern_sliced/kpop/kpop_025_001.wav,kpop,6,30.0,30.0,0.0,44100,24000,1
1780,1780,0,datasets/audios/eastern_sliced/kpop/kpop_025_002.wav,kpop,6,30.0,30.0,0.0,44100,24000,1
1781,1781,0,datasets/audios/eastern_sliced/kpop/kpop_026_000.wav,kpop,6,30.0,30.0,0.0,44100,24000,1
1782,1782,0,datasets/audios/eastern_sliced/kpop/kpop_026_001.wav,kpop,6,30.0,30.0,0.0,44100,24000,1
1783,1783,0,datasets/audios/eastern_sliced/kpop/kpop_026_002.wav,kpop,6,30.0,30.0,0.0,44100,24000,1
1784,1784,0,datasets/audios/eastern_sliced/kpop/kpop_027_000.wav,kpop,6,30.0,30.0,0.0,44100,24000,1
1785,1785,0,datasets/audios/eastern_sliced/kpop/kpop_027_001.wav,kpop,6,30.0,30.0,0.0,44100,24000,1
1786,1786,0,datasets/audios/eastern_sliced/kpop/kpop_027_002.wav,kpop,6,30.0,30.0,0.0,44100,24000,1
1787,1787,0,datasets/audios/eastern_sliced/kpop/kpop_028_000.wav,kpop,6,30.0,30.0,0.0,44100,24000,1
1788,1788,0,datasets/audios/eastern_sliced/kpop/kpop_028_001.wav,kpop,6,30.0,30.0,0.0,44100,24000,1
1789,1789,0,datasets/audios/eastern_sliced/kpop/kpop_028_002.wav,kpop,6,30.0,30.0,0.0,44100,24000,1
1790,1790,0,datasets/audios/eastern_sliced/kpop/kpop_029_000.wav,kpop,6,30.0,30.0,0.0,44100,24000,1
1791,1791,0,datasets/audios/eastern_sliced/kpop/kpop_029_001.wav,kpop,6,30.0,30.0,0.0,44100,24000,1
1792,1792,0,datasets/audios/eastern_sliced/kpop/kpop_029_002.wav,kpop,6,30.0,30.0,0.0,44100,24000,1
1793,1793,0,datasets/audios/eastern_sliced/kpop/kpop_030_000.wav,kpop,6,30.0,30.0,0.0,44100,24000,1
1794,1794,0,datasets/audios/eastern_sliced/kpop/kpop_030_001.wav,kpop,6,30.0,30.0,0.0,44100,24000,1
1795,1795,0,datasets/audios/eastern_sliced/kpop/kpop_030_002.wav,kpop,6,30.0,30.0,0.0,44100,24000,1
1796,1796,0,datasets/audios/eastern_sliced/kpop/kpop_031_000.wav,kpop,6,30.0,30.0,0.0,44100,24000,1
1797,1797,0,datasets/audios/eastern_sliced/kpop/kpop_031_001.wav,kpop,6,30.0,30.0,0.0,44100,24000,1
1798,1798,0,datasets/audios/eastern_sliced/kpop/kpop_031_002.wav,kpop,6,30.0,30.0,0.0,44100,24000,1
1799,1799,0,datasets/audios/eastern_sliced/kpop/kpop_032_000.wav,kpop,6,30.0,30.0,0.0,44100,24000,1
1800,1800,0,datasets/audios/eastern_sliced/kpop/kpop_032_001.wav,kpop,6,30.0,30.0,0.0,44100,24000,1
1801,1801,0,datasets/audios/eastern_sliced/kpop/kpop_032_002.wav,kpop,6,30.0,30.0,0.0,44100,24000,1
1802,1802,0,datasets/audios/eastern_sliced/kpop/kpop_033_000.wav,kpop,6,30.0,30.0,0.0,44100,24000,1
1803,1803,0,datasets/audios/eastern_sliced/kpop/kpop_033_001.wav,kpop,6,30.0,30.0,0.0,44100,24000,1
1804,1804,0,datasets/audios/eastern_sliced/kpop/kpop_033_002.wav,kpop,6,30.0,30.0,0.0,44100,24000,1
1805,1805,0,datasets/audios/eastern_sliced/kpop/kpop_034_000.wav,kpop,6,30.0,30.0,0.0,44100,24000,1
1806,1806,0,datasets/audios/eastern_sliced/kpop/kpop_034_001.wav,kpop,6,30.0,30.0,0.0,44100,24000,1
1807,1807,0,datasets/audios/eastern_sliced/kpop/kpop_034_002.wav,kpop,6,30.0,30.0,0.0,44100,24000,1
1808,1808,0,datasets/audios/eastern_sliced/kpop/kpop_035_000.wav,kpop,6,30.0,30.0,0.0,44100,24000,1
1809,1809,0,datasets/audios/eastern_sliced/kpop/kpop_035_001.wav,kpop,6,30.0,30.0,0.0,44100,24000,1
1810,1810,0,datasets/audios/eastern_sliced/kpop/kpop_035_002.wav,kpop,6,30.0,30.0,0.0,44100,24000,1
1811,1811,0,datasets/audios/eastern_sliced/kpop/kpop_036_000.wav,kpop,6,30.0,30.0,0.0,44100,24000,1
1812,1812,0,datasets/audios/eastern_sliced/kpop/kpop_036_001.wav,kpop,6,30.0,30.0,0.0,44100,24000,1
1813,1813,0,datasets/audios/eastern_sliced/kpop/kpop_036_002.wav,kpop,6,30.0,30.0,0.0,44100,24000,1
1814,1814,0,datasets/audios/eastern_sliced/kpop/kpop_037_000.wav,kpop,6,30.0,30.0,0.0,44100,24000,1
1815,1815,0,datasets/audios/eastern_sliced/kpop/kpop_037_001.wav,kpop,6,30.0,30.0,0.0,44100,24000,1
1816,1816,0,datasets/audios/eastern_sliced/kpop/kpop_037_002.wav,kpop,6,30.0,30.0,0.0,44100,24000,1
1817,1817,0,datasets/audios/eastern_sliced/kpop/kpop_038_000.wav,kpop,6,30.0,30.0,0.0,44100,24000,1
1818,1818,0,datasets/audios/eastern_sliced/kpop/kpop_038_001.wav,kpop,6,30.0,30.0,0.0,44100,24000,1
1819,1819,0,datasets/audios/eastern_sliced/kpop/kpop_038_002.wav,kpop,6,30.0,30.0,0.0,44100,24000,1
1820,1820,0,datasets/audios/eastern_sliced/kpop/kpop_039_000.wav,kpop,6,30.0,30.0,0.0,44100,24000,1
1821,1821,0,datasets/audios/eastern_sliced/kpop/kpop_039_001.wav,kpop,6,30.0,30.0,0.0,44100,24000,1
1822,1822,0,datasets/audios/eastern_sliced/kpop/kpop_039_002.wav,kpop,6,30.0,30.0,0.0,44100,24000,1
1823,1823,0,datasets/audios/eastern_sliced/kpop/kpop_040_000.wav,kpop,6,30.0,30.0,0.0,44100,24000,1
1824,1824,0,datasets/audios/eastern_sliced/kpop/kpop_040_001.wav,kpop,6,30.0,30.0,0.0,44100,24000,1
1825,1825,0,datasets/audios/eastern_sliced/kpop/kpop_040_002.wav,kpop,6,30.0,30.0,0.0,44100,24000,1
1826,1826,0,datasets/audios/eastern_sliced/kpop/kpop_041_000.wav,kpop,6,30.0,30.0,0.0,44100,24000,1
1827,1827,0,datasets/audios/eastern_sliced/kpop/kpop_041_001.wav,kpop,6,30.0,30.0,0.0,44100,24000,1
1828,1828,0,datasets/audios/eastern_sliced/kpop/kpop_041_002.wav,kpop,6,30.0,30.0,0.0,44100,24000,1
1829,1829,0,datasets/audios/eastern_sliced/kpop/kpop_042_000.wav,kpop,6,30.0,30.0,0.0,44100,24000,1
1830,1830,0,datasets/audios/eastern_sliced/kpop/kpop_042_001.wav,kpop,6,30.0,30.0,0.0,44100,24000,1
1831,1831,0,datasets/audios/eastern_sliced/kpop/kpop_042_002.wav,kpop,6,30.0,30.0,0.0,44100,24000,1
1832,1832,0,datasets/audios/eastern_sliced/kpop/kpop_043_000.wav,kpop,6,30.0,30.0,0.0,44100,24000,1
1833,1833,0,datasets/audios/eastern_sliced/kpop/kpop_043_001.wav,kpop,6,30.0,30.0,0.0,44100,24000,1
1834,1834,0,datasets/audios/eastern_sliced/kpop/kpop_043_002.wav,kpop,6,30.0,30.0,0.0,44100,24000,1
1835,1835,0,datasets/audios/eastern_sliced/kpop/kpop_044_000.wav,kpop,6,30.0,30.0,0.0,44100,24000,1
1836,1836,0,datasets/audios/eastern_sliced/kpop/kpop_044_001.wav,kpop,6,30.0,30.0,0.0,44100,24000,1
1837,1837,0,datasets/audios/eastern_sliced/kpop/kpop_044_002.wav,kpop,6,30.0,30.0,0.0,44100,24000,1
1838,1838,0,datasets/audios/eastern_sliced/kpop/kpop_045_000.wav,kpop,6,30.0,30.0,0.0,44100,24000,1
1839,1839,0,datasets/audios/eastern_sliced/kpop/kpop_045_001.wav,kpop,6,30.0,30.0,0.0,44100,24000,1
1840,1840,0,datasets/audios/eastern_sliced/kpop/kpop_045_002.wav,kpop,6,30.0,30.0,0.0,44100,24000,1
1841,1841,0,datasets/audios/eastern_sliced/kpop/kpop_046_000.wav,kpop,6,30.0,30.0,0.0,44100,24000,1
1842,1842,0,datasets/audios/eastern_sliced/kpop/kpop_046_001.wav,kpop,6,30.0,30.0,0.0,44100,24000,1
1843,1843,0,datasets/audios/eastern_sliced/kpop/kpop_046_002.wav,kpop,6,30.0,30.0,0.0,44100,24000,1
1844,1844,0,datasets/audios/eastern_sliced/kpop/kpop_047_000.wav,kpop,6,30.0,30.0,0.0,44100,24000,1
1845,1845,0,datasets/audios/eastern_sliced/kpop/kpop_047_001.wav,kpop,6,30.0,30.0,0.0,44100,24000,1
1846,1846,0,datasets/audios/eastern_sliced/kpop/kpop_047_002.wav,kpop,6,30.0,30.0,0.0,44100,24000,1
1847,1847,0,datasets/audios/eastern_sliced/kpop/kpop_048_000.wav,kpop,6,30.0,30.0,0.0,44100,24000,1
1848,1848,0,datasets/audios/eastern_sliced/kpop/kpop_048_001.wav,kpop,6,30.0,30.0,0.0,44100,24000,1
1849,1849,0,datasets/audios/eastern_sliced/kpop/kpop_048_002.wav,kpop,6,30.0,30.0,0.0,44100,24000,1
1850,1850,0,datasets/audios/eastern_sliced/kpop/kpop_049_000.wav,kpop,6,30.0,30.0,0.0,44100,24000,1
1851,1851,0,datasets/audios/eastern_sliced/kpop/kpop_049_001.wav,kpop,6,30.0,30.0,0.0,44100,24000,1
1852,1852,0,datasets/audios/eastern_sliced/kpop/kpop_049_002.wav,kpop,6,30.0,30.0,0.0,44100,24000,1
1853,1853,0,datasets/audios/eastern_sliced/kpop/kpop_050_000.wav,kpop,6,30.0,30.0,0.0,44100,24000,1
1854,1854,0,datasets/audios/eastern_sliced/kpop/kpop_050_001.wav,kpop,6,30.0,30.0,0.0,44100,24000,1
1855,1855,0,datasets/audios/eastern_sliced/kpop/kpop_050_002.wav,kpop,6,30.0,30.0,0.0,44100,24000,1
1856,1856,0,datasets/audios/eastern_sliced/kpop/kpop_051_000.wav,kpop,6,30.0,30.0,0.0,44100,24000,1
1857,1857,0,datasets/audios/eastern_sliced/kpop/kpop_051_001.wav,kpop,6,30.0,30.0,0.0,44100,24000,1
1858,1858,0,datasets/audios/eastern_sliced/kpop/kpop_051_002.wav,kpop,6,30.0,30.0,0.0,44100,24000,1
1859,1859,0,datasets/audios/eastern_sliced/kpop/kpop_052_000.wav,kpop,6,30.0,30.0,0.0,44100,24000,1
1860,1860,0,datasets/audios/eastern_sliced/kpop/kpop_052_001.wav,kpop,6,30.0,30.0,0.0,44100,24000,1
1861,1861,0,datasets/audios/eastern_sliced/kpop/kpop_052_002.wav,kpop,6,30.0,30.0,0.0,44100,24000,1
1862,1862,0,datasets/audios/eastern_sliced/kpop/kpop_053_000.wav,kpop,6,30.0,30.0,0.0,44100,24000,1
1863,1863,0,datasets/audios/eastern_sliced/kpop/kpop_053_001.wav,kpop,6,30.0,30.0,0.0,44100,24000,1
1864,1864,0,datasets/audios/eastern_sliced/kpop/kpop_053_002.wav,kpop,6,30.0,30.0,0.0,44100,24000,1
1865,1865,0,datasets/audios/eastern_sliced/kpop/kpop_054_000.wav,kpop,6,30.0,30.0,0.0,44100,24000,1
1866,1866,0,datasets/audios/eastern_sliced/kpop/kpop_054_001.wav,kpop,6,30.0,30.0,0.0,44100,24000,1
1867,1867,0,datasets/audios/eastern_sliced/kpop/kpop_054_002.wav,kpop,6,30.0,30.0,0.0,44100,24000,1
1868,1868,0,datasets/audios/eastern_sliced/kpop/kpop_055_000.wav,kpop,6,30.0,30.0,0.0,44100,24000,1
1869,1869,0,datasets/audios/eastern_sliced/kpop/kpop_055_001.wav,kpop,6,30.0,30.0,0.0,44100,24000,1
1870,1870,0,datasets/audios/eastern_sliced/kpop/kpop_055_002.wav,kpop,6,30.0,30.0,0.0,44100,24000,1
1871,1871,0,datasets/audios/eastern_sliced/kpop/kpop_056_000.wav,kpop,6,30.0,30.0,0.0,44100,24000,1
1872,1872,0,datasets/audios/eastern_sliced/kpop/kpop_056_001.wav,kpop,6,30.0,30.0,0.0,44100,24000,1
1873,1873,0,datasets/audios/eastern_sliced/kpop/kpop_056_002.wav,kpop,6,30.0,30.0,0.0,44100,24000,1
1874,1874,0,datasets/audios/eastern_sliced/kpop/kpop_057_000.wav,kpop,6,30.0,30.0,0.0,44100,24000,1
1875,1875,0,datasets/audios/eastern_sliced/kpop/kpop_057_001.wav,kpop,6,30.0,30.0,0.0,44100,24000,1
1876,1876,0,datasets/audios/eastern_sliced/kpop/kpop_057_002.wav,kpop,6,30.0,30.0,0.0,44100,24000,1
1877,1877,0,datasets/audios/eastern_sliced/kpop/kpop_058_000.wav,kpop,6,30.0,30.0,0.0,44100,24000,1
1878,1878,0,datasets/audios/eastern_sliced/kpop/kpop_058_001.wav,kpop,6,30.0,30.0,0.0,44100,24000,1
1879,1879,0,datasets/audios/eastern_sliced/kpop/kpop_058_002.wav,kpop,6,30.0,30.0,0.0,44100,24000,1
1880,1880,0,datasets/audios/eastern_sliced/kpop/kpop_059_000.wav,kpop,6,30.0,30.0,0.0,44100,24000,1
1881,1881,0,datasets/audios/eastern_sliced/kpop/kpop_059_001.wav,kpop,6,30.0,30.0,0.0,44100,24000,1
1882,1882,0,datasets/audios/eastern_sliced/kpop/kpop_059_002.wav,kpop,6,30.0,30.0,0.0,44100,24000,1
1883,1883,0,datasets/audios/eastern_sliced/kpop/kpop_060_000.wav,kpop,6,30.0,30.0,0.0,44100,24000,1
1884,1884,0,datasets/audios/eastern_sliced/kpop/kpop_060_001.wav,kpop,6,30.0,30.0,0.0,44100,24000,1
1885,1885,0,datasets/audios/eastern_sliced/kpop/kpop_060_002.wav,kpop,6,30.0,30.0,0.0,44100,24000,1
1886,1886,0,datasets/audios/eastern_sliced/kpop/kpop_061_000.wav,kpop,6,30.0,30.0,0.0,44100,24000,1
1887,1887,0,datasets/audios/eastern_sliced/kpop/kpop_061_001.wav,kpop,6,30.0,30.0,0.0,44100,24000,1
1888,1888,0,datasets/audios/eastern_sliced/kpop/kpop_061_002.wav,kpop,6,30.0,30.0,0.0,44100,24000,1
1889,1889,0,datasets/audios/eastern_sliced/kpop/kpop_062_000.wav,kpop,6,30.0,30.0,0.0,44100,24000,1
1890,1890,0,datasets/audios/eastern_sliced/kpop/kpop_062_001.wav,kpop,6,30.0,30.0,0.0,44100,24000,1
1891,1891,0,datasets/audios/eastern_sliced/kpop/kpop_062_002.wav,kpop,6,30.0,30.0,0.0,44100,24000,1
1892,1892,0,datasets/audios/eastern_sliced/kpop/kpop_063_000.wav,kpop,6,30.0,30.0,0.0,44100,24000,1
1893,1893,0,datasets/audios/eastern_sliced/kpop/kpop_063_001.wav,kpop,6,30.0,30.0,0.0,44100,24000,1
1894,1894,0,datasets/audios/eastern_sliced/kpop/kpop_063_002.wav,kpop,6,30.0,30.0,0.0,44100,24000,1
1895,1895,0,datasets/audios/eastern_sliced/kpop/kpop_064_000.wav,kpop,6,30.0,30.0,0.0,44100,24000,1
1896,1896,0,datasets/audios/eastern_sliced/kpop/kpop_064_001.wav,kpop,6,30.0,30.0,0.0,44100,24000,1
1897,1897,0,datasets/audios/eastern_sliced/kpop/kpop_064_002.wav,kpop,6,30.0,30.0,0.0,44100,24000,1
1898,1898,0,datasets/audios/eastern_sliced/kpop/kpop_065_000.wav,kpop,6,30.0,30.0,0.0,44100,24000,1
1899,1899,0,datasets/audios/eastern_sliced/kpop/kpop_065_001.wav,kpop,6,30.0,30.0,0.0,44100,24000,1
1900,1900,0,datasets/audios/eastern_sliced/kpop/kpop_065_002.wav,kpop,6,30.0,30.0,0.0,44100,24000,1
1901,1901,0,datasets/audios/eastern_sliced/kpop/kpop_066_000.wav,kpop,6,30.0,30.0,0.0,44100,24000,1
1902,1902,0,datasets/audios/eastern_sliced/kpop/kpop_066_001.wav,kpop,6,30.0,30.0,0.0,44100,24000,1
1903,1903,0,datasets/audios/eastern_sliced/kpop/kpop_066_002.wav,kpop,6,30.0,30.0,0.0,44100,24000,1
1904,1904,0,datasets/audios/eastern_sliced/kpop/kpop_067_000.wav,kpop,6,30.0,30.0,0.0,44100,24000,1
1905,1905,0,datasets/audios/eastern_sliced/kpop/kpop_067_001.wav,kpop,6,30.0,30.0,0.0,44100,24000,1
1906,1906,0,datasets/audios/eastern_sliced/kpop/kpop_067_002.wav,kpop,6,30.0,30.0,0.0,44100,24000,1
1907,1907,0,datasets/audios/eastern_sliced/kpop/kpop_068_000.wav,kpop,6,30.0,30.0,0.0,44100,24000,1
1908,1908,0,datasets/audios/eastern_sliced/kpop/kpop_068_001.wav,kpop,6,30.0,30.0,0.0,44100,24000,1
1909,1909,0,datasets/audios/eastern_sliced/kpop/kpop_068_002.wav,kpop,6,30.0,30.0,0.0,44100,24000,1
1910,1910,0,datasets/audios/eastern_sliced/kpop/kpop_069_000.wav,kpop,6,17.649916666666666,17.649916666666666,0.0,44100,24000,1
1911,1911,0,datasets/audios/eastern_sliced/kpop/kpop_070_000.wav,kpop,6,30.0,30.0,0.0,44100,24000,1
1912,1912,0,datasets/audios/eastern_sliced/kpop/kpop_070_001.wav,kpop,6,30.0,30.0,0.0,44100,24000,1
1913,1913,0,datasets/audios/eastern_sliced/kpop/kpop_070_002.wav,kpop,6,30.0,30.0,0.0,44100,24000,1
1914,1914,0,datasets/audios/eastern_sliced/kpop/kpop_071_000.wav,kpop,6,30.0,30.0,0.0,44100,24000,1
1915,1915,0,datasets/audios/eastern_sliced/kpop/kpop_071_001.wav,kpop,6,30.0,30.0,0.0,44100,24000,1
1916,1916,0,datasets/audios/eastern_sliced/kpop/kpop_071_002.wav,kpop,6,30.0,30.0,0.0,44100,24000,1
1917,1917,0,datasets/audios/eastern_sliced/kpop/kpop_072_000.wav,kpop,6,30.0,30.0,0.0,44100,24000,1
1918,1918,0,datasets/audios/eastern_sliced/kpop/kpop_072_001.wav,kpop,6,30.0,30.0,0.0,44100,24000,1
1919,1919,0,datasets/audios/eastern_sliced/kpop/kpop_072_002.wav,kpop,6,30.0,30.0,0.0,44100,24000,1
1920,1920,0,datasets/audios/eastern_sliced/kpop/kpop_073_000.wav,kpop,6,30.0,30.0,0.0,44100,24000,1
1921,1921,0,datasets/audios/eastern_sliced/kpop/kpop_073_001.wav,kpop,6,30.0,30.0,0.0,44100,24000,1
1922,1922,0,datasets/audios/eastern_sliced/kpop/kpop_073_002.wav,kpop,6,30.0,30.0,0.0,44100,24000,1
1923,1923,0,datasets/audios/eastern_sliced/kpop/kpop_074_000.wav,kpop,6,30.0,30.0,0.0,44100,24000,1
1924,1924,0,datasets/audios/eastern_sliced/kpop/kpop_074_001.wav,kpop,6,30.0,30.0,0.0,44100,24000,1
1925,1925,0,datasets/audios/eastern_sliced/kpop/kpop_074_002.wav,kpop,6,30.0,30.0,0.0,44100,24000,1
1926,1926,0,datasets/audios/eastern_sliced/kpop/kpop_075_000.wav,kpop,6,30.0,30.0,0.0,44100,24000,1
1927,1927,0,datasets/audios/eastern_sliced/kpop/kpop_075_001.wav,kpop,6,30.0,30.0,0.0,44100,24000,1
1928,1928,0,datasets/audios/eastern_sliced/kpop/kpop_075_002.wav,kpop,6,30.0,30.0,0.0,44100,24000,1
1929,1929,0,datasets/audios/eastern_sliced/kpop/kpop_076_000.wav,kpop,6,30.0,30.0,0.0,44100,24000,1
1930,1930,0,datasets/audios/eastern_sliced/kpop/kpop_076_001.wav,kpop,6,30.0,30.0,0.0,44100,24000,1
1931,1931,0,datasets/audios/eastern_sliced/kpop/kpop_076_002.wav,kpop,6,30.0,30.0,0.0,44100,24000,1
1932,1932,0,datasets/audios/eastern_sliced/kpop/kpop_077_000.wav,kpop,6,30.0,30.0,0.0,44100,24000,1
1933,1933,0,datasets/audios/eastern_sliced/kpop/kpop_077_001.wav,kpop,6,30.0,30.0,0.0,44100,24000,1
1934,1934,0,datasets/audios/eastern_sliced/kpop/kpop_077_002.wav,kpop,6,30.0,30.0,0.0,44100,24000,1
1935,1935,0,datasets/audios/eastern_sliced/kpop/kpop_078_000.wav,kpop,6,30.0,30.0,0.0,44100,24000,1
1936,1936,0,datasets/audios/eastern_sliced/kpop/kpop_078_001.wav,kpop,6,30.0,30.0,0.0,44100,24000,1
1937,1937,0,datasets/audios/eastern_sliced/kpop/kpop_078_002.wav,kpop,6,30.0,30.0,0.0,44100,24000,1
1938,1938,0,datasets/audios/eastern_sliced/kpop/kpop_079_000.wav,kpop,6,30.0,30.0,0.0,44100,24000,1
1939,1939,0,datasets/audios/eastern_sliced/kpop/kpop_079_001.wav,kpop,6,30.0,30.0,0.0,44100,24000,1
1940,1940,0,datasets/audios/eastern_sliced/kpop/kpop_079_002.wav,kpop,6,30.0,30.0,0.0,44100,24000,1
1941,1941,0,datasets/audios/eastern_sliced/kpop/kpop_080_000.wav,kpop,6,30.0,30.0,0.0,44100,24000,1
1942,1942,0,datasets/audios/eastern_sliced/kpop/kpop_080_001.wav,kpop,6,30.0,30.0,0.0,44100,24000,1
1943,1943,0,datasets/audios/eastern_sliced/kpop/kpop_080_002.wav,kpop,6,30.0,30.0,0.0,44100,24000,1
1944,1944,0,datasets/audios/eastern_sliced/kpop/kpop_081_000.wav,kpop,6,30.0,30.0,0.0,44100,24000,1
1945,1945,0,datasets/audios/eastern_sliced/kpop/kpop_081_001.wav,kpop,6,30.0,30.0,0.0,44100,24000,1
1946,1946,0,datasets/audios/eastern_sliced/kpop/kpop_081_002.wav,kpop,6,30.0,30.0,0.0,44100,24000,1
1947,1947,0,datasets/audios/eastern_sliced/kpop/kpop_082_000.wav,kpop,6,30.0,30.0,0.0,44100,24000,1
1948,1948,0,datasets/audios/eastern_sliced/kpop/kpop_082_001.wav,kpop,6,30.0,30.0,0.0,44100,24000,1
1949,1949,0,datasets/audios/eastern_sliced/kpop/kpop_082_002.wav,kpop,6,30.0,30.0,0.0,44100,24000,1
1950,1950,0,datasets/audios/eastern_sliced/kpop/kpop_083_000.wav,kpop,6,30.0,30.0,0.0,44100,24000,1
1951,1951,0,datasets/audios/eastern_sliced/kpop/kpop_083_001.wav,kpop,6,30.0,30.0,0.0,44100,24000,1
1952,1952,0,datasets/audios/eastern_sliced/kpop/kpop_083_002.wav,kpop,6,30.0,30.0,0.0,44100,24000,1
1953,1953,0,datasets/audios/eastern_sliced/kpop/kpop_084_000.wav,kpop,6,30.0,30.0,0.0,44100,24000,1
1954,1954,0,datasets/audios/eastern_sliced/kpop/kpop_084_001.wav,kpop,6,30.0,30.0,0.0,44100,24000,1
1955,1955,0,datasets/audios/eastern_sliced/kpop/kpop_084_002.wav,kpop,6,30.0,30.0,0.0,44100,24000,1
1956,1956,0,datasets/audios/eastern_sliced/kpop/kpop_085_000.wav,kpop,6,30.0,30.0,0.0,44100,24000,1
1957,1957,0,datasets/audios/eastern_sliced/kpop/kpop_085_001.wav,kpop,6,30.0,30.0,0.0,44100,24000,1
1958,1958,0,datasets/audios/eastern_sliced/kpop/kpop_085_002.wav,kpop,6,30.0,30.0,0.0,44100,24000,1
1959,1959,0,datasets/audios/eastern_sliced/kpop/kpop_086_000.wav,kpop,6,30.0,30.0,0.0,44100,24000,1
1960,1960,0,datasets/audios/eastern_sliced/kpop/kpop_086_001.wav,kpop,6,30.0,30.0,0.0,44100,24000,1
1961,1961,0,datasets/audios/eastern_sliced/kpop/kpop_086_002.wav,kpop,6,30.0,30.0,0.0,44100,24000,1
1962,1962,0,datasets/audios/eastern_sliced/kpop/kpop_087_000.wav,kpop,6,30.0,30.0,0.0,44100,24000,1
1963,1963,0,datasets/audios/eastern_sliced/kpop/kpop_087_001.wav,kpop,6,30.0,30.0,0.0,44100,24000,1
1964,1964,0,datasets/audios/eastern_sliced/kpop/kpop_087_002.wav,kpop,6,30.0,30.0,0.0,44100,24000,1
1965,1965,0,datasets/audios/eastern_sliced/kpop/kpop_088_000.wav,kpop,6,30.0,30.0,0.0,44100,24000,1
1966,1966,0,datasets/audios/eastern_sliced/kpop/kpop_088_001.wav,kpop,6,30.0,30.0,0.0,44100,24000,1
1967,1967,0,datasets/audios/eastern_sliced/kpop/kpop_088_002.wav,kpop,6,30.0,30.0,0.0,44100,24000,1
1968,1968,0,datasets/audios/eastern_sliced/kpop/kpop_089_000.wav,kpop,6,30.0,30.0,0.0,44100,24000,1
1969,1969,0,datasets/audios/eastern_sliced/kpop/kpop_089_001.wav,kpop,6,30.0,30.0,0.0,44100,24000,1
1970,1970,0,datasets/audios/eastern_sliced/kpop/kpop_089_002.wav,kpop,6,30.0,30.0,0.0,44100,24000,1
1971,1971,0,datasets/audios/eastern_sliced/kpop/kpop_090_000.wav,kpop,6,30.0,30.0,0.0,44100,24000,1
1972,1972,0,datasets/audios/eastern_sliced/kpop/kpop_090_001.wav,kpop,6,30.0,30.0,0.0,44100,24000,1
1973,1973,0,datasets/audios/eastern_sliced/kpop/kpop_090_002.wav,kpop,6,30.0,30.0,0.0,44100,24000,1
1974,1974,0,datasets/audios/eastern_sliced/kpop/kpop_091_000.wav,kpop,6,30.0,30.0,0.0,44100,24000,1
1975,1975,0,datasets/audios/eastern_sliced/kpop/kpop_091_001.wav,kpop,6,30.0,30.0,0.0,44100,24000,1
1976,1976,0,datasets/audios/eastern_sliced/kpop/kpop_091_002.wav,kpop,6,30.0,30.0,0.0,44100,24000,1
1977,1977,0,datasets/audios/eastern_sliced/kpop/kpop_092_000.wav,kpop,6,30.0,30.0,0.0,44100,24000,1
1978,1978,0,datasets/audios/eastern_sliced/kpop/kpop_092_001.wav,kpop,6,30.0,30.0,0.0,44100,24000,1
1979,1979,0,datasets/audios/eastern_sliced/kpop/kpop_092_002.wav,kpop,6,30.0,30.0,0.0,44100,24000,1
1980,1980,0,datasets/audios/eastern_sliced/kpop/kpop_093_000.wav,kpop,6,30.0,30.0,0.0,44100,24000,1
1981,1981,0,datasets/audios/eastern_sliced/kpop/kpop_093_001.wav,kpop,6,30.0,30.0,0.0,44100,24000,1
1982,1982,0,datasets/audios/eastern_sliced/kpop/kpop_093_002.wav,kpop,6,30.0,30.0,0.0,44100,24000,1
1983,1983,0,datasets/audios/eastern_sliced/kpop/kpop_094_000.wav,kpop,6,30.0,30.0,0.0,44100,24000,1
1984,1984,0,datasets/audios/eastern_sliced/kpop/kpop_094_001.wav,kpop,6,30.0,30.0,0.0,44100,24000,1
1985,1985,0,datasets/audios/eastern_sliced/kpop/kpop_094_002.wav,kpop,6,30.0,30.0,0.0,44100,24000,1
1986,1986,0,datasets/audios/eastern_sliced/kpop/kpop_095_000.wav,kpop,6,30.0,30.0,0.0,44100,24000,1
1987,1987,0,datasets/audios/eastern_sliced/kpop/kpop_095_001.wav,kpop,6,30.0,30.0,0.0,44100,24000,1
1988,1988,0,datasets/audios/eastern_sliced/kpop/kpop_095_002.wav,kpop,6,30.0,30.0,0.0,44100,24000,1
1989,1989,0,datasets/audios/eastern_sliced/kpop/kpop_096_000.wav,kpop,6,30.0,30.0,0.0,44100,24000,1
1990,1990,0,datasets/audios/eastern_sliced/kpop/kpop_096_001.wav,kpop,6,30.0,30.0,0.0,44100,24000,1
1991,1991,0,datasets/audios/eastern_sliced/kpop/kpop_096_002.wav,kpop,6,30.0,30.0,0.0,44100,24000,1
1992,1992,0,datasets/audios/eastern_sliced/kpop/kpop_097_000.wav,kpop,6,30.0,30.0,0.0,44100,24000,1
1993,1993,0,datasets/audios/eastern_sliced/kpop/kpop_097_001.wav,kpop,6,30.0,30.0,0.0,44100,24000,1
1994,1994,0,datasets/audios/eastern_sliced/kpop/kpop_097_002.wav,kpop,6,30.0,30.0,0.0,44100,24000,1
1995,1995,0,datasets/audios/eastern_sliced/kpop/kpop_098_000.wav,kpop,6,30.0,30.0,0.0,44100,24000,1
1996,1996,0,datasets/audios/eastern_sliced/kpop/kpop_098_001.wav,kpop,6,30.0,30.0,0.0,44100,24000,1
1997,1997,0,datasets/audios/eastern_sliced/kpop/kpop_098_002.wav,kpop,6,30.0,30.0,0.0,44100,24000,1
1998,1998,0,datasets/audios/eastern_sliced/kpop/kpop_099_000.wav,kpop,6,30.0,30.0,0.0,44100,24000,1
1999,1999,0,datasets/audios/eastern_sliced/kpop/kpop_099_001.wav,kpop,6,30.0,30.0,0.0,44100,24000,1
2000,2000,0,datasets/audios/eastern_sliced/kpop/kpop_099_002.wav,kpop,6,30.0,30.0,0.0,44100,24000,1
2001,2001,0,datasets/audios/eastern_sliced/sitar/sitar_000_000.wav,sitar,7,30.0,30.0,0.0,24000,24000,1
2002,2002,0,datasets/audios/eastern_sliced/sitar/sitar_000_001.wav,sitar,7,30.0,30.0,0.0,24000,24000,1
2003,2003,0,datasets/audios/eastern_sliced/sitar/sitar_001_000.wav,sitar,7,30.0,30.0,0.0,24000,24000,1
2004,2004,0,datasets/audios/eastern_sliced/sitar/sitar_001_001.wav,sitar,7,30.0,30.0,0.0,24000,24000,1
2005,2005,0,datasets/audios/eastern_sliced/sitar/sitar_002_000.wav,sitar,7,30.0,30.0,0.0,24000,24000,1
2006,2006,0,datasets/audios/eastern_sliced/sitar/sitar_002_001.wav,sitar,7,30.0,30.0,0.0,24000,24000,1
2007,2007,0,datasets/audios/eastern_sliced/sitar/sitar_003_000.wav,sitar,7,30.0,30.0,0.0,24000,24000,1
2008,2008,0,datasets/audios/eastern_sliced/sitar/sitar_003_001.wav,sitar,7,30.0,30.0,0.0,24000,24000,1
2009,2009,0,datasets/audios/eastern_sliced/sitar/sitar_004_000.wav,sitar,7,30.0,30.0,0.0,24000,24000,1
2010,2010,0,datasets/audios/eastern_sliced/sitar/sitar_004_001.wav,sitar,7,30.0,30.0,0.0,24000,24000,1
2011,2011,0,datasets/audios/eastern_sliced/sitar/sitar_005_000.wav,sitar,7,30.0,30.0,0.0,24000,24000,1
2012,2012,0,datasets/audios/eastern_sliced/sitar/sitar_005_001.wav,sitar,7,30.0,30.0,0.0,24000,24000,1
2013,2013,0,datasets/audios/eastern_sliced/sitar/sitar_006_000.wav,sitar,7,30.0,30.0,0.0,24000,24000,1
2014,2014,0,datasets/audios/eastern_sliced/sitar/sitar_006_001.wav,sitar,7,30.0,30.0,0.0,24000,24000,1
2015,2015,0,datasets/audios/eastern_sliced/sitar/sitar_007_000.wav,sitar,7,30.0,30.0,0.0,24000,24000,1
2016,2016,0,datasets/audios/eastern_sliced/sitar/sitar_007_001.wav,sitar,7,30.0,30.0,0.0,24000,24000,1
2017,2017,0,datasets/audios/eastern_sliced/sitar/sitar_008_000.wav,sitar,7,30.0,30.0,0.0,24000,24000,1
2018,2018,0,datasets/audios/eastern_sliced/sitar/sitar_008_001.wav,sitar,7,30.0,30.0,0.0,24000,24000,1
2019,2019,0,datasets/audios/eastern_sliced/sitar/sitar_009_000.wav,sitar,7,30.0,30.0,0.0,24000,24000,1
2020,2020,0,datasets/audios/eastern_sliced/sitar/sitar_009_001.wav,sitar,7,30.0,30.0,0.0,24000,24000,1
2021,2021,0,datasets/audios/eastern_sliced/sitar/sitar_010_000.wav,sitar,7,30.0,30.0,0.0,24000,24000,1
2022,2022,0,datasets/audios/eastern_sliced/sitar/sitar_010_001.wav,sitar,7,30.0,30.0,0.0,24000,24000,1
2023,2023,0,datasets/audios/eastern_sliced/sitar/sitar_011_000.wav,sitar,7,30.0,30.0,0.0,24000,24000,1
2024,2024,0,datasets/audios/eastern_sliced/sitar/sitar_011_001.wav,sitar,7,30.0,30.0,0.0,24000,24000,1
2025,2025,0,datasets/audios/eastern_sliced/sitar/sitar_012_000.wav,sitar,7,30.0,30.0,0.0,24000,24000,1
2026,2026,0,datasets/audios/eastern_sliced/sitar/sitar_012_001.wav,sitar,7,30.0,30.0,0.0,24000,24000,1
2027,2027,0,datasets/audios/eastern_sliced/sitar/sitar_013_000.wav,sitar,7,30.0,30.0,0.0,24000,24000,1
2028,2028,0,datasets/audios/eastern_sliced/sitar/sitar_013_001.wav,sitar,7,30.0,30.0,0.0,24000,24000,1
2029,2029,0,datasets/audios/eastern_sliced/sitar/sitar_014_000.wav,sitar,7,30.0,30.0,0.0,24000,24000,1
2030,2030,0,datasets/audios/eastern_sliced/sitar/sitar_014_001.wav,sitar,7,30.0,30.0,0.0,24000,24000,1
2031,2031,0,datasets/audios/eastern_sliced/sitar/sitar_015_000.wav,sitar,7,30.0,30.0,0.0,24000,24000,1
2032,2032,0,datasets/audios/eastern_sliced/sitar/sitar_015_001.wav,sitar,7,30.0,30.0,0.0,24000,24000,1
2033,2033,0,datasets/audios/eastern_sliced/sitar/sitar_016_000.wav,sitar,7,30.0,30.0,0.0,24000,24000,1
2034,2034,0,datasets/audios/eastern_sliced/sitar/sitar_016_001.wav,sitar,7,30.0,30.0,0.0,24000,24000,1
2035,2035,0,datasets/audios/eastern_sliced/sitar/sitar_017_000.wav,sitar,7,30.0,30.0,0.0,24000,24000,1
2036,2036,0,datasets/audios/eastern_sliced/sitar/sitar_017_001.wav,sitar,7,30.0,30.0,0.0,24000,24000,1
2037,2037,0,datasets/audios/eastern_sliced/sitar/sitar_018_000.wav,sitar,7,30.0,30.0,0.0,24000,24000,1
2038,2038,0,datasets/audios/eastern_sliced/sitar/sitar_018_001.wav,sitar,7,30.0,30.0,0.0,24000,24000,1
2039,2039,0,datasets/audios/eastern_sliced/sitar/sitar_019_000.wav,sitar,7,30.0,30.0,0.0,24000,24000,1
2040,2040,0,datasets/audios/eastern_sliced/sitar/sitar_019_001.wav,sitar,7,30.0,30.0,0.0,24000,24000,1
2041,2041,0,datasets/audios/eastern_sliced/sitar/sitar_020_000.wav,sitar,7,30.0,30.0,0.0,24000,24000,1
2042,2042,0,datasets/audios/eastern_sliced/sitar/sitar_020_001.wav,sitar,7,30.0,30.0,0.0,24000,24000,1
2043,2043,0,datasets/audios/eastern_sliced/sitar/sitar_021_000.wav,sitar,7,30.0,30.0,0.0,24000,24000,1
2044,2044,0,datasets/audios/eastern_sliced/sitar/sitar_021_001.wav,sitar,7,30.0,30.0,0.0,24000,24000,1
2045,2045,0,datasets/audios/eastern_sliced/sitar/sitar_022_000.wav,sitar,7,30.0,30.0,0.0,24000,24000,1
2046,2046,0,datasets/audios/eastern_sliced/sitar/sitar_022_001.wav,sitar,7,30.0,30.0,0.0,24000,24000,1
2047,2047,0,datasets/audios/eastern_sliced/sitar/sitar_023_000.wav,sitar,7,30.0,30.0,0.0,24000,24000,1
2048,2048,0,datasets/audios/eastern_sliced/sitar/sitar_023_001.wav,sitar,7,30.0,30.0,0.0,24000,24000,1
2049,2049,0,datasets/audios/eastern_sliced/sitar/sitar_024_000.wav,sitar,7,30.0,30.0,0.0,24000,24000,1
2050,2050,0,datasets/audios/eastern_sliced/sitar/sitar_024_001.wav,sitar,7,30.0,30.0,0.0,24000,24000,1
2051,2051,0,datasets/audios/eastern_sliced/sitar/sitar_025_000.wav,sitar,7,30.0,30.0,0.0,24000,24000,1
2052,2052,0,datasets/audios/eastern_sliced/sitar/sitar_025_001.wav,sitar,7,30.0,30.0,0.0,24000,24000,1
2053,2053,0,datasets/audios/eastern_sliced/sitar/sitar_026_000.wav,sitar,7,30.0,30.0,0.0,24000,24000,1
2054,2054,0,datasets/audios/eastern_sliced/sitar/sitar_026_001.wav,sitar,7,30.0,30.0,0.0,24000,24000,1
2055,2055,0,datasets/audios/eastern_sliced/sitar/sitar_027_000.wav,sitar,7,30.0,30.0,0.0,24000,24000,1
2056,2056,0,datasets/audios/eastern_sliced/sitar/sitar_027_001.wav,sitar,7,30.0,30.0,0.0,24000,24000,1
2057,2057,0,datasets/audios/eastern_sliced/sitar/sitar_028_000.wav,sitar,7,30.0,30.0,0.0,24000,24000,1
2058,2058,0,datasets/audios/eastern_sliced/sitar/sitar_028_001.wav,sitar,7,30.0,30.0,0.0,24000,24000,1
2059,2059,0,datasets/audios/eastern_sliced/sitar/sitar_029_000.wav,sitar,7,30.0,30.0,0.0,24000,24000,1
2060,2060,0,datasets/audios/eastern_sliced/sitar/sitar_029_001.wav,sitar,7,30.0,30.0,0.0,24000,24000,1
2061,2061,0,datasets/audios/eastern_sliced/sitar/sitar_030_000.wav,sitar,7,30.0,30.0,0.0,24000,24000,1
2062,2062,0,datasets/audios/eastern_sliced/sitar/sitar_030_001.wav,sitar,7,30.0,30.0,0.0,24000,24000,1
2063,2063,0,datasets/audios/eastern_sliced/sitar/sitar_031_000.wav,sitar,7,30.0,30.0,0.0,24000,24000,1
2064,2064,0,datasets/audios/eastern_sliced/sitar/sitar_031_001.wav,sitar,7,30.0,30.0,0.0,24000,24000,1
2065,2065,0,datasets/audios/eastern_sliced/sitar/sitar_032_000.wav,sitar,7,30.0,30.0,0.0,24000,24000,1
2066,2066,0,datasets/audios/eastern_sliced/sitar/sitar_032_001.wav,sitar,7,30.0,30.0,0.0,24000,24000,1
2067,2067,0,datasets/audios/eastern_sliced/sitar/sitar_033_000.wav,sitar,7,30.0,30.0,0.0,24000,24000,1
2068,2068,0,datasets/audios/eastern_sliced/sitar/sitar_033_001.wav,sitar,7,30.0,30.0,0.0,24000,24000,1
2069,2069,0,datasets/audios/eastern_sliced/sitar/sitar_034_000.wav,sitar,7,30.0,30.0,0.0,24000,24000,1
2070,2070,0,datasets/audios/eastern_sliced/sitar/sitar_034_001.wav,sitar,7,30.0,30.0,0.0,24000,24000,1
2071,2071,0,datasets/audios/eastern_sliced/sitar/sitar_035_000.wav,sitar,7,30.0,30.0,0.0,24000,24000,1
2072,2072,0,datasets/audios/eastern_sliced/sitar/sitar_035_001.wav,sitar,7,30.0,30.0,0.0,24000,24000,1
2073,2073,0,datasets/audios/eastern_sliced/sitar/sitar_036_000.wav,sitar,7,30.0,30.0,0.0,24000,24000,1
2074,2074,0,datasets/audios/eastern_sliced/sitar/sitar_036_001.wav,sitar,7,30.0,30.0,0.0,24000,24000,1
2075,2075,0,datasets/audios/eastern_sliced/sitar/sitar_037_000.wav,sitar,7,30.0,30.0,0.0,24000,24000,1
2076,2076,0,datasets/audios/eastern_sliced/sitar/sitar_037_001.wav,sitar,7,30.0,30.0,0.0,24000,24000,1
2077,2077,0,datasets/audios/eastern_sliced/sitar/sitar_038_000.wav,sitar,7,30.0,30.0,0.0,24000,24000,1
2078,2078,0,datasets/audios/eastern_sliced/sitar/sitar_038_001.wav,sitar,7,30.0,30.0,0.0,24000,24000,1
2079,2079,0,datasets/audios/eastern_sliced/sitar/sitar_039_000.wav,sitar,7,30.0,30.0,0.0,24000,24000,1
2080,2080,0,datasets/audios/eastern_sliced/sitar/sitar_039_001.wav,sitar,7,30.0,30.0,0.0,24000,24000,1
2081,2081,0,datasets/audios/eastern_sliced/sitar/sitar_040_000.wav,sitar,7,30.0,30.0,0.0,24000,24000,1
2082,2082,0,datasets/audios/eastern_sliced/sitar/sitar_040_001.wav,sitar,7,30.0,30.0,0.0,24000,24000,1
2083,2083,0,datasets/audios/eastern_sliced/sitar/sitar_041_000.wav,sitar,7,30.0,30.0,0.0,24000,24000,1
2084,2084,0,datasets/audios/eastern_sliced/sitar/sitar_041_001.wav,sitar,7,30.0,30.0,0.0,24000,24000,1
2085,2085,0,datasets/audios/eastern_sliced/sitar/sitar_042_000.wav,sitar,7,30.0,30.0,0.0,24000,24000,1
2086,2086,0,datasets/audios/eastern_sliced/sitar/sitar_042_001.wav,sitar,7,30.0,30.0,0.0,24000,24000,1
2087,2087,0,datasets/audios/eastern_sliced/sitar/sitar_043_000.wav,sitar,7,30.0,30.0,0.0,24000,24000,1
2088,2088,0,datasets/audios/eastern_sliced/sitar/sitar_043_001.wav,sitar,7,30.0,30.0,0.0,24000,24000,1
2089,2089,0,datasets/audios/eastern_sliced/sitar/sitar_044_000.wav,sitar,7,30.0,30.0,0.0,24000,24000,1
2090,2090,0,datasets/audios/eastern_sliced/sitar/sitar_044_001.wav,sitar,7,30.0,30.0,0.0,24000,24000,1
2091,2091,0,datasets/audios/eastern_sliced/sitar/sitar_045_000.wav,sitar,7,30.0,30.0,0.0,24000,24000,1
2092,2092,0,datasets/audios/eastern_sliced/sitar/sitar_045_001.wav,sitar,7,30.0,30.0,0.0,24000,24000,1
2093,2093,0,datasets/audios/eastern_sliced/sitar/sitar_046_000.wav,sitar,7,30.0,30.0,0.0,24000,24000,1
2094,2094,0,datasets/audios/eastern_sliced/sitar/sitar_046_001.wav,sitar,7,30.0,30.0,0.0,24000,24000,1
2095,2095,0,datasets/audios/eastern_sliced/sitar/sitar_047_000.wav,sitar,7,30.0,30.0,0.0,24000,24000,1
2096,2096,0,datasets/audios/eastern_sliced/sitar/sitar_047_001.wav,sitar,7,30.0,30.0,0.0,24000,24000,1
2097,2097,0,datasets/audios/eastern_sliced/sitar/sitar_048_000.wav,sitar,7,30.0,30.0,0.0,24000,24000,1
2098,2098,0,datasets/audios/eastern_sliced/sitar/sitar_048_001.wav,sitar,7,30.0,30.0,0.0,24000,24000,1
2099,2099,0,datasets/audios/eastern_sliced/sitar/sitar_049_000.wav,sitar,7,30.0,30.0,0.0,24000,24000,1
2100,2100,0,datasets/audios/eastern_sliced/sitar/sitar_049_001.wav,sitar,7,30.0,30.0,0.0,24000,24000,1
2101,2101,0,datasets/audios/eastern_sliced/sitar/sitar_050_000.wav,sitar,7,30.0,30.0,0.0,24000,24000,1
2102,2102,0,datasets/audios/eastern_sliced/sitar/sitar_050_001.wav,sitar,7,30.0,30.0,0.0,24000,24000,1
2103,2103,0,datasets/audios/eastern_sliced/sitar/sitar_051_000.wav,sitar,7,30.0,30.0,0.0,24000,24000,1
2104,2104,0,datasets/audios/eastern_sliced/sitar/sitar_051_001.wav,sitar,7,30.0,30.0,0.0,24000,24000,1
2105,2105,0,datasets/audios/eastern_sliced/sitar/sitar_052_000.wav,sitar,7,30.0,30.0,0.0,24000,24000,1
2106,2106,0,datasets/audios/eastern_sliced/sitar/sitar_052_001.wav,sitar,7,30.0,30.0,0.0,24000,24000,1
2107,2107,0,datasets/audios/eastern_sliced/sitar/sitar_053_000.wav,sitar,7,30.0,30.0,0.0,24000,24000,1
2108,2108,0,datasets/audios/eastern_sliced/sitar/sitar_053_001.wav,sitar,7,30.0,30.0,0.0,24000,24000,1
2109,2109,0,datasets/audios/eastern_sliced/sitar/sitar_054_000.wav,sitar,7,30.0,30.0,0.0,24000,24000,1
2110,2110,0,datasets/audios/eastern_sliced/sitar/sitar_054_001.wav,sitar,7,30.0,30.0,0.0,24000,24000,1
