track_index,track_id,path,eastern_label,eastern_genre,predicted_western_label,predicted_western_genre,confidence,entropy,prob_blues,prob_classical,prob_country,prob_disco,prob_hiphop,prob_jazz,prob_metal,prob_pop,prob_reggae,prob_rock
0,0,datasets/audios/eastern_sliced/carnatic/carnatic_000_000.wav,0,carnatic,0,blues,0.45301708579063416,1.5768916606903076,0.45301708579063416,0.06804981082677841,0.05979794263839722,0.010841094888746738,0.028751077130436897,0.27652594447135925,0.020546117797493935,0.007505272049456835,0.02803073450922966,0.046934958547353745
1,1,datasets/audios/eastern_sliced/carnatic/carnatic_000_001.wav,0,carnatic,4,hiphop,0.36569836735725403,1.7602877616882324,0.2815311551094055,0.01901526376605034,0.04843774437904358,0.03547084704041481,0.36569836735725403,0.11789432168006897,0.024337761104106903,0.0207119882106781,0.040620751678943634,0.04628172516822815
2,2,datasets/audios/eastern_sliced/carnatic/carnatic_000_002.wav,0,carnatic,4,hiphop,0.23289774358272552,1.9736816883087158,0.21060526371002197,0.025798095390200615,0.13811251521110535,0.020916854962706566,0.23289774358272552,0.19119566679000854,0.023035084828734398,0.04036685451865196,0.07918187975883484,0.03789006173610687
3,3,datasets/audios/eastern_sliced/carnatic/carnatic_000_003.wav,0,carnatic,4,hiphop,0.5340768098831177,1.579903244972229,0.16452839970588684,0.011974030174314976,0.05655640363693237,0.03268275409936905,0.5340768098831177,0.07763564586639404,0.01859891042113304,0.03137077018618584,0.04246557876467705,0.03011067397892475
4,4,datasets/audios/eastern_sliced/carnatic/carnatic_000_004.wav,0,carnatic,4,hiphop,0.3956509530544281,1.8453407287597656,0.1722164899110794,0.013973790220916271,0.09890430420637131,0.028755635023117065,0.3956509530544281,0.10756707936525345,0.02406385727226734,0.04113713651895523,0.0818960964679718,0.03583471104502678
5,5,datasets/audios/eastern_sliced/carnatic/carnatic_001_000.wav,0,carnatic,4,hiphop,0.3606855571269989,1.6852184534072876,0.32601267099380493,0.015569888055324554,0.04482916742563248,0.03106815554201603,0.3606855571269989,0.1074078306555748,0.02053169161081314,0.018933214247226715,0.0329848937690258,0.04197695106267929
6,6,datasets/audios/eastern_sliced/carnatic/carnatic_001_001.wav,0,carnatic,4,hiphop,0.38202035427093506,1.7887675762176514,0.23857605457305908,0.01794302649796009,0.07479461282491684,0.024615468457341194,0.38202035427093506,0.12107469886541367,0.023750808089971542,0.027942167595028877,0.04358144477009773,0.04570135846734047
7,7,datasets/audios/eastern_sliced/carnatic/carnatic_001_002.wav,0,carnatic,0,blues,0.31541258096694946,1.745340347290039,0.31541258096694946,0.027420412749052048,0.04879812151193619,0.021868230774998665,0.294864296913147,0.18439358472824097,0.018063372001051903,0.015118618495762348,0.036019038408994675,0.038041774183511734
8,8,datasets/audios/eastern_sliced/carnatic/carnatic_001_003.wav,0,carnatic,4,hiphop,0.35461723804473877,1.8028380870819092,0.2398999184370041,0.03204920515418053,0.02848690003156662,0.04609503597021103,0.35461723804473877,0.16634176671504974,0.01962139829993248,0.020576167851686478,0.04433302953839302,0.04797929897904396
9,9,datasets/audios/eastern_sliced/carnatic/carnatic_001_004.wav,0,carnatic,0,blues,0.3455546200275421,1.7149049043655396,0.3455546200275421,0.016543107107281685,0.0538603812456131,0.039030201733112335,0.3359373211860657,0.09100387990474701,0.024299705401062965,0.02079065702855587,0.03010505624115467,0.04287516325712204
10,10,datasets/audios/eastern_sliced/carnatic/carnatic_002_000.wav,0,carnatic,2,country,0.417484849691391,1.7950477600097656,0.1924418807029724,0.08134915679693222,0.417484849691391,0.016744339838624,0.02936689928174019,0.09536441415548325,0.026132648810744286,0.02833383157849312,0.0359543152153492,0.07682763785123825
11,11,datasets/audios/eastern_sliced/carnatic/carnatic_002_001.wav,0,carnatic,2,country,0.5324947834014893,1.596387505531311,0.16296793520450592,0.028447149321436882,0.5324947834014893,0.01374980341643095,0.03924326226115227,0.06585107743740082,0.028129789978265762,0.0501168929040432,0.023118432611227036,0.05588088929653168
12,12,datasets/audios/eastern_sliced/carnatic/carnatic_002_002.wav,0,carnatic,2,country,0.5789884328842163,1.4907665252685547,0.1489780992269516,0.02000824175775051,0.5789884328842163,0.012497994117438793,0.0453251488506794,0.053732920438051224,0.02343832328915596,0.05312222242355347,0.021318165585398674,0.042590510100126266
13,13,datasets/audios/eastern_sliced/carnatic/carnatic_002_003.wav,0,carnatic,5,jazz,0.5196846723556519,1.551139235496521,0.16959157586097717,0.12144839018583298,0.018009169027209282,0.020801842212677002,0.032514553517103195,0.5196846723556519,0.013869811780750751,0.00846506655216217,0.04192894697189331,0.05368597060441971
14,14,datasets/audios/eastern_sliced/carnatic/carnatic_002_004.wav,0,carnatic,1,classical,0.3984512984752655,1.7759816646575928,0.16192837059497833,0.3984512984752655,0.0702330470085144,0.03239135816693306,0.016201885417103767,0.17812632024288177,0.015371858142316341,0.017352880910038948,0.031145673245191574,0.07879728823900223
15,15,datasets/audios/eastern_sliced/carnatic/carnatic_003_000.wav,0,carnatic,4,hiphop,0.3222721815109253,1.7885669469833374,0.30374303460121155,0.013660705648362637,0.12533451616764069,0.023228853940963745,0.3222721815109253,0.07310480624437332,0.03276960551738739,0.02825850620865822,0.03302842378616333,0.044599469751119614
16,16,datasets/audios/eastern_sliced/carnatic/carnatic_003_001.wav,0,carnatic,4,hiphop,0.7380874752998352,1.0678472518920898,0.10018173605203629,0.0038811846170574427,0.031950436532497406,0.028535369783639908,0.7380874752998352,0.025720534846186638,0.012585775926709175,0.021266087889671326,0.023112740367650986,0.01467869058251381
17,17,datasets/audios/eastern_sliced/carnatic/carnatic_003_002.wav,0,carnatic,4,hiphop,0.4326723515987396,1.6615824699401855,0.2562567889690399,0.011405723169445992,0.07592616975307465,0.019377024844288826,0.4326723515987396,0.0816049724817276,0.02161318063735962,0.022743575274944305,0.042906489223241806,0.03549375757575035
18,18,datasets/audios/eastern_sliced/carnatic/carnatic_003_003.wav,0,carnatic,5,jazz,0.5305604934692383,1.5860551595687866,0.1504155844449997,0.07949741184711456,0.023723788559436798,0.01868203468620777,0.05913843587040901,0.5305604934692383,0.015049788169562817,0.012222906574606895,0.07048658281564713,0.04022299125790596
19,19,datasets/audios/eastern_sliced/carnatic/carnatic_003_004.wav,0,carnatic,5,jazz,0.3104366064071655,1.7664841413497925,0.21708153188228607,0.03431294858455658,0.01976652815937996,0.04387496039271355,0.2564593553543091,0.3104366064071655,0.015123513527214527,0.012839870527386665,0.061702508479356766,0.028402233496308327
20,20,datasets/audios/eastern_sliced/carnatic/carnatic_004_000.wav,0,carnatic,0,blues,0.3143898546695709,1.9518080949783325,0.3143898546695709,0.024548735469579697,0.21803168952465057,0.025402572005987167,0.0791005790233612,0.07356005907058716,0.06329228729009628,0.038497261703014374,0.033675599843263626,0.1295013427734375
21,21,datasets/audios/eastern_sliced/carnatic/carnatic_004_001.wav,0,carnatic,0,blues,0.49429818987846375,1.686904788017273,0.49429818987846375,0.030344750732183456,0.1275329887866974,0.016247525811195374,0.04822752624750137,0.09071817994117737,0.04728465527296066,0.017691515386104584,0.02325858548283577,0.10439607501029968
22,22,datasets/audios/eastern_sliced/carnatic/carnatic_004_002.wav,0,carnatic,4,hiphop,0.32869774103164673,1.7754013538360596,0.3192072808742523,0.012971942313015461,0.06583748757839203,0.02971700206398964,0.32869774103164673,0.0965350791811943,0.028777604922652245,0.027581075206398964,0.03556378558278084,0.05511103942990303
23,23,datasets/audios/eastern_sliced/carnatic/carnatic_004_003.wav,0,carnatic,0,blues,0.37706056237220764,1.717624306678772,0.37706056237220764,0.013342516496777534,0.06307462602853775,0.038400061428546906,0.3018248677253723,0.07872391492128372,0.02608232945203781,0.024988902732729912,0.023491187021136284,0.0530109703540802
24,24,datasets/audios/eastern_sliced/carnatic/carnatic_004_004.wav,0,carnatic,0,blues,0.43944409489631653,1.8182289600372314,0.43944409489631653,0.04156341403722763,0.10175740718841553,0.02652752213180065,0.09643948823213577,0.1323672980070114,0.03752397000789642,0.025306053459644318,0.026359565556049347,0.07271125167608261
25,25,datasets/audios/eastern_sliced/carnatic/carnatic_005_000.wav,0,carnatic,4,hiphop,0.44276130199432373,1.7814795970916748,0.16676993668079376,0.015263104811310768,0.08616939187049866,0.03222355246543884,0.44276130199432373,0.09894756227731705,0.027175836265087128,0.04135004058480263,0.045601971447467804,0.04373728856444359
26,26,datasets/audios/eastern_sliced/carnatic/carnatic_005_001.wav,0,carnatic,4,hiphop,0.2820867598056793,1.9162695407867432,0.2804531157016754,0.07304761558771133,0.0341881662607193,0.034015391021966934,0.2820867598056793,0.10966972261667252,0.022555343806743622,0.01917950063943863,0.08654852956533432,0.0582558810710907
27,27,datasets/audios/eastern_sliced/carnatic/carnatic_005_002.wav,0,carnatic,4,hiphop,0.471522718667984,1.6785507202148438,0.1880626529455185,0.02360953576862812,0.026692723855376244,0.046495143324136734,0.471522718667984,0.1141442283987999,0.019108779728412628,0.0207209475338459,0.04611435532569885,0.04352893307805061
28,28,datasets/audios/eastern_sliced/carnatic/carnatic_005_003.wav,0,carnatic,8,reggae,0.28992751240730286,2.0726418495178223,0.12142588198184967,0.04192596301436424,0.05696869269013405,0.0590689554810524,0.08051647245883942,0.08526503294706345,0.048377908766269684,0.04009711742401123,0.28992751240730286,0.17642657458782196
29,29,datasets/audios/eastern_sliced/carnatic/carnatic_005_004.wav,0,carnatic,0,blues,0.2832925021648407,1.9499351978302002,0.2832925021648407,0.03262869641184807,0.024826202541589737,0.051218900829553604,0.2515396177768707,0.08398722857236862,0.04554862901568413,0.01754804700613022,0.1205698549747467,0.08884038031101227
30,30,datasets/audios/eastern_sliced/carnatic/carnatic_006_000.wav,0,carnatic,5,jazz,0.6307569146156311,1.301348328590393,0.11062124371528625,0.12846094369888306,0.018487660214304924,0.013550062663853168,0.013181686401367188,0.6307569146156311,0.010297554545104504,0.009673025459051132,0.029591992497444153,0.03537891432642937
31,31,datasets/audios/eastern_sliced/carnatic/carnatic_006_001.wav,0,carnatic,0,blues,0.28743261098861694,1.9779062271118164,0.28743261098861694,0.034663569182157516,0.14846651256084442,0.02268611453473568,0.15138785541057587,0.17938950657844543,0.02847658284008503,0.0314163863658905,0.052174076437950134,0.06390681117773056
32,32,datasets/audios/eastern_sliced/carnatic/carnatic_006_002.wav,0,carnatic,4,hiphop,0.3182743489742279,1.7542434930801392,0.31700846552848816,0.018306856974959373,0.04680531099438667,0.029809102416038513,0.3182743489742279,0.14430083334445953,0.020367929711937904,0.019666580483317375,0.03639298677444458,0.049067556858062744
33,33,datasets/audios/eastern_sliced/carnatic/carnatic_006_003.wav,0,carnatic,5,jazz,0.4343577027320862,1.6322457790374756,0.28372007608413696,0.04750504344701767,0.025953272357583046,0.027364099398255348,0.0474371500313282,0.4343577027320862,0.018480483442544937,0.015212501399219036,0.031616948544979095,0.06835272163152695
34,34,datasets/audios/eastern_sliced/carnatic/carnatic_006_004.wav,0,carnatic,4,hiphop,0.3783899247646332,1.8362387418746948,0.19261853396892548,0.013275218196213245,0.10198735445737839,0.025498460978269577,0.3783899247646332,0.1336173266172409,0.024613339453935623,0.04052058234810829,0.049613866955041885,0.03986543416976929
35,35,datasets/audios/eastern_sliced/carnatic/carnatic_007_000.wav,0,carnatic,0,blues,0.44552773237228394,1.6889492273330688,0.44552773237228394,0.023382239043712616,0.2068817913532257,0.012567069381475449,0.08420730382204056,0.1069287434220314,0.025002317503094673,0.020044824108481407,0.02367890439927578,0.05177903547883034
36,36,datasets/audios/eastern_sliced/carnatic/carnatic_007_001.wav,0,carnatic,4,hiphop,0.3300701081752777,1.7562388181686401,0.317060261964798,0.013430459424853325,0.09305527061223984,0.021704208105802536,0.3300701081752777,0.09503474086523056,0.02424785867333412,0.027182133868336678,0.03230512887239456,0.045909903943538666
37,37,datasets/audios/eastern_sliced/carnatic/carnatic_007_002.wav,0,carnatic,4,hiphop,0.3628242313861847,1.7839668989181519,0.27225226163864136,0.014999971725046635,0.060968197882175446,0.029251642525196075,0.3628242313861847,0.11203082650899887,0.025772735476493835,0.027926839888095856,0.037939708679914474,0.05603349953889847
38,38,datasets/audios/eastern_sliced/carnatic/carnatic_007_003.wav,0,carnatic,0,blues,0.5550233721733093,1.5102543830871582,0.5550233721733093,0.016594653949141502,0.06428919732570648,0.014897292479872704,0.15231278538703918,0.09321250021457672,0.023021012544631958,0.01272958517074585,0.023079155012965202,0.04484047740697861
39,39,datasets/audios/eastern_sliced/carnatic/carnatic_007_004.wav,0,carnatic,0,blues,0.30908942222595215,1.8343268632888794,0.30908942222595215,0.019851958379149437,0.060383141040802,0.029319090768694878,0.29504573345184326,0.13088344037532806,0.02851055935025215,0.0247220229357481,0.039875131100416183,0.0623195581138134
40,40,datasets/audios/eastern_sliced/carnatic/carnatic_008_000.wav,0,carnatic,0,blues,0.3397147059440613,1.8421635627746582,0.3397147059440613,0.027402294799685478,0.26582643389701843,0.018453039228916168,0.09476897865533829,0.09877165406942368,0.02832704409956932,0.030514374375343323,0.043709199875593185,0.05251224711537361
41,41,datasets/audios/eastern_sliced/carnatic/carnatic_008_001.wav,0,carnatic,0,blues,0.32215458154678345,1.821038007736206,0.32215458154678345,0.031477492302656174,0.3067554235458374,0.01862230896949768,0.07528233528137207,0.09123209863901138,0.02685387060046196,0.03135232254862785,0.04417141154408455,0.05209817737340927
42,42,datasets/audios/eastern_sliced/carnatic/carnatic_009_000.wav,0,carnatic,4,hiphop,0.25777265429496765,2.0175836086273193,0.13821789622306824,0.03489548712968826,0.05967726558446884,0.036904897540807724,0.25777265429496765,0.24327272176742554,0.03090677410364151,0.0640752762556076,0.05410151928663254,0.08017551153898239
43,43,datasets/audios/eastern_sliced/carnatic/carnatic_009_001.wav,0,carnatic,4,hiphop,0.328953355550766,2.009174108505249,0.18865060806274414,0.03868892788887024,0.0725359320640564,0.0569404698908329,0.328953355550766,0.07972024381160736,0.03806406632065773,0.047860607504844666,0.04966399446129799,0.0989217758178711
44,44,datasets/audios/eastern_sliced/carnatic/carnatic_009_002.wav,0,carnatic,4,hiphop,0.33830586075782776,2.0325675010681152,0.14897635579109192,0.04881894215941429,0.05922432616353035,0.05941496044397354,0.33830586075782776,0.09403501451015472,0.03766629844903946,0.054735176265239716,0.05530315265059471,0.10351991653442383
45,45,datasets/audios/eastern_sliced/carnatic/carnatic_009_003.wav,0,carnatic,4,hiphop,0.4059646427631378,1.9330090284347534,0.1365797519683838,0.03460366278886795,0.05432451143860817,0.06761020421981812,0.4059646427631378,0.07483628392219543,0.038990650326013565,0.0524921715259552,0.06485669314861298,0.06974142789840698
46,46,datasets/audios/eastern_sliced/carnatic/carnatic_009_004.wav,0,carnatic,4,hiphop,0.37138646841049194,2.00056529045105,0.13303327560424805,0.039194051176309586,0.06271898746490479,0.07457539439201355,0.37138646841049194,0.08264569938182831,0.04364679008722305,0.05724358186125755,0.058762434870004654,0.07679328322410583
47,47,datasets/audios/eastern_sliced/carnatic/carnatic_010_000.wav,0,carnatic,7,pop,0.18814542889595032,2.140233039855957,0.06707461923360825,0.17001624405384064,0.05560411885380745,0.061086755245923996,0.10538696497678757,0.10786870867013931,0.024053823202848434,0.18814542889595032,0.0449150986969471,0.17584817111492157
48,48,datasets/audios/eastern_sliced/carnatic/carnatic_010_001.wav,0,carnatic,7,pop,0.1925460249185562,2.128824472427368,0.06469341367483139,0.1774429827928543,0.05453908070921898,0.06735438853502274,0.10035958141088486,0.09518725425004959,0.02324223890900612,0.1925460249185562,0.04310808330774307,0.1815270036458969
49,49,datasets/audios/eastern_sliced/carnatic/carnatic_010_002.wav,0,carnatic,4,hiphop,0.4074186384677887,1.8826050758361816,0.07571110129356384,0.024424586445093155,0.06796135753393173,0.05695822834968567,0.4074186384677887,0.05775030702352524,0.026671089231967926,0.16938869655132294,0.04305947571992874,0.07065654546022415
50,50,datasets/audios/eastern_sliced/carnatic/carnatic_010_003.wav,0,carnatic,7,pop,0.2038048654794693,2.1079885959625244,0.10499705374240875,0.03572329878807068,0.15430137515068054,0.04236974939703941,0.1931641846895218,0.10919862985610962,0.029487591236829758,0.2038048654794693,0.041837308555841446,0.08511587977409363
51,51,datasets/audios/eastern_sliced/carnatic/carnatic_010_004.wav,0,carnatic,4,hiphop,0.2784408926963806,2.0975446701049805,0.18206752836704254,0.04395570978522301,0.07471481710672379,0.06435324996709824,0.2784408926963806,0.09527835994958878,0.044236086308956146,0.05535799637436867,0.06086862087249756,0.10072677582502365
52,52,datasets/audios/eastern_sliced/carnatic/carnatic_011_000.wav,0,carnatic,1,classical,0.3780529499053955,1.6133849620819092,0.2025226354598999,0.3780529499053955,0.017426544800400734,0.011735750362277031,0.005418930668383837,0.22771459817886353,0.006468324456363916,0.021565914154052734,0.019410675391554832,0.10968361049890518
53,53,datasets/audios/eastern_sliced/carnatic/carnatic_011_001.wav,0,carnatic,1,classical,0.6227030158042908,1.159224510192871,0.02303597517311573,0.6227030158042908,0.02514525130391121,0.011550341732800007,0.0023441840894520283,0.24172018468379974,0.003072029212489724,0.023113545030355453,0.011841647326946259,0.03547383099794388
54,54,datasets/audios/eastern_sliced/carnatic/carnatic_011_002.wav,0,carnatic,9,rock,0.2225414216518402,2.1645395755767822,0.14483746886253357,0.133992001414299,0.07665051519870758,0.058473799377679825,0.12051965296268463,0.08412554115056992,0.03459847718477249,0.08254238218069077,0.04171875864267349,0.2225414216518402
55,55,datasets/audios/eastern_sliced/carnatic/carnatic_011_003.wav,0,carnatic,4,hiphop,0.28732526302337646,2.0187795162200928,0.2268400639295578,0.04855085536837578,0.07640016078948975,0.04367588460445404,0.28732526302337646,0.10620949417352676,0.03845199942588806,0.04322601109743118,0.04009459912776947,0.08922562748193741
56,56,datasets/audios/eastern_sliced/carnatic/carnatic_011_004.wav,0,carnatic,1,classical,0.42391782999038696,1.6845623254776,0.07095314562320709,0.42391782999038696,0.03408253937959671,0.03234471008181572,0.014782398007810116,0.2450697124004364,0.01078779250383377,0.04796275869011879,0.018078355118632317,0.10202077776193619
57,57,datasets/audios/eastern_sliced/carnatic/carnatic_012_000.wav,0,carnatic,9,rock,0.26989516615867615,2.1088900566101074,0.09529712051153183,0.13150304555892944,0.12005104124546051,0.0722910612821579,0.04589523747563362,0.06695113331079483,0.03117123618721962,0.12790615856647491,0.03903871402144432,0.26989516615867615
58,58,datasets/audios/eastern_sliced/carnatic/carnatic_012_001.wav,0,carnatic,2,country,0.23863129317760468,2.117750644683838,0.09770682454109192,0.16749845445156097,0.23863129317760468,0.04964498057961464,0.04352697357535362,0.06865857541561127,0.027657615020871162,0.11873499304056168,0.05485336482524872,0.13308696448802948
59,59,datasets/audios/eastern_sliced/carnatic/carnatic_012_002.wav,0,carnatic,1,classical,0.6296273469924927,1.3687999248504639,0.06760775297880173,0.6296273469924927,0.045622002333402634,0.01740420050919056,0.008057692088186741,0.08760611712932587,0.007393409963697195,0.03495961055159569,0.01696891151368618,0.08475299179553986
60,60,datasets/audios/eastern_sliced/carnatic/carnatic_012_003.wav,0,carnatic,1,classical,0.7503185868263245,1.0303950309753418,0.03969923034310341,0.7503185868263245,0.05247510224580765,0.009164252318441868,0.0026585364248603582,0.04760024696588516,0.004015828482806683,0.024560855701565742,0.010714827105402946,0.058792561292648315
61,61,datasets/audios/eastern_sliced/carnatic/carnatic_012_004.wav,0,carnatic,9,rock,0.21079003810882568,2.1634790897369385,0.1574290692806244,0.14603134989738464,0.07447092235088348,0.056840233504772186,0.10600026696920395,0.09784629195928574,0.033673882484436035,0.07478160411119461,0.04213628172874451,0.21079003810882568
62,62,datasets/audios/eastern_sliced/carnatic/carnatic_013_000.wav,0,carnatic,2,country,0.47206252813339233,1.7453818321228027,0.05303080379962921,0.08784803748130798,0.47206252813339233,0.03491523489356041,0.030044330283999443,0.03640754148364067,0.01607777737081051,0.15472127497196198,0.04094590246677399,0.0739464983344078
63,63,datasets/audios/eastern_sliced/carnatic/carnatic_013_001.wav,0,carnatic,4,hiphop,0.29170674085617065,2.099879741668701,0.10414702445268631,0.04330719634890556,0.08580252528190613,0.07158247381448746,0.29170674085617065,0.06454016268253326,0.032564807683229446,0.12987929582595825,0.055525604635477066,0.12094415724277496
64,64,datasets/audios/eastern_sliced/carnatic/carnatic_013_002.wav,0,carnatic,7,pop,0.18022961914539337,2.1252567768096924,0.0804094597697258,0.14591924846172333,0.06682050973176956,0.05568013712763786,0.1724548637866974,0.06408887356519699,0.021642252802848816,0.18022961914539337,0.038020312786102295,0.17473472654819489
65,65,datasets/audios/eastern_sliced/carnatic/carnatic_013_003.wav,0,carnatic,9,rock,0.1866721361875534,2.1639015674591064,0.15526536107063293,0.11174018681049347,0.06608881056308746,0.044999860227108,0.15037007629871368,0.13268816471099854,0.03415760025382042,0.07577620446681976,0.04224167391657829,0.1866721361875534
66,66,datasets/audios/eastern_sliced/carnatic/carnatic_013_004.wav,0,carnatic,4,hiphop,0.3006928861141205,2.095308780670166,0.11015935987234116,0.04687562584877014,0.12087973207235336,0.062336213886737823,0.3006928861141205,0.07018377631902695,0.032940324395895004,0.11619406938552856,0.05890897661447525,0.08082903921604156
67,67,datasets/audios/eastern_sliced/carnatic/carnatic_014_000.wav,0,carnatic,1,classical,0.8163586854934692,0.7671973705291748,0.010718855075538158,0.8163586854934692,0.030917109921574593,0.005862138234078884,0.0012103160843253136,0.0903005301952362,0.0018802974373102188,0.013197392225265503,0.007813180796802044,0.021741429343819618
68,68,datasets/audios/eastern_sliced/carnatic/carnatic_014_001.wav,0,carnatic,1,classical,0.790266215801239,0.8604909181594849,0.014349201694130898,0.790266215801239,0.034582823514938354,0.007351615931838751,0.0016401803586632013,0.09578104317188263,0.0024770661257207394,0.01624520868062973,0.009755079634487629,0.027551550418138504
69,69,datasets/audios/eastern_sliced/carnatic/carnatic_014_002.wav,0,carnatic,1,classical,0.18444868922233582,2.2083873748779297,0.12149026244878769,0.18444868922233582,0.042451243847608566,0.07530566304922104,0.13671162724494934,0.09909269958734512,0.04646053537726402,0.08581636846065521,0.06654740869998932,0.14167559146881104
70,70,datasets/audios/eastern_sliced/carnatic/carnatic_014_003.wav,0,carnatic,1,classical,0.2038394808769226,2.1972036361694336,0.13318732380867004,0.2038394808769226,0.04283856600522995,0.07100455462932587,0.10754191875457764,0.12076874822378159,0.0463949479162693,0.06864329427480698,0.07499589025974274,0.1307852864265442
71,71,datasets/audios/eastern_sliced/carnatic/carnatic_014_004.wav,0,carnatic,9,rock,0.17729508876800537,2.198683023452759,0.12292995303869247,0.0702117457985878,0.05251316726207733,0.06243930384516716,0.16470935940742493,0.07818767428398132,0.14623937010765076,0.04510710760951042,0.08036717027425766,0.17729508876800537
72,72,datasets/audios/eastern_sliced/carnatic/carnatic_015_000.wav,0,carnatic,9,rock,0.1694944053888321,2.1878132820129395,0.12785840034484863,0.11836087703704834,0.060491565614938736,0.05526605248451233,0.16083776950836182,0.13799698650836945,0.03462586924433708,0.08752948045730591,0.04753861203789711,0.1694944053888321
73,73,datasets/audios/eastern_sliced/carnatic/carnatic_015_001.wav,0,carnatic,4,hiphop,0.18752415478229523,2.184549331665039,0.08736778050661087,0.09875600039958954,0.08195845782756805,0.06694776564836502,0.18752415478229523,0.09092769771814346,0.031925540417432785,0.15580697357654572,0.043333251029253006,0.15545234084129333
74,74,datasets/audios/eastern_sliced/carnatic/carnatic_015_002.wav,0,carnatic,4,hiphop,0.22254860401153564,2.1760451793670654,0.11621652543544769,0.08275208622217178,0.1408517211675644,0.06067280471324921,0.22254860401153564,0.07029356062412262,0.03232651948928833,0.10565227270126343,0.051692839711904526,0.11699310690164566
75,75,datasets/audios/eastern_sliced/carnatic/carnatic_015_003.wav,0,carnatic,4,hiphop,0.20433266460895538,2.199903726577759,0.11422239989042282,0.08384372293949127,0.13160443305969238,0.050375886261463165,0.20433266460895538,0.1050882637500763,0.03783809766173363,0.10195184499025345,0.05473366007208824,0.11600897461175919
76,76,datasets/audios/eastern_sliced/carnatic/carnatic_015_004.wav,0,carnatic,1,classical,0.4780336022377014,1.7247847318649292,0.09297537058591843,0.4780336022377014,0.047548189759254456,0.02809852734208107,0.03421780839562416,0.08393631875514984,0.013901849277317524,0.0441608726978302,0.028804702684283257,0.14832276105880737
77,77,datasets/audios/eastern_sliced/carnatic/carnatic_016_000.wav,0,carnatic,5,jazz,0.21472297608852386,2.02038836479187,0.11601363867521286,0.1150822788476944,0.1162751093506813,0.033631663769483566,0.015996502712368965,0.21472297608852386,0.016079120337963104,0.16466622054576874,0.022450091317296028,0.18508237600326538
78,78,datasets/audios/eastern_sliced/carnatic/carnatic_016_001.wav,0,carnatic,1,classical,0.5608077049255371,1.3303478956222534,0.03967991843819618,0.5608077049255371,0.024066640064120293,0.01733683981001377,0.006142110098153353,0.2562655210494995,0.0075590177439153194,0.023251816630363464,0.01568981260061264,0.049200594425201416
79,79,datasets/audios/eastern_sliced/carnatic/carnatic_016_002.wav,0,carnatic,4,hiphop,0.2648777663707733,2.1165316104888916,0.18252424895763397,0.058584120124578476,0.055094774812459946,0.060768939554691315,0.2648777663707733,0.09924051910638809,0.04329229146242142,0.058475371450185776,0.07366225123405457,0.10347970575094223
80,80,datasets/audios/eastern_sliced/carnatic/carnatic_016_003.wav,0,carnatic,4,hiphop,0.38958773016929626,1.9486852884292603,0.14517024159431458,0.032001793384552,0.055620741099119186,0.06286103278398514,0.38958773016929626,0.08012241870164871,0.03555798903107643,0.05684509128332138,0.055704228579998016,0.0865287035703659
81,81,datasets/audios/eastern_sliced/carnatic/carnatic_016_004.wav,0,carnatic,1,classical,0.8341264724731445,0.7332907915115356,0.016892293468117714,0.8341264724731445,0.01064394973218441,0.005835688207298517,0.0023898896761238575,0.06613297760486603,0.0024200540501624346,0.016551898792386055,0.00652270345017314,0.03848407417535782
82,82,datasets/audios/eastern_sliced/carnatic/carnatic_017_000.wav,0,carnatic,4,hiphop,0.24108223617076874,2.1508703231811523,0.14193575084209442,0.09868516027927399,0.056824587285518646,0.05352319777011871,0.24108223617076874,0.10936345160007477,0.03677614778280258,0.07926417142152786,0.05054448917508125,0.13200080394744873
83,83,datasets/audios/eastern_sliced/carnatic/carnatic_017_001.wav,0,carnatic,9,rock,0.18572267889976501,2.1634938716888428,0.1502421796321869,0.10115895420312881,0.0562119297683239,0.05406103655695915,0.16750015318393707,0.1107456162571907,0.03205139935016632,0.1028376892209053,0.03946840763092041,0.18572267889976501
84,84,datasets/audios/eastern_sliced/carnatic/carnatic_017_002.wav,0,carnatic,9,rock,0.23894895613193512,2.148317337036133,0.1225152313709259,0.12073929607868195,0.06151604652404785,0.059808678925037384,0.08401824533939362,0.1284242421388626,0.03392403945326805,0.11412402242422104,0.0359811931848526,0.23894895613193512
85,85,datasets/audios/eastern_sliced/carnatic/carnatic_018_000.wav,0,carnatic,2,country,0.6516090035438538,1.2570829391479492,0.07703322172164917,0.12151095271110535,0.6516090035438538,0.005594155285507441,0.005667770281434059,0.051556024700403214,0.00782402977347374,0.022664984688162804,0.010403420776128769,0.04613639414310455
86,86,datasets/audios/eastern_sliced/carnatic/carnatic_018_001.wav,0,carnatic,1,classical,0.5046232342720032,1.5463234186172485,0.08139435946941376,0.5046232342720032,0.11939636617898941,0.01124048326164484,0.004741578828543425,0.17466890811920166,0.008518550544977188,0.02422494627535343,0.02176591381430626,0.049425601959228516
87,87,datasets/audios/eastern_sliced/carnatic/carnatic_018_002.wav,0,carnatic,1,classical,0.3369022309780121,1.8153414726257324,0.07059711962938309,0.3369022309780121,0.23160764575004578,0.02310057170689106,0.009024163708090782,0.1633024513721466,0.010420910082757473,0.06064489483833313,0.02766997367143631,0.06673002243041992
88,88,datasets/audios/eastern_sliced/carnatic/carnatic_018_003.wav,0,carnatic,1,classical,0.2710777521133423,1.9431006908416748,0.11755876243114471,0.2710777521133423,0.19133803248405457,0.02023412473499775,0.009711570106446743,0.1676620990037918,0.012035009451210499,0.09224552661180496,0.03577465936541557,0.08236250281333923
89,89,datasets/audios/eastern_sliced/carnatic/carnatic_018_004.wav,0,carnatic,2,country,0.4578201174736023,1.551329255104065,0.0733906626701355,0.27396681904792786,0.4578201174736023,0.01250741258263588,0.006860310211777687,0.05515001714229584,0.007821992039680481,0.035743482410907745,0.0203746035695076,0.05636458843946457
90,90,datasets/audios/eastern_sliced/carnatic/carnatic_019_000.wav,0,carnatic,0,blues,0.21748940646648407,2.1400251388549805,0.21748940646648407,0.06936953216791153,0.0590008869767189,0.06076008081436157,0.16084738075733185,0.13082721829414368,0.04783304035663605,0.048531465232372284,0.0455251969397068,0.15981580317020416
91,91,datasets/audios/eastern_sliced/carnatic/carnatic_019_001.wav,0,carnatic,0,blues,0.24109327793121338,2.0645666122436523,0.24109327793121338,0.07042691111564636,0.04089248925447464,0.058795489370822906,0.15662474930286407,0.09161808341741562,0.04565297067165375,0.04587176814675331,0.03416825085878372,0.21485605835914612
92,92,datasets/audios/eastern_sliced/carnatic/carnatic_019_002.wav,0,carnatic,4,hiphop,0.20187875628471375,2.1531076431274414,0.18897174298763275,0.0879848301410675,0.04690808802843094,0.07687781006097794,0.20187875628471375,0.10341862589120865,0.04027584567666054,0.057357147336006165,0.05155101418495178,0.14477619528770447
93,93,datasets/audios/eastern_sliced/carnatic/carnatic_019_003.wav,0,carnatic,4,hiphop,0.22684332728385925,2.1230993270874023,0.20628716051578522,0.07329277694225311,0.05534834787249565,0.05686688423156738,0.22684332728385925,0.09919268637895584,0.04600127786397934,0.05087624862790108,0.05360240489244461,0.13168898224830627
94,94,datasets/audios/eastern_sliced/carnatic/carnatic_020_000.wav,0,carnatic,4,hiphop,0.19803845882415771,2.1721115112304688,0.15263040363788605,0.07473106682300568,0.05429472029209137,0.08368764817714691,0.19803845882415771,0.09042486548423767,0.04099909961223602,0.08505916595458984,0.04675484076142311,0.17337976396083832
95,95,datasets/audios/eastern_sliced/carnatic/carnatic_021_000.wav,0,carnatic,2,country,0.336309552192688,1.9115548133850098,0.17222315073013306,0.030742887407541275,0.336309552192688,0.02478521317243576,0.187230184674263,0.07087771594524384,0.024405190721154213,0.06691235303878784,0.03630806878209114,0.05020564794540405
96,96,datasets/audios/eastern_sliced/carnatic/carnatic_021_001.wav,0,carnatic,4,hiphop,0.40666651725769043,1.9110431671142578,0.10848377645015717,0.03457118570804596,0.07798732072114944,0.03780156373977661,0.40666651725769043,0.12755320966243744,0.02777341566979885,0.05526513233780861,0.07234285026788712,0.05155501887202263
97,97,datasets/audios/eastern_sliced/carnatic/carnatic_021_002.wav,0,carnatic,4,hiphop,0.20905187726020813,2.20042085647583,0.1095404401421547,0.08344334363937378,0.1315479576587677,0.05314165726304054,0.20905187726020813,0.13790813088417053,0.04051276668906212,0.07180953770875931,0.08289284259080887,0.0801515132188797
98,98,datasets/audios/eastern_sliced/carnatic/carnatic_021_003.wav,0,carnatic,4,hiphop,0.18010246753692627,2.2243311405181885,0.10306784510612488,0.11789404600858688,0.10704488307237625,0.05539530888199806,0.18010246753692627,0.14292870461940765,0.04161859676241875,0.07168136537075043,0.07313261926174164,0.1071341261267662
99,99,datasets/audios/eastern_sliced/carnatic/carnatic_021_004.wav,0,carnatic,1,classical,0.24927890300750732,2.1036274433135986,0.0800383910536766,0.24927890300750732,0.0977381095290184,0.03239527717232704,0.09032627195119858,0.18488384783267975,0.022324129939079285,0.0724024623632431,0.060403913259506226,0.11020871996879578
100,100,datasets/audios/eastern_sliced/carnatic/carnatic_022_000.wav,0,carnatic,2,country,0.17196081578731537,2.210728406906128,0.12351434677839279,0.12454152852296829,0.17196081578731537,0.048308115452528,0.08580773323774338,0.14891712367534637,0.036144234240055084,0.0822550430893898,0.0639132633805275,0.1146378442645073
101,101,datasets/audios/eastern_sliced/carnatic/carnatic_022_001.wav,0,carnatic,4,hiphop,0.1912781000137329,2.1776978969573975,0.1843854933977127,0.051809389144182205,0.10001427680253983,0.0574779249727726,0.1912781000137329,0.13667961955070496,0.045423634350299835,0.06540881097316742,0.06445924192667007,0.1030634418129921
102,102,datasets/audios/eastern_sliced/carnatic/carnatic_022_002.wav,0,carnatic,9,rock,0.18794424831867218,2.1705946922302246,0.13970056176185608,0.1671207845211029,0.05520878732204437,0.05624022334814072,0.08418995887041092,0.13853037357330322,0.03249947354197502,0.08304804563522339,0.055517565459012985,0.18794424831867218
103,103,datasets/audios/eastern_sliced/carnatic/carnatic_022_003.wav,0,carnatic,1,classical,0.4470328390598297,1.80182683467865,0.10579117387533188,0.4470328390598297,0.05922694504261017,0.03643479943275452,0.021131232380867004,0.12279990315437317,0.02247873693704605,0.031640902161598206,0.04749153181910515,0.10597195476293564
104,104,datasets/audios/eastern_sliced/carnatic/carnatic_022_004.wav,0,carnatic,4,hiphop,0.20605306327342987,2.1745669841766357,0.15073922276496887,0.06890571862459183,0.14142929017543793,0.057577960193157196,0.20605306327342987,0.07374265044927597,0.0317460261285305,0.08812151849269867,0.056776080280542374,0.12490861117839813
105,105,datasets/audios/eastern_sliced/carnatic/carnatic_023_000.wav,0,carnatic,4,hiphop,0.26065099239349365,2.1180810928344727,0.11209516227245331,0.05227561667561531,0.16466492414474487,0.04283207654953003,0.26065099239349365,0.11252275854349136,0.033707763999700546,0.08263857662677765,0.07127398252487183,0.06733810901641846
106,106,datasets/audios/eastern_sliced/carnatic/carnatic_023_001.wav,0,carnatic,4,hiphop,0.1711176186800003,2.1820802688598633,0.13818423449993134,0.08067745715379715,0.15185633301734924,0.03845053166151047,0.1711176186800003,0.15657168626785278,0.036184776574373245,0.0704440176486969,0.060285598039627075,0.0962277427315712
107,107,datasets/audios/eastern_sliced/carnatic/carnatic_023_002.wav,0,carnatic,0,blues,0.19362056255340576,2.165179967880249,0.19362056255340576,0.10444866865873337,0.06353400647640228,0.04340329021215439,0.08764852583408356,0.1907399296760559,0.0322236642241478,0.06945271790027618,0.08508125692605972,0.129847452044487
108,108,datasets/audios/eastern_sliced/carnatic/carnatic_023_003.wav,0,carnatic,5,jazz,0.19530731439590454,2.1591835021972656,0.14690668880939484,0.07040344923734665,0.07967259734869003,0.03975175693631172,0.1903543472290039,0.19530731439590454,0.03685079514980316,0.07323434203863144,0.06962797790765762,0.09789075702428818
109,109,datasets/audios/eastern_sliced/carnatic/carnatic_023_004.wav,0,carnatic,4,hiphop,0.2551800608634949,2.075090169906616,0.12730081379413605,0.05581054091453552,0.1218864917755127,0.03388078510761261,0.2551800608634949,0.19541947543621063,0.03206263482570648,0.05236058682203293,0.06803470849990845,0.05806384235620499
110,110,datasets/audios/eastern_sliced/carnatic/carnatic_024_000.wav,0,carnatic,5,jazz,0.2565990090370178,2.0134716033935547,0.17486724257469177,0.059121787548065186,0.19177627563476562,0.02373252436518669,0.12587299942970276,0.2565990090370178,0.029137684032320976,0.03722688555717468,0.0397043414413929,0.06196122244000435
111,111,datasets/audios/eastern_sliced/carnatic/carnatic_024_001.wav,0,carnatic,5,jazz,0.3036969006061554,1.9843223094940186,0.09625545144081116,0.22833125293254852,0.05019598826766014,0.029019739478826523,0.07288891077041626,0.3036969006061554,0.02327733300626278,0.04801400378346443,0.059045545756816864,0.08927498012781143
112,112,datasets/audios/eastern_sliced/carnatic/carnatic_024_002.wav,0,carnatic,5,jazz,0.29904067516326904,1.9386541843414307,0.14288461208343506,0.19015245139598846,0.044257063418626785,0.0310658011585474,0.027439113706350327,0.29904067516326904,0.017713205888867378,0.06065989285707474,0.03145511448383331,0.1553320586681366
113,113,datasets/audios/eastern_sliced/carnatic/carnatic_024_003.wav,0,carnatic,5,jazz,0.3704833686351776,1.9259436130523682,0.08088358491659164,0.18145206570625305,0.03223629295825958,0.04209454730153084,0.09015490859746933,0.3704833686351776,0.020139608532190323,0.04038677364587784,0.07448668032884598,0.0676821917295456
114,114,datasets/audios/eastern_sliced/carnatic/carnatic_024_004.wav,0,carnatic,5,jazz,0.5538972616195679,1.416635513305664,0.13090479373931885,0.17847533524036407,0.01207541674375534,0.015163792297244072,0.0152788907289505,0.5538972616195679,0.008843810297548771,0.010999920777976513,0.03030211478471756,0.04405862092971802
115,115,datasets/audios/eastern_sliced/carnatic/carnatic_025_000.wav,0,carnatic,1,classical,0.46401920914649963,1.5914664268493652,0.0559760145843029,0.46401920914649963,0.030610930174589157,0.023478474467992783,0.02638798952102661,0.2692006230354309,0.012560646049678326,0.021928666159510612,0.05020029470324516,0.04563711956143379
116,116,datasets/audios/eastern_sliced/carnatic/carnatic_025_001.wav,0,carnatic,2,country,0.507409393787384,1.7196729183197021,0.07985038310289383,0.06756605952978134,0.507409393787384,0.025548525154590607,0.031330738216638565,0.07518716156482697,0.018673932179808617,0.08736148476600647,0.03582781180739403,0.07124453037977219
117,117,datasets/audios/eastern_sliced/carnatic/carnatic_025_002.wav,0,carnatic,1,classical,0.23917844891548157,1.9816529750823975,0.1941594034433365,0.23917844891548157,0.04072340205311775,0.0327237993478775,0.03022713214159012,0.19998906552791595,0.021519450470805168,0.04651155695319176,0.04665641114115715,0.14831125736236572
118,118,datasets/audios/eastern_sliced/carnatic/carnatic_025_003.wav,0,carnatic,0,blues,0.17854155600070953,2.180450916290283,0.17854155600070953,0.08462128043174744,0.16292129456996918,0.04360125586390495,0.09884241968393326,0.13757099211215973,0.034176189452409744,0.07055819779634476,0.05339933559298515,0.13576748967170715
119,119,datasets/audios/eastern_sliced/carnatic/carnatic_025_004.wav,0,carnatic,2,country,0.3704380393028259,1.93500816822052,0.16961787641048431,0.04619038850069046,0.3704380393028259,0.026487011462450027,0.09827972203493118,0.08771602809429169,0.02475373074412346,0.06527909636497498,0.0397566519677639,0.07148142158985138
120,120,datasets/audios/eastern_sliced/carnatic/carnatic_026_000.wav,0,carnatic,1,classical,0.3308885991573334,1.934248447418213,0.09801098704338074,0.3308885991573334,0.1140897274017334,0.029997430741786957,0.014173829928040504,0.1895388811826706,0.01126894075423479,0.06999845802783966,0.0739203691482544,0.06811276078224182
121,121,datasets/audios/eastern_sliced/carnatic/carnatic_026_001.wav,0,carnatic,2,country,0.3418593406677246,1.8551924228668213,0.2628788352012634,0.06286253035068512,0.3418593406677246,0.017588796094059944,0.061576709151268005,0.09652832895517349,0.01863834634423256,0.03225600719451904,0.06112755462527275,0.04468362778425217
122,122,datasets/audios/eastern_sliced/carnatic/carnatic_026_002.wav,0,carnatic,1,classical,0.17804758250713348,2.166951894760132,0.11840261518955231,0.17804758250713348,0.09880677610635757,0.05048941448330879,0.04464636743068695,0.17098984122276306,0.020250467583537102,0.12024936825037003,0.07705462723970413,0.12106288969516754
123,123,datasets/audios/eastern_sliced/carnatic/carnatic_026_003.wav,0,carnatic,5,jazz,0.21551845967769623,2.1490519046783447,0.08948834240436554,0.07565911114215851,0.14177186787128448,0.0313565768301487,0.13126517832279205,0.21551845967769623,0.02240097150206566,0.12628759443759918,0.10344628244638443,0.06280551850795746
124,124,datasets/audios/eastern_sliced/carnatic/carnatic_026_004.wav,0,carnatic,5,jazz,0.34767478704452515,1.7023158073425293,0.09713729470968246,0.33495697379112244,0.03446591645479202,0.023670872673392296,0.02708839811384678,0.34767478704452515,0.016662491485476494,0.01704399287700653,0.05255494639277458,0.04874430596828461
125,125,datasets/audios/eastern_sliced/carnatic/carnatic_027_000.wav,0,carnatic,0,blues,0.28973424434661865,1.9534941911697388,0.28973424434661865,0.1644161194562912,0.029791779816150665,0.029360005632042885,0.06096125394105911,0.20344017446041107,0.025909069925546646,0.024878131225705147,0.05301004648208618,0.11849914491176605
126,126,datasets/audios/eastern_sliced/carnatic/carnatic_027_001.wav,0,carnatic,0,blues,0.29274481534957886,1.922390103340149,0.29274481534957886,0.17159706354141235,0.029329363256692886,0.026280418038368225,0.054107267409563065,0.21838447451591492,0.024034036323428154,0.021959153935313225,0.05425276979804039,0.10731063038110733
127,127,datasets/audios/eastern_sliced/carnatic/carnatic_027_002.wav,0,carnatic,4,hiphop,0.41852718591690063,1.8743209838867188,0.15608984231948853,0.024277396500110626,0.07633917778730392,0.04650723561644554,0.41852718591690063,0.08098070323467255,0.029626207426190376,0.051279228180646896,0.06401430070400238,0.05235877260565758
128,128,datasets/audios/eastern_sliced/carnatic/carnatic_027_003.wav,0,carnatic,5,jazz,0.37668752670288086,1.8782761096954346,0.158403217792511,0.04344698786735535,0.04405689612030983,0.02596106566488743,0.16363342106342316,0.37668752670288086,0.021577898412942886,0.030733607709407806,0.07479078322649002,0.060708608478307724
129,129,datasets/audios/eastern_sliced/carnatic/carnatic_028_000.wav,0,carnatic,2,country,0.5305582284927368,1.6506249904632568,0.10918065905570984,0.03717701882123947,0.5305582284927368,0.015918074175715446,0.0658080205321312,0.07878701388835907,0.016719136387109756,0.06599787622690201,0.0398237369954586,0.04003027454018593
130,130,datasets/audios/eastern_sliced/carnatic/carnatic_028_001.wav,0,carnatic,1,classical,0.24984604120254517,2.110159397125244,0.10648051649332047,0.24984604120254517,0.09323511272668839,0.036018721759319305,0.12130358815193176,0.16582076251506805,0.02167663723230362,0.05128732696175575,0.08255620300769806,0.07177505642175674
131,131,datasets/audios/eastern_sliced/carnatic/carnatic_028_002.wav,0,carnatic,1,classical,0.7494992613792419,1.0338431596755981,0.01582346484065056,0.7494992613792419,0.04694601893424988,0.013747517950832844,0.003965964075177908,0.08323372900485992,0.005171389319002628,0.023468194529414177,0.026286715641617775,0.03185776621103287
132,132,datasets/audios/eastern_sliced/carnatic/carnatic_028_003.wav,0,carnatic,0,blues,0.21507534384727478,2.098329782485962,0.21507534384727478,0.09590741246938705,0.06169822812080383,0.03731634095311165,0.16093210875988007,0.20326463878154755,0.02957514487206936,0.0398431159555912,0.08468102663755417,0.07170668244361877
133,133,datasets/audios/eastern_sliced/carnatic/carnatic_028_004.wav,0,carnatic,4,hiphop,0.23710204660892487,2.072359323501587,0.1071927547454834,0.03910934180021286,0.04582570865750313,0.0710044801235199,0.23710204660892487,0.032469600439071655,0.11299829930067062,0.03972162306308746,0.0877954289317131,0.22678066790103912
134,134,datasets/audios/eastern_sliced/carnatic/carnatic_029_000.wav,0,carnatic,2,country,0.42579779028892517,1.7273565530776978,0.05886228382587433,0.2298009693622589,0.42579779028892517,0.023619966581463814,0.014983044005930424,0.046485718339681625,0.011231794953346252,0.06308846920728683,0.04053867235779762,0.08559131622314453
135,135,datasets/audios/eastern_sliced/carnatic/carnatic_029_001.wav,0,carnatic,2,country,0.4289911687374115,1.8520675897598267,0.1390703022480011,0.07700089365243912,0.4289911687374115,0.021809052675962448,0.043424371629953384,0.09902811795473099,0.027322839945554733,0.04850085824728012,0.0411083847284317,0.07374411821365356
136,136,datasets/audios/eastern_sliced/carnatic/carnatic_029_002.wav,0,carnatic,0,blues,0.3278571367263794,1.9006779193878174,0.3278571367263794,0.04023848846554756,0.07707159966230392,0.022600408643484116,0.11712200194597244,0.2431899458169937,0.0259848702698946,0.026734309270977974,0.06360140442848206,0.055599767714738846
137,137,datasets/audios/eastern_sliced/carnatic/carnatic_029_003.wav,0,carnatic,0,blues,0.25228551030158997,2.060033082962036,0.25228551030158997,0.060602836310863495,0.06657899916172028,0.036465682089328766,0.15388408303260803,0.20134221017360687,0.0293539110571146,0.03415210545063019,0.07842586189508438,0.08690877258777618
138,138,datasets/audios/eastern_sliced/carnatic/carnatic_029_004.wav,0,carnatic,2,country,0.2058202028274536,2.088418960571289,0.19412602484226227,0.05378786101937294,0.2058202028274536,0.03154251351952553,0.154136523604393,0.1582590490579605,0.03296659514307976,0.05033247545361519,0.056599006056785583,0.0624297671020031
139,139,datasets/audios/eastern_sliced/carnatic/carnatic_030_000.wav,0,carnatic,0,blues,0.22292743623256683,1.891477108001709,0.22292743623256683,0.2200896292924881,0.2023841291666031,0.015541625209152699,0.020727088674902916,0.1808737963438034,0.013719449751079082,0.02313973382115364,0.04436710849404335,0.05622999370098114
140,140,datasets/audios/eastern_sliced/carnatic/carnatic_030_001.wav,0,carnatic,2,country,0.26152199506759644,1.9985206127166748,0.09136242419481277,0.19017279148101807,0.26152199506759644,0.01949816755950451,0.04514303803443909,0.18495413661003113,0.014013069681823254,0.05851871892809868,0.08525041490793228,0.04956522211432457
141,141,datasets/audios/eastern_sliced/carnatic/carnatic_031_000.wav,0,carnatic,5,jazz,0.2909863293170929,2.029442310333252,0.10286140441894531,0.08568170666694641,0.2070017158985138,0.02874748781323433,0.08523769676685333,0.2909863293170929,0.028159942477941513,0.04812562093138695,0.07293693721294403,0.05026116594672203
142,142,datasets/audios/eastern_sliced/carnatic/carnatic_031_001.wav,0,carnatic,5,jazz,0.47553756833076477,1.763849139213562,0.08615756779909134,0.13441437482833862,0.038277048617601395,0.02499585971236229,0.041812337934970856,0.47553756833076477,0.018945880234241486,0.04846113547682762,0.06685050576925278,0.06454768776893616
143,143,datasets/audios/eastern_sliced/carnatic/carnatic_031_002.wav,0,carnatic,5,jazz,0.6848943829536438,1.255563735961914,0.06683862954378128,0.08113473653793335,0.021489443257451057,0.01484003011137247,0.023464260622859,0.6848943829536438,0.01258036307990551,0.01961415261030197,0.03918948024511337,0.03595448657870293
144,144,datasets/audios/eastern_sliced/carnatic/carnatic_031_003.wav,0,carnatic,5,jazz,0.34672558307647705,1.976232647895813,0.11622036248445511,0.05635914206504822,0.08682315051555634,0.03027501329779625,0.1648966521024704,0.34672558307647705,0.02696060761809349,0.04245898500084877,0.08099674433469772,0.04828369617462158
145,145,datasets/audios/eastern_sliced/carnatic/carnatic_031_004.wav,0,carnatic,5,jazz,0.5630642771720886,1.569491982460022,0.08969440311193466,0.10668689757585526,0.030941832810640335,0.020029766485095024,0.04262075945734978,0.5630642771720886,0.01655605621635914,0.025808073580265045,0.05572470650076866,0.04887320473790169
146,146,datasets/audios/eastern_sliced/carnatic/carnatic_032_000.wav,0,carnatic,2,country,0.24060675501823425,2.0337321758270264,0.1092926487326622,0.21812234818935394,0.24060675501823425,0.025029338896274567,0.03913270682096481,0.13659977912902832,0.014243434183299541,0.08114693313837051,0.083958700299263,0.051867324858903885
147,147,datasets/audios/eastern_sliced/carnatic/carnatic_033_000.wav,0,carnatic,5,jazz,0.45801490545272827,1.7431085109710693,0.1554412543773651,0.04491250216960907,0.044332969933748245,0.020157037302851677,0.12603579461574554,0.45801490545272827,0.01780017279088497,0.02541343681514263,0.061956554651260376,0.04593536630272865
148,148,datasets/audios/eastern_sliced/carnatic/carnatic_033_001.wav,0,carnatic,5,jazz,0.5725571513175964,1.5432608127593994,0.07807449251413345,0.11307397484779358,0.025087514892220497,0.022996416315436363,0.028438085690140724,0.5725571513175964,0.015942227095365524,0.04048023000359535,0.037322062999010086,0.06602785736322403
149,149,datasets/audios/eastern_sliced/carnatic/carnatic_033_002.wav,0,carnatic,5,jazz,0.5351070761680603,1.626552939414978,0.09180323779582977,0.11943065375089645,0.028387296944856644,0.02487863041460514,0.03165571019053459,0.5351070761680603,0.017648573964834213,0.038796938955783844,0.04111381992697716,0.07117806375026703
150,150,datasets/audios/eastern_sliced/carnatic/carnatic_033_003.wav,0,carnatic,5,jazz,0.4767497777938843,1.6528561115264893,0.21207953989505768,0.06383899599313736,0.023930396884679794,0.022774910554289818,0.04012581706047058,0.4767497777938843,0.017739644274115562,0.019989000633358955,0.051278118044137955,0.07149375975131989
151,151,datasets/audios/eastern_sliced/carnatic/carnatic_033_004.wav,0,carnatic,5,jazz,0.49704283475875854,1.6914373636245728,0.12362095713615417,0.04094255343079567,0.04280448704957962,0.019354451447725296,0.12425246089696884,0.49704283475875854,0.017718132585287094,0.03054649382829666,0.05744696781039238,0.046270716935396194
152,152,datasets/audios/eastern_sliced/carnatic/carnatic_034_000.wav,0,carnatic,5,jazz,0.23373384773731232,2.068580389022827,0.13931767642498016,0.05443910136818886,0.05876421183347702,0.03947662562131882,0.226387619972229,0.23373384773731232,0.02726300247013569,0.04995686933398247,0.10019402951002121,0.07046698033809662
153,153,datasets/audios/eastern_sliced/carnatic/carnatic_034_001.wav,0,carnatic,0,blues,0.20820637047290802,2.1390035152435303,0.20820637047290802,0.04517446830868721,0.11199376732110977,0.03970344364643097,0.17099642753601074,0.1608465015888214,0.036981940269470215,0.058605849742889404,0.08959943801164627,0.07789183408021927
154,154,datasets/audios/eastern_sliced/carnatic/carnatic_034_002.wav,0,carnatic,4,hiphop,0.19635462760925293,2.142153263092041,0.14907757937908173,0.04726200923323631,0.17969951033592224,0.040142931044101715,0.19635462760925293,0.1336950808763504,0.03767929598689079,0.06388580054044724,0.09188272058963776,0.060320425778627396
155,155,datasets/audios/eastern_sliced/carnatic/carnatic_034_003.wav,0,carnatic,4,hiphop,0.17827598750591278,2.153719186782837,0.1681707203388214,0.05160222202539444,0.15948522090911865,0.04094570130109787,0.17827598750591278,0.1480255275964737,0.03848223015666008,0.0567493699491024,0.09321090579032898,0.06505218148231506
156,156,datasets/audios/eastern_sliced/carnatic/carnatic_034_004.wav,0,carnatic,4,hiphop,0.25468796491622925,2.0616915225982666,0.1083945631980896,0.04163423553109169,0.07535862177610397,0.035698726773262024,0.25468796491622925,0.2253575176000595,0.028720900416374207,0.08076652139425278,0.08747002482414246,0.06191091239452362
157,157,datasets/audios/eastern_sliced/carnatic/carnatic_035_000.wav,0,carnatic,2,country,0.36434975266456604,1.9706807136535645,0.12788915634155273,0.08902230113744736,0.36434975266456604,0.03316577151417732,0.0626365914940834,0.04927745833992958,0.016305027529597282,0.11871404200792313,0.07521846890449524,0.06342138350009918
158,158,datasets/audios/eastern_sliced/carnatic/carnatic_035_001.wav,0,carnatic,0,blues,0.2858982980251312,1.9087594747543335,0.2858982980251312,0.10059843957424164,0.21566477417945862,0.019042734056711197,0.04743888974189758,0.19733557105064392,0.021445704624056816,0.025232912972569466,0.04160463809967041,0.04573804512619972
159,159,datasets/audios/eastern_sliced/carnatic/carnatic_036_000.wav,0,carnatic,2,country,0.45663589239120483,1.7504159212112427,0.13316938281059265,0.07675827294588089,0.45663589239120483,0.016341421753168106,0.03652966767549515,0.14080755412578583,0.01899108663201332,0.039237987250089645,0.03651537001132965,0.045013364404439926
160,160,datasets/audios/eastern_sliced/carnatic/carnatic_036_001.wav,0,carnatic,1,classical,0.296853631734848,1.9382143020629883,0.1868678480386734,0.296853631734848,0.06973786652088165,0.023081695660948753,0.030720526352524757,0.1764841377735138,0.027183441445231438,0.024304799735546112,0.041482385247945786,0.12328366190195084
161,161,datasets/audios/eastern_sliced/carnatic/carnatic_036_002.wav,0,carnatic,5,jazz,0.5264887809753418,1.6607099771499634,0.10635353624820709,0.10131531953811646,0.047126077115535736,0.022590070962905884,0.03520425409078598,0.5264887809753418,0.02159992605447769,0.030468042939901352,0.04777621850371361,0.06107774004340172
162,162,datasets/audios/eastern_sliced/carnatic/carnatic_036_003.wav,0,carnatic,5,jazz,0.47941139340400696,1.7005252838134766,0.17911787331104279,0.05725578963756561,0.073796845972538,0.01793702319264412,0.06012452021241188,0.47941139340400696,0.019645441323518753,0.023640092462301254,0.0423622690141201,0.04670880362391472
163,163,datasets/audios/eastern_sliced/carnatic/carnatic_036_004.wav,0,carnatic,5,jazz,0.3276108503341675,1.9332479238510132,0.21684028208255768,0.04892360046505928,0.14094632863998413,0.023230422288179398,0.06504134088754654,0.3276108503341675,0.028871698305010796,0.042946502566337585,0.04612349718809128,0.05946546420454979
164,164,datasets/audios/eastern_sliced/carnatic/carnatic_037_000.wav,0,carnatic,5,jazz,0.2772747874259949,2.0234780311584473,0.19173258543014526,0.07115866243839264,0.060408636927604675,0.031730685383081436,0.16133497655391693,0.2772747874259949,0.031278371810913086,0.03191860392689705,0.05081864073872566,0.09234405308961868
165,165,datasets/audios/eastern_sliced/carnatic/carnatic_037_001.wav,0,carnatic,4,hiphop,0.24214892089366913,2.088099241256714,0.15411387383937836,0.050477657467126846,0.11113691329956055,0.038696784526109695,0.24214892089366913,0.18783234059810638,0.03440028429031372,0.05120550096035004,0.05428276211023331,0.07570502161979675
166,166,datasets/audios/eastern_sliced/carnatic/carnatic_037_002.wav,0,carnatic,4,hiphop,0.32095110416412354,2.019007682800293,0.12437086552381516,0.03559502586722374,0.0768684595823288,0.0398128516972065,0.32095110416412354,0.1725935935974121,0.03253109008073807,0.05830421671271324,0.07343407720327377,0.0655386820435524
167,167,datasets/audios/eastern_sliced/carnatic/carnatic_038_000.wav,0,carnatic,5,jazz,0.30509835481643677,1.943341851234436,0.18019723892211914,0.04528497904539108,0.04001617804169655,0.031621623784303665,0.20255443453788757,0.30509835481643677,0.023267626762390137,0.03415636345744133,0.061905357986688614,0.07589785009622574
168,168,datasets/audios/eastern_sliced/carnatic/carnatic_039_000.wav,0,carnatic,1,classical,0.2804762125015259,1.7950348854064941,0.2717020809650421,0.2804762125015259,0.0485973060131073,0.019151438027620316,0.013705936260521412,0.1878175437450409,0.015157520771026611,0.024590222164988518,0.02166912518441677,0.11713254451751709
169,169,datasets/audios/eastern_sliced/carnatic/carnatic_039_001.wav,0,carnatic,0,blues,0.38293108344078064,1.7447088956832886,0.38293108344078064,0.07029390335083008,0.03446083888411522,0.017312975600361824,0.04322495684027672,0.27255353331565857,0.02265908010303974,0.027832340449094772,0.025970639660954475,0.10276070237159729
170,170,datasets/audios/eastern_sliced/carnatic/carnatic_039_002.wav,0,carnatic,0,blues,0.3068114221096039,1.9136724472045898,0.3068114221096039,0.020976154133677483,0.06253879517316818,0.03858054429292679,0.26141491532325745,0.12509329617023468,0.028653563931584358,0.03924768418073654,0.057922959327697754,0.05876056104898453
171,171,datasets/audios/eastern_sliced/carnatic/carnatic_039_003.wav,0,carnatic,0,blues,0.31056204438209534,1.8478143215179443,0.31056204438209534,0.017599692568182945,0.056896042078733444,0.04004225879907608,0.3056347668170929,0.09977909922599792,0.027773991227149963,0.034431975334882736,0.05259489268064499,0.0546853169798851
172,172,datasets/audios/eastern_sliced/carnatic/carnatic_039_004.wav,0,carnatic,0,blues,0.43509629368782043,1.7258554697036743,0.43509629368782043,0.055341701954603195,0.021920861676335335,0.03086741827428341,0.06383883208036423,0.2233036756515503,0.024588368833065033,0.015091879293322563,0.0429978147149086,0.08695309609174728
173,173,datasets/audios/eastern_sliced/carnatic/carnatic_040_000.wav,0,carnatic,4,hiphop,0.390318363904953,1.9284131526947021,0.10485570132732391,0.017268383875489235,0.12782695889472961,0.05009470507502556,0.390318363904953,0.07102285325527191,0.0314643532037735,0.09218496084213257,0.07073478400707245,0.04422903433442116
174,174,datasets/audios/eastern_sliced/carnatic/carnatic_040_001.wav,0,carnatic,4,hiphop,0.2603023648262024,2.0306005477905273,0.09103623777627945,0.021560851484537125,0.23300620913505554,0.04211718589067459,0.2603023648262024,0.07674245536327362,0.033029474318027496,0.10360870510339737,0.09257438033819199,0.046022213995456696
175,175,datasets/audios/eastern_sliced/carnatic/carnatic_040_002.wav,0,carnatic,4,hiphop,0.1843665987253189,2.21234130859375,0.14243289828300476,0.08382326364517212,0.08520349115133286,0.04763955995440483,0.1843665987253189,0.11097174882888794,0.04104884713888168,0.06402037292718887,0.12258746474981308,0.11790580302476883
176,176,datasets/audios/eastern_sliced/carnatic/carnatic_040_003.wav,0,carnatic,4,hiphop,0.36760661005973816,1.9689615964889526,0.09920679032802582,0.021750351414084435,0.12246409803628922,0.04003963619470596,0.36760661005973816,0.10732364654541016,0.03172740712761879,0.0832652896642685,0.07664158940315247,0.04997448995709419
177,177,datasets/audios/eastern_sliced/carnatic/carnatic_040_004.wav,0,carnatic,4,hiphop,0.3421218693256378,1.961395025253296,0.09529104828834534,0.021033350378274918,0.18909959495067596,0.03696484491229057,0.3421218693256378,0.08351965993642807,0.03302174434065819,0.08064550161361694,0.07651872932910919,0.04178361967206001
178,178,datasets/audios/eastern_sliced/carnatic/carnatic_041_000.wav,0,carnatic,4,hiphop,0.16949407756328583,2.1788547039031982,0.14772680401802063,0.03891212120652199,0.16794411838054657,0.049229566007852554,0.16949407756328583,0.11179744452238083,0.03386029601097107,0.09415871649980545,0.11209210008382797,0.0747847706079483
179,179,datasets/audios/eastern_sliced/carnatic/carnatic_041_001.wav,0,carnatic,4,hiphop,0.21149222552776337,2.1626312732696533,0.15102241933345795,0.03789573535323143,0.138972669839859,0.04911356419324875,0.21149222552776337,0.10641514509916306,0.03567873314023018,0.09170593321323395,0.10840286314487457,0.06930077821016312
180,180,datasets/audios/eastern_sliced/carnatic/carnatic_041_002.wav,0,carnatic,2,country,0.2160285860300064,2.1456472873687744,0.09675473719835281,0.03947039321064949,0.2160285860300064,0.049850694835186005,0.16870369017124176,0.08011797815561295,0.031985092908144,0.12250474840402603,0.13054727017879486,0.06403681635856628
181,181,datasets/audios/eastern_sliced/carnatic/carnatic_041_003.wav,0,carnatic,0,blues,0.16329964995384216,2.2147297859191895,0.16329964995384216,0.07141976058483124,0.07322138547897339,0.05727274715900421,0.14315512776374817,0.15639720857143402,0.036415912210941315,0.0800500363111496,0.10442144423723221,0.11434672772884369
182,182,datasets/audios/eastern_sliced/carnatic/carnatic_041_004.wav,0,carnatic,4,hiphop,0.1709768921136856,2.1931724548339844,0.11943566054105759,0.11134515702724457,0.08033541589975357,0.04529647156596184,0.1709768921136856,0.1411120593547821,0.02356000617146492,0.1126401275396347,0.06025451049208641,0.13504372537136078
183,183,datasets/audios/eastern_sliced/carnatic/carnatic_042_000.wav,0,carnatic,4,hiphop,0.3144906461238861,2.033491849899292,0.12168049812316895,0.03848906233906746,0.16746065020561218,0.04014390707015991,0.3144906461238861,0.08447638899087906,0.02953706867992878,0.07737808674573898,0.06535293906927109,0.06099075451493263
184,184,datasets/audios/eastern_sliced/carnatic/carnatic_042_001.wav,0,carnatic,2,country,0.26948800683021545,2.0386273860931396,0.16556955873966217,0.04754064232110977,0.26948800683021545,0.027411440387368202,0.18462927639484406,0.09925083070993423,0.02961498685181141,0.0572970025241375,0.05076372250914574,0.06843448430299759
185,185,datasets/audios/eastern_sliced/carnatic/carnatic_042_002.wav,0,carnatic,4,hiphop,0.29793351888656616,2.014165163040161,0.12537913024425507,0.03450130298733711,0.19164644181728363,0.032210685312747955,0.29793351888656616,0.1093205064535141,0.028861617669463158,0.0704975426197052,0.05594802275300026,0.0537012554705143
186,186,datasets/audios/eastern_sliced/carnatic/carnatic_042_003.wav,0,carnatic,4,hiphop,0.2492564469575882,2.0870983600616455,0.16617943346500397,0.03807264193892479,0.17047856748104095,0.04316520690917969,0.2492564469575882,0.10940507799386978,0.034990254789590836,0.06493712961673737,0.06190486252307892,0.061610396951436996
187,187,datasets/audios/eastern_sliced/carnatic/carnatic_042_004.wav,0,carnatic,0,blues,0.18758279085159302,2.1218090057373047,0.18758279085159302,0.05661118030548096,0.17538432776927948,0.03821948915719986,0.1785251647233963,0.14705371856689453,0.037448592483997345,0.04717884585261345,0.06324388831853867,0.06875202804803848
188,188,datasets/audios/eastern_sliced/carnatic/carnatic_043_000.wav,0,carnatic,2,country,0.26434800028800964,2.0115878582000732,0.22244103252887726,0.02479783445596695,0.26434800028800964,0.04248685762286186,0.15720191597938538,0.061276890337467194,0.03757677227258682,0.0824851244688034,0.036693867295980453,0.07069165259599686
189,189,datasets/audios/eastern_sliced/carnatic/carnatic_043_001.wav,0,carnatic,0,blues,0.3066863715648651,2.0040056705474854,0.3066863715648651,0.04617027938365936,0.1303825080394745,0.030131109058856964,0.16122058033943176,0.13726550340652466,0.03410399332642555,0.03701081499457359,0.0373404435813427,0.07968838512897491
190,190,datasets/audios/eastern_sliced/carnatic/carnatic_043_002.wav,0,carnatic,2,country,0.17261160910129547,2.1891181468963623,0.1612206995487213,0.04362734407186508,0.17261160910129547,0.059604089707136154,0.1701335906982422,0.09733594208955765,0.04777499660849571,0.09445138275623322,0.06155547872185707,0.09168486297130585
191,191,datasets/audios/eastern_sliced/carnatic/carnatic_043_003.wav,0,carnatic,4,hiphop,0.23374800384044647,2.1350016593933105,0.15175794064998627,0.03480687737464905,0.15959635376930237,0.051531627774238586,0.23374800384044647,0.1020674929022789,0.04242547228932381,0.08654153347015381,0.06348377466201782,0.074040986597538
192,192,datasets/audios/eastern_sliced/carnatic/carnatic_043_004.wav,0,carnatic,0,blues,0.23841609060764313,1.9931730031967163,0.23841609060764313,0.018934117630124092,0.2287001758813858,0.04315638914704323,0.19000044465065002,0.058502428233623505,0.03272652253508568,0.08590985834598541,0.03174233064055443,0.07191165536642075
193,193,datasets/audios/eastern_sliced/carnatic/carnatic_044_000.wav,0,carnatic,4,hiphop,0.45220738649368286,1.790847659111023,0.09099715948104858,0.012912673875689507,0.07807113975286484,0.02980804070830345,0.45220738649368286,0.12468735128641129,0.019544219598174095,0.08814392983913422,0.06510388851165771,0.03852419555187225
194,194,datasets/audios/eastern_sliced/carnatic/carnatic_044_001.wav,0,carnatic,4,hiphop,0.3830549418926239,1.924329161643982,0.1461711823940277,0.014781475998461246,0.07806597650051117,0.0442403145134449,0.3830549418926239,0.10808730870485306,0.029047871008515358,0.08078942447900772,0.05910651013255119,0.056655000895261765
195,195,datasets/audios/eastern_sliced/carnatic/carnatic_044_002.wav,0,carnatic,0,blues,0.2672983705997467,2.051408529281616,0.2672983705997467,0.034702617675065994,0.07790513336658478,0.03996053710579872,0.1408764123916626,0.2040020078420639,0.037797555327415466,0.04569020867347717,0.06382519006729126,0.08794188499450684
196,196,datasets/audios/eastern_sliced/carnatic/carnatic_044_003.wav,0,carnatic,0,blues,0.2820218801498413,2.0141584873199463,0.2820218801498413,0.04611016809940338,0.07036745548248291,0.0347483828663826,0.0876493975520134,0.2384861409664154,0.0367220900952816,0.04211943969130516,0.06092986837029457,0.10084518045186996
197,197,datasets/audios/eastern_sliced/carnatic/carnatic_044_004.wav,0,carnatic,2,country,0.251341313123703,2.1378769874572754,0.16223818063735962,0.03834173455834389,0.251341313123703,0.04659217223525047,0.10683642327785492,0.09064185619354248,0.041718967258930206,0.08103961497545242,0.0878186821937561,0.09343108534812927
198,198,datasets/audios/eastern_sliced/carnatic/carnatic_045_000.wav,0,carnatic,5,jazz,0.3081798553466797,2.0039238929748535,0.15611781179904938,0.04358825832605362,0.06218146160244942,0.02666444703936577,0.1732102632522583,0.3081798553466797,0.025020280852913857,0.07119384407997131,0.06006027013063431,0.0737835168838501
199,199,datasets/audios/eastern_sliced/carnatic/carnatic_045_001.wav,0,carnatic,0,blues,0.34357669949531555,1.831662654876709,0.34357669949531555,0.04473772644996643,0.1771928369998932,0.015120950527489185,0.0632355660200119,0.22268664836883545,0.023301204666495323,0.024628039449453354,0.03388221934437752,0.051638152450323105
200,200,datasets/audios/eastern_sliced/carnatic/carnatic_045_002.wav,0,carnatic,4,hiphop,0.24284414947032928,2.0084164142608643,0.1691707819700241,0.0335206463932991,0.0667223334312439,0.03242742642760277,0.24284414947032928,0.23995795845985413,0.02547592855989933,0.07364635169506073,0.053719788789749146,0.06251466274261475
201,201,datasets/audios/eastern_sliced/carnatic/carnatic_045_003.wav,0,carnatic,5,jazz,0.39976370334625244,1.7843384742736816,0.2451222836971283,0.044093720614910126,0.04521157965064049,0.020875951275229454,0.07523426413536072,0.39976370334625244,0.023028288036584854,0.031139150261878967,0.04233058914542198,0.07320047169923782
202,202,datasets/audios/eastern_sliced/carnatic/carnatic_045_004.wav,0,carnatic,5,jazz,0.46125274896621704,1.69480299949646,0.2159726768732071,0.04908309131860733,0.03888006508350372,0.019814645871520042,0.06737253069877625,0.46125274896621704,0.02024330571293831,0.02410157583653927,0.042680855840444565,0.060598503798246384
203,203,datasets/audios/eastern_sliced/carnatic/carnatic_046_000.wav,0,carnatic,2,country,0.5019970536231995,1.725168228149414,0.0861961618065834,0.05779832601547241,0.5019970536231995,0.019226204603910446,0.060414426028728485,0.06355573982000351,0.016153354197740555,0.10391604900360107,0.04745824635028839,0.04328443482518196
204,204,datasets/audios/eastern_sliced/carnatic/carnatic_046_001.wav,0,carnatic,5,jazz,0.20157723128795624,2.0920329093933105,0.07446340471506119,0.1702246516942978,0.13505499064922333,0.030059346929192543,0.06278810650110245,0.20157723128795624,0.01397416926920414,0.17897678911685944,0.0522143617272377,0.08066696673631668
205,205,datasets/audios/eastern_sliced/carnatic/carnatic_046_002.wav,0,carnatic,5,jazz,0.33758676052093506,1.9090826511383057,0.06695520132780075,0.248440682888031,0.06034208834171295,0.028519444167613983,0.05308067798614502,0.33758676052093506,0.016739558428525925,0.05921901389956474,0.0570511668920517,0.07206549495458603
206,206,datasets/audios/eastern_sliced/carnatic/carnatic_046_003.wav,0,carnatic,0,blues,0.32731664180755615,1.9082164764404297,0.32731664180755615,0.0797615572810173,0.24753502011299133,0.020904293283820152,0.03954235464334488,0.09827972948551178,0.026317015290260315,0.0412956178188324,0.043345123529434204,0.07570258527994156
207,207,datasets/audios/eastern_sliced/carnatic/carnatic_046_004.wav,0,carnatic,5,jazz,0.34074074029922485,1.743031620979309,0.325186163187027,0.06818189471960068,0.02274763397872448,0.027215300127863884,0.053555067628622055,0.34074074029922485,0.02278708666563034,0.024218350648880005,0.025899652391672134,0.08946812152862549
208,208,datasets/audios/eastern_sliced/carnatic/carnatic_047_000.wav,0,carnatic,0,blues,0.5414594411849976,1.5687674283981323,0.5414594411849976,0.0692068338394165,0.015935737639665604,0.020377501845359802,0.03504001349210739,0.09157323092222214,0.029258906841278076,0.012131464667618275,0.04365335777401924,0.1413634866476059
209,209,datasets/audios/eastern_sliced/carnatic/carnatic_047_001.wav,0,carnatic,5,jazz,0.28753533959388733,2.061702013015747,0.09840141236782074,0.10720551013946533,0.03694106265902519,0.045534491539001465,0.0971059501171112,0.28753533959388733,0.019225625321269035,0.14769315719604492,0.04463908448815346,0.11571837216615677
210,210,datasets/audios/eastern_sliced/carnatic/carnatic_047_002.wav,0,carnatic,4,hiphop,0.28635063767433167,1.989585280418396,0.2221326231956482,0.041746191680431366,0.03640333190560341,0.05863051116466522,0.28635063767433167,0.15185536444187164,0.029755229130387306,0.05409963056445122,0.039800647646188736,0.07922574877738953
211,211,datasets/audios/eastern_sliced/carnatic/carnatic_047_003.wav,0,carnatic,4,hiphop,0.6151986718177795,1.4540247917175293,0.11068465560674667,0.01674233376979828,0.032161813229322433,0.03995340317487717,0.6151986718177795,0.04541967436671257,0.01985900104045868,0.03635173290967941,0.04569697752594948,0.037931762635707855
212,212,datasets/audios/eastern_sliced/carnatic/carnatic_047_004.wav,0,carnatic,0,blues,0.37586352229118347,1.9207946062088013,0.37586352229118347,0.07157178223133087,0.030974270775914192,0.04947822168469429,0.07407250255346298,0.16674742102622986,0.03508823364973068,0.03386837989091873,0.038633257150650024,0.12370241433382034
213,213,datasets/audios/eastern_sliced/carnatic/carnatic_048_000.wav,0,carnatic,1,classical,0.37992337346076965,1.7274301052093506,0.10554702579975128,0.37992337346076965,0.05285694822669029,0.017835482954978943,0.023040462285280228,0.2821785807609558,0.017669416964054108,0.02139159105718136,0.04291987791657448,0.05663721263408661
214,214,datasets/audios/eastern_sliced/carnatic/carnatic_048_001.wav,0,carnatic,1,classical,0.4214574098587036,1.7541476488113403,0.06759101152420044,0.4214574098587036,0.09843186289072037,0.021723249927163124,0.020409416407346725,0.21871961653232574,0.017782723531126976,0.03306705504655838,0.043423499912023544,0.05739413946866989
215,215,datasets/audios/eastern_sliced/carnatic/carnatic_048_002.wav,0,carnatic,9,rock,0.4568149447441101,1.5818947553634644,0.12420927733182907,0.24271419644355774,0.05196239799261093,0.009927501901984215,0.017815422266721725,0.04226796329021454,0.017754562199115753,0.023418540135025978,0.013115248642861843,0.4568149447441101
216,216,datasets/audios/eastern_sliced/carnatic/carnatic_048_003.wav,0,carnatic,0,blues,0.44562187790870667,1.71909499168396,0.44562187790870667,0.07704547792673111,0.018790876492857933,0.03718040883541107,0.04193390533328056,0.20475801825523376,0.023239361122250557,0.02104422263801098,0.031675998121500015,0.09870987385511398
217,217,datasets/audios/eastern_sliced/carnatic/carnatic_048_004.wav,0,carnatic,5,jazz,0.27465081214904785,1.9965264797210693,0.2502322196960449,0.07970204949378967,0.034355513751506805,0.044114649295806885,0.10607253760099411,0.27465081214904785,0.034610070288181305,0.03436527028679848,0.05076831206679344,0.09112854301929474
218,218,datasets/audios/eastern_sliced/carnatic/carnatic_049_000.wav,0,carnatic,0,blues,0.8165580034255981,0.8247604966163635,0.8165580034255981,0.017699144780635834,0.0041657681576907635,0.015028707683086395,0.03051517717540264,0.05499933660030365,0.010404924862086773,0.0019235211657360196,0.014018965885043144,0.034686483442783356
219,219,datasets/audios/eastern_sliced/carnatic/carnatic_049_001.wav,0,carnatic,0,blues,0.5482702851295471,1.5613734722137451,0.5482702851295471,0.06887150555849075,0.13679732382297516,0.012486168183386326,0.033399783074855804,0.06561797857284546,0.01908118464052677,0.012530101463198662,0.032258499413728714,0.07068716734647751
220,220,datasets/audios/eastern_sliced/carnatic/carnatic_049_002.wav,0,carnatic,5,jazz,0.30025115609169006,2.0406851768493652,0.14607883989810944,0.12932302057743073,0.049903903156518936,0.03646710515022278,0.0521668866276741,0.30025115609169006,0.021829303354024887,0.09055784344673157,0.05057818442583084,0.12284380942583084
221,221,datasets/audios/eastern_sliced/carnatic/carnatic_049_003.wav,0,carnatic,0,blues,0.3987412452697754,1.7738711833953857,0.3987412452697754,0.08477912843227386,0.031467825174331665,0.02280583791434765,0.03468112275004387,0.21760769188404083,0.02542734146118164,0.03020811453461647,0.024243833497166634,0.1300378292798996
222,222,datasets/audios/eastern_sliced/carnatic/carnatic_049_004.wav,0,carnatic,0,blues,0.5799606442451477,1.4671690464019775,0.5799606442451477,0.0886150598526001,0.014818456023931503,0.018681969493627548,0.031863972544670105,0.1162581592798233,0.018634645268321037,0.00996260903775692,0.026600562036037445,0.09460388869047165
223,223,datasets/audios/eastern_sliced/carnatic/carnatic_050_000.wav,0,carnatic,0,blues,0.34759488701820374,1.8372626304626465,0.34759488701820374,0.11856517940759659,0.032191693782806396,0.026824750006198883,0.04376783221960068,0.24508586525917053,0.02664109505712986,0.02048211172223091,0.034220654517412186,0.10462595522403717
224,224,datasets/audios/eastern_sliced/carnatic/carnatic_050_001.wav,0,carnatic,1,classical,0.2681390047073364,1.8613303899765015,0.2452947199344635,0.2681390047073364,0.1537564992904663,0.010907832533121109,0.026784712448716164,0.0619681254029274,0.02024959586560726,0.01587638072669506,0.03516049683094025,0.1618625670671463
225,225,datasets/audios/eastern_sliced/carnatic/carnatic_050_002.wav,0,carnatic,4,hiphop,0.2683117091655731,2.042231559753418,0.21438992023468018,0.047207966446876526,0.053383082151412964,0.04018519073724747,0.2683117091655731,0.11810245364904404,0.028335362672805786,0.04268122836947441,0.10811794549226761,0.07928503304719925
226,226,datasets/audios/eastern_sliced/carnatic/carnatic_050_003.wav,0,carnatic,0,blues,0.4717721939086914,1.670121192932129,0.4717721939086914,0.06189382076263428,0.019792556762695312,0.029313094913959503,0.06354764103889465,0.1992693394422531,0.023867584764957428,0.011398017406463623,0.03505565971136093,0.08409003168344498
227,227,datasets/audios/eastern_sliced/carnatic/carnatic_050_004.wav,0,carnatic,4,hiphop,0.24293044209480286,2.0827200412750244,0.2260163128376007,0.061597906053066254,0.04306396096944809,0.054016560316085815,0.24293044209480286,0.1106475368142128,0.03713221475481987,0.04524124786257744,0.08408795297145844,0.09526589512825012
228,228,datasets/audios/eastern_sliced/carnatic/carnatic_051_000.wav,0,carnatic,0,blues,0.3207719624042511,1.8484725952148438,0.3207719624042511,0.02156147174537182,0.29238301515579224,0.025606554001569748,0.08717122673988342,0.06767916679382324,0.029363520443439484,0.054039839655160904,0.027529455721378326,0.07389379292726517
229,229,datasets/audios/eastern_sliced/carnatic/carnatic_051_001.wav,0,carnatic,0,blues,0.3707934319972992,1.9161676168441772,0.3707934319972992,0.038509801030159,0.17418743669986725,0.02950086072087288,0.09027482569217682,0.09073644876480103,0.03385879099369049,0.03648163378238678,0.03128848597407341,0.10436829179525375
230,230,datasets/audios/eastern_sliced/carnatic/carnatic_051_002.wav,0,carnatic,0,blues,0.3252478539943695,1.9441380500793457,0.3252478539943695,0.03873171657323837,0.07024107128381729,0.05145018547773361,0.21460404992103577,0.1313541829586029,0.026104874908924103,0.03332199901342392,0.032943692058324814,0.07600032538175583
231,231,datasets/audios/eastern_sliced/carnatic/carnatic_051_003.wav,0,carnatic,0,blues,0.2289760261774063,2.102327346801758,0.2289760261774063,0.08182107657194138,0.07497172802686691,0.047983407974243164,0.09242811799049377,0.20419065654277802,0.02581116184592247,0.039953816682100296,0.06587907671928406,0.1379850059747696
232,232,datasets/audios/eastern_sliced/carnatic/carnatic_051_004.wav,0,carnatic,0,blues,0.20511913299560547,2.1077327728271484,0.20511913299560547,0.0774669349193573,0.0817083790898323,0.039428699761629105,0.18395845592021942,0.1706944704055786,0.02908073365688324,0.042157132178545,0.04809829965233803,0.12228772044181824
233,233,datasets/audios/eastern_sliced/carnatic/carnatic_052_000.wav,0,carnatic,4,hiphop,0.2884616553783417,1.9653666019439697,0.24576272070407867,0.020719394087791443,0.13190816342830658,0.048242636024951935,0.2884616553783417,0.0645429790019989,0.031488094478845596,0.06534665822982788,0.040424250066280365,0.06310340017080307
234,234,datasets/audios/eastern_sliced/carnatic/carnatic_052_001.wav,0,carnatic,4,hiphop,0.2343847006559372,2.0795187950134277,0.2149525284767151,0.03188987076282501,0.143015518784523,0.05757919326424599,0.2343847006559372,0.09895569086074829,0.03565409779548645,0.06925351917743683,0.04372779652476311,0.07058709859848022
235,235,datasets/audios/eastern_sliced/carnatic/carnatic_052_002.wav,0,carnatic,4,hiphop,0.2008441984653473,2.148440361022949,0.19545917212963104,0.03807077929377556,0.10363015532493591,0.06099533662199974,0.2008441984653473,0.1387823522090912,0.04004506766796112,0.07968184351921082,0.05467820540070534,0.08781296759843826
236,236,datasets/audios/eastern_sliced/carnatic/carnatic_052_003.wav,0,carnatic,4,hiphop,0.3426131010055542,1.967570185661316,0.18873564898967743,0.020885875448584557,0.10072310268878937,0.05688757821917534,0.3426131010055542,0.07568464428186417,0.03298202529549599,0.07458264380693436,0.039272431284189224,0.06763287633657455
237,237,datasets/audios/eastern_sliced/carnatic/carnatic_052_004.wav,0,carnatic,4,hiphop,0.22418048977851868,2.0749659538269043,0.180861696600914,0.03357559069991112,0.1965208798646927,0.047335926443338394,0.22418048977851868,0.0739174410700798,0.02998780645430088,0.08794509619474411,0.04222052916884422,0.08345451951026917
238,238,datasets/audios/eastern_sliced/carnatic/carnatic_053_000.wav,0,carnatic,4,hiphop,0.2023414969444275,2.099700689315796,0.19222337007522583,0.04289988800883293,0.1796911656856537,0.03988032415509224,0.2023414969444275,0.11926852911710739,0.03307650610804558,0.06571456789970398,0.046184077858924866,0.0787201076745987
239,239,datasets/audios/eastern_sliced/carnatic/carnatic_053_001.wav,0,carnatic,0,blues,0.20549364387989044,2.0945475101470947,0.20549364387989044,0.05158881098031998,0.19339512288570404,0.03427198901772499,0.1606188267469406,0.14233632385730743,0.03242741525173187,0.05430043116211891,0.04503721371293068,0.08053018152713776
240,240,datasets/audios/eastern_sliced/carnatic/carnatic_053_002.wav,0,carnatic,0,blues,0.20805884897708893,2.101579189300537,0.20805884897708893,0.0485268272459507,0.15404872596263885,0.03852226957678795,0.18488408625125885,0.15302981436252594,0.03374730795621872,0.05325459688901901,0.048019882291555405,0.07790766656398773
241,241,datasets/audios/eastern_sliced/carnatic/carnatic_053_003.wav,0,carnatic,0,blues,0.2681353688240051,2.0225560665130615,0.2681353688240051,0.04470048099756241,0.21872888505458832,0.03045649081468582,0.13369202613830566,0.10898295044898987,0.028769399970769882,0.046728696674108505,0.051563847810029984,0.06824184209108353
242,242,datasets/audios/eastern_sliced/carnatic/carnatic_053_004.wav,0,carnatic,2,country,0.2970270812511444,2.010502338409424,0.173199862241745,0.04028595611453056,0.2970270812511444,0.02969064936041832,0.163713276386261,0.09230385720729828,0.025620074942708015,0.0659405067563057,0.05315287411212921,0.059065863490104675
243,243,datasets/audios/eastern_sliced/carnatic/carnatic_054_000.wav,0,carnatic,2,country,0.43070611357688904,1.7098942995071411,0.24305708706378937,0.047690052539110184,0.43070611357688904,0.012856997549533844,0.04840056225657463,0.06268774718046188,0.02215663529932499,0.025425879284739494,0.03176569938659668,0.0752531886100769
244,244,datasets/audios/eastern_sliced/carnatic/carnatic_054_001.wav,0,carnatic,2,country,0.3433767557144165,1.9486680030822754,0.18562963604927063,0.05361753702163696,0.3433767557144165,0.01935950107872486,0.09719841927289963,0.11516319960355759,0.0247016791254282,0.042173612862825394,0.05799192190170288,0.060787785798311234
245,245,datasets/audios/eastern_sliced/carnatic/carnatic_054_002.wav,0,carnatic,0,blues,0.29278963804244995,1.932895541191101,0.29278963804244995,0.052558425813913345,0.10828448832035065,0.02268587052822113,0.048055075109004974,0.26659566164016724,0.03917756676673889,0.033623747527599335,0.03834223002195358,0.09788725525140762
246,246,datasets/audios/eastern_sliced/carnatic/carnatic_054_003.wav,0,carnatic,2,country,0.2520545423030853,2.093606472015381,0.1891816407442093,0.04269431158900261,0.2520545423030853,0.04132476821541786,0.1374375820159912,0.08588334172964096,0.03326448053121567,0.061176005750894547,0.06518983840942383,0.09179351478815079
247,247,datasets/audios/eastern_sliced/carnatic/carnatic_054_004.wav,0,carnatic,2,country,0.24326609075069427,2.097027540206909,0.18390952050685883,0.07925202697515488,0.24326609075069427,0.03235076740384102,0.07078155875205994,0.1357937455177307,0.033554039895534515,0.058775801211595535,0.044823065400123596,0.1174934133887291
248,248,datasets/audios/eastern_sliced/carnatic/carnatic_055_000.wav,0,carnatic,4,hiphop,0.3167930543422699,2.0204226970672607,0.12094610929489136,0.05408364534378052,0.07748682796955109,0.04042486101388931,0.3167930543422699,0.18229420483112335,0.028712933883070946,0.0538000613451004,0.05236334726214409,0.07309487462043762
249,249,datasets/audios/eastern_sliced/carnatic/carnatic_055_001.wav,0,carnatic,4,hiphop,0.3641102612018585,1.9577281475067139,0.09156785160303116,0.030860796570777893,0.14385399222373962,0.035170797258615494,0.3641102612018585,0.10337669402360916,0.021542834118008614,0.09705058485269547,0.06097061559557915,0.05149557441473007
250,250,datasets/audios/eastern_sliced/carnatic/carnatic_055_002.wav,0,carnatic,4,hiphop,0.47593560814857483,1.7659574747085571,0.09312734007835388,0.018522484228014946,0.10595204681158066,0.034449733793735504,0.47593560814857483,0.08070757985115051,0.01973658800125122,0.08082108944654465,0.05142858996987343,0.03931890055537224
251,251,datasets/audios/eastern_sliced/carnatic/carnatic_055_003.wav,0,carnatic,4,hiphop,0.34609660506248474,1.9671990871429443,0.1713894009590149,0.03184913843870163,0.07553770393133163,0.04828222841024399,0.34609660506248474,0.13425257802009583,0.027496976777911186,0.04798097535967827,0.059131231158971786,0.05798314884305
252,252,datasets/audios/eastern_sliced/carnatic/carnatic_055_004.wav,0,carnatic,0,blues,0.25521260499954224,2.049931049346924,0.25521260499954224,0.05985705554485321,0.15877750515937805,0.03081352822482586,0.16545265913009644,0.13807110488414764,0.02990945428609848,0.03888570889830589,0.03491431102156639,0.08810597658157349
253,253,datasets/audios/eastern_sliced/carnatic/carnatic_056_000.wav,0,carnatic,2,country,0.28306126594543457,2.008810043334961,0.22111257910728455,0.030356284230947495,0.28306126594543457,0.03519740328192711,0.13721486926078796,0.07616212964057922,0.032675374299287796,0.06573746353387833,0.05557907372713089,0.06290356814861298
254,254,datasets/audios/eastern_sliced/carnatic/carnatic_056_001.wav,0,carnatic,4,hiphop,0.40379661321640015,1.8986009359359741,0.14690309762954712,0.029002750292420387,0.1092861071228981,0.042359575629234314,0.40379661321640015,0.07432902604341507,0.02541765756905079,0.061111390590667725,0.05211887136101723,0.055674947798252106
255,255,datasets/audios/eastern_sliced/carnatic/carnatic_056_002.wav,0,carnatic,4,hiphop,0.25324440002441406,2.099268674850464,0.14759445190429688,0.049779850989580154,0.11696988344192505,0.04034198820590973,0.25324440002441406,0.16223116219043732,0.030548444017767906,0.0693284422159195,0.05176011472940445,0.07820124924182892
256,256,datasets/audios/eastern_sliced/carnatic/carnatic_056_003.wav,0,carnatic,5,jazz,0.23057717084884644,2.120241165161133,0.1375439316034317,0.07348044216632843,0.1093609407544136,0.03698664531111717,0.17531818151474,0.23057717084884644,0.02360517345368862,0.08371762186288834,0.052334852516651154,0.07707493752241135
257,257,datasets/audios/eastern_sliced/carnatic/carnatic_056_004.wav,0,carnatic,4,hiphop,0.2006259560585022,2.1529502868652344,0.17337624728679657,0.04150799289345741,0.136221244931221,0.05960158258676529,0.2006259560585022,0.08750122040510178,0.03394845500588417,0.11759557574987411,0.04467717185616493,0.10494458675384521
258,258,datasets/audios/eastern_sliced/carnatic/carnatic_057_000.wav,0,carnatic,4,hiphop,0.24094760417938232,2.1375794410705566,0.0786324143409729,0.0684128850698471,0.14104878902435303,0.039399147033691406,0.24094760417938232,0.1270236074924469,0.029807329177856445,0.12205354869365692,0.05071926862001419,0.10195545852184296
259,259,datasets/audios/eastern_sliced/carnatic/carnatic_057_001.wav,0,carnatic,4,hiphop,0.22897867858409882,2.1582131385803223,0.08709925413131714,0.0744992271065712,0.12465675175189972,0.041239939630031586,0.22897867858409882,0.14726974070072174,0.033461540937423706,0.10317094624042511,0.05173936113715172,0.10788450390100479
260,260,datasets/audios/eastern_sliced/carnatic/carnatic_057_002.wav,0,carnatic,0,blues,0.23286381363868713,2.115116834640503,0.23286381363868713,0.08706280589103699,0.06945174932479858,0.050548650324344635,0.0783054381608963,0.22030596435070038,0.04371967911720276,0.04372493922710419,0.06796789169311523,0.10604910552501678
261,261,datasets/audios/eastern_sliced/carnatic/carnatic_057_003.wav,0,carnatic,4,hiphop,0.3129667639732361,2.061831474304199,0.14130349457263947,0.0366683267056942,0.11224546283483505,0.04665203392505646,0.3129667639732361,0.10703228414058685,0.035419315099716187,0.06769484281539917,0.06829967349767685,0.07171773165464401
262,262,datasets/audios/eastern_sliced/carnatic/carnatic_058_000.wav,0,carnatic,5,jazz,0.46077337861061096,1.7889806032180786,0.15291866660118103,0.07620979100465775,0.05290934070944786,0.035830091685056686,0.028708448633551598,0.46077337861061096,0.027516035363078117,0.04284828156232834,0.046211689710617065,0.07607419788837433
263,263,datasets/audios/eastern_sliced/carnatic/carnatic_058_001.wav,0,carnatic,0,blues,0.2365085929632187,2.068068742752075,0.2365085929632187,0.03721041977405548,0.11132460832595825,0.04836086556315422,0.23248547315597534,0.10546286404132843,0.03406651318073273,0.055029913783073425,0.04508235678076744,0.09446834772825241
264,264,datasets/audios/eastern_sliced/carnatic/carnatic_058_002.wav,0,carnatic,5,jazz,0.41588571667671204,1.762864112854004,0.2109493613243103,0.061137113720178604,0.014948461204767227,0.07159706205129623,0.0614209845662117,0.41588571667671204,0.014845076948404312,0.015211139805614948,0.09547913819551468,0.03852592408657074
265,265,datasets/audios/eastern_sliced/carnatic/carnatic_058_003.wav,0,carnatic,0,blues,0.41350576281547546,1.7833693027496338,0.41350576281547546,0.03861972689628601,0.010604302398860455,0.07601713389158249,0.10768472403287888,0.15515437722206116,0.014875205233693123,0.012261699885129929,0.12433402985334396,0.0469430647790432
266,266,datasets/audios/eastern_sliced/carnatic/carnatic_058_004.wav,0,carnatic,4,hiphop,0.2226160615682602,2.1145293712615967,0.20329074561595917,0.03744090348482132,0.08203781396150589,0.05982312560081482,0.2226160615682602,0.15023520588874817,0.03916294872760773,0.06202667951583862,0.05874340608716011,0.08462303876876831
267,267,datasets/audios/eastern_sliced/carnatic/carnatic_059_000.wav,0,carnatic,2,country,0.5811644792556763,1.5288317203521729,0.11738463491201401,0.04036257043480873,0.5811644792556763,0.013270807452499866,0.03383750095963478,0.056576259434223175,0.019182978197932243,0.03814717009663582,0.03956032171845436,0.06051334738731384
268,268,datasets/audios/eastern_sliced/carnatic/carnatic_059_001.wav,0,carnatic,5,jazz,0.43098166584968567,1.87156343460083,0.12712383270263672,0.08554752171039581,0.06000468507409096,0.030465075746178627,0.0502711720764637,0.43098166584968567,0.028674891218543053,0.036175936460494995,0.06717991828918457,0.0835753008723259
269,269,datasets/audios/eastern_sliced/carnatic/carnatic_059_002.wav,0,carnatic,2,country,0.32514071464538574,1.9584194421768188,0.19593071937561035,0.044455599039793015,0.32514071464538574,0.020861584693193436,0.1283670961856842,0.0898054987192154,0.02515016496181488,0.035922858864068985,0.0715702623128891,0.06279560923576355
270,270,datasets/audios/eastern_sliced/carnatic/carnatic_059_003.wav,0,carnatic,2,country,0.49431344866752625,1.7395122051239014,0.12341681122779846,0.041256241500377655,0.49431344866752625,0.025601305067539215,0.03587832674384117,0.06090949475765228,0.024294503033161163,0.0725475400686264,0.04606031998991966,0.07572203129529953
271,271,datasets/audios/eastern_sliced/carnatic/carnatic_059_004.wav,0,carnatic,2,country,0.5069964528083801,1.6538684368133545,0.15522195398807526,0.07373920828104019,0.5069964528083801,0.014081710018217564,0.03963794931769371,0.0750674307346344,0.014596762135624886,0.03230918198823929,0.033724594861269,0.05462471395730972
272,272,datasets/audios/eastern_sliced/carnatic/carnatic_060_000.wav,0,carnatic,0,blues,0.20530939102172852,2.14158296585083,0.20530939102172852,0.05237448960542679,0.12634572386741638,0.037839293479919434,0.16797982156276703,0.14771564304828644,0.03533731773495674,0.06037440896034241,0.05900030955672264,0.10772369056940079
273,273,datasets/audios/eastern_sliced/carnatic/carnatic_060_001.wav,0,carnatic,4,hiphop,0.18331417441368103,2.148465394973755,0.1419064998626709,0.07698968052864075,0.16700336337089539,0.032139852643013,0.18331417441368103,0.14780759811401367,0.025550710037350655,0.05318354070186615,0.09469298273324966,0.07741156220436096
274,274,datasets/audios/eastern_sliced/carnatic/carnatic_060_002.wav,0,carnatic,0,blues,0.2684212028980255,2.091198205947876,0.2684212028980255,0.05329228937625885,0.14727620780467987,0.0390862338244915,0.1470964401960373,0.1105390340089798,0.0329740010201931,0.043819401413202286,0.06586325913667679,0.09163186699151993
275,275,datasets/audios/eastern_sliced/carnatic/carnatic_060_003.wav,0,carnatic,0,blues,0.2747056484222412,2.0345253944396973,0.2747056484222412,0.12013570219278336,0.07987581938505173,0.027339495718479156,0.060733214020729065,0.19854119420051575,0.027688875794410706,0.046171437948942184,0.04353746771812439,0.12127111107110977
276,276,datasets/audios/eastern_sliced/carnatic/carnatic_060_004.wav,0,carnatic,5,jazz,0.29610323905944824,1.987403154373169,0.20623913407325745,0.11613503098487854,0.10119826346635818,0.020297318696975708,0.06357963383197784,0.29610323905944824,0.02062840573489666,0.037991002202034,0.04610910266637802,0.09171885997056961
277,277,datasets/audios/eastern_sliced/carnatic/carnatic_061_000.wav,0,carnatic,0,blues,0.2587001323699951,2.0511622428894043,0.2587001323699951,0.06136087700724602,0.07404964417219162,0.033848680555820465,0.08447039127349854,0.232310488820076,0.03050278127193451,0.03974871709942818,0.09630842506885529,0.08869991451501846
278,278,datasets/audios/eastern_sliced/carnatic/carnatic_061_001.wav,0,carnatic,0,blues,0.25761404633522034,2.055734872817993,0.25761404633522034,0.059344593435525894,0.07758783549070358,0.03300512954592705,0.08292421698570251,0.22722415626049042,0.03189340978860855,0.038469571620225906,0.1024482399225235,0.08948884904384613
279,279,datasets/audios/eastern_sliced/carnatic/carnatic_061_002.wav,0,carnatic,4,hiphop,0.23620858788490295,2.13681697845459,0.1292417049407959,0.0513562373816967,0.13766290247440338,0.04572930559515953,0.23620858788490295,0.15471485257148743,0.03597568720579147,0.07055187225341797,0.06466125696897507,0.07389761507511139
280,280,datasets/audios/eastern_sliced/carnatic/carnatic_061_003.wav,0,carnatic,5,jazz,0.2705923020839691,2.1040689945220947,0.16579869389533997,0.09218671917915344,0.0663134753704071,0.04572178050875664,0.12130862474441528,0.2705923020839691,0.03675122186541557,0.04261098802089691,0.06602850556373596,0.0926876813173294
281,281,datasets/audios/eastern_sliced/carnatic/carnatic_061_004.wav,0,carnatic,2,country,0.22716853022575378,2.1090171337127686,0.10383673012256622,0.035571709275245667,0.22716853022575378,0.04441848397254944,0.17177478969097137,0.11654262989759445,0.029307514429092407,0.14810463786125183,0.04865123704075813,0.0746237263083458
282,282,datasets/audios/eastern_sliced/carnatic/carnatic_062_000.wav,0,carnatic,0,blues,0.20399503409862518,2.1456985473632812,0.20399503409862518,0.06326861679553986,0.125173881649971,0.04241308197379112,0.17768578231334686,0.13413779437541962,0.03539273887872696,0.05508437752723694,0.0528779961168766,0.10997064411640167
283,283,datasets/audios/eastern_sliced/carnatic/carnatic_062_001.wav,0,carnatic,4,hiphop,0.23813726007938385,2.1596221923828125,0.12549103796482086,0.08044008910655975,0.11628657579421997,0.04504762217402458,0.23813726007938385,0.1137884259223938,0.030529744923114777,0.07584668695926666,0.05785653740167618,0.11657599359750748
284,284,datasets/audios/eastern_sliced/carnatic/carnatic_062_002.wav,0,carnatic,4,hiphop,0.2701196074485779,2.1252458095550537,0.10654919594526291,0.07491887360811234,0.08242116868495941,0.04590863361954689,0.2701196074485779,0.12757140398025513,0.028434811159968376,0.09408733993768692,0.05153119936585426,0.11845783144235611
285,285,datasets/audios/eastern_sliced/carnatic/carnatic_063_000.wav,0,carnatic,0,blues,0.23873475193977356,2.1126248836517334,0.23873475193977356,0.06690941751003265,0.06709953397512436,0.04641252011060715,0.12454530596733093,0.19274309277534485,0.033064328134059906,0.04006250575184822,0.09017675369977951,0.10025183856487274
286,286,datasets/audios/eastern_sliced/carnatic/carnatic_063_001.wav,0,carnatic,0,blues,0.20799563825130463,2.1624584197998047,0.20799563825130463,0.06177749112248421,0.07571402192115784,0.044656481593847275,0.1309383064508438,0.16964590549468994,0.03650006279349327,0.05773720517754555,0.0909155085682869,0.1241193413734436
287,287,datasets/audios/eastern_sliced/carnatic/carnatic_063_002.wav,0,carnatic,0,blues,0.2157764881849289,2.1733574867248535,0.2157764881849289,0.12116328626871109,0.053773943334817886,0.05357205495238304,0.1192609965801239,0.12870272994041443,0.02558070421218872,0.07884526997804642,0.08259624987840652,0.12072821706533432
288,288,datasets/audios/eastern_sliced/carnatic/carnatic_063_003.wav,0,carnatic,5,jazz,0.24756349623203278,2.162353515625,0.10651642829179764,0.09670205414295197,0.06290604174137115,0.048605140298604965,0.13416840136051178,0.24756349623203278,0.0364379808306694,0.0843963548541069,0.07060595601797104,0.11209806799888611
289,289,datasets/audios/eastern_sliced/carnatic/carnatic_063_004.wav,0,carnatic,0,blues,0.2009829729795456,2.1409249305725098,0.2009829729795456,0.050719376653432846,0.08582328259944916,0.04484281688928604,0.19011810421943665,0.16225086152553558,0.03324504569172859,0.07191885262727737,0.07654539495706558,0.08355321735143661
290,290,datasets/audios/eastern_sliced/carnatic/carnatic_064_000.wav,0,carnatic,4,hiphop,0.2938600480556488,2.0920090675354004,0.15088675916194916,0.03673581779003143,0.0978318303823471,0.04864836111664772,0.2938600480556488,0.09860174357891083,0.036779601126909256,0.07708032429218292,0.08049789071083069,0.07907769083976746
291,291,datasets/audios/eastern_sliced/carnatic/carnatic_064_001.wav,0,carnatic,5,jazz,0.2424786239862442,2.029061794281006,0.14296257495880127,0.2319648563861847,0.056066762655973434,0.033221449702978134,0.039162784814834595,0.2424786239862442,0.028496986255049706,0.04867227002978325,0.058022741228342056,0.11895095556974411
292,292,datasets/audios/eastern_sliced/carnatic/carnatic_064_002.wav,0,carnatic,0,blues,0.2864246964454651,2.083038568496704,0.2864246964454651,0.1401207149028778,0.09728217869997025,0.033252038061618805,0.05494379252195358,0.0999387875199318,0.026698822155594826,0.0653981864452362,0.06666863709688187,0.1292721927165985
293,293,datasets/audios/eastern_sliced/carnatic/carnatic_064_003.wav,0,carnatic,4,hiphop,0.2573752999305725,2.0431628227233887,0.18362365663051605,0.039235398173332214,0.056933049112558365,0.03671662509441376,0.2573752999305725,0.18536575138568878,0.029953351244330406,0.04858820140361786,0.08932667225599289,0.07288200408220291
294,294,datasets/audios/eastern_sliced/carnatic/carnatic_064_004.wav,0,carnatic,5,jazz,0.34643056988716125,1.8743860721588135,0.24728266894817352,0.09396585822105408,0.06850038468837738,0.02216418646275997,0.06192551553249359,0.34643056988716125,0.02495058812201023,0.022746646776795387,0.045579321682453156,0.06645423173904419
295,295,datasets/audios/eastern_sliced/carnatic/carnatic_065_000.wav,0,carnatic,2,country,0.4411482512950897,1.7151448726654053,0.041469428688287735,0.047094814479351044,0.4411482512950897,0.026196079328656197,0.08838747441768646,0.03019206039607525,0.01059073768556118,0.22499027848243713,0.04393751546740532,0.04599331319332123
296,296,datasets/audios/eastern_sliced/carnatic/carnatic_065_001.wav,0,carnatic,1,classical,0.299300879240036,1.8685451745986938,0.04400767758488655,0.299300879240036,0.25523439049720764,0.020179638639092445,0.025332260876893997,0.10958709567785263,0.007407901342958212,0.13886237144470215,0.03803035989403725,0.062057431787252426
297,297,datasets/audios/eastern_sliced/carnatic/carnatic_065_002.wav,0,carnatic,9,rock,0.24849097430706024,1.9384193420410156,0.2480505257844925,0.1376846581697464,0.038706451654434204,0.021043207496404648,0.05410464107990265,0.16271057724952698,0.031276147812604904,0.026018183678388596,0.031914595514535904,0.24849097430706024
298,298,datasets/audios/eastern_sliced/carnatic/carnatic_065_003.wav,0,carnatic,2,country,0.2471802681684494,2.1470272541046143,0.10206825286149979,0.08818192034959793,0.2471802681684494,0.03608199208974838,0.0847831591963768,0.11975838243961334,0.025593193247914314,0.11875838786363602,0.06657607853412628,0.1110183522105217
299,299,datasets/audios/eastern_sliced/carnatic/carnatic_065_004.wav,0,carnatic,2,country,0.32150623202323914,2.0306806564331055,0.17235055565834045,0.04179077222943306,0.32150623202323914,0.040670245885849,0.0944574773311615,0.07491116970777512,0.035364799201488495,0.09645326435565948,0.0477774441242218,0.07471803575754166
300,300,datasets/audios/eastern_sliced/carnatic/carnatic_066_000.wav,0,carnatic,4,hiphop,0.3019891679286957,2.060668706893921,0.11364186555147171,0.026898959651589394,0.09410705417394638,0.04574836418032646,0.3019891679286957,0.1358451247215271,0.02967360056936741,0.11170767992734909,0.08254004269838333,0.05784817039966583
301,301,datasets/audios/eastern_sliced/carnatic/carnatic_066_001.wav,0,carnatic,5,jazz,0.25383439660072327,1.946854591369629,0.18190361559391022,0.2490634173154831,0.0471593476831913,0.029873188585042953,0.03218566253781319,0.25383439660072327,0.021247796714305878,0.03228002414107323,0.0639362558722496,0.08851631730794907
302,302,datasets/audios/eastern_sliced/carnatic/carnatic_066_002.wav,0,carnatic,4,hiphop,0.21378393471240997,2.106379747390747,0.1930847316980362,0.03141898289322853,0.12183112651109695,0.04138173535466194,0.21378393471240997,0.15208734571933746,0.033096518367528915,0.07249458879232407,0.07925042510032654,0.06157064810395241
303,303,datasets/audios/eastern_sliced/carnatic/carnatic_066_003.wav,0,carnatic,4,hiphop,0.15283574163913727,2.23234224319458,0.15127146244049072,0.06319532543420792,0.09011226892471313,0.06470125913619995,0.15283574163913727,0.14742937684059143,0.04242616519331932,0.09713596105575562,0.10003653168678284,0.0908559039235115
304,304,datasets/audios/eastern_sliced/carnatic/carnatic_066_004.wav,0,carnatic,4,hiphop,0.18935836851596832,2.161041259765625,0.13461798429489136,0.03850281611084938,0.10516882687807083,0.047810375690460205,0.18935836851596832,0.18572746217250824,0.0364447683095932,0.11031150817871094,0.07645416259765625,0.07560380548238754
305,305,datasets/audios/eastern_sliced/carnatic/carnatic_067_000.wav,0,carnatic,7,pop,0.534171462059021,1.6306722164154053,0.0227800365537405,0.09283267706632614,0.08646178990602493,0.050196535885334015,0.04522440582513809,0.027045732364058495,0.00860862247645855,0.534171462059021,0.03915473073720932,0.09352404624223709
306,306,datasets/audios/eastern_sliced/carnatic/carnatic_067_001.wav,0,carnatic,5,jazz,0.2216441035270691,2.111933708190918,0.19289910793304443,0.08675733953714371,0.05208395794034004,0.040569014847278595,0.13874128460884094,0.2216441035270691,0.030603967607021332,0.06321147084236145,0.05134088918566704,0.12214883416891098
307,307,datasets/audios/eastern_sliced/carnatic/carnatic_067_002.wav,0,carnatic,0,blues,0.36404481530189514,1.694555401802063,0.36404481530189514,0.1139792799949646,0.016700683161616325,0.013181127607822418,0.029830411076545715,0.05097196623682976,0.046299174427986145,0.008270629681646824,0.0517146922647953,0.3050072193145752
308,308,datasets/audios/eastern_sliced/carnatic/carnatic_067_003.wav,0,carnatic,0,blues,0.33299925923347473,1.7561278343200684,0.33299925923347473,0.07651368528604507,0.020114338025450706,0.014304984360933304,0.032385144382715225,0.057974692434072495,0.07812080532312393,0.008653952740132809,0.06257698684930801,0.31635624170303345
309,309,datasets/audios/eastern_sliced/carnatic/carnatic_067_004.wav,0,carnatic,9,rock,0.3849521577358246,1.890622854232788,0.16551069915294647,0.10580948740243912,0.05347350612282753,0.01827646978199482,0.028425252065062523,0.10649856925010681,0.06192207336425781,0.033148083835840225,0.041983768343925476,0.3849521577358246
310,310,datasets/audios/eastern_sliced/carnatic/carnatic_068_000.wav,0,carnatic,2,country,0.29162004590034485,2.0966482162475586,0.07555385679006577,0.07784020155668259,0.29162004590034485,0.03620105981826782,0.11852315068244934,0.08275330066680908,0.02950078248977661,0.13046477735042572,0.057675428688526154,0.09986739605665207
311,311,datasets/audios/eastern_sliced/carnatic/carnatic_068_001.wav,0,carnatic,2,country,0.23269104957580566,2.12565541267395,0.08081544190645218,0.051969707012176514,0.23269104957580566,0.04177650809288025,0.1851164996623993,0.08186687529087067,0.03373347222805023,0.1407100111246109,0.06578114628791809,0.08553925156593323
312,312,datasets/audios/eastern_sliced/carnatic/carnatic_068_002.wav,0,carnatic,4,hiphop,0.238142728805542,2.1367170810699463,0.0960649847984314,0.05850362777709961,0.14058052003383636,0.03470446169376373,0.238142728805542,0.12537218630313873,0.02745744027197361,0.13007409870624542,0.07315658032894135,0.07594337314367294
313,313,datasets/audios/eastern_sliced/carnatic/carnatic_068_003.wav,0,carnatic,4,hiphop,0.17421744763851166,2.2124202251434326,0.14498856663703918,0.06833504885435104,0.10917071998119354,0.05015358328819275,0.17421744763851166,0.14311595261096954,0.03846411034464836,0.09264976531267166,0.07285060733556747,0.1060541495680809
314,314,datasets/audios/eastern_sliced/carnatic/carnatic_068_004.wav,0,carnatic,4,hiphop,0.19158624112606049,2.2055225372314453,0.11012328416109085,0.05768129229545593,0.096371129155159,0.06122910976409912,0.19158624112606049,0.12342287600040436,0.03658575564622879,0.14878351986408234,0.07109712809324265,0.10311964154243469
315,315,datasets/audios/eastern_sliced/carnatic/carnatic_069_000.wav,0,carnatic,0,blues,0.21800954639911652,2.0892906188964844,0.21800954639911652,0.1989239603281021,0.03956732526421547,0.03825542703270912,0.09837553650140762,0.10491319745779037,0.023720471188426018,0.07017860561609268,0.05187973380088806,0.15617617964744568
316,316,datasets/audios/eastern_sliced/carnatic/carnatic_069_001.wav,0,carnatic,4,hiphop,0.21859414875507355,2.1620423793792725,0.16333389282226562,0.07524167001247406,0.047496385872364044,0.0648292526602745,0.21859414875507355,0.1265391856431961,0.030068207532167435,0.07422707229852676,0.08223346620798111,0.11743670701980591
317,317,datasets/audios/eastern_sliced/carnatic/carnatic_069_002.wav,0,carnatic,0,blues,0.24192790687084198,2.0050904750823975,0.24192790687084198,0.2144898772239685,0.03174178674817085,0.03867107629776001,0.046782612800598145,0.14356103539466858,0.024705125018954277,0.03969563543796539,0.05435802787542343,0.16406689584255219
318,318,datasets/audios/eastern_sliced/carnatic/carnatic_069_003.wav,0,carnatic,0,blues,0.23065076768398285,2.115661859512329,0.23065076768398285,0.09063327312469482,0.049488551914691925,0.04284679889678955,0.11280322819948196,0.19967444241046906,0.036950573325157166,0.04708625376224518,0.07399360090494156,0.11587249487638474
319,319,datasets/audios/eastern_sliced/carnatic/carnatic_069_004.wav,0,carnatic,0,blues,0.21818119287490845,2.1283206939697266,0.21818119287490845,0.08589912950992584,0.049400780349969864,0.04604440554976463,0.12705619633197784,0.19764579832553864,0.03634652495384216,0.046951211988925934,0.08159490674734116,0.11087984591722488
320,320,datasets/audios/eastern_sliced/carnatic/carnatic_070_000.wav,0,carnatic,0,blues,0.1659795641899109,2.2163572311401367,0.1659795641899109,0.07341518253087997,0.1482108235359192,0.057431187480688095,0.14442051947116852,0.0853656604886055,0.031508300453424454,0.10680683702230453,0.08464910835027695,0.1022128313779831
321,321,datasets/audios/eastern_sliced/carnatic/carnatic_070_001.wav,0,carnatic,0,blues,0.2159510850906372,2.193042755126953,0.2159510850906372,0.07758668810129166,0.06877414882183075,0.06415870040655136,0.14259016513824463,0.10988406836986542,0.035915859043598175,0.06527702510356903,0.11223446577787399,0.10762783139944077
322,322,datasets/audios/eastern_sliced/carnatic/carnatic_070_002.wav,0,carnatic,0,blues,0.19707012176513672,2.1650514602661133,0.19707012176513672,0.04975740984082222,0.07954029738903046,0.05392581224441528,0.19604645669460297,0.1234339252114296,0.03671431541442871,0.06953150779008865,0.10018777847290039,0.0937923863530159
323,323,datasets/audios/eastern_sliced/carnatic/carnatic_070_003.wav,0,carnatic,4,hiphop,0.17254796624183655,2.238632917404175,0.1242707297205925,0.07420840859413147,0.1074753850698471,0.05894353240728378,0.17254796624183655,0.1083666980266571,0.03910296782851219,0.11434479057788849,0.09480474144220352,0.10593479871749878
324,324,datasets/audios/eastern_sliced/carnatic/carnatic_071_000.wav,0,carnatic,4,hiphop,0.2936679422855377,2.0962162017822266,0.1006913110613823,0.032511379569768906,0.11336412280797958,0.05654885992407799,0.2936679422855377,0.09658610075712204,0.034470051527023315,0.12713253498077393,0.07135831564664841,0.07366932928562164
325,325,datasets/audios/eastern_sliced/carnatic/carnatic_071_001.wav,0,carnatic,9,rock,0.20326103270053864,2.208009958267212,0.1087145134806633,0.1262756884098053,0.08253408968448639,0.06664451956748962,0.11260463297367096,0.09568154066801071,0.03572279214859009,0.11465565115213394,0.053905587643384933,0.20326103270053864
326,326,datasets/audios/eastern_sliced/carnatic/carnatic_072_000.wav,0,carnatic,2,country,0.7872448563575745,0.9291078448295593,0.06901055574417114,0.011698069982230663,0.7872448563575745,0.007156828884035349,0.0164197850972414,0.017261747270822525,0.009406006895005703,0.041918326169252396,0.014251009561121464,0.025632822886109352
327,327,datasets/audios/eastern_sliced/carnatic/carnatic_072_001.wav,0,carnatic,4,hiphop,0.6405838131904602,1.3686479330062866,0.06868968158960342,0.0044234748929739,0.07491555064916611,0.029066722840070724,0.6405838131904602,0.04145115241408348,0.013029089197516441,0.06043092906475067,0.04996871203184128,0.017440959811210632
328,328,datasets/audios/eastern_sliced/carnatic/carnatic_072_002.wav,0,carnatic,4,hiphop,0.7476798892021179,1.0717054605484009,0.04428623989224434,0.0027379747480154037,0.04364577680826187,0.029219813644886017,0.7476798892021179,0.02344590425491333,0.010867271572351456,0.04800549894571304,0.03838000446557999,0.01173163391649723
329,329,datasets/audios/eastern_sliced/carnatic/carnatic_072_003.wav,0,carnatic,4,hiphop,0.814717173576355,0.8388417363166809,0.04068983718752861,0.001375793945044279,0.019856782630085945,0.0398685522377491,0.814717173576355,0.008289131335914135,0.009166923351585865,0.02970266528427601,0.028737643733620644,0.007595512550324202
330,330,datasets/audios/eastern_sliced/carnatic/carnatic_072_004.wav,0,carnatic,4,hiphop,0.8470433950424194,0.7221124768257141,0.042389556765556335,0.0010756599949672818,0.01818527840077877,0.02595844306051731,0.8470433950424194,0.008511561900377274,0.006897300947457552,0.020966388285160065,0.023540647700428963,0.005431693978607655
331,331,datasets/audios/eastern_sliced/carnatic/carnatic_073_000.wav,0,carnatic,4,hiphop,0.40111827850341797,1.9106465578079224,0.1279689073562622,0.01734667830169201,0.07705789804458618,0.04555902257561684,0.40111827850341797,0.09973207116127014,0.028626877814531326,0.07272808253765106,0.08246248960494995,0.04739982634782791
332,332,datasets/audios/eastern_sliced/carnatic/carnatic_073_001.wav,0,carnatic,4,hiphop,0.48664140701293945,1.7248579263687134,0.12409209460020065,0.008479244075715542,0.055374875664711,0.043122075498104095,0.48664140701293945,0.08712384104728699,0.020174862816929817,0.08175703883171082,0.05788738280534744,0.03534720465540886
333,333,datasets/audios/eastern_sliced/carnatic/carnatic_073_002.wav,0,carnatic,4,hiphop,0.2543388605117798,2.0594866275787354,0.10352222621440887,0.015588763169944286,0.07364306598901749,0.046686235815286636,0.2543388605117798,0.16566842794418335,0.02541542798280716,0.15969105064868927,0.09687169641256332,0.05857424437999725
334,334,datasets/audios/eastern_sliced/carnatic/carnatic_073_003.wav,0,carnatic,4,hiphop,0.2914438247680664,2.0262486934661865,0.12440221011638641,0.011444457806646824,0.09860869497060776,0.0537002831697464,0.2914438247680664,0.09964634478092194,0.028168372809886932,0.17264030873775482,0.062407236546278,0.05753831937909126
335,335,datasets/audios/eastern_sliced/carnatic/carnatic_073_004.wav,0,carnatic,4,hiphop,0.49045151472091675,1.7257657051086426,0.08833595365285873,0.0076003591530025005,0.06612242758274078,0.04594717547297478,0.49045151472091675,0.06980115920305252,0.01953563652932644,0.10224426537752151,0.0792115330696106,0.030749989673495293
336,336,datasets/audios/eastern_sliced/carnatic/carnatic_074_000.wav,0,carnatic,2,country,0.6964375376701355,1.2000194787979126,0.05755452811717987,0.020051686093211174,0.6964375376701355,0.016226716339588165,0.029510824009776115,0.02160501852631569,0.009168495424091816,0.10295060276985168,0.020582521334290504,0.025912148877978325
337,337,datasets/audios/eastern_sliced/carnatic/carnatic_074_001.wav,0,carnatic,2,country,0.323640376329422,1.999179482460022,0.07845377922058105,0.05135554075241089,0.323640376329422,0.033691681921482086,0.06818418204784393,0.10914665460586548,0.020277567207813263,0.18879063427448273,0.060368724167346954,0.06609093397855759
338,338,datasets/audios/eastern_sliced/carnatic/carnatic_074_002.wav,0,carnatic,2,country,0.8438414335250854,0.7401697039604187,0.03441693261265755,0.010584192350506783,0.8438414335250854,0.00667329179123044,0.012133222073316574,0.008746094070374966,0.006068706046789885,0.04441528022289276,0.013095741160213947,0.020025208592414856
339,339,datasets/audios/eastern_sliced/carnatic/carnatic_074_003.wav,0,carnatic,5,jazz,0.43601205945014954,1.8006056547164917,0.08169039338827133,0.181700199842453,0.04399619624018669,0.03157654404640198,0.03593512997031212,0.43601205945014954,0.01755427196621895,0.05173816159367561,0.04590511694550514,0.07389189302921295
340,340,datasets/audios/eastern_sliced/carnatic/carnatic_074_004.wav,0,carnatic,4,hiphop,0.4822312891483307,1.5728870630264282,0.09853420406579971,0.004129841923713684,0.2177586704492569,0.02353559620678425,0.4822312891483307,0.02990378811955452,0.01253493595868349,0.07144064456224442,0.04562778025865555,0.014303303323686123
341,341,datasets/audios/eastern_sliced/carnatic/carnatic_075_000.wav,0,carnatic,4,hiphop,0.3144948184490204,1.982572317123413,0.16866233944892883,0.014249633997678757,0.0540347620844841,0.060406286269426346,0.3144948184490204,0.14636953175067902,0.02281646803021431,0.10439671576023102,0.06120374798774719,0.05336569622159004
342,342,datasets/audios/eastern_sliced/carnatic/carnatic_075_001.wav,0,carnatic,4,hiphop,0.2754864990711212,2.0434372425079346,0.11600376665592194,0.01271243765950203,0.11058148741722107,0.051294781267642975,0.2754864990711212,0.10193663835525513,0.028952527791261673,0.17999398708343506,0.06242706999182701,0.06061084568500519
343,343,datasets/audios/eastern_sliced/carnatic/carnatic_075_002.wav,0,carnatic,4,hiphop,0.4469597637653351,1.8186092376708984,0.1262713372707367,0.011616888456046581,0.07680800557136536,0.046754635870456696,0.4469597637653351,0.08553389459848404,0.02561958320438862,0.08009425550699234,0.058385010808706284,0.04195650294423103
344,344,datasets/audios/eastern_sliced/carnatic/carnatic_075_003.wav,0,carnatic,4,hiphop,0.7850956320762634,0.9435552954673767,0.03759891539812088,0.0018887846963480115,0.027711663395166397,0.02242436073720455,0.7850956320762634,0.02126539684832096,0.006992186885327101,0.04524809867143631,0.04277443513274193,0.009000499732792377
345,345,datasets/audios/eastern_sliced/carnatic/carnatic_075_004.wav,0,carnatic,4,hiphop,0.7135536670684814,1.153617262840271,0.03711647167801857,0.0029414305463433266,0.027909237891435623,0.027560630813241005,0.7135536670684814,0.03219064697623253,0.008746014907956123,0.07612235099077225,0.06110476329922676,0.01275476161390543
346,346,datasets/audios/eastern_sliced/carnatic/carnatic_076_000.wav,0,carnatic,4,hiphop,0.31264859437942505,1.7895125150680542,0.1031273603439331,0.007486386224627495,0.29954931139945984,0.03759252279996872,0.31264859437942505,0.033473338931798935,0.017269330099225044,0.1157819852232933,0.04939224570989609,0.023678919300436974
347,347,datasets/audios/eastern_sliced/carnatic/carnatic_076_001.wav,0,carnatic,2,country,0.3794330954551697,1.7353579998016357,0.08253337442874908,0.007104520685970783,0.3794330954551697,0.029093870893120766,0.25368064641952515,0.03348235413432121,0.015409772284328938,0.1252903789281845,0.05217806622385979,0.021793855354189873
348,348,datasets/audios/eastern_sliced/carnatic/carnatic_076_002.wav,0,carnatic,2,country,0.38657742738723755,1.8050819635391235,0.08628755062818527,0.010784778743982315,0.38657742738723755,0.0303430687636137,0.21136519312858582,0.0492546446621418,0.018799375742673874,0.1208130493760109,0.05821945518255234,0.02755545638501644
349,349,datasets/audios/eastern_sliced/carnatic/carnatic_076_003.wav,0,carnatic,2,country,0.19793468713760376,2.118187665939331,0.1254216432571411,0.025711730122566223,0.19793468713760376,0.03727119415998459,0.17059579491615295,0.15362238883972168,0.032493218779563904,0.1217261403799057,0.07581591606140137,0.059407368302345276
350,350,datasets/audios/eastern_sliced/carnatic/carnatic_076_004.wav,0,carnatic,2,country,0.5873409509658813,1.505042552947998,0.1032928004860878,0.012974461540579796,0.5873409509658813,0.02370487153530121,0.06909546256065369,0.02412988431751728,0.018808813765645027,0.07555285841226578,0.04498409107327461,0.04011579975485802
351,351,datasets/audios/eastern_sliced/carnatic/carnatic_077_000.wav,0,carnatic,4,hiphop,0.31229403614997864,1.9309980869293213,0.11895439028739929,0.011889430694282055,0.044765666127204895,0.23117633163928986,0.31229403614997864,0.041477397084236145,0.0347583033144474,0.09392005205154419,0.07546728104352951,0.03529711812734604
352,352,datasets/audios/eastern_sliced/carnatic/carnatic_077_001.wav,0,carnatic,4,hiphop,0.6480013132095337,1.3481104373931885,0.054910752922296524,0.004697038792073727,0.03877100348472595,0.04810585081577301,0.6480013132095337,0.027172088623046875,0.01460258662700653,0.09386564791202545,0.04883212223649025,0.021041598170995712
353,353,datasets/audios/eastern_sliced/carnatic/carnatic_077_002.wav,0,carnatic,4,hiphop,0.31862974166870117,2.03363299369812,0.11061376333236694,0.01694430038332939,0.09560904651880264,0.056582190096378326,0.31862974166870117,0.10105999559164047,0.031509894877672195,0.13860896229743958,0.07313262671232224,0.05730947479605675
354,354,datasets/audios/eastern_sliced/carnatic/carnatic_077_003.wav,0,carnatic,4,hiphop,0.679875910282135,1.2826817035675049,0.06453216075897217,0.006884570699185133,0.02948165498673916,0.049723315984010696,0.679875910282135,0.04707689955830574,0.01617187261581421,0.03786255046725273,0.05160090699791908,0.01679013855755329
355,355,datasets/audios/eastern_sliced/carnatic/carnatic_078_000.wav,0,carnatic,2,country,0.3252599239349365,1.9127452373504639,0.08905897289514542,0.028257764875888824,0.3252599239349365,0.029320552945137024,0.10057596862316132,0.07242073863744736,0.017274975776672363,0.24071843922138214,0.049892500042915344,0.04722015932202339
356,356,datasets/audios/eastern_sliced/carnatic/carnatic_078_001.wav,0,carnatic,5,jazz,0.4790188670158386,1.793529748916626,0.08624434471130371,0.09003882855176926,0.065382219851017,0.029086023569107056,0.0462619811296463,0.4790188670158386,0.020148463547229767,0.07200884819030762,0.047881413251161575,0.06392896175384521
357,357,datasets/audios/eastern_sliced/carnatic/carnatic_078_002.wav,0,carnatic,1,classical,0.28867456316947937,2.055102825164795,0.10178901255130768,0.28867456316947937,0.09591372311115265,0.044486045837402344,0.0568719245493412,0.19102586805820465,0.02742225117981434,0.04420778900384903,0.05955018103122711,0.09005862474441528
358,358,datasets/audios/eastern_sliced/carnatic/carnatic_078_003.wav,0,carnatic,4,hiphop,0.5028432011604309,1.6824103593826294,0.08515682816505432,0.006187982391566038,0.07224172353744507,0.05319672077894211,0.5028432011604309,0.04517673701047897,0.01855926588177681,0.12681177258491516,0.05965325981378555,0.0301725622266531
359,359,datasets/audios/eastern_sliced/carnatic/carnatic_078_004.wav,0,carnatic,4,hiphop,0.5024226307868958,1.6906052827835083,0.10413370281457901,0.011201084591448307,0.041517965495586395,0.07674116641283035,0.5024226307868958,0.04026670381426811,0.028241800144314766,0.04734496772289276,0.11971236020326614,0.02841762825846672
360,360,datasets/audios/eastern_sliced/carnatic/carnatic_079_000.wav,0,carnatic,4,hiphop,0.21698035299777985,2.074441909790039,0.0906715914607048,0.020115887746214867,0.09950175136327744,0.03593561798334122,0.21698035299777985,0.20167796313762665,0.025611473247408867,0.15196289122104645,0.10016807168722153,0.05737431347370148
361,361,datasets/audios/eastern_sliced/carnatic/carnatic_079_001.wav,0,carnatic,4,hiphop,0.3241253197193146,1.9492254257202148,0.10551927238702774,0.011054245755076408,0.1699187159538269,0.030831821262836456,0.3241253197193146,0.12176261097192764,0.023454058915376663,0.11322297155857086,0.06080968305468559,0.03930140659213066
362,362,datasets/audios/eastern_sliced/carnatic/carnatic_079_002.wav,0,carnatic,5,jazz,0.29977816343307495,2.033928394317627,0.17246967554092407,0.02712167054414749,0.06973554193973541,0.044842448085546494,0.12203036993741989,0.29977816343307495,0.026180632412433624,0.10733471065759659,0.05747599899768829,0.07303084433078766
363,363,datasets/audios/eastern_sliced/carnatic/carnatic_079_003.wav,0,carnatic,7,pop,0.25395315885543823,1.995220422744751,0.09444472938776016,0.01151521597057581,0.11486613005399704,0.03948327526450157,0.2312275916337967,0.12460461258888245,0.021610600873827934,0.25395315885543823,0.052430953830480576,0.055863723158836365
364,364,datasets/audios/eastern_sliced/carnatic/carnatic_079_004.wav,0,carnatic,5,jazz,0.29058951139450073,2.059551239013672,0.11946962028741837,0.02796294167637825,0.09739091247320175,0.03464847430586815,0.134200781583786,0.29058951139450073,0.026069970801472664,0.12699827551841736,0.07448107749223709,0.06818842142820358
365,365,datasets/audios/eastern_sliced/carnatic/carnatic_080_000.wav,0,carnatic,4,hiphop,0.385214239358902,1.9265004396438599,0.10694774240255356,0.01059051789343357,0.06441466510295868,0.08006568253040314,0.385214239358902,0.06897556036710739,0.02874322608113289,0.13066639006137848,0.07949812710285187,0.044883839786052704
366,366,datasets/audios/eastern_sliced/carnatic/carnatic_080_001.wav,0,carnatic,7,pop,0.21703438460826874,2.1671841144561768,0.08787432312965393,0.072662353515625,0.12143990397453308,0.057027220726013184,0.05647841840982437,0.14783348143100739,0.03341691941022873,0.21703438460826874,0.06426919251680374,0.14196383953094482
367,367,datasets/audios/eastern_sliced/carnatic/carnatic_081_000.wav,0,carnatic,7,pop,0.2365984171628952,2.0680861473083496,0.09671033918857574,0.0915856808423996,0.04587579891085625,0.045873455703258514,0.1081518828868866,0.21834896504878998,0.016248218715190887,0.2365984171628952,0.03988950327038765,0.10071782767772675
368,368,datasets/audios/eastern_sliced/carnatic/carnatic_081_001.wav,0,carnatic,5,jazz,0.23826001584529877,2.05602765083313,0.08547218888998032,0.1418987363576889,0.04747772961854935,0.04506279155611992,0.06449609249830246,0.23826001584529877,0.016553370282053947,0.21247811615467072,0.039320208132267,0.10898075252771378
369,369,datasets/audios/eastern_sliced/carnatic/carnatic_081_002.wav,0,carnatic,4,hiphop,0.20492759346961975,2.158405065536499,0.09961895644664764,0.06843363493680954,0.06600560992956161,0.05507859215140343,0.20492759346961975,0.1340690553188324,0.027545755729079247,0.18357789516448975,0.06349694728851318,0.09724587202072144
370,370,datasets/audios/eastern_sliced/carnatic/carnatic_081_003.wav,0,carnatic,4,hiphop,0.36419129371643066,1.9503867626190186,0.08666001260280609,0.03829387202858925,0.040953002870082855,0.06121908500790596,0.36419129371643066,0.08502165973186493,0.021025560796260834,0.1776682287454605,0.05699990317225456,0.06796742230653763
371,371,datasets/audios/eastern_sliced/carnatic/carnatic_081_004.wav,0,carnatic,4,hiphop,0.3467276990413666,1.9892641305923462,0.10119088739156723,0.041648220270872116,0.04050274193286896,0.05744776502251625,0.3467276990413666,0.09982196241617203,0.023305395618081093,0.15991848707199097,0.05554720759391785,0.0738896057009697
372,372,datasets/audios/eastern_sliced/carnatic/carnatic_082_000.wav,0,carnatic,7,pop,0.27292561531066895,2.1102423667907715,0.0947551280260086,0.07615920156240463,0.10202319920063019,0.050809815526008606,0.06355562806129456,0.14754104614257812,0.02658318169414997,0.27292561531066895,0.04881909862160683,0.11682802438735962
373,373,datasets/audios/eastern_sliced/carnatic/carnatic_082_001.wav,0,carnatic,7,pop,0.5921988487243652,1.5088508129119873,0.021732354536652565,0.04735377058386803,0.029868874698877335,0.03616081178188324,0.08662133663892746,0.06326916068792343,0.009275211952626705,0.5921988487243652,0.03375176340341568,0.0797678679227829
374,374,datasets/audios/eastern_sliced/carnatic/carnatic_082_002.wav,0,carnatic,5,jazz,0.186919704079628,2.1351394653320312,0.1598828285932541,0.06923727691173553,0.04918490722775459,0.05712748318910599,0.11430414766073227,0.186919704079628,0.025796348229050636,0.17484267055988312,0.03880362585186958,0.12390098720788956
375,375,datasets/audios/eastern_sliced/carnatic/carnatic_082_003.wav,0,carnatic,7,pop,0.43906959891319275,1.83298659324646,0.06388644129037857,0.06455442309379578,0.0471794493496418,0.04571127891540527,0.07064951956272125,0.10304895043373108,0.014391760341823101,0.43906959891319275,0.02357228472828865,0.12793633341789246
376,376,datasets/audios/eastern_sliced/carnatic/carnatic_082_004.wav,0,carnatic,7,pop,0.3727165460586548,1.9099690914154053,0.052458394318819046,0.034552376717329025,0.07351422309875488,0.04063219949603081,0.19654671847820282,0.08617670834064484,0.01830681972205639,0.3727165460586548,0.05190907046198845,0.0731869786977768
377,377,datasets/audios/eastern_sliced/carnatic/carnatic_083_000.wav,0,carnatic,7,pop,0.17748968303203583,2.1894431114196777,0.13005682826042175,0.07568344473838806,0.1340629607439041,0.046057846397161484,0.13917958736419678,0.11842291057109833,0.026104139164090157,0.17748968303203583,0.05766104906797409,0.09528150409460068
378,378,datasets/audios/eastern_sliced/carnatic/carnatic_083_001.wav,0,carnatic,7,pop,0.19436053931713104,2.1322264671325684,0.10247437655925751,0.18232467770576477,0.09610660374164581,0.042882613837718964,0.04740077257156372,0.13121727108955383,0.02494790218770504,0.19436053931713104,0.043802861124277115,0.13448233902454376
379,379,datasets/audios/eastern_sliced/carnatic/carnatic_083_002.wav,0,carnatic,7,pop,0.15738613903522491,2.1987526416778564,0.13245104253292084,0.1194494441151619,0.09840474277734756,0.038347769528627396,0.11442127823829651,0.14651021361351013,0.025595303624868393,0.15738613903522491,0.062177207320928574,0.10525688529014587
380,380,datasets/audios/eastern_sliced/carnatic/carnatic_083_003.wav,0,carnatic,7,pop,0.5365704894065857,1.6384080648422241,0.027373798191547394,0.07363918423652649,0.050161492079496384,0.05465332791209221,0.05941736698150635,0.04369083791971207,0.012055348604917526,0.5365704894065857,0.027177976444363594,0.1152602955698967
381,381,datasets/audios/eastern_sliced/carnatic/carnatic_083_004.wav,0,carnatic,7,pop,0.508673906326294,1.7039320468902588,0.031127218157052994,0.07510598748922348,0.0506027489900589,0.058681339025497437,0.06627463549375534,0.050129711627960205,0.013191662728786469,0.508673906326294,0.028512245044112206,0.11770042777061462
382,382,datasets/audios/eastern_sliced/carnatic/carnatic_084_000.wav,0,carnatic,7,pop,0.5855189561843872,1.4467473030090332,0.022962447255849838,0.044710882008075714,0.16540127992630005,0.0324733629822731,0.0331900529563427,0.022712374106049538,0.006408920511603355,0.5855189561843872,0.02952619455754757,0.057095520198345184
383,383,datasets/audios/eastern_sliced/carnatic/carnatic_084_001.wav,0,carnatic,7,pop,0.6096109747886658,1.446773648262024,0.02487793192267418,0.030596476048231125,0.11710032820701599,0.033689916133880615,0.0601922832429409,0.02987046167254448,0.007892439141869545,0.6096109747886658,0.033601921051740646,0.05256732180714607
384,384,datasets/audios/eastern_sliced/carnatic/carnatic_084_002.wav,0,carnatic,7,pop,0.33431538939476013,1.9904913902282715,0.05657254531979561,0.07881297916173935,0.15317796170711517,0.031443964689970016,0.13185283541679382,0.07078336179256439,0.013479257933795452,0.33431538939476013,0.053663961589336395,0.07589773833751678
385,385,datasets/audios/eastern_sliced/carnatic/carnatic_084_003.wav,0,carnatic,2,country,0.3689037263393402,1.9551297426223755,0.11375761032104492,0.07989757508039474,0.3689037263393402,0.029676640406250954,0.10731320828199387,0.04463774710893631,0.01653265208005905,0.12302163243293762,0.05056396871805191,0.06569526344537735
386,386,datasets/audios/eastern_sliced/carnatic/carnatic_084_004.wav,0,carnatic,7,pop,0.35894906520843506,1.9391688108444214,0.028634436428546906,0.17061759531497955,0.043497730046510696,0.06395494937896729,0.0665346309542656,0.07734996825456619,0.014228918589651585,0.35894906520843506,0.0571141317486763,0.1191185712814331
387,387,datasets/audios/eastern_sliced/carnatic/carnatic_085_000.wav,0,carnatic,0,blues,0.19136251509189606,2.17325496673584,0.19136251509189606,0.10203010588884354,0.058361586183309555,0.05259779840707779,0.10058606415987015,0.1480853408575058,0.03361994028091431,0.12306731194257736,0.04305011034011841,0.14723920822143555
388,388,datasets/audios/eastern_sliced/carnatic/carnatic_085_001.wav,0,carnatic,0,blues,0.19110243022441864,2.186461925506592,0.19110243022441864,0.135829895734787,0.055846571922302246,0.05138254165649414,0.11723720282316208,0.11390744894742966,0.028608839958906174,0.1034003272652626,0.06453879922628403,0.13814593851566315
389,389,datasets/audios/eastern_sliced/carnatic/carnatic_085_002.wav,0,carnatic,7,pop,0.4303150177001953,1.7459052801132202,0.0350450724363327,0.031776104122400284,0.0509936548769474,0.05238337814807892,0.2343175858259201,0.04144986718893051,0.015244640409946442,0.4303150177001953,0.04357501491904259,0.06489969789981842
390,390,datasets/audios/eastern_sliced/carnatic/carnatic_085_003.wav,0,carnatic,7,pop,0.4397917091846466,1.7446906566619873,0.03250952437520027,0.03158188611268997,0.050395891070365906,0.058774128556251526,0.2207852602005005,0.03773343190550804,0.015958845615386963,0.4397917091846466,0.048227813094854355,0.06424151360988617
391,391,datasets/audios/eastern_sliced/carnatic/carnatic_085_004.wav,0,carnatic,5,jazz,0.2214677631855011,2.1371405124664307,0.1260681301355362,0.1131749078631401,0.057673484086990356,0.037070609629154205,0.11050751805305481,0.2214677631855011,0.026628125458955765,0.14033210277557373,0.04221876710653305,0.12485859543085098
392,392,datasets/audios/eastern_sliced/carnatic/carnatic_086_000.wav,0,carnatic,7,pop,0.7195400595664978,1.1644973754882812,0.014286757446825504,0.02986784093081951,0.06647073477506638,0.029309263452887535,0.037357449531555176,0.022077171131968498,0.0052253482863307,0.7195400595664978,0.025393353775143623,0.05047199875116348
393,393,datasets/audios/eastern_sliced/carnatic/carnatic_086_001.wav,0,carnatic,7,pop,0.49748465418815613,1.723111867904663,0.02975839376449585,0.046631112694740295,0.08993497490882874,0.03946333006024361,0.11862032115459442,0.05075262486934662,0.01178384106606245,0.49748465418815613,0.04723641276359558,0.06833440065383911
394,394,datasets/audios/eastern_sliced/carnatic/carnatic_086_002.wav,0,carnatic,7,pop,0.5674054622650146,1.580640435218811,0.027565479278564453,0.05541188269853592,0.04258667677640915,0.0485231913626194,0.0602489672601223,0.04919085651636124,0.012554014101624489,0.5674054622650146,0.03201223909854889,0.10450124740600586
395,395,datasets/audios/eastern_sliced/carnatic/carnatic_086_003.wav,0,carnatic,7,pop,0.2270367592573166,2.0889713764190674,0.11373541504144669,0.10905482620000839,0.044376593083143234,0.04611128568649292,0.08989834785461426,0.17873042821884155,0.01929248310625553,0.2270367592573166,0.030461324378848076,0.14130249619483948
396,396,datasets/audios/eastern_sliced/carnatic/carnatic_086_004.wav,0,carnatic,7,pop,0.6764373779296875,1.2785859107971191,0.012366033159196377,0.047433529049158096,0.021196747198700905,0.04110804572701454,0.05719789117574692,0.028679577633738518,0.006425143219530582,0.6764373779296875,0.028450146317481995,0.08070550858974457
397,397,datasets/audios/eastern_sliced/carnatic/carnatic_087_000.wav,0,carnatic,7,pop,0.2462284117937088,2.15083646774292,0.09553802758455276,0.09796106815338135,0.07517589628696442,0.062190115451812744,0.10813074558973312,0.10830264538526535,0.02782236970961094,0.2462284117937088,0.04241665452718735,0.1362340748310089
398,398,datasets/audios/eastern_sliced/carnatic/carnatic_087_001.wav,0,carnatic,7,pop,0.2255403697490692,2.124741315841675,0.1084938645362854,0.05510343611240387,0.06348945200443268,0.05861449986696243,0.1907307356595993,0.10510138422250748,0.029078403487801552,0.2255403697490692,0.04349247366189957,0.12035538256168365
399,399,datasets/audios/eastern_sliced/carnatic/carnatic_087_002.wav,0,carnatic,5,jazz,0.21542800962924957,2.1470162868499756,0.11303722858428955,0.12594690918922424,0.05528586730360985,0.042307596653699875,0.11520841717720032,0.21542800962924957,0.022836433723568916,0.1455642133951187,0.05182759463787079,0.11255772411823273
400,400,datasets/audios/eastern_sliced/carnatic/carnatic_087_003.wav,0,carnatic,7,pop,0.15236684679985046,2.2051234245300293,0.11904206871986389,0.10390070080757141,0.06859933584928513,0.04624689742922783,0.14313343167304993,0.14919540286064148,0.02602626383304596,0.15236684679985046,0.08052223175764084,0.11096682399511337
401,401,datasets/audios/eastern_sliced/carnatic/carnatic_087_004.wav,0,carnatic,7,pop,0.475395143032074,1.787693977355957,0.03298308327794075,0.050383228808641434,0.06145714968442917,0.044222187250852585,0.11067450791597366,0.07193739712238312,0.014923385344445705,0.475395143032074,0.05483127385377884,0.08319259434938431
402,402,datasets/audios/eastern_sliced/carnatic/carnatic_088_000.wav,0,carnatic,1,classical,0.2170543223619461,2.0725085735321045,0.11821668595075607,0.2170543223619461,0.1352105289697647,0.025164853781461716,0.0504130944609642,0.2067781239748001,0.01802891492843628,0.05721212178468704,0.11377759277820587,0.05814370885491371
403,403,datasets/audios/eastern_sliced/carnatic/carnatic_088_001.wav,0,carnatic,7,pop,0.485969215631485,1.7767808437347412,0.034966304898262024,0.05949188768863678,0.05588078126311302,0.05149199068546295,0.08432105928659439,0.07021515816450119,0.016507752239704132,0.485969215631485,0.04437478631734848,0.09678112715482712
404,404,datasets/audios/eastern_sliced/carnatic/carnatic_088_002.wav,0,carnatic,7,pop,0.35537266731262207,1.9959325790405273,0.06450720131397247,0.07764790207147598,0.07301066070795059,0.046808551996946335,0.07156987488269806,0.1336708962917328,0.020229917019605637,0.35537266731262207,0.04190830886363983,0.11527404189109802
405,405,datasets/audios/eastern_sliced/carnatic/carnatic_088_003.wav,0,carnatic,7,pop,0.6078182458877563,1.4733586311340332,0.01956942304968834,0.042071063071489334,0.07858961075544357,0.058334801346063614,0.04642387479543686,0.025700140744447708,0.00987047515809536,0.6078182458877563,0.03310411795973778,0.07851827144622803
406,406,datasets/audios/eastern_sliced/carnatic/carnatic_088_004.wav,0,carnatic,7,pop,0.2404109090566635,2.131974220275879,0.08602955937385559,0.1263052225112915,0.06508751958608627,0.04878976196050644,0.07549308240413666,0.1562962681055069,0.02380727045238018,0.2404109090566635,0.055735111236572266,0.12204524874687195
407,407,datasets/audios/eastern_sliced/carnatic/carnatic_089_000.wav,0,carnatic,7,pop,0.49177104234695435,1.7505855560302734,0.033368825912475586,0.05002867057919502,0.07393210381269455,0.03575580194592476,0.1092785894870758,0.07002350687980652,0.013153789564967155,0.49177104234695435,0.05370999500155449,0.06897764652967453
408,408,datasets/audios/eastern_sliced/carnatic/carnatic_089_001.wav,0,carnatic,7,pop,0.5736265778541565,1.5696992874145508,0.027978235855698586,0.050777897238731384,0.05879604443907738,0.046178776770830154,0.055314674973487854,0.04506642743945122,0.012134537100791931,0.5736265778541565,0.031636808067560196,0.09849007427692413
409,409,datasets/audios/eastern_sliced/carnatic/carnatic_089_002.wav,0,carnatic,7,pop,0.3774253726005554,1.9523587226867676,0.050837960094213486,0.1319100707769394,0.10105423629283905,0.048039548099040985,0.0683128759264946,0.05266350135207176,0.01472030021250248,0.3774253726005554,0.052179258316755295,0.10285691916942596
410,410,datasets/audios/eastern_sliced/carnatic/carnatic_089_003.wav,0,carnatic,7,pop,0.41519367694854736,1.9007645845413208,0.04619627073407173,0.10753653943538666,0.09661225229501724,0.050545644015073776,0.07036799937486649,0.052157968282699585,0.013830268755555153,0.41519367694854736,0.0506872721016407,0.09687216579914093
411,411,datasets/audios/eastern_sliced/carnatic/carnatic_089_004.wav,0,carnatic,7,pop,0.4351620376110077,1.8843088150024414,0.04852110147476196,0.07478830963373184,0.0747908428311348,0.049552034586668015,0.06669904291629791,0.08154834806919098,0.017114724963903427,0.4351620376110077,0.05243295058608055,0.09939059615135193
412,412,datasets/audios/eastern_sliced/carnatic/carnatic_090_000.wav,0,carnatic,7,pop,0.453124076128006,1.797300100326538,0.03934745490550995,0.03613109141588211,0.059810906648635864,0.06234428286552429,0.15233850479125977,0.04661024361848831,0.01816905103623867,0.453124076128006,0.038888897746801376,0.09323552995920181
413,413,datasets/audios/eastern_sliced/carnatic/carnatic_090_001.wav,0,carnatic,7,pop,0.3384025990962982,2.0072007179260254,0.06067211180925369,0.07989858090877533,0.0649125874042511,0.042840566486120224,0.1450236588716507,0.09928884357213974,0.0174320787191391,0.3384025990962982,0.042869649827480316,0.10865923762321472
414,414,datasets/audios/eastern_sliced/carnatic/carnatic_091_000.wav,0,carnatic,4,hiphop,0.26329582929611206,2.039584159851074,0.1524360626935959,0.04689351096749306,0.13386690616607666,0.026113281026482582,0.26329582929611206,0.1752193719148636,0.02118246629834175,0.06285413354635239,0.0679815411567688,0.05015686899423599
415,415,datasets/audios/eastern_sliced/carnatic/carnatic_091_001.wav,0,carnatic,4,hiphop,0.2575197219848633,1.9934333562850952,0.17240788042545319,0.036292072385549545,0.20783546566963196,0.025370053946971893,0.2575197219848633,0.1227596327662468,0.022480277344584465,0.05171685293316841,0.061446595937013626,0.042171478271484375
416,416,datasets/audios/eastern_sliced/carnatic/carnatic_091_002.wav,0,carnatic,2,country,0.36725184321403503,1.9083060026168823,0.14464490115642548,0.04093361273407936,0.36725184321403503,0.020822271704673767,0.1481715738773346,0.11200375109910965,0.02329365909099579,0.05405391752719879,0.049995556473731995,0.038828883320093155
417,417,datasets/audios/eastern_sliced/carnatic/carnatic_091_003.wav,0,carnatic,4,hiphop,0.31032606959342957,1.9542499780654907,0.1496332436800003,0.02560867927968502,0.19005705416202545,0.026005394756793976,0.31032606959342957,0.11082015931606293,0.02237238921225071,0.06175287812948227,0.06694034487009048,0.03648369014263153
418,418,datasets/audios/eastern_sliced/carnatic/carnatic_092_000.wav,0,carnatic,2,country,0.4291083514690399,1.8516091108322144,0.1392190158367157,0.07319103926420212,0.4291083514690399,0.02216574363410473,0.04852120578289032,0.08908013254404068,0.023408107459545135,0.06145269423723221,0.033903274685144424,0.07995051890611649
419,419,datasets/audios/eastern_sliced/carnatic/carnatic_092_001.wav,0,carnatic,0,blues,0.2964303493499756,1.8492850065231323,0.2964303493499756,0.27282804250717163,0.10033532232046127,0.01585213467478752,0.02425242029130459,0.10096538811922073,0.024976911023259163,0.021532325074076653,0.023336440324783325,0.11949070543050766
420,420,datasets/audios/eastern_sliced/carnatic/carnatic_092_002.wav,0,carnatic,2,country,0.36127933859825134,1.8155508041381836,0.2074151635169983,0.023420406505465508,0.36127933859825134,0.018212711438536644,0.18104639649391174,0.05784132331609726,0.021807845681905746,0.05478652939200401,0.03229878470301628,0.041891515254974365
421,421,datasets/audios/eastern_sliced/carnatic/carnatic_092_003.wav,0,carnatic,2,country,0.24308723211288452,1.9053524732589722,0.23630528151988983,0.020460426807403564,0.24308723211288452,0.024038948118686676,0.2385471910238266,0.07581043988466263,0.025736188516020775,0.05284498631954193,0.04022572562098503,0.04294363409280777
422,422,datasets/audios/eastern_sliced/carnatic/carnatic_092_004.wav,0,carnatic,4,hiphop,0.2655944228172302,1.9275295734405518,0.24235694110393524,0.02331230416893959,0.18021076917648315,0.024839550256729126,0.2655944228172302,0.10313180834054947,0.024249665439128876,0.04234718903899193,0.056708548218011856,0.037248726934194565
423,423,datasets/audios/eastern_sliced/carnatic/carnatic_093_000.wav,0,carnatic,2,country,0.31836700439453125,1.9503631591796875,0.09841857105493546,0.026086194440722466,0.31836700439453125,0.030116133391857147,0.21861149370670319,0.08685086667537689,0.02297089621424675,0.09793490916490555,0.06152879819273949,0.0391150563955307
424,424,datasets/audios/eastern_sliced/carnatic/carnatic_093_001.wav,0,carnatic,4,hiphop,0.3807065784931183,1.893467903137207,0.07207222282886505,0.017259296029806137,0.10621722787618637,0.028381820768117905,0.3807065784931183,0.15550561249256134,0.020372988656163216,0.09635886549949646,0.08660561591386795,0.03651977330446243
425,425,datasets/audios/eastern_sliced/carnatic/carnatic_093_002.wav,0,carnatic,4,hiphop,0.36328932642936707,1.874372124671936,0.11480463296175003,0.014903087168931961,0.137750044465065,0.023168353363871574,0.36328932642936707,0.1640101820230484,0.017340755090117455,0.07532621920108795,0.058621231466531754,0.03078615665435791
426,426,datasets/audios/eastern_sliced/carnatic/carnatic_093_003.wav,0,carnatic,4,hiphop,0.31133562326431274,1.9675122499465942,0.1673496812582016,0.028026685118675232,0.1207822635769844,0.03211013227701187,0.31133562326431274,0.16498830914497375,0.026601428166031837,0.04603143036365509,0.05982859432697296,0.04294583201408386
427,427,datasets/audios/eastern_sliced/carnatic/carnatic_093_004.wav,0,carnatic,5,jazz,0.3803156018257141,1.8987280130386353,0.11443707346916199,0.04081721976399422,0.11506553739309311,0.02652139589190483,0.15252511203289032,0.3803156018257141,0.019792992621660233,0.04325246065855026,0.07247744500637054,0.03479520231485367
428,428,datasets/audios/eastern_sliced/carnatic/carnatic_094_000.wav,0,carnatic,4,hiphop,0.22645218670368195,1.9784988164901733,0.2057548463344574,0.038155604153871536,0.1481565684080124,0.02284705825150013,0.22645218670368195,0.20381669700145721,0.025504829362034798,0.03489416837692261,0.04486195743083954,0.04955611005425453
429,429,datasets/audios/eastern_sliced/carnatic/carnatic_094_001.wav,0,carnatic,5,jazz,0.542020320892334,1.6050665378570557,0.10468544811010361,0.09976642578840256,0.05770523101091385,0.016548091545701027,0.04345754534006119,0.542020320892334,0.013590206392109394,0.021270958706736565,0.06396687775850296,0.03698879852890968
430,430,datasets/audios/eastern_sliced/carnatic/carnatic_094_002.wav,0,carnatic,4,hiphop,0.6224921345710754,1.3446638584136963,0.15117815136909485,0.009974159300327301,0.052120987325906754,0.018909301608800888,0.6224921345710754,0.048565421253442764,0.011161834001541138,0.018981624394655228,0.05104628577828407,0.015570063143968582
431,431,datasets/audios/eastern_sliced/carnatic/carnatic_094_003.wav,0,carnatic,5,jazz,0.26621755957603455,1.899393081665039,0.2560454308986664,0.19145174324512482,0.01651071198284626,0.04546237364411354,0.06278390437364578,0.26621755957603455,0.019403550773859024,0.027250338345766068,0.04395344853401184,0.07092087715864182
432,432,datasets/audios/eastern_sliced/carnatic/carnatic_094_004.wav,0,carnatic,5,jazz,0.2972854971885681,2.0660176277160645,0.11191488057374954,0.1519995778799057,0.09202250838279724,0.0314556248486042,0.06601669639348984,0.2972854971885681,0.020254958420991898,0.06542059034109116,0.08998796343803406,0.07364175468683243
433,433,datasets/audios/eastern_sliced/carnatic/carnatic_095_000.wav,0,carnatic,0,blues,0.22969774901866913,2.061922073364258,0.22969774901866913,0.20810455083847046,0.05566718056797981,0.05274379998445511,0.050886500626802444,0.113776795566082,0.029301639646291733,0.04091501981019974,0.04852002114057541,0.17038674652576447
434,434,datasets/audios/eastern_sliced/carnatic/carnatic_095_001.wav,0,carnatic,1,classical,0.5274830460548401,1.5482819080352783,0.07804013788700104,0.5274830460548401,0.0431177020072937,0.019844623282551765,0.013215875253081322,0.1858946830034256,0.013852476142346859,0.019907783716917038,0.03290771692991257,0.06573597341775894
435,435,datasets/audios/eastern_sliced/carnatic/carnatic_095_002.wav,0,carnatic,1,classical,0.4599872827529907,1.6932945251464844,0.0848257914185524,0.4599872827529907,0.04554217308759689,0.023694762960076332,0.018184203654527664,0.1977815330028534,0.014863481745123863,0.03078681044280529,0.03635133430361748,0.0879826545715332
436,436,datasets/audios/eastern_sliced/carnatic/carnatic_095_003.wav,0,carnatic,4,hiphop,0.3565326929092407,1.9124486446380615,0.09946539998054504,0.013959653675556183,0.13586758077144623,0.025686809793114662,0.3565326929092407,0.13850601017475128,0.019378041848540306,0.08921338617801666,0.09083906561136246,0.03055133856832981
437,437,datasets/audios/eastern_sliced/carnatic/carnatic_095_004.wav,0,carnatic,2,country,0.21705563366413116,2.0297303199768066,0.1612291783094406,0.03070472553372383,0.21705563366413116,0.027439597994089127,0.20712575316429138,0.15998366475105286,0.023245466873049736,0.07139046490192413,0.05298711732029915,0.04883844405412674
438,438,datasets/audios/eastern_sliced/carnatic/carnatic_096_000.wav,0,carnatic,5,jazz,0.28669801354408264,1.9041939973831177,0.18359488248825073,0.022336065769195557,0.09606574475765228,0.021842431277036667,0.23069339990615845,0.28669801354408264,0.018680434674024582,0.0510372631251812,0.04832243174314499,0.04072944074869156
439,439,datasets/audios/eastern_sliced/carnatic/carnatic_096_001.wav,0,carnatic,5,jazz,0.55730140209198,1.5423412322998047,0.12323737144470215,0.104849673807621,0.025773359462618828,0.01568719744682312,0.052341390401124954,0.55730140209198,0.013221499510109425,0.019643863663077354,0.03740641102194786,0.050537846982479095
440,440,datasets/audios/eastern_sliced/carnatic/carnatic_096_002.wav,0,carnatic,5,jazz,0.5648144483566284,1.5544170141220093,0.10791188478469849,0.05932550132274628,0.037489209324121475,0.016093511134386063,0.09286384284496307,0.5648144483566284,0.01257963478565216,0.026119641959667206,0.044728461652994156,0.03807377815246582
441,441,datasets/audios/eastern_sliced/carnatic/carnatic_096_003.wav,0,carnatic,0,blues,0.2446555346250534,1.97121262550354,0.2446555346250534,0.09551072120666504,0.030905773863196373,0.03190421313047409,0.22199082374572754,0.19942735135555267,0.024021588265895844,0.024233601987361908,0.0716882199048996,0.055662207305431366
442,442,datasets/audios/eastern_sliced/carnatic/carnatic_096_004.wav,0,carnatic,4,hiphop,0.2881694734096527,1.9590420722961426,0.16771604120731354,0.049584925174713135,0.034860219806432724,0.04031704366207123,0.2881694734096527,0.22660377621650696,0.020210061222314835,0.04472598060965538,0.061029814183712006,0.06678254902362823
443,443,datasets/audios/eastern_sliced/carnatic/carnatic_097_000.wav,0,carnatic,5,jazz,0.2771329879760742,2.0351991653442383,0.1859235167503357,0.10317596793174744,0.14250819385051727,0.03246494382619858,0.04674972966313362,0.2771329879760742,0.021753745153546333,0.0397140234708786,0.08174718916416168,0.06882967054843903
444,444,datasets/audios/eastern_sliced/carnatic/carnatic_097_001.wav,0,carnatic,5,jazz,0.5744969248771667,1.5000606775283813,0.1465386152267456,0.03549707308411598,0.040694888681173325,0.018089793622493744,0.07454574108123779,0.5744969248771667,0.012006600387394428,0.02256605587899685,0.04359443113207817,0.03196984529495239
445,445,datasets/audios/eastern_sliced/carnatic/carnatic_097_002.wav,0,carnatic,5,jazz,0.5805807709693909,1.4901654720306396,0.14028213918209076,0.029830124229192734,0.04424760118126869,0.01687539555132389,0.07421310245990753,0.5805807709693909,0.011490237899124622,0.0258775744587183,0.04574217274785042,0.03086094744503498
446,446,datasets/audios/eastern_sliced/carnatic/carnatic_097_003.wav,0,carnatic,5,jazz,0.40822455286979675,1.7521305084228516,0.14751726388931274,0.20174255967140198,0.016435982659459114,0.04106207564473152,0.03699305281043053,0.40822455286979675,0.014788051135838032,0.01780913583934307,0.04517849534749985,0.07024884223937988
447,447,datasets/audios/eastern_sliced/carnatic/carnatic_097_004.wav,0,carnatic,4,hiphop,0.2235591858625412,2.0436336994171143,0.16154029965400696,0.03205724433064461,0.14108608663082123,0.029789701104164124,0.2235591858625412,0.20980529487133026,0.029127610847353935,0.054688479751348495,0.06748221814632416,0.05086389183998108
448,448,datasets/audios/eastern_sliced/carnatic/carnatic_098_000.wav,0,carnatic,4,hiphop,0.3972025513648987,1.828031301498413,0.1215667650103569,0.026432445272803307,0.055673886090517044,0.03169552981853485,0.3972025513648987,0.19980628788471222,0.017691530287265778,0.04589572176337242,0.06492460519075394,0.03911074995994568
449,449,datasets/audios/eastern_sliced/carnatic/carnatic_098_001.wav,0,carnatic,4,hiphop,0.544447124004364,1.597703456878662,0.10263577103614807,0.010536769405007362,0.06666302680969238,0.02672526054084301,0.544447124004364,0.09697727859020233,0.01612919569015503,0.053281351923942566,0.05494745075702667,0.02765679359436035
450,450,datasets/audios/eastern_sliced/carnatic/carnatic_098_002.wav,0,carnatic,4,hiphop,0.5628165602684021,1.5568054914474487,0.09916646778583527,0.009734349325299263,0.07022464275360107,0.025673208758234978,0.5628165602684021,0.08735625445842743,0.01539445947855711,0.0529022216796875,0.051231272518634796,0.025500597432255745
451,451,datasets/audios/eastern_sliced/carnatic/carnatic_098_003.wav,0,carnatic,4,hiphop,0.5148347020149231,1.6248388290405273,0.1086593046784401,0.010616334155201912,0.12126224488019943,0.018758995458483696,0.5148347020149231,0.09002471715211868,0.01618111878633499,0.04624759033322334,0.05019306391477585,0.023221921175718307
452,452,datasets/audios/eastern_sliced/carnatic/carnatic_098_004.wav,0,carnatic,4,hiphop,0.6954299211502075,1.2295688390731812,0.07396096736192703,0.006636379286646843,0.04163432866334915,0.024187402799725533,0.6954299211502075,0.04755547270178795,0.013347628526389599,0.030574113130569458,0.04849211126565933,0.018181711435317993
453,453,datasets/audios/eastern_sliced/carnatic/carnatic_099_000.wav,0,carnatic,5,jazz,0.19614876806735992,2.1069209575653076,0.16666260361671448,0.045786336064338684,0.18591554462909698,0.03348812088370323,0.13689662516117096,0.19614876806735992,0.023854460567235947,0.07850982993841171,0.06899572163820267,0.06374192982912064
454,454,datasets/audios/eastern_sliced/carnatic/carnatic_099_001.wav,0,carnatic,2,country,0.48083874583244324,1.768349289894104,0.10629052668809891,0.03458413481712341,0.48083874583244324,0.025789715349674225,0.0856226310133934,0.06258443742990494,0.022519603371620178,0.08966759592294693,0.037176813930273056,0.05492576211690903
455,455,datasets/audios/eastern_sliced/carnatic/carnatic_099_002.wav,0,carnatic,0,blues,0.30383461713790894,1.9540038108825684,0.30383461713790894,0.052504733204841614,0.10565194487571716,0.03352804481983185,0.1588263064622879,0.19988946616649628,0.02189072035253048,0.02338184416294098,0.05193411558866501,0.04855816811323166
456,456,datasets/audios/eastern_sliced/carnatic/carnatic_099_003.wav,0,carnatic,0,blues,0.3672972321510315,1.8919295072555542,0.3672972321510315,0.11277243494987488,0.019104786217212677,0.03870869055390358,0.14554348587989807,0.14209944009780884,0.02213142067193985,0.01749550923705101,0.0650043934583664,0.0698426142334938
457,457,datasets/audios/eastern_sliced/carnatic/carnatic_099_004.wav,0,carnatic,4,hiphop,0.3448813259601593,1.711335301399231,0.30670639872550964,0.027459032833576202,0.02612069621682167,0.030503366142511368,0.3448813259601593,0.1460660845041275,0.017652731388807297,0.012234591878950596,0.04874656721949577,0.03962918370962143
458,458,datasets/audios/eastern_sliced/cpop/cpop_000_000.wav,1,cpop,7,pop,0.5239439606666565,1.0402122735977173,0.007863068953156471,0.0105002261698246,0.3998018205165863,0.012174221687018871,0.0045807394199073315,0.0068738386034965515,0.0011956793023273349,0.5239439606666565,0.006042532157152891,0.02702394686639309
459,459,datasets/audios/eastern_sliced/cpop/cpop_001_000.wav,1,cpop,7,pop,0.5554677844047546,1.1969178915023804,0.006426628213375807,0.008781642653048038,0.29966723918914795,0.027645118534564972,0.007913829758763313,0.0035997468512505293,0.005474242847412825,0.5554677844047546,0.014837539754807949,0.07018618285655975
460,460,datasets/audios/eastern_sliced/cpop/cpop_002_000.wav,1,cpop,2,country,0.4914809763431549,1.050299048423767,0.00627940846607089,0.0014501737896353006,0.4914809763431549,0.03915518894791603,0.0048034219071269035,0.0012666276888921857,0.002245276467874646,0.4236963093280792,0.007837142795324326,0.02178552933037281
461,461,datasets/audios/eastern_sliced/cpop/cpop_003_000.wav,1,cpop,7,pop,0.7698221206665039,0.70256108045578,0.001223518280312419,0.0031431512907147408,0.19041208922863007,0.010690622963011265,0.001634193118661642,0.0007264383020810783,0.00036490356433205307,0.7698221206665039,0.002599066589027643,0.019383788108825684
462,462,datasets/audios/eastern_sliced/cpop/cpop_004_000.wav,1,cpop,7,pop,0.9538474678993225,0.2737402617931366,0.0008038065861910582,0.0018514069961383939,0.0056148068979382515,0.010281833820044994,0.008329926058650017,0.0014937868108972907,0.0005425493000075221,0.9538474678993225,0.006587195210158825,0.010647174902260303
463,463,datasets/audios/eastern_sliced/cpop/cpop_005_000.wav,1,cpop,7,pop,0.6028637886047363,1.419594407081604,0.020146189257502556,0.02509908378124237,0.1480482667684555,0.03838782012462616,0.04081415757536888,0.02647932805120945,0.007651227992027998,0.6028637886047363,0.025674114003777504,0.06483600288629532
464,464,datasets/audios/eastern_sliced/cpop/cpop_006_000.wav,1,cpop,7,pop,0.6108304858207703,1.2391282320022583,0.009525281377136707,0.009786353446543217,0.20504702627658844,0.052802570164203644,0.010442121885716915,0.0060477000661194324,0.006079818122088909,0.6108304858207703,0.01648595929145813,0.07295267283916473
465,465,datasets/audios/eastern_sliced/cpop/cpop_007_000.wav,1,cpop,7,pop,0.5694640278816223,1.1293734312057495,0.0026841505896300077,0.006494204979389906,0.2558352053165436,0.02038448303937912,0.0018379761604592204,0.0013639233075082302,0.0026494369376450777,0.5694640278816223,0.004881197586655617,0.13440543413162231
466,466,datasets/audios/eastern_sliced/cpop/cpop_008_000.wav,1,cpop,7,pop,0.5956865549087524,1.2656031847000122,0.011746183037757874,0.0064145238138735294,0.18209275603294373,0.03635081276297569,0.00731709785759449,0.006953433621674776,0.010467513464391232,0.5956865549087524,0.013827581889927387,0.12914352118968964
467,467,datasets/audios/eastern_sliced/cpop/cpop_009_000.wav,1,cpop,7,pop,0.7169011235237122,1.0216749906539917,0.008790602907538414,0.00781492330133915,0.14209482073783875,0.03552442044019699,0.005931897088885307,0.006755555514246225,0.0037722282577306032,0.7169011235237122,0.011916778981685638,0.060497574508190155
468,468,datasets/audios/eastern_sliced/cpop/cpop_010_000.wav,1,cpop,7,pop,0.5612285733222961,1.5496633052825928,0.03483789414167404,0.07023844122886658,0.07138661295175552,0.031668223440647125,0.015544839203357697,0.07520438730716705,0.008405279368162155,0.5612285733222961,0.02112872526049614,0.11035694926977158
469,469,datasets/audios/eastern_sliced/cpop/cpop_011_000.wav,1,cpop,7,pop,0.8828949332237244,0.5402677655220032,0.0028488768730312586,0.002850083401426673,0.058905113488435745,0.012927007861435413,0.008680521510541439,0.0023231063969433308,0.0008385972469113767,0.8828949332237244,0.005094099789857864,0.022637678310275078
470,470,datasets/audios/eastern_sliced/cpop/cpop_012_000.wav,1,cpop,7,pop,0.7893266081809998,0.8358906507492065,0.004225689917802811,0.01102503202855587,0.032757967710494995,0.03593292459845543,0.007145470939576626,0.003696922678500414,0.002884895773604512,0.7893266081809998,0.006757684051990509,0.10624680668115616
471,471,datasets/audios/eastern_sliced/cpop/cpop_013_000.wav,1,cpop,2,country,0.5839415192604065,1.2039408683776855,0.014443451538681984,0.01091733667999506,0.5839415192604065,0.025471540167927742,0.004649491049349308,0.006369957700371742,0.006509832572191954,0.26223593950271606,0.011977551504969597,0.0734834372997284
472,472,datasets/audios/eastern_sliced/cpop/cpop_014_000.wav,1,cpop,7,pop,0.6082362532615662,0.8801236152648926,0.003123487811535597,0.0023482569959014654,0.34742599725723267,0.012876131571829319,0.0025500021874904633,0.0013632129412144423,0.0006510575185529888,0.6082362532615662,0.004338531289249659,0.017087139189243317
473,473,datasets/audios/eastern_sliced/cpop/cpop_015_000.wav,1,cpop,7,pop,0.3876684904098511,1.8135902881622314,0.02655729278922081,0.020680315792560577,0.18359945714473724,0.05153285712003708,0.03953281417489052,0.02040458843111992,0.03410997986793518,0.3876684904098511,0.06897164136171341,0.1669425219297409
474,474,datasets/audios/eastern_sliced/cpop/cpop_016_000.wav,1,cpop,2,country,0.5377377867698669,1.3427814245224,0.025032643228769302,0.011760164983570576,0.5377377867698669,0.020179694518446922,0.004237025044858456,0.009523102082312107,0.019265033304691315,0.10661416500806808,0.012864071875810623,0.2527863383293152
475,475,datasets/audios/eastern_sliced/cpop/cpop_017_000.wav,1,cpop,7,pop,0.9492468237876892,0.27632880210876465,0.000985475955531001,0.0013069793349131942,0.025409946218132973,0.006224710028618574,0.0019648338202387094,0.001271100714802742,0.00028196017956361175,0.9492468237876892,0.0021830478217452765,0.011125052347779274
476,476,datasets/audios/eastern_sliced/cpop/cpop_018_000.wav,1,cpop,7,pop,0.5050685405731201,1.4030444622039795,0.010929669253528118,0.01670994609594345,0.27137646079063416,0.04101410508155823,0.01206223201006651,0.007087549194693565,0.009062230587005615,0.5050685405731201,0.02480405755341053,0.10188522189855576
477,477,datasets/audios/eastern_sliced/cpop/cpop_019_000.wav,1,cpop,7,pop,0.3299928307533264,1.4655232429504395,0.008119282312691212,0.018637528643012047,0.26311150193214417,0.028812840580940247,0.004656055010855198,0.004540879745036364,0.016871970146894455,0.3299928307533264,0.01133400946855545,0.3139231204986572
478,478,datasets/audios/eastern_sliced/cpop/cpop_020_000.wav,1,cpop,7,pop,0.933082103729248,0.36969685554504395,0.002577130449935794,0.0017713161651045084,0.0187515951693058,0.00935257226228714,0.0056693521328270435,0.004396572709083557,0.0009037727140821517,0.933082103729248,0.005323151592165232,0.018172336742281914
479,479,datasets/audios/eastern_sliced/cpop/cpop_021_000.wav,1,cpop,7,pop,0.7352380156517029,0.9339262247085571,0.006921965628862381,0.004315757658332586,0.13257169723510742,0.030949503183364868,0.0029518078081309795,0.003859810996800661,0.002455695765092969,0.7352380156517029,0.004673412535339594,0.07606220990419388
480,480,datasets/audios/eastern_sliced/cpop/cpop_022_000.wav,1,cpop,7,pop,0.8285005688667297,0.6313346028327942,0.0021451746579259634,0.005252564325928688,0.12690795958042145,0.01035977341234684,0.0026748597156256437,0.00198550196364522,0.0005583409802056849,0.8285005688667297,0.0038524423725903034,0.01776277832686901
481,481,datasets/audios/eastern_sliced/cpop/cpop_023_000.wav,1,cpop,7,pop,0.954103410243988,0.26818662881851196,0.0008554961532354355,0.002184035023674369,0.013442957773804665,0.008136523887515068,0.004477980080991983,0.001058355555869639,0.00030365181737579405,0.954103410243988,0.0037325560115277767,0.011705062352120876
482,482,datasets/audios/eastern_sliced/cpop/cpop_024_000.wav,1,cpop,7,pop,0.5666787624359131,1.0100953578948975,0.00456983083859086,0.0035542428959161043,0.352963387966156,0.02587815187871456,0.0024267344269901514,0.001828034408390522,0.0014645851915702224,0.5666787624359131,0.005217825993895531,0.035418394953012466
483,483,datasets/audios/eastern_sliced/cpop/cpop_025_000.wav,1,cpop,2,country,0.4918481409549713,1.201177716255188,0.012052405625581741,0.007475295569747686,0.4918481409549713,0.02439943701028824,0.004152472596615553,0.005091208033263683,0.004643601831048727,0.3701389729976654,0.008392705582082272,0.07180570065975189
484,484,datasets/audios/eastern_sliced/cpop/cpop_026_000.wav,1,cpop,7,pop,0.46476003527641296,1.2967780828475952,0.01603836379945278,0.01007116585969925,0.3737674355506897,0.031730420887470245,0.009752429090440273,0.008972191251814365,0.00506742624565959,0.46476003527641296,0.012539410963654518,0.06730112433433533
485,485,datasets/audios/eastern_sliced/cpop/cpop_027_000.wav,1,cpop,7,pop,0.4266408383846283,1.3256943225860596,0.008054954931139946,0.017214922234416008,0.37486907839775085,0.026859717443585396,0.005108301527798176,0.005091366823762655,0.005463697947561741,0.4266408383846283,0.012088320218026638,0.11860878020524979
486,486,datasets/audios/eastern_sliced/cpop/cpop_028_000.wav,1,cpop,2,country,0.5410112738609314,1.0245321989059448,0.006062203086912632,0.0028885717038065195,0.5410112738609314,0.01795477792620659,0.003894883207976818,0.0018765605054795742,0.002272723475471139,0.3794080317020416,0.006466830614954233,0.038164038211107254
487,487,datasets/audios/eastern_sliced/cpop/cpop_029_000.wav,1,cpop,7,pop,0.8464757800102234,0.6024085879325867,0.0017553633078932762,0.0028577616903930902,0.10187698155641556,0.012516789138317108,0.002649623667821288,0.0012908154167234898,0.0007900743512436748,0.8464757800102234,0.003770233364775777,0.026016630232334137
488,488,datasets/audios/eastern_sliced/cpop/cpop_030_000.wav,1,cpop,7,pop,0.38893923163414,1.2869845628738403,0.0032453713938593864,0.014324228279292583,0.31164807081222534,0.015055106952786446,0.0018161400221288204,0.0017400161596015096,0.004354132805019617,0.38893923163414,0.003312283894047141,0.2555654048919678
489,489,datasets/audios/eastern_sliced/cpop/cpop_031_000.wav,1,cpop,2,country,0.45552971959114075,1.2295717000961304,0.00906657800078392,0.005661456845700741,0.45552971959114075,0.027212558314204216,0.004139323253184557,0.003496493212878704,0.005291998386383057,0.38389813899993896,0.007122411858290434,0.09858134388923645
490,490,datasets/audios/eastern_sliced/cpop/cpop_032_000.wav,1,cpop,7,pop,0.9706953167915344,0.1841190755367279,0.00038332180702127516,0.0008154448587447405,0.005244326777756214,0.006937580183148384,0.0039027405437082052,0.0005804238026030362,0.00025558951892890036,0.9706953167915344,0.002604884561151266,0.008580361492931843
491,491,datasets/audios/eastern_sliced/cpop/cpop_033_000.wav,1,cpop,7,pop,0.9691138863563538,0.18367740511894226,0.00022595598420593888,0.0015011409996077418,0.004446398001164198,0.006567634642124176,0.0015194718725979328,0.00031999353086575866,0.00015827870811335742,0.9691138863563538,0.0011265672510489821,0.015020668506622314
492,492,datasets/audios/eastern_sliced/cpop/cpop_034_000.wav,1,cpop,7,pop,0.5548117756843567,1.1033935546875,0.0032499295193701982,0.007099033799022436,0.3191181421279907,0.023307830095291138,0.002246787305921316,0.0017703261692076921,0.0020391822326928377,0.5548117756843567,0.005937248934060335,0.08041968941688538
493,493,datasets/audios/eastern_sliced/cpop/cpop_035_000.wav,1,cpop,2,country,0.49093079566955566,1.1873172521591187,0.012626010924577713,0.009110230952501297,0.49093079566955566,0.02716153860092163,0.006316384766250849,0.0071151661686599255,0.0033703227527439594,0.38765987753868103,0.010877844877541065,0.04483182728290558
494,494,datasets/audios/eastern_sliced/cpop/cpop_036_000.wav,1,cpop,2,country,0.5305044054985046,1.165614366531372,0.01296052522957325,0.010858404450118542,0.5305044054985046,0.02472325600683689,0.0076793828047811985,0.0072342813946306705,0.00302717974409461,0.3549065887928009,0.01310757640749216,0.03499840199947357
495,495,datasets/audios/eastern_sliced/cpop/cpop_037_000.wav,1,cpop,7,pop,0.666466236114502,1.01790452003479,0.009096755646169186,0.005847109481692314,0.23205383121967316,0.026047397404909134,0.006128080654889345,0.006117083132266998,0.0021830431651324034,0.666466236114502,0.009264154359698296,0.036796268075704575
496,496,datasets/audios/eastern_sliced/cpop/cpop_038_000.wav,1,cpop,7,pop,0.7754940986633301,0.8651920557022095,0.007030028849840164,0.0032353184651583433,0.10737477988004684,0.029571421444416046,0.0062682232819497585,0.004624794702976942,0.0025892644189298153,0.7754940986633301,0.00755933066830039,0.0562528632581234
497,497,datasets/audios/eastern_sliced/cpop/cpop_039_000.wav,1,cpop,7,pop,0.9695081114768982,0.18789029121398926,0.0004701669095084071,0.0007629502797499299,0.007196380756795406,0.005607190541923046,0.0022186620626598597,0.0006672942545264959,0.00026174169033765793,0.9695081114768982,0.0023072282783687115,0.011000286787748337
498,498,datasets/audios/eastern_sliced/cpop/cpop_040_000.wav,1,cpop,7,pop,0.7224614024162292,1.0163220167160034,0.00742762116715312,0.010744642466306686,0.14842280745506287,0.021762670949101448,0.015522487461566925,0.007409883663058281,0.002614325610920787,0.7224614024162292,0.018162403255701065,0.04547161981463432
499,499,datasets/audios/eastern_sliced/cpop/cpop_041_000.wav,1,cpop,9,rock,0.645965039730072,1.1484295129776,0.00594783341512084,0.003514578565955162,0.14959309995174408,0.011993602849543095,0.004314446821808815,0.0022698817774653435,0.04605448618531227,0.12090227007865906,0.009444739669561386,0.645965039730072
500,500,datasets/audios/eastern_sliced/cpop/cpop_042_000.wav,1,cpop,7,pop,0.8242459893226624,0.6759433746337891,0.0012217194307595491,0.009968950413167477,0.043743643909692764,0.013020102865993977,0.0014765645610168576,0.0011730229016393423,0.0009605513769201934,0.8242459893226624,0.0018361287657171488,0.10235323756933212
501,501,datasets/audios/eastern_sliced/cpop/cpop_043_000.wav,1,cpop,1,classical,0.3834848701953888,1.7085325717926025,0.016881562769412994,0.3834848701953888,0.09784150123596191,0.050613727420568466,0.0049045090563595295,0.09096471965312958,0.0039656138978898525,0.24387997388839722,0.015158537775278091,0.09230499714612961
502,502,datasets/audios/eastern_sliced/cpop/cpop_044_000.wav,1,cpop,7,pop,0.8364686965942383,0.6867102384567261,0.0020575986709445715,0.004581088200211525,0.031031740829348564,0.024214867502450943,0.004993575159460306,0.002083736239001155,0.0039044723380357027,0.8364686965942383,0.006523395422846079,0.08414093405008316
503,503,datasets/audios/eastern_sliced/cpop/cpop_045_000.wav,1,cpop,7,pop,0.5250090956687927,1.1504170894622803,0.00417642667889595,0.006630796007812023,0.05899317190051079,0.027048969641327858,0.003761263797059655,0.0026341285556554794,0.012671215459704399,0.5250090956687927,0.006272085942327976,0.35280290246009827
504,504,datasets/audios/eastern_sliced/cpop/cpop_046_000.wav,1,cpop,7,pop,0.737215518951416,0.915166437625885,0.008395852521061897,0.006135048810392618,0.1649433821439743,0.020627716556191444,0.006255216430872679,0.0062007964588701725,0.0018554622074589133,0.737215518951416,0.00715654157102108,0.04121449589729309
505,505,datasets/audios/eastern_sliced/cpop/cpop_047_000.wav,1,cpop,7,pop,0.5913865566253662,1.4336527585983276,0.009575264528393745,0.011740028858184814,0.037141673266887665,0.11739496886730194,0.10379529744386673,0.009417886845767498,0.018000485375523567,0.5913865566253662,0.05951130762696266,0.042036477476358414
506,506,datasets/audios/eastern_sliced/cpop/cpop_048_000.wav,1,cpop,7,pop,0.8916307091712952,0.5182074904441833,0.0027053363155573606,0.0015941252931952477,0.040770627558231354,0.01625971868634224,0.005671793594956398,0.0022310884669423103,0.001631114981137216,0.8916307091712952,0.005521107465028763,0.031984396278858185
507,507,datasets/audios/eastern_sliced/cpop/cpop_049_000.wav,1,cpop,7,pop,0.5093761682510376,1.711380124092102,0.042945701628923416,0.021210597828030586,0.10155969858169556,0.05793781951069832,0.08625350147485733,0.04259459674358368,0.01658412627875805,0.5093761682510376,0.06687207520008087,0.05466575548052788
508,508,datasets/audios/eastern_sliced/cpop/cpop_050_000.wav,1,cpop,7,pop,0.9408973455429077,0.32836082577705383,0.0015027839690446854,0.002483454765751958,0.01823580451309681,0.008940480649471283,0.0032859479542821646,0.0022751078940927982,0.00047670325147919357,0.9408973455429077,0.00456065172329545,0.01734171248972416
509,509,datasets/audios/eastern_sliced/cpop/cpop_051_000.wav,1,cpop,7,pop,0.7157019376754761,0.9558076858520508,0.00538276880979538,0.014187131077051163,0.1839040219783783,0.02135074883699417,0.005493246950209141,0.005073961336165667,0.0016095724422484636,0.7157019376754761,0.009932487271726131,0.03736414387822151
510,510,datasets/audios/eastern_sliced/cpop/cpop_052_000.wav,1,cpop,7,pop,0.9166675209999084,0.43604639172554016,0.0019815629348158836,0.006970925256609917,0.018214859068393707,0.012992730364203453,0.004906591027975082,0.0028155739419162273,0.0008079781546257436,0.9166675209999084,0.005449524149298668,0.029192738234996796
511,511,datasets/audios/eastern_sliced/cpop/cpop_053_000.wav,1,cpop,7,pop,0.7901288866996765,0.8110672235488892,0.0036428114399313927,0.0038039309438318014,0.07574886828660965,0.023795045912265778,0.004202297423034906,0.002786026569083333,0.0031931123230606318,0.7901288866996765,0.005430139135569334,0.08726886659860611
512,512,datasets/audios/eastern_sliced/cpop/cpop_054_000.wav,1,cpop,7,pop,0.4216877222061157,1.5582448244094849,0.016185319051146507,0.013369574211537838,0.22640395164489746,0.03152410686016083,0.018800625577569008,0.01319420151412487,0.023007553070783615,0.4216877222061157,0.018611637875437737,0.21721526980400085
513,513,datasets/audios/eastern_sliced/cpop/cpop_055_000.wav,1,cpop,7,pop,0.4374222457408905,1.2461801767349243,0.006749563850462437,0.008488093502819538,0.3802623748779297,0.022917630150914192,0.005121415015310049,0.0027469994965940714,0.0038822076749056578,0.4374222457408905,0.005729236640036106,0.12668029963970184
514,514,datasets/audios/eastern_sliced/cpop/cpop_056_000.wav,1,cpop,7,pop,0.42517805099487305,1.3350770473480225,0.011257397010922432,0.008564935997128487,0.39026838541030884,0.056685563176870346,0.0072517492808401585,0.0047723217867314816,0.00703328987583518,0.42517805099487305,0.014084880240261555,0.07490342855453491
515,515,datasets/audios/eastern_sliced/cpop/cpop_057_000.wav,1,cpop,7,pop,0.6342999339103699,1.2131584882736206,0.013191502541303635,0.006561323534697294,0.1981867402791977,0.030191803351044655,0.020486924797296524,0.0077171181328594685,0.006923113949596882,0.6342999339103699,0.024911196902394295,0.05753043666481972
516,516,datasets/audios/eastern_sliced/cpop/cpop_058_000.wav,1,cpop,9,rock,0.6915138363838196,1.0974290370941162,0.0033521896693855524,0.00561643997207284,0.08269504457712173,0.01628039963543415,0.0039384625852108,0.001499080448411405,0.10375053435564041,0.07924552261829376,0.012108387425541878,0.6915138363838196
517,517,datasets/audios/eastern_sliced/cpop/cpop_059_000.wav,1,cpop,7,pop,0.48855486512184143,1.2570712566375732,0.004522156901657581,0.007738188374787569,0.29794302582740784,0.024884279817342758,0.005244595929980278,0.002250853693112731,0.0041429512202739716,0.48855486512184143,0.007780920248478651,0.15693813562393188
518,518,datasets/audios/eastern_sliced/cpop/cpop_060_000.wav,1,cpop,2,country,0.7517889738082886,0.9224514365196228,0.01016256958246231,0.004727523773908615,0.7517889738082886,0.01725170947611332,0.004898776300251484,0.0025013608392328024,0.005167380906641483,0.13616697490215302,0.025267018005251884,0.04206765070557594
519,519,datasets/audios/eastern_sliced/cpop/cpop_061_000.wav,1,cpop,2,country,0.8206927180290222,0.7383917570114136,0.00862494669854641,0.011402505449950695,0.8206927180290222,0.010385138913989067,0.0030330319423228502,0.0033348356373608112,0.003217193530872464,0.09708382934331894,0.008832285180687904,0.03339347615838051
520,520,datasets/audios/eastern_sliced/cpop/cpop_062_000.wav,1,cpop,7,pop,0.4079138934612274,1.7206945419311523,0.010595323517918587,0.006435607094317675,0.07954414933919907,0.17264148592948914,0.10112427920103073,0.00674216216430068,0.024844268336892128,0.4079138934612274,0.1509377360343933,0.03922111913561821
521,521,datasets/audios/eastern_sliced/cpop/cpop_063_000.wav,1,cpop,7,pop,0.831076443195343,0.6431066989898682,0.0017755660228431225,0.0020235187839716673,0.10421983897686005,0.011848187074065208,0.0016428836388513446,0.001262976904399693,0.0007610651664435863,0.831076443195343,0.003575915237888694,0.041813552379608154
522,522,datasets/audios/eastern_sliced/cpop/cpop_064_000.wav,1,cpop,7,pop,0.9432607293128967,0.3156898617744446,0.0006774812354706228,0.0020595367532223463,0.009582733735442162,0.016176672652363777,0.0042778970673680305,0.0008281325572170317,0.0005191428354009986,0.9432607293128967,0.005747466813772917,0.01687023788690567
523,523,datasets/audios/eastern_sliced/cpop/cpop_065_000.wav,1,cpop,7,pop,0.876355767250061,0.5888471603393555,0.003096693428233266,0.005117341876029968,0.02869623713195324,0.022564543411135674,0.0049818470142781734,0.004324088804423809,0.0019150717416778207,0.876355767250061,0.008498799987137318,0.04444964975118637
524,524,datasets/audios/eastern_sliced/cpop/cpop_066_000.wav,1,cpop,7,pop,0.7480723261833191,0.856802761554718,0.0015749859157949686,0.005649767816066742,0.12777374684810638,0.021129274740815163,0.0017205235781148076,0.0008219591109082103,0.0009593371651135385,0.7480723261833191,0.0027850731275975704,0.08951293677091599
525,525,datasets/audios/eastern_sliced/cpop/cpop_067_000.wav,1,cpop,7,pop,0.8407336473464966,0.7322749495506287,0.004159425385296345,0.003507664892822504,0.02835831232368946,0.04246418923139572,0.026781737804412842,0.003268701955676079,0.0038844828959554434,0.8407336473464966,0.01336322445422411,0.03347863256931305
526,526,datasets/audios/eastern_sliced/cpop/cpop_068_000.wav,1,cpop,7,pop,0.833197295665741,0.6978974938392639,0.002696899464353919,0.008325288072228432,0.07368434220552444,0.01993897743523121,0.003469115123152733,0.0029312954284250736,0.0011690690880641341,0.833197295665741,0.004875225014984608,0.04971249774098396
527,527,datasets/audios/eastern_sliced/cpop/cpop_069_000.wav,1,cpop,7,pop,0.9381272196769714,0.3363959491252899,0.0015505892224609852,0.002480629365891218,0.024642949923872948,0.008384041488170624,0.002603191416710615,0.0024975065607577562,0.0004496307228691876,0.9381272196769714,0.00428599352017045,0.014978268183767796
528,528,datasets/audios/eastern_sliced/cpop/cpop_070_000.wav,1,cpop,7,pop,0.8225564956665039,0.7478952407836914,0.005141789559274912,0.003043191973119974,0.04375296086072922,0.018755154684185982,0.008352524600923061,0.004464844707399607,0.004908611532300711,0.8225564956665039,0.007376077119261026,0.0816483423113823
529,529,datasets/audios/eastern_sliced/cpop/cpop_071_000.wav,1,cpop,7,pop,0.8904704451560974,0.5594091415405273,0.003078975947573781,0.004345452878624201,0.017080912366509438,0.02255810797214508,0.01809157244861126,0.00513558741658926,0.002179020084440708,0.8904704451560974,0.013833943754434586,0.02322596311569214
530,530,datasets/audios/eastern_sliced/cpop/cpop_072_000.wav,1,cpop,7,pop,0.5660116672515869,1.2862918376922607,0.019057562574744225,0.013559040613472462,0.24733129143714905,0.02492871880531311,0.008721312507987022,0.015076667070388794,0.0036963773891329765,0.5660116672515869,0.011150985024869442,0.09046635031700134
531,531,datasets/audios/eastern_sliced/cpop/cpop_073_000.wav,1,cpop,7,pop,0.5318280458450317,1.1054322719573975,0.01124623604118824,0.003510513575747609,0.36978521943092346,0.02561976946890354,0.00882973987609148,0.004608967807143927,0.0022508150432258844,0.5318280458450317,0.010254504159092903,0.032066162675619125
532,532,datasets/audios/eastern_sliced/cpop/cpop_074_000.wav,1,cpop,7,pop,0.9241986274719238,0.4133121073246002,0.001779794692993164,0.0023730741813778877,0.01294473186135292,0.014273413456976414,0.01256511453539133,0.0027669838164001703,0.001373222447000444,0.9241986274719238,0.01008519995957613,0.01763990893959999
533,533,datasets/audios/eastern_sliced/cpop/cpop_075_000.wav,1,cpop,7,pop,0.6256704926490784,1.4114353656768799,0.025490984320640564,0.011905076913535595,0.08171141147613525,0.06103901565074921,0.0320989266037941,0.023695876821875572,0.011470341123640537,0.6256704926490784,0.04790090397000313,0.0790170282125473
534,534,datasets/audios/eastern_sliced/cpop/cpop_076_000.wav,1,cpop,7,pop,0.9029601216316223,0.4730200469493866,0.0020008899737149477,0.0049423277378082275,0.011573136784136295,0.01723496802151203,0.0040994444862008095,0.0030493319500237703,0.001243559061549604,0.9029601216316223,0.005011323373764753,0.04788494482636452
535,535,datasets/audios/eastern_sliced/cpop/cpop_077_000.wav,1,cpop,7,pop,0.9031477570533752,0.46229100227355957,0.001387716387398541,0.004052781965583563,0.03877883031964302,0.012873966246843338,0.0015951647656038404,0.0016649452736601233,0.0005302345962263644,0.9031477570533752,0.003853464964777231,0.03211510553956032
536,536,datasets/audios/eastern_sliced/cpop/cpop_078_000.wav,1,cpop,7,pop,0.7782072424888611,0.8215919733047485,0.004879361018538475,0.010440172627568245,0.12658898532390594,0.012045001611113548,0.00347545905970037,0.006903847213834524,0.0011736253509297967,0.7782072424888611,0.0038649148773401976,0.05242139473557472
537,537,datasets/audios/eastern_sliced/cpop/cpop_079_000.wav,1,cpop,7,pop,0.9328766465187073,0.3406939208507538,0.0010039201006293297,0.0025453807320445776,0.034027017652988434,0.007036552764475346,0.0015123543562367558,0.0012190982233732939,0.0002855116908904165,0.9328766465187073,0.0021373897325247526,0.01735605299472809
538,538,datasets/audios/eastern_sliced/cpop/cpop_080_000.wav,1,cpop,7,pop,0.6444359421730042,0.9681106805801392,0.006444733589887619,0.0055487025529146194,0.2786966860294342,0.017794234678149223,0.0044977120123803616,0.003980558831244707,0.0014783808728680015,0.6444359421730042,0.006788921542465687,0.03033417835831642
539,539,datasets/audios/eastern_sliced/cpop/cpop_081_000.wav,1,cpop,7,pop,0.834517776966095,0.6393826603889465,0.002890216652303934,0.0016720385756343603,0.10524486750364304,0.014550695195794106,0.0025551258586347103,0.0016358685679733753,0.0008723919745534658,0.834517776966095,0.0031193094328045845,0.03294171392917633
540,540,datasets/audios/eastern_sliced/cpop/cpop_082_000.wav,1,cpop,7,pop,0.9772753119468689,0.14577290415763855,0.00027937188860960305,0.0004938087658956647,0.005499614402651787,0.004968781489878893,0.0017960045952349901,0.0003322662669233978,0.00013094009773340076,0.9772753119468689,0.0013729820493608713,0.00785103254020214
541,541,datasets/audios/eastern_sliced/cpop/cpop_083_000.wav,1,cpop,7,pop,0.9756146669387817,0.15640395879745483,0.0003227617999073118,0.001309613580815494,0.008064941503107548,0.0043962132185697556,0.001939787995070219,0.0004470769490581006,0.0001092138554668054,0.9756146669387817,0.0015560784377157688,0.006239656358957291
542,542,datasets/audios/eastern_sliced/cpop/cpop_084_000.wav,1,cpop,2,country,0.5031411051750183,1.0442239046096802,0.005130392033606768,0.018343038856983185,0.5031411051750183,0.012086953036487103,0.002518315799534321,0.0034104343503713608,0.001028696889989078,0.4170784652233124,0.005747942253947258,0.03151469677686691
543,543,datasets/audios/eastern_sliced/cpop/cpop_085_000.wav,1,cpop,2,country,0.6115855574607849,1.191022276878357,0.016162503510713577,0.019248733296990395,0.6115855574607849,0.01390708889812231,0.004236886743456125,0.009829106740653515,0.004841445945203304,0.2203841358423233,0.009087529964745045,0.09071698784828186
544,544,datasets/audios/eastern_sliced/cpop/cpop_086_000.wav,1,cpop,7,pop,0.7641016244888306,0.9090436100959778,0.004451290238648653,0.006760928779840469,0.06793691962957382,0.0305941142141819,0.009191447868943214,0.0027034946251660585,0.003939296118915081,0.7641016244888306,0.009390098974108696,0.10093078762292862
545,545,datasets/audios/eastern_sliced/cpop/cpop_087_000.wav,1,cpop,7,pop,0.554253339767456,1.3234082460403442,0.011781573295593262,0.004130697343498468,0.048964522778987885,0.05753709375858307,0.25791046023368835,0.00532880425453186,0.01170344091951847,0.554253339767456,0.021915875375270844,0.02647426351904869
546,546,datasets/audios/eastern_sliced/cpop/cpop_088_000.wav,1,cpop,7,pop,0.8798789978027344,0.5536869168281555,0.0023053379263728857,0.005513603333383799,0.021452350541949272,0.020719952881336212,0.0066219293512403965,0.001755347941070795,0.0010490716667845845,0.8798789978027344,0.0037371432408690453,0.05696626007556915
547,547,datasets/audios/eastern_sliced/cpop/cpop_089_000.wav,1,cpop,7,pop,0.791680097579956,0.9019321203231812,0.004690844565629959,0.010568652302026749,0.029269980266690254,0.052160657942295074,0.01682117208838463,0.006197958253324032,0.005489966366440058,0.791680097579956,0.024953320622444153,0.05816733464598656
548,548,datasets/audios/eastern_sliced/cpop/cpop_090_000.wav,1,cpop,7,pop,0.8817143440246582,0.5758379101753235,0.0025962938088923693,0.004094998352229595,0.026444872841238976,0.027048734948039055,0.008727503009140491,0.003155322978273034,0.001954335719347,0.8817143440246582,0.009813531301915646,0.03445008024573326
549,549,datasets/audios/eastern_sliced/cpop/cpop_091_000.wav,1,cpop,7,pop,0.8842816352844238,0.4837645888328552,0.0012245724210515618,0.0013843008782714605,0.07727751135826111,0.009847634471952915,0.0016188793815672398,0.0008037129300646484,0.00042183653567917645,0.8842816352844238,0.0024308073334395885,0.020709125325083733
550,550,datasets/audios/eastern_sliced/cpop/cpop_092_000.wav,1,cpop,7,pop,0.8404935598373413,0.706741452217102,0.004388528410345316,0.005837086122483015,0.05155690386891365,0.021972032263875008,0.006399631034582853,0.0051091499626636505,0.0023364548105746508,0.8404935598373413,0.00830787792801857,0.05359889194369316
551,551,datasets/audios/eastern_sliced/cpop/cpop_093_000.wav,1,cpop,7,pop,0.7986935377120972,0.8654426336288452,0.012861886993050575,0.005877021700143814,0.07463032007217407,0.023188581690192223,0.013700302690267563,0.012549325823783875,0.00340358167886734,0.7986935377120972,0.009934859350323677,0.04516051709651947
552,552,datasets/audios/eastern_sliced/cpop/cpop_094_000.wav,1,cpop,9,rock,0.3707498610019684,1.3507513999938965,0.01510141883045435,0.004794694017618895,0.34625405073165894,0.01174533274024725,0.0034006540663540363,0.006201931741088629,0.016041845083236694,0.22137929499149323,0.004330907948315144,0.3707498610019684
553,553,datasets/audios/eastern_sliced/cpop/cpop_095_000.wav,1,cpop,9,rock,0.3393114507198334,1.467398762702942,0.004461504518985748,0.03683542087674141,0.26656875014305115,0.02198619209229946,0.00418585492298007,0.004718223586678505,0.016385214403271675,0.2965133786201477,0.00903406273573637,0.3393114507198334
554,554,datasets/audios/eastern_sliced/cpop/cpop_096_000.wav,1,cpop,7,pop,0.6873690485954285,1.043984293937683,0.0073028188198804855,0.006216157227754593,0.1457403153181076,0.023427799344062805,0.005078155547380447,0.005117395892739296,0.004583677276968956,0.6873690485954285,0.005717252381145954,0.1094474345445633
555,555,datasets/audios/eastern_sliced/cpop/cpop_097_000.wav,1,cpop,7,pop,0.9306296110153198,0.37021106481552124,0.0012505457270890474,0.005315092857927084,0.022331850603222847,0.00940642785280943,0.0026117118541151285,0.0022564770188182592,0.0005293823196552694,0.9306296110153198,0.00395250553265214,0.021716244518756866
556,556,datasets/audios/eastern_sliced/cpop/cpop_098_000.wav,1,cpop,7,pop,0.6216509938240051,1.080649495124817,0.007839705795049667,0.009684826247394085,0.2661644518375397,0.02355409413576126,0.0046762689016759396,0.005523349158465862,0.002335579367354512,0.6216509938240051,0.010444181971251965,0.04812655970454216
557,557,datasets/audios/eastern_sliced/cpop/cpop_099_000.wav,1,cpop,7,pop,0.7656714916229248,0.8214197158813477,0.004937442485243082,0.007172876503318548,0.1585208624601364,0.01514444313943386,0.004768760874867439,0.004462703131139278,0.0014122589491307735,0.7656714916229248,0.006232515908777714,0.031676556915044785
558,558,datasets/audios/eastern_sliced/enka/enka_000_000.wav,2,enka,2,country,0.46321824193000793,1.4434748888015747,0.021874120458960533,0.023528974503278732,0.46321824193000793,0.04306811839342117,0.012029039673507214,0.013536871410906315,0.007256528828293085,0.33021876215934753,0.03266243264079094,0.052606940269470215
559,559,datasets/audios/eastern_sliced/enka/enka_000_001.wav,2,enka,2,country,0.5461491942405701,1.3366032838821411,0.01529562659561634,0.03617101162672043,0.5461491942405701,0.025513529777526855,0.010897660627961159,0.012264057993888855,0.0051648481748998165,0.2699282467365265,0.02020002156496048,0.058415841311216354
560,560,datasets/audios/eastern_sliced/enka/enka_000_002.wav,2,enka,2,country,0.44746696949005127,1.1980677843093872,0.010842051357030869,0.014242973178625107,0.44746696949005127,0.02627362124621868,0.00879706908017397,0.00709512596949935,0.0027370236348360777,0.4338356554508209,0.01571364514529705,0.032995834946632385
561,561,datasets/audios/eastern_sliced/enka/enka_001_000.wav,2,enka,7,pop,0.3177766501903534,1.9170112609863281,0.05139806494116783,0.03825123608112335,0.24234186112880707,0.08660144358873367,0.025339435786008835,0.05354190245270729,0.021064693108201027,0.3177766501903534,0.04137222841382027,0.12231256812810898
562,562,datasets/audios/eastern_sliced/enka/enka_001_001.wav,2,enka,2,country,0.3049456775188446,1.9626221656799316,0.05387353524565697,0.056737206876277924,0.3049456775188446,0.08288364857435226,0.02285546064376831,0.06528286635875702,0.023724721744656563,0.23104415833950043,0.04039285331964493,0.11825989931821823
563,563,datasets/audios/eastern_sliced/enka/enka_001_002.wav,2,enka,7,pop,0.3081817328929901,1.9043216705322266,0.09107588976621628,0.025986026972532272,0.23244339227676392,0.050550125539302826,0.022392794489860535,0.0761256217956543,0.020841484889388084,0.3081817328929901,0.02627166360616684,0.14613135159015656
564,564,datasets/audios/eastern_sliced/enka/enka_002_000.wav,2,enka,7,pop,0.390129029750824,1.5251681804656982,0.021016839891672134,0.058949895203113556,0.36587342619895935,0.031085604801774025,0.010768330655992031,0.02275978960096836,0.005350362043827772,0.390129029750824,0.02016475610435009,0.07390196621417999
565,565,datasets/audios/eastern_sliced/enka/enka_002_001.wav,2,enka,2,country,0.37235891819000244,1.6239757537841797,0.028036167845129967,0.06086185574531555,0.37235891819000244,0.03709988296031952,0.012014872394502163,0.02983766980469227,0.007520996034145355,0.34164348244667053,0.024245908483862877,0.08638026565313339
566,566,datasets/audios/eastern_sliced/enka/enka_002_002.wav,2,enka,7,pop,0.4420006275177002,1.443867802619934,0.02473297528922558,0.02888483740389347,0.3553434908390045,0.03048800863325596,0.014683774672448635,0.023212725296616554,0.005618804134428501,0.4420006275177002,0.01882319152355194,0.05621159076690674
567,567,datasets/audios/eastern_sliced/enka/enka_003_000.wav,2,enka,2,country,0.6818289160728455,1.0421077013015747,0.01582079753279686,0.016239816322922707,0.6818289160728455,0.017347751185297966,0.006610349752008915,0.00963493064045906,0.0031041635666042566,0.20793327689170837,0.010741768404841423,0.030738232657313347
568,568,datasets/audios/eastern_sliced/enka/enka_003_001.wav,2,enka,2,country,0.7263922691345215,0.9269638657569885,0.012846235185861588,0.014025544747710228,0.7263922691345215,0.014768888242542744,0.006020739674568176,0.006405762396752834,0.0023120068944990635,0.18616236746311188,0.009045379236340523,0.02202078141272068
569,569,datasets/audios/eastern_sliced/enka/enka_003_002.wav,2,enka,2,country,0.7861118912696838,0.8396709561347961,0.012482449412345886,0.017440708354115486,0.7861118912696838,0.01414776686578989,0.004514977335929871,0.0054289172403514385,0.0027466691099107265,0.122071772813797,0.011010423302650452,0.024044426158070564
570,570,datasets/audios/eastern_sliced/enka/enka_004_000.wav,2,enka,1,classical,0.2615673542022705,1.9885224103927612,0.028425486758351326,0.2615673542022705,0.09681091457605362,0.03230895847082138,0.04399089142680168,0.13483408093452454,0.009100724011659622,0.22693902254104614,0.08963800966739655,0.07638461887836456
571,571,datasets/audios/eastern_sliced/enka/enka_004_001.wav,2,enka,7,pop,0.2668238878250122,2.0512795448303223,0.035103052854537964,0.15593677759170532,0.10272584855556488,0.04898633807897568,0.05300281569361687,0.1077198013663292,0.012962905690073967,0.2668238878250122,0.15820713341236115,0.05853138491511345
572,572,datasets/audios/eastern_sliced/enka/enka_004_002.wav,2,enka,7,pop,0.2862127721309662,2.0317344665527344,0.03499753400683403,0.1522909253835678,0.10743868350982666,0.053198281675577164,0.04473719000816345,0.09454020112752914,0.013014286756515503,0.2862127721309662,0.1546555757522583,0.058914657682180405
573,573,datasets/audios/eastern_sliced/enka/enka_005_000.wav,2,enka,7,pop,0.7995606064796448,0.8973180055618286,0.0076766302809119225,0.013947602361440659,0.055403463542461395,0.028106095269322395,0.02109534852206707,0.012985069304704666,0.003876664210110903,0.7995606064796448,0.020767642185091972,0.03658083453774452
574,574,datasets/audios/eastern_sliced/enka/enka_005_001.wav,2,enka,7,pop,0.30701783299446106,2.056393623352051,0.055340152233839035,0.06903374940156937,0.1673993468284607,0.06345923244953156,0.04463573545217514,0.0864049568772316,0.025070304051041603,0.30701783299446106,0.07293804734945297,0.10870064795017242
575,575,datasets/audios/eastern_sliced/enka/enka_005_002.wav,2,enka,7,pop,0.655933678150177,1.2495386600494385,0.013025389984250069,0.023498132824897766,0.15010863542556763,0.04026152938604355,0.0182023998349905,0.015704462304711342,0.005427632946521044,0.655933678150177,0.02526201121509075,0.052576128393411636
576,576,datasets/audios/eastern_sliced/enka/enka_006_000.wav,2,enka,2,country,0.4003569185733795,1.4765076637268066,0.023388344794511795,0.07079135626554489,0.4003569185733795,0.021643497049808502,0.009994478896260262,0.024239664897322655,0.00425340048968792,0.3769080638885498,0.019687511026859283,0.0487368144094944
577,577,datasets/audios/eastern_sliced/enka/enka_006_001.wav,2,enka,2,country,0.4733651578426361,1.1917612552642822,0.019629929214715958,0.016556845977902412,0.4733651578426361,0.014391149394214153,0.010040121152997017,0.01375005766749382,0.0024296578485518694,0.41236037015914917,0.012016568332910538,0.02546016126871109
578,578,datasets/audios/eastern_sliced/enka/enka_006_002.wav,2,enka,2,country,0.4451230764389038,1.1865832805633545,0.022455092519521713,0.00995896477252245,0.4451230764389038,0.016775282099843025,0.009925817139446735,0.013364871963858604,0.002608289709314704,0.44225233793258667,0.012064564041793346,0.02547169290482998
579,579,datasets/audios/eastern_sliced/enka/enka_007_000.wav,2,enka,7,pop,0.728329598903656,0.990742027759552,0.008327607065439224,0.018464144319295883,0.15423636138439178,0.021297194063663483,0.008266977965831757,0.011226327158510685,0.0021023594308644533,0.728329598903656,0.012786166742444038,0.034963302314281464
580,580,datasets/audios/eastern_sliced/enka/enka_007_001.wav,2,enka,7,pop,0.764460027217865,0.9759530425071716,0.01038064993917942,0.018048027530312538,0.09328562766313553,0.025215886533260345,0.011652765795588493,0.016102612018585205,0.0032570608891546726,0.764460027217865,0.017363745719194412,0.04023366421461105
581,581,datasets/audios/eastern_sliced/enka/enka_007_002.wav,2,enka,7,pop,0.7224951386451721,1.0300954580307007,0.009893100708723068,0.020466921851038933,0.14689850807189941,0.023042306303977966,0.009425463154911995,0.013896367512643337,0.0024941773153841496,0.7224951386451721,0.014404655434191227,0.03698334842920303
582,582,datasets/audios/eastern_sliced/enka/enka_008_000.wav,2,enka,8,reggae,0.22391101717948914,2.144134521484375,0.06914108246564865,0.026300791651010513,0.1256534457206726,0.11059283465147018,0.0752423033118248,0.04963240399956703,0.04919111356139183,0.1686476618051529,0.22391101717948914,0.10168728232383728
583,583,datasets/audios/eastern_sliced/enka/enka_008_001.wav,2,enka,8,reggae,0.2191634625196457,2.1676626205444336,0.07372899353504181,0.030548883602023125,0.11628079414367676,0.109587162733078,0.07044056802988052,0.06213417649269104,0.049464523792266846,0.1570761501789093,0.2191634625196457,0.1115751713514328
584,584,datasets/audios/eastern_sliced/enka/enka_008_002.wav,2,enka,5,jazz,0.2570060193538666,2.163466691970825,0.09074558317661285,0.06583736091852188,0.06919960677623749,0.08267015963792801,0.061531394720077515,0.2570060193538666,0.04545807093381882,0.09110221266746521,0.1500757932662964,0.08637384325265884
585,585,datasets/audios/eastern_sliced/enka/enka_009_000.wav,2,enka,7,pop,0.7710930705070496,0.930976152420044,0.006473079789429903,0.006202915217727423,0.05839003250002861,0.03904236480593681,0.010335396975278854,0.0055669876746833324,0.006224735174328089,0.7710930705070496,0.014156612567603588,0.08251486718654633
586,586,datasets/audios/eastern_sliced/enka/enka_009_001.wav,2,enka,7,pop,0.5568392872810364,1.3035093545913696,0.009920713491737843,0.015225838869810104,0.21196319162845612,0.03594982996582985,0.007268290035426617,0.007275859825313091,0.005618435796350241,0.5568392872810364,0.009126821532845497,0.1408117115497589
587,587,datasets/audios/eastern_sliced/enka/enka_009_002.wav,2,enka,7,pop,0.5349234342575073,1.3649790287017822,0.008335472084581852,0.015950189903378487,0.15534688532352448,0.03950769081711769,0.0093205152079463,0.006337209139019251,0.010339873842895031,0.5349234342575073,0.013765637762844563,0.2061731517314911
588,588,datasets/audios/eastern_sliced/enka/enka_010_000.wav,2,enka,7,pop,0.40878626704216003,1.8127498626708984,0.022259220480918884,0.1552509218454361,0.12695461511611938,0.028130333870649338,0.029724515974521637,0.0815485417842865,0.007033566478639841,0.40878626704216003,0.04997941106557846,0.09033260494470596
589,589,datasets/audios/eastern_sliced/enka/enka_010_001.wav,2,enka,7,pop,0.3858025372028351,1.8772302865982056,0.025533344596624374,0.14600339531898499,0.110249362885952,0.030441978946328163,0.03697812929749489,0.10354746133089066,0.008572488091886044,0.3858025372028351,0.05732709541916847,0.09554418921470642
590,590,datasets/audios/eastern_sliced/enka/enka_010_002.wav,2,enka,1,classical,0.26417970657348633,1.9701361656188965,0.02524060569703579,0.26417970657348633,0.06984841078519821,0.05478045716881752,0.028349198400974274,0.1445968896150589,0.012659111991524696,0.23871587216854095,0.06316010653972626,0.09846962988376617
591,591,datasets/audios/eastern_sliced/enka/enka_011_000.wav,2,enka,1,classical,0.49979808926582336,1.3976844549179077,0.026173999533057213,0.49979808926582336,0.030581478029489517,0.00867118127644062,0.013915135525166988,0.3066368103027344,0.005436951760202646,0.03417821601033211,0.02649145945906639,0.04811670631170273
592,592,datasets/audios/eastern_sliced/enka/enka_011_001.wav,2,enka,1,classical,0.470028281211853,1.473213791847229,0.03006596863269806,0.470028281211853,0.03130225092172623,0.009715382009744644,0.018654724583029747,0.310226172208786,0.006448248866945505,0.03984271362423897,0.0283475611358881,0.05536872521042824
593,593,datasets/audios/eastern_sliced/enka/enka_011_002.wav,2,enka,1,classical,0.4279012084007263,1.465839147567749,0.033739231526851654,0.4279012084007263,0.030853182077407837,0.008760347031056881,0.01906723715364933,0.361945241689682,0.0069287740625441074,0.030744709074497223,0.029064344242215157,0.05099572613835335
594,594,datasets/audios/eastern_sliced/enka/enka_012_000.wav,2,enka,1,classical,0.48067954182624817,1.6471822261810303,0.023964906111359596,0.48067954182624817,0.041503142565488815,0.019735421985387802,0.017182732000947,0.14592447876930237,0.007941088639199734,0.13334539532661438,0.03286336362361908,0.0968598872423172
595,595,datasets/audios/eastern_sliced/enka/enka_012_001.wav,2,enka,5,jazz,0.3533819913864136,1.8948655128479004,0.0653529018163681,0.13651888072490692,0.0450332909822464,0.01706918329000473,0.05760060250759125,0.3533819913864136,0.011151393875479698,0.1713486760854721,0.030149970203638077,0.11239306628704071
596,596,datasets/audios/eastern_sliced/enka/enka_012_002.wav,2,enka,5,jazz,0.32453224062919617,1.8854124546051025,0.045331645756959915,0.15701767802238464,0.040171075612306595,0.018398385494947433,0.05041799694299698,0.32453224062919617,0.009924058802425861,0.20372141897678375,0.03455203399062157,0.11593352258205414
597,597,datasets/audios/eastern_sliced/enka/enka_013_000.wav,2,enka,7,pop,0.3719637989997864,1.8427200317382812,0.043107014149427414,0.14376014471054077,0.03161979839205742,0.026038311421871185,0.04303814843297005,0.1360510140657425,0.012139154598116875,0.3719637989997864,0.027512121945619583,0.16477049887180328
598,598,datasets/audios/eastern_sliced/enka/enka_013_001.wav,2,enka,7,pop,0.2799484133720398,2.0506391525268555,0.05254586040973663,0.11008469015359879,0.06183817982673645,0.08558619022369385,0.1169658973813057,0.0560443252325058,0.022525178268551826,0.2799484133720398,0.029500888660550117,0.18496035039424896
599,599,datasets/audios/eastern_sliced/enka/enka_013_002.wav,2,enka,7,pop,0.2949276864528656,2.02890682220459,0.04738976061344147,0.1100708469748497,0.06176391616463661,0.0829189345240593,0.11887059360742569,0.05253256484866142,0.02209607884287834,0.2949276864528656,0.028532743453979492,0.18089687824249268
600,600,datasets/audios/eastern_sliced/enka/enka_014_000.wav,2,enka,7,pop,0.22261138260364532,2.1662166118621826,0.056802988052368164,0.0657261535525322,0.13269320130348206,0.059668298810720444,0.14856772124767303,0.11547249555587769,0.0303733479231596,0.22261138260364532,0.07402265816926956,0.0940617099404335
601,601,datasets/audios/eastern_sliced/enka/enka_014_001.wav,2,enka,5,jazz,0.2207818627357483,1.9962109327316284,0.10175559669733047,0.20760253071784973,0.07774998247623444,0.026178212836384773,0.021298328414559364,0.2207818627357483,0.01534610241651535,0.1768658459186554,0.026647932827472687,0.12577363848686218
602,602,datasets/audios/eastern_sliced/enka/enka_014_002.wav,2,enka,7,pop,0.32454097270965576,1.9389430284500122,0.06594553589820862,0.1523636281490326,0.05696067586541176,0.029330048710107803,0.03358034789562225,0.15029235184192657,0.01431152131408453,0.32454097270965576,0.029014775529503822,0.14366017282009125
603,603,datasets/audios/eastern_sliced/enka/enka_015_000.wav,2,enka,1,classical,0.42957454919815063,1.715165376663208,0.043046917766332626,0.42957454919815063,0.19924232363700867,0.022804904729127884,0.014134988188743591,0.0488317497074604,0.010127916000783443,0.11517111957073212,0.020922856405377388,0.09614274650812149
604,604,datasets/audios/eastern_sliced/enka/enka_015_001.wav,2,enka,1,classical,0.342957466840744,1.8698393106460571,0.03794845566153526,0.342957466840744,0.18671633303165436,0.0422021709382534,0.019582243636250496,0.05259747803211212,0.013842528685927391,0.1633119136095047,0.026828236877918243,0.11401316523551941
605,605,datasets/audios/eastern_sliced/enka/enka_015_002.wav,2,enka,7,pop,0.4452897906303406,1.8350050449371338,0.03737219050526619,0.10223765671253204,0.06611410528421402,0.09312668442726135,0.055964987725019455,0.052058182656764984,0.014499610289931297,0.4452897906303406,0.03147660940885544,0.10186014324426651
606,606,datasets/audios/eastern_sliced/enka/enka_016_000.wav,2,enka,5,jazz,0.3940112292766571,1.8911114931106567,0.0466521754860878,0.12271364778280258,0.032290019094944,0.02376135066151619,0.08488983660936356,0.3940112292766571,0.016415998339653015,0.13031363487243652,0.05479543283581734,0.0941566601395607
607,607,datasets/audios/eastern_sliced/enka/enka_016_001.wav,2,enka,5,jazz,0.24073383212089539,1.98188316822052,0.04003088176250458,0.1448500156402588,0.03785555064678192,0.03618232533335686,0.04604467749595642,0.24073383212089539,0.02197543904185295,0.23958994448184967,0.04200982302427292,0.15072757005691528
608,608,datasets/audios/eastern_sliced/enka/enka_016_002.wav,2,enka,5,jazz,0.23569254577159882,2.05831241607666,0.04543483629822731,0.12210593372583389,0.04620053246617317,0.0390625037252903,0.08097633719444275,0.23569254577159882,0.022159874439239502,0.2237672358751297,0.06063012033700943,0.12397011369466782
609,609,datasets/audios/eastern_sliced/enka/enka_017_000.wav,2,enka,1,classical,0.3339182734489441,1.8557006120681763,0.05656088516116142,0.3339182734489441,0.06028364226222038,0.021611463278532028,0.015443180687725544,0.21539406478405,0.009193151257932186,0.15084995329380035,0.03634043037891388,0.10040498524904251
610,610,datasets/audios/eastern_sliced/enka/enka_017_001.wav,2,enka,5,jazz,0.3358128070831299,1.7973287105560303,0.05698506906628609,0.2894188463687897,0.038149427622556686,0.023130403831601143,0.026948455721139908,0.3358128070831299,0.008109984919428825,0.10572895407676697,0.03835973143577576,0.07735632359981537
611,611,datasets/audios/eastern_sliced/enka/enka_017_002.wav,2,enka,5,jazz,0.4935814440250397,1.6962498426437378,0.05252121761441231,0.14923140406608582,0.025459688156843185,0.02447802759706974,0.06398668140172958,0.4935814440250397,0.00872404407709837,0.07503580302000046,0.05251726508140564,0.05446445941925049
612,612,datasets/audios/eastern_sliced/enka/enka_018_000.wav,2,enka,5,jazz,0.2815493643283844,1.8932042121887207,0.059130799025297165,0.2306075543165207,0.039472199976444244,0.026833614334464073,0.017337694764137268,0.2815493643283844,0.009368186816573143,0.18737725913524628,0.05069931969046593,0.09762391448020935
613,613,datasets/audios/eastern_sliced/enka/enka_018_001.wav,2,enka,1,classical,0.23911558091640472,1.9794100522994995,0.05469778552651405,0.23911558091640472,0.05638539418578148,0.03236818686127663,0.02743801288306713,0.16906346380710602,0.012493758462369442,0.23765748739242554,0.055791523307561874,0.11498881131410599
614,614,datasets/audios/eastern_sliced/enka/enka_018_002.wav,2,enka,7,pop,0.5667148232460022,1.5516247749328613,0.014220524579286575,0.033706508576869965,0.048622652888298035,0.03157556429505348,0.07644793391227722,0.08196095377206802,0.0075907460413873196,0.5667148232460022,0.096410371363163,0.042749859392642975
615,615,datasets/audios/eastern_sliced/enka/enka_019_000.wav,2,enka,7,pop,0.48364490270614624,1.688941240310669,0.012824724428355694,0.039720091968774796,0.030458102002739906,0.0630129873752594,0.06426317244768143,0.07492271065711975,0.01191843394190073,0.48364490270614624,0.1697850078344345,0.0494498647749424
616,616,datasets/audios/eastern_sliced/enka/enka_019_001.wav,2,enka,5,jazz,0.31389904022216797,1.9114477634429932,0.0879514217376709,0.2683559060096741,0.02371620386838913,0.05157173052430153,0.0430244617164135,0.31389904022216797,0.020910851657390594,0.06529618799686432,0.05098876729607582,0.07428533583879471
617,617,datasets/audios/eastern_sliced/enka/enka_019_002.wav,2,enka,5,jazz,0.20518574118614197,2.140188217163086,0.08232023566961288,0.1582077294588089,0.02566315419971943,0.07751420885324478,0.14320789277553558,0.20518574118614197,0.022881310433149338,0.13073614239692688,0.0821632444858551,0.07212033122777939
618,618,datasets/audios/eastern_sliced/enka/enka_020_000.wav,2,enka,5,jazz,0.4451455771923065,1.8155410289764404,0.138316810131073,0.08998332172632217,0.06688765436410904,0.025640027597546577,0.07683631032705307,0.4451455771923065,0.014320303685963154,0.05485663563013077,0.0346035435795784,0.05340979993343353
619,619,datasets/audios/eastern_sliced/enka/enka_020_001.wav,2,enka,4,hiphop,0.5326071977615356,1.6077419519424438,0.04333500936627388,0.030016209930181503,0.023030616343021393,0.048851437866687775,0.5326071977615356,0.1321638971567154,0.012739411555230618,0.057550959289073944,0.09897462278604507,0.020730653777718544
620,620,datasets/audios/eastern_sliced/enka/enka_020_002.wav,2,enka,4,hiphop,0.6529885530471802,1.3394111394882202,0.03504190221428871,0.012612736783921719,0.019913338124752045,0.06307165324687958,0.6529885530471802,0.04815990477800369,0.011719263158738613,0.07151593267917633,0.06978518515825272,0.015191581100225449
621,621,datasets/audios/eastern_sliced/enka/enka_021_000.wav,2,enka,5,jazz,0.3357176184654236,1.9956456422805786,0.09762274473905563,0.05516150966286659,0.019794484600424767,0.07112322002649307,0.08986248821020126,0.3357176184654236,0.01858426257967949,0.12050330638885498,0.13712963461875916,0.05450081825256348
622,622,datasets/audios/eastern_sliced/enka/enka_021_001.wav,2,enka,5,jazz,0.295979768037796,2.0309112071990967,0.09312832355499268,0.05083928629755974,0.019988110288977623,0.08773411065340042,0.08294138312339783,0.295979768037796,0.01882968842983246,0.1624930202960968,0.13087020814418793,0.05719614028930664
623,623,datasets/audios/eastern_sliced/enka/enka_021_002.wav,2,enka,5,jazz,0.3080931305885315,2.0270252227783203,0.08974215388298035,0.06623546034097672,0.02161306142807007,0.08684993535280228,0.08399072289466858,0.3080931305885315,0.020381152629852295,0.10635991394519806,0.16769258677959442,0.04904192313551903
624,624,datasets/audios/eastern_sliced/enka/enka_022_000.wav,2,enka,7,pop,0.4835691750049591,1.719082236289978,0.015878478065133095,0.10219113528728485,0.048066917806863785,0.0407928042113781,0.041082773357629776,0.12285958975553513,0.0066858441568911076,0.4835691750049591,0.0729224681854248,0.06595074385404587
625,625,datasets/audios/eastern_sliced/enka/enka_022_001.wav,2,enka,7,pop,0.6396957635879517,1.3733688592910767,0.008471472188830376,0.06791915744543076,0.023158852010965347,0.030371246859431267,0.06347636133432388,0.05008499324321747,0.00477349990978837,0.6396957635879517,0.04487909749150276,0.06716962903738022
626,626,datasets/audios/eastern_sliced/enka/enka_022_002.wav,2,enka,7,pop,0.6090339422225952,1.443537950515747,0.008746587671339512,0.07898633182048798,0.027615433558821678,0.02340037003159523,0.061929404735565186,0.06840984523296356,0.0044247121550142765,0.6090339422225952,0.05596204102039337,0.06149136275053024
627,627,datasets/audios/eastern_sliced/enka/enka_023_000.wav,2,enka,7,pop,0.3806505501270294,1.7892796993255615,0.02946764975786209,0.08344060927629471,0.24513277411460876,0.04661579802632332,0.032555434852838516,0.035347986966371536,0.0105208158493042,0.3806505501270294,0.03160422295331955,0.10466413199901581
628,628,datasets/audios/eastern_sliced/enka/enka_023_001.wav,2,enka,7,pop,0.5451170206069946,1.5899524688720703,0.00936050433665514,0.07133157551288605,0.10707860440015793,0.07235174626111984,0.025182874873280525,0.0369366891682148,0.008037121966481209,0.5451170206069946,0.07130511850118637,0.05329875275492668
629,629,datasets/audios/eastern_sliced/enka/enka_023_002.wav,2,enka,7,pop,0.564158022403717,1.5586988925933838,0.010093186981976032,0.06391473859548569,0.0964871421456337,0.07155725359916687,0.02691313810646534,0.0381387434899807,0.008117412216961384,0.564158022403717,0.06534962356090546,0.05527067184448242
630,630,datasets/audios/eastern_sliced/enka/enka_024_000.wav,2,enka,7,pop,0.2950729727745056,2.073928117752075,0.02468349039554596,0.10450077056884766,0.057053498923778534,0.06854116916656494,0.12830637395381927,0.1081593781709671,0.023296989500522614,0.2950729727745056,0.0926349088549614,0.09775041788816452
631,631,datasets/audios/eastern_sliced/enka/enka_024_001.wav,2,enka,7,pop,0.2935466766357422,2.07035756111145,0.024829762056469917,0.09474869072437286,0.058487821370363235,0.06914668530225754,0.146831214427948,0.09849417209625244,0.02273203805088997,0.2935466766357422,0.098518006503582,0.09266496449708939
632,632,datasets/audios/eastern_sliced/enka/enka_024_002.wav,2,enka,7,pop,0.40479350090026855,1.8808172941207886,0.024539852514863014,0.07413537800312042,0.09792064130306244,0.10072256624698639,0.06506432592868805,0.02449933998286724,0.018921803683042526,0.40479350090026855,0.05406680330634117,0.13533572852611542
633,633,datasets/audios/eastern_sliced/enka/enka_025_000.wav,2,enka,7,pop,0.3988078832626343,1.820192575454712,0.031035248190164566,0.10264598578214645,0.1843441277742386,0.02399926260113716,0.03138905391097069,0.09055761992931366,0.007263917941600084,0.3988078832626343,0.04494846984744072,0.08500850945711136
634,634,datasets/audios/eastern_sliced/enka/enka_025_001.wav,2,enka,7,pop,0.4002748429775238,1.8599803447723389,0.03393607214093208,0.09511199593544006,0.11117491126060486,0.02496236376464367,0.04070774093270302,0.145231232047081,0.008468922227621078,0.4002748429775238,0.051670122891664505,0.08846169710159302
635,635,datasets/audios/eastern_sliced/enka/enka_025_002.wav,2,enka,7,pop,0.5171239972114563,1.6822876930236816,0.019415955990552902,0.05882371962070465,0.06976455450057983,0.036639656871557236,0.04846038669347763,0.09905324131250381,0.008270122110843658,0.5171239972114563,0.07746562361717224,0.06498273462057114
636,636,datasets/audios/eastern_sliced/enka/enka_026_000.wav,2,enka,7,pop,0.8564755916595459,0.6847665309906006,0.00418470473960042,0.009158856235444546,0.037035513669252396,0.023909959942102432,0.011233871802687645,0.007080946583300829,0.0026413488667458296,0.8564755916595459,0.012263035401701927,0.03601623699069023
637,637,datasets/audios/eastern_sliced/enka/enka_026_001.wav,2,enka,7,pop,0.8107689023017883,0.8561575412750244,0.006805568002164364,0.011948883533477783,0.039918605238199234,0.03264928236603737,0.014880392700433731,0.01211732067167759,0.004551856312900782,0.8107689023017883,0.017497649416327477,0.04886158928275108
638,638,datasets/audios/eastern_sliced/enka/enka_026_002.wav,2,enka,7,pop,0.7919785380363464,0.9210852980613708,0.007477596402168274,0.016038406640291214,0.033120252192020416,0.03545551374554634,0.01601458713412285,0.014184307307004929,0.005548759363591671,0.7919785380363464,0.019513249397277832,0.060668718069791794
639,639,datasets/audios/eastern_sliced/enka/enka_027_000.wav,2,enka,7,pop,0.7933996319770813,0.8785024285316467,0.009884928353130817,0.02430294081568718,0.034511078149080276,0.012689732015132904,0.00535773066803813,0.03031245432794094,0.001992577686905861,0.7933996319770813,0.008412595838308334,0.07913638651371002
640,640,datasets/audios/eastern_sliced/enka/enka_027_001.wav,2,enka,7,pop,0.8818166255950928,0.5860355496406555,0.005471925251185894,0.007924742996692657,0.022248322144150734,0.013272675685584545,0.005790870636701584,0.012204667553305626,0.0016459841281175613,0.8818166255950928,0.00872263964265585,0.04090157896280289
641,641,datasets/audios/eastern_sliced/enka/enka_027_002.wav,2,enka,7,pop,0.8186728358268738,0.8082550764083862,0.011073357425630093,0.012388338334858418,0.045682504773139954,0.014306728728115559,0.006480132695287466,0.023330792784690857,0.0020958089735358953,0.8186728358268738,0.00877300649881363,0.057196520268917084
642,642,datasets/audios/eastern_sliced/enka/enka_028_000.wav,2,enka,7,pop,0.24946290254592896,2.02131986618042,0.07902318984270096,0.24941667914390564,0.06401553750038147,0.03128119930624962,0.05110086128115654,0.06940672546625137,0.020907266065478325,0.24946290254592896,0.05565658211708069,0.12972907721996307
643,643,datasets/audios/eastern_sliced/enka/enka_028_001.wav,2,enka,7,pop,0.26120081543922424,2.0545108318328857,0.07240103930234909,0.21901072561740875,0.06318774819374084,0.03437798097729683,0.07237786054611206,0.06113163381814957,0.023689676076173782,0.26120081543922424,0.06626526266336441,0.1263572871685028
644,644,datasets/audios/eastern_sliced/enka/enka_028_002.wav,2,enka,1,classical,0.3704368770122528,1.908437967300415,0.12674812972545624,0.3704368770122528,0.04546954482793808,0.023939451202750206,0.02439170517027378,0.1007126122713089,0.01712203212082386,0.12750768661499023,0.047554854303598404,0.11611718684434891
645,645,datasets/audios/eastern_sliced/enka/enka_029_000.wav,2,enka,1,classical,0.6128586530685425,1.4301115274429321,0.0886957123875618,0.6128586530685425,0.04389938712120056,0.012321626767516136,0.00843074917793274,0.06253726035356522,0.013332031667232513,0.038916729390621185,0.03600003942847252,0.08300777524709702
646,646,datasets/audios/eastern_sliced/enka/enka_029_001.wav,2,enka,1,classical,0.6313537359237671,1.370933175086975,0.06966767460107803,0.6313537359237671,0.024796267971396446,0.014370810240507126,0.00811170693486929,0.06407246738672256,0.00886690802872181,0.05779177322983742,0.027679938822984695,0.09328868240118027
647,647,datasets/audios/eastern_sliced/enka/enka_029_002.wav,2,enka,1,classical,0.5753008127212524,1.506502389907837,0.08630765229463577,0.5753008127212524,0.027780478820204735,0.017455749213695526,0.010003834031522274,0.07032934576272964,0.011110988445580006,0.06354834139347076,0.032547976821660995,0.10561494529247284
648,648,datasets/audios/eastern_sliced/enka/enka_030_000.wav,2,enka,7,pop,0.7083921432495117,0.8700970411300659,0.005026527680456638,0.00885664951056242,0.22977809607982635,0.01333467848598957,0.004677138291299343,0.0045098233968019485,0.0008547251927666366,0.7083921432495117,0.007806657813489437,0.016763627529144287
649,649,datasets/audios/eastern_sliced/enka/enka_030_001.wav,2,enka,2,country,0.5765989422798157,1.0613924264907837,0.012786944396793842,0.008818543516099453,0.5765989422798157,0.018711814656853676,0.0051239305175840855,0.006433147005736828,0.0022072738502174616,0.3360553979873657,0.008928673341870308,0.024335375055670738
650,650,datasets/audios/eastern_sliced/enka/enka_030_002.wav,2,enka,2,country,0.5864660739898682,1.0637110471725464,0.010595239698886871,0.014159728772938251,0.5864660739898682,0.016262294724583626,0.004735074006021023,0.006146433763206005,0.0020142244175076485,0.322879433631897,0.008407069370150566,0.02833443693816662
651,651,datasets/audios/eastern_sliced/enka/enka_031_000.wav,2,enka,2,country,0.916257917881012,0.4124181568622589,0.0069906204007565975,0.002761994954198599,0.916257917881012,0.004447455517947674,0.0010253055952489376,0.0012657991610467434,0.0018482661107555032,0.042558182030916214,0.003289142157882452,0.019555391743779182
652,652,datasets/audios/eastern_sliced/enka/enka_031_001.wav,2,enka,2,country,0.808702826499939,0.7276275157928467,0.010974228382110596,0.015834098681807518,0.808702826499939,0.0063647017814219,0.0038252947852015495,0.004444869235157967,0.0013992178719490767,0.1283336877822876,0.005640128627419472,0.014480897225439548
653,653,datasets/audios/eastern_sliced/enka/enka_031_002.wav,2,enka,2,country,0.6404955387115479,0.9372131824493408,0.007028626278042793,0.006712248548865318,0.6404955387115479,0.013056715950369835,0.00522567518055439,0.0030524409376084805,0.0013394566485658288,0.2968040406703949,0.008604498580098152,0.017680730670690536
654,654,datasets/audios/eastern_sliced/enka/enka_032_000.wav,2,enka,7,pop,0.7211498022079468,0.9785164594650269,0.008708873763680458,0.014920378103852272,0.17381811141967773,0.01971397176384926,0.009008940309286118,0.009184155613183975,0.001809364533983171,0.7211498022079468,0.0160476416349411,0.025638703256845474
655,655,datasets/audios/eastern_sliced/enka/enka_032_001.wav,2,enka,7,pop,0.6524587869644165,1.0232629776000977,0.008565030992031097,0.01958870142698288,0.254118412733078,0.014153683558106422,0.004597130697220564,0.009142477996647358,0.0012170332483947277,0.6524587869644165,0.011458211578428745,0.024700479581952095
656,656,datasets/audios/eastern_sliced/enka/enka_032_002.wav,2,enka,7,pop,0.7801527976989746,0.7539732456207275,0.004265133291482925,0.007757469080388546,0.16447052359580994,0.011578315868973732,0.0037390536163002253,0.004298521671444178,0.0006826146272942424,0.7801527976989746,0.0075888545252382755,0.015466667711734772
657,657,datasets/audios/eastern_sliced/enka/enka_033_000.wav,2,enka,7,pop,0.8734139204025269,0.5335196256637573,0.0016545163234695792,0.005379607435315847,0.07949616014957428,0.009439898654818535,0.00151870830450207,0.0018576132133603096,0.0004938927013427019,0.8734139204025269,0.0028826575726270676,0.023863039910793304
658,658,datasets/audios/eastern_sliced/enka/enka_033_001.wav,2,enka,7,pop,0.6482290625572205,1.0285747051239014,0.0036864879075437784,0.015369374305009842,0.2378728985786438,0.020387791097164154,0.0018820371478796005,0.0029193100053817034,0.0014681521570309997,0.6482290625572205,0.0059680817648768425,0.062216900289058685
659,659,datasets/audios/eastern_sliced/enka/enka_033_002.wav,2,enka,7,pop,0.7390872836112976,0.891498327255249,0.00343543803319335,0.01090986281633377,0.15906445682048798,0.01952211745083332,0.0021555288694798946,0.0031817317940294743,0.0012807499151676893,0.7390872836112976,0.005565860774368048,0.055797029286623
660,660,datasets/audios/eastern_sliced/enka/enka_034_000.wav,2,enka,2,country,0.4938453435897827,1.4832696914672852,0.031158482655882835,0.009978875517845154,0.4938453435897827,0.05104982107877731,0.026775948703289032,0.014079154469072819,0.013284874148666859,0.2767219841480255,0.02687457576394081,0.05623093992471695
661,661,datasets/audios/eastern_sliced/enka/enka_034_001.wav,2,enka,7,pop,0.5722905397415161,1.496121883392334,0.020753152668476105,0.016397031024098396,0.11891346424818039,0.07950145751237869,0.023864150047302246,0.01989857293665409,0.01370297372341156,0.5722905397415161,0.036317866295576096,0.09836085140705109
662,662,datasets/audios/eastern_sliced/enka/enka_034_002.wav,2,enka,7,pop,0.3466935455799103,1.7524278163909912,0.030584927648305893,0.020839905366301537,0.2992619574069977,0.08926833420991898,0.026658501476049423,0.0182296521961689,0.01876283809542656,0.3466935455799103,0.046298347413539886,0.10340197384357452
663,663,datasets/audios/eastern_sliced/enka/enka_035_000.wav,2,enka,2,country,0.5036588311195374,1.406946063041687,0.007852336391806602,0.005349836312234402,0.5036588311195374,0.08466965705156326,0.007001805584877729,0.001950117526575923,0.009102764539420605,0.25184550881385803,0.049571603536605835,0.07899757474660873
664,664,datasets/audios/eastern_sliced/enka/enka_035_001.wav,2,enka,2,country,0.4544591009616852,1.4458527565002441,0.00949237123131752,0.00850432738661766,0.4544591009616852,0.0906120091676712,0.008575575426220894,0.003238998120650649,0.008911141194403172,0.30088678002357483,0.038165245205163956,0.07715439796447754
665,665,datasets/audios/eastern_sliced/enka/enka_035_002.wav,2,enka,3,disco,0.3853500485420227,1.6239420175552368,0.008583803661167622,0.01043193694204092,0.24057810008525848,0.3853500485420227,0.00850500725209713,0.0030532865785062313,0.02254113182425499,0.18009093403816223,0.06250051409006119,0.0783652514219284
666,666,datasets/audios/eastern_sliced/enka/enka_036_000.wav,2,enka,1,classical,0.8059777021408081,0.8150036334991455,0.011700223200023174,0.8059777021408081,0.0872998759150505,0.00558881601318717,0.0010374743724241853,0.02753225713968277,0.0019591180607676506,0.021123986691236496,0.012175715528428555,0.02560487389564514
667,667,datasets/audios/eastern_sliced/enka/enka_036_001.wav,2,enka,1,classical,0.8586634397506714,0.6659913063049316,0.014805976301431656,0.8586634397506714,0.02768627181649208,0.0056687649339437485,0.0011769450502470136,0.04757789894938469,0.001927784294821322,0.010063935071229935,0.012893770821392536,0.01953524351119995
668,668,datasets/audios/eastern_sliced/enka/enka_036_002.wav,2,enka,7,pop,0.47560247778892517,1.7269911766052246,0.04379519820213318,0.015130557119846344,0.15941296517848969,0.05798103287816048,0.045336559414863586,0.03463832288980484,0.02024189569056034,0.47560247778892517,0.05386801436543465,0.09399294853210449
669,669,datasets/audios/eastern_sliced/enka/enka_037_000.wav,2,enka,7,pop,0.4568357467651367,1.7633503675460815,0.02423485554754734,0.11943408101797104,0.037386827170848846,0.06194993108510971,0.02202003262937069,0.08599531650543213,0.011611551977694035,0.4568357467651367,0.05445735901594162,0.12607437372207642
670,670,datasets/audios/eastern_sliced/enka/enka_037_001.wav,2,enka,1,classical,0.4298461377620697,1.7402384281158447,0.0312831848859787,0.4298461377620697,0.03018335998058319,0.03397787734866142,0.012822723016142845,0.12794071435928345,0.009511075913906097,0.16315017640590668,0.044555969536304474,0.11672871559858322
671,671,datasets/audios/eastern_sliced/enka/enka_037_002.wav,2,enka,2,country,0.3892488181591034,1.6400187015533447,0.06765522062778473,0.15754541754722595,0.3892488181591034,0.01232132688164711,0.00815088301897049,0.2655734717845917,0.0072909072041511536,0.03889479488134384,0.02029489539563656,0.033024147152900696
672,672,datasets/audios/eastern_sliced/enka/enka_038_000.wav,2,enka,1,classical,0.2883029878139496,1.7788115739822388,0.03837357088923454,0.2883029878139496,0.2625511884689331,0.020156700164079666,0.010893180035054684,0.03743167966604233,0.011242181994020939,0.0768604725599289,0.032561324536800385,0.22162674367427826
673,673,datasets/audios/eastern_sliced/enka/enka_038_001.wav,2,enka,9,rock,0.3110630214214325,1.84006667137146,0.05449143052101135,0.19131802022457123,0.21828630566596985,0.022861095145344734,0.010560831986367702,0.040919072926044464,0.016482340171933174,0.1069650873541832,0.027052776888012886,0.3110630214214325
674,674,datasets/audios/eastern_sliced/enka/enka_038_002.wav,2,enka,9,rock,0.45365670323371887,1.621589183807373,0.027344312518835068,0.07503024488687515,0.18006131052970886,0.028138093650341034,0.007999993860721588,0.018935613334178925,0.016451295465230942,0.17307640612125397,0.019305964931845665,0.45365670323371887
675,675,datasets/audios/eastern_sliced/guqinguzheng/guqinguzheng_000_000.wav,3,guqinguzheng,1,classical,0.9423592686653137,0.33188098669052124,0.007228199392557144,0.9423592686653137,0.0061123487539589405,0.0023727593943476677,0.0005331323482096195,0.013351495377719402,0.0009678064961917698,0.008706068620085716,0.006163802929222584,0.01220504567027092
676,676,datasets/audios/eastern_sliced/guqinguzheng/guqinguzheng_000_001.wav,3,guqinguzheng,1,classical,0.8576951026916504,0.6888166069984436,0.013850081712007523,0.8576951026916504,0.02246236428618431,0.008786323480308056,0.0022862914483994246,0.0248673427850008,0.0026864157989621162,0.018693378195166588,0.012602930888533592,0.03606971725821495
677,677,datasets/audios/eastern_sliced/guqinguzheng/guqinguzheng_000_002.wav,3,guqinguzheng,1,classical,0.9373119473457336,0.35064518451690674,0.0035181206185370684,0.9373119473457336,0.012969798408448696,0.0025590076111257076,0.0005271680420264602,0.009715529158711433,0.000829116499517113,0.010938291437923908,0.004650602582842112,0.016980377957224846
678,678,datasets/audios/eastern_sliced/guqinguzheng/guqinguzheng_000_003.wav,3,guqinguzheng,1,classical,0.9231579303741455,0.419033408164978,0.0063437819480896,0.9231579303741455,0.011069055646657944,0.0032970167230814695,0.0009274623589590192,0.016643550246953964,0.0018264813115820289,0.010259984992444515,0.006851480342447758,0.019623199477791786
679,679,datasets/audios/eastern_sliced/guqinguzheng/guqinguzheng_000_004.wav,3,guqinguzheng,1,classical,0.8163182735443115,0.8337641954421997,0.013161038979887962,0.8163182735443115,0.02223113365471363,0.012802238576114178,0.0034284426365047693,0.0276789553463459,0.0035073368344455957,0.03684401512145996,0.014712615869939327,0.04931602254509926
680,680,datasets/audios/eastern_sliced/guqinguzheng/guqinguzheng_001_000.wav,3,guqinguzheng,2,country,0.3459380269050598,1.6623538732528687,0.017034446820616722,0.2600950002670288,0.3459380269050598,0.0171784907579422,0.013364282436668873,0.020036183297634125,0.005243417341262102,0.1930217444896698,0.02373463660478592,0.10435385257005692
681,681,datasets/audios/eastern_sliced/guqinguzheng/guqinguzheng_001_001.wav,3,guqinguzheng,2,country,0.5716019868850708,1.3403677940368652,0.011304808780550957,0.1905936449766159,0.5716019868850708,0.011861666105687618,0.004284192342311144,0.012940047308802605,0.003435780992731452,0.10229603201150894,0.021604442968964577,0.07007739692926407
682,682,datasets/audios/eastern_sliced/guqinguzheng/guqinguzheng_001_002.wav,3,guqinguzheng,1,classical,0.6051797270774841,1.23062002658844,0.013817625120282173,0.6051797270774841,0.2105281949043274,0.011651060543954372,0.0025385625194758177,0.014319071546196938,0.003136757528409362,0.0370599627494812,0.013002832420170307,0.0887661948800087
683,683,datasets/audios/eastern_sliced/guqinguzheng/guqinguzheng_001_003.wav,3,guqinguzheng,2,country,0.5016090869903564,1.575087547302246,0.02786250039935112,0.1445751041173935,0.5016090869903564,0.020185379311442375,0.009975806809961796,0.026445508003234863,0.013114131055772305,0.07961051911115646,0.02094997838139534,0.15567198395729065
684,684,datasets/audios/eastern_sliced/guqinguzheng/guqinguzheng_001_004.wav,3,guqinguzheng,1,classical,0.7166579961776733,1.1384272575378418,0.019869284704327583,0.7166579961776733,0.04366445913910866,0.016549404710531235,0.004571367986500263,0.0510229729115963,0.003645090153440833,0.06374599039554596,0.01769345998764038,0.06257989257574081
685,685,datasets/audios/eastern_sliced/guqinguzheng/guqinguzheng_002_000.wav,3,guqinguzheng,1,classical,0.9346132278442383,0.3661063313484192,0.008342888206243515,0.9346132278442383,0.012242288328707218,0.0028174156323075294,0.0005727034294977784,0.014240878634154797,0.0011392452288419008,0.004876947496086359,0.005830290727317333,0.015324095264077187
686,686,datasets/audios/eastern_sliced/guqinguzheng/guqinguzheng_002_001.wav,3,guqinguzheng,1,classical,0.9272302985191345,0.3956206440925598,0.011126859113574028,0.9272302985191345,0.00971193052828312,0.003242859384045005,0.0005208078073337674,0.02259974181652069,0.0011454728664830327,0.0037085372023284435,0.007417286746203899,0.013296173885464668
687,687,datasets/audios/eastern_sliced/guqinguzheng/guqinguzheng_002_002.wav,3,guqinguzheng,1,classical,0.8425792455673218,0.7257046699523926,0.006944645661860704,0.8425792455673218,0.03389928862452507,0.009813312441110611,0.0018695816397666931,0.015293097123503685,0.0022600891534239054,0.03180314600467682,0.01062802318483591,0.04490961134433746
688,688,datasets/audios/eastern_sliced/guqinguzheng/guqinguzheng_002_003.wav,3,guqinguzheng,1,classical,0.646845281124115,1.2486293315887451,0.008295572362840176,0.646845281124115,0.05452774465084076,0.029701679944992065,0.00437834532931447,0.018706925213336945,0.002849830547347665,0.12755244970321655,0.017152683809399605,0.08998937159776688
689,689,datasets/audios/eastern_sliced/guqinguzheng/guqinguzheng_002_004.wav,3,guqinguzheng,1,classical,0.6782912015914917,1.1766912937164307,0.007919454015791416,0.6782912015914917,0.05055166780948639,0.0280296690762043,0.0034231783356517553,0.01662367954850197,0.0026201228611171246,0.10899219661951065,0.015948111191391945,0.0876006931066513
690,690,datasets/audios/eastern_sliced/guqinguzheng/guqinguzheng_003_000.wav,3,guqinguzheng,1,classical,0.8373665809631348,0.7526234984397888,0.03346383199095726,0.8373665809631348,0.0195918045938015,0.007422410883009434,0.002629024675115943,0.04639267921447754,0.0043762121349573135,0.0071004354394972324,0.0155032305046916,0.02615373395383358
691,691,datasets/audios/eastern_sliced/guqinguzheng/guqinguzheng_003_001.wav,3,guqinguzheng,1,classical,0.7710214257240295,0.9783618450164795,0.04652823880314827,0.7710214257240295,0.019001107662916183,0.012628395110368729,0.004630151204764843,0.06514246761798859,0.006135802716016769,0.012948148883879185,0.025406861677765846,0.03655741363763809
692,692,datasets/audios/eastern_sliced/guqinguzheng/guqinguzheng_003_002.wav,3,guqinguzheng,1,classical,0.7612727284431458,1.0358617305755615,0.030976809561252594,0.7612727284431458,0.03014858439564705,0.02074492536485195,0.005131632089614868,0.0502566359937191,0.007212865632027388,0.02530096098780632,0.02352813631296158,0.04542671516537666
693,693,datasets/audios/eastern_sliced/guqinguzheng/guqinguzheng_003_003.wav,3,guqinguzheng,1,classical,0.830625057220459,0.7781636714935303,0.00987358670681715,0.830625057220459,0.010496439412236214,0.014977429993450642,0.0029746999498456717,0.04140126332640648,0.0031497247982770205,0.03805813565850258,0.01422552578151226,0.03421812877058983
694,694,datasets/audios/eastern_sliced/guqinguzheng/guqinguzheng_003_004.wav,3,guqinguzheng,1,classical,0.8163670301437378,0.8098474740982056,0.01213774736970663,0.8163670301437378,0.009521432220935822,0.013998042792081833,0.0029086219146847725,0.06430043280124664,0.0026415123138576746,0.027958258986473083,0.01178723480552435,0.038379766047000885
695,695,datasets/audios/eastern_sliced/guqinguzheng/guqinguzheng_004_000.wav,3,guqinguzheng,1,classical,0.9079165458679199,0.4800107777118683,0.005896043498069048,0.9079165458679199,0.01897980272769928,0.004844613838940859,0.001008888939395547,0.02449474111199379,0.0015834441874176264,0.00931257102638483,0.006490768399089575,0.01947254128754139
696,696,datasets/audios/eastern_sliced/guqinguzheng/guqinguzheng_004_001.wav,3,guqinguzheng,1,classical,0.9128323793411255,0.45543554425239563,0.004520373418927193,0.9128323793411255,0.023099856451153755,0.0038899551145732403,0.0007121083908714354,0.02052333392202854,0.001168359536677599,0.009764253161847591,0.005712568294256926,0.0177769735455513
697,697,datasets/audios/eastern_sliced/guqinguzheng/guqinguzheng_005_000.wav,3,guqinguzheng,1,classical,0.8690503835678101,0.6425814628601074,0.01762772724032402,0.8690503835678101,0.017195655032992363,0.007452006451785564,0.0018462176667526364,0.03515661880373955,0.0028613670729100704,0.011370096355676651,0.011472432874143124,0.0259674284607172
698,698,datasets/audios/eastern_sliced/guqinguzheng/guqinguzheng_005_001.wav,3,guqinguzheng,1,classical,0.7601854801177979,1.0317409038543701,0.026022829115390778,0.7601854801177979,0.0374738946557045,0.016980838030576706,0.005120443645864725,0.0489501878619194,0.005601817276328802,0.03092600405216217,0.019286494702100754,0.04945196583867073
699,699,datasets/audios/eastern_sliced/guqinguzheng/guqinguzheng_005_002.wav,3,guqinguzheng,1,classical,0.8602777719497681,0.6790562868118286,0.016517579555511475,0.8602777719497681,0.026165256276726723,0.00809598620980978,0.0022935192100703716,0.027518099173903465,0.0026351057458668947,0.01418465655297041,0.011591076850891113,0.03072092868387699
700,700,datasets/audios/eastern_sliced/guqinguzheng/guqinguzheng_005_003.wav,3,guqinguzheng,1,classical,0.8849954605102539,0.5764267444610596,0.01583678275346756,0.8849954605102539,0.017274076119065285,0.005700564943253994,0.001415229751728475,0.030124448239803314,0.0021907344926148653,0.009225773625075817,0.0081483731046319,0.025088539347052574
701,701,datasets/audios/eastern_sliced/guqinguzheng/guqinguzheng_005_004.wav,3,guqinguzheng,1,classical,0.8274447917938232,0.7875262498855591,0.02304116077721119,0.8274447917938232,0.0225707795470953,0.008916367776691914,0.0024988858494907618,0.05393073335289955,0.0042815119959414005,0.011885668151080608,0.013149868696928024,0.032280199229717255
702,702,datasets/audios/eastern_sliced/guqinguzheng/guqinguzheng_006_000.wav,3,guqinguzheng,7,pop,0.9295414686203003,0.35676780343055725,0.0008653902332298458,0.0034498285967856646,0.026947226375341415,0.008681672625243664,0.002048709662631154,0.0007485372480005026,0.0002842874964699149,0.9295414686203003,0.0014099535765126348,0.0260228980332613
703,703,datasets/audios/eastern_sliced/guqinguzheng/guqinguzheng_006_001.wav,3,guqinguzheng,7,pop,0.9425347447395325,0.3028720021247864,0.000763852905947715,0.0027765834238380194,0.025551073253154755,0.006540902424603701,0.001805534353479743,0.0007161732646636665,0.00021245572133921087,0.9425347447395325,0.001275511342100799,0.01782318204641342
704,704,datasets/audios/eastern_sliced/guqinguzheng/guqinguzheng_006_002.wav,3,guqinguzheng,7,pop,0.8912196755409241,0.5101584196090698,0.0013193516060709953,0.005869732704013586,0.03798339143395424,0.012833715416491032,0.0041125183925032616,0.0012383717112243176,0.0008538582478649914,0.8912196755409241,0.003774660173803568,0.04079475998878479
705,705,datasets/audios/eastern_sliced/guqinguzheng/guqinguzheng_006_003.wav,3,guqinguzheng,7,pop,0.8916840553283691,0.5065836906433105,0.0012347904266789556,0.007090396713465452,0.027646906673908234,0.012140984646975994,0.0036423804704099894,0.0013859363971278071,0.0009869622299447656,0.8916840553283691,0.0038384750951081514,0.050349023193120956
706,706,datasets/audios/eastern_sliced/guqinguzheng/guqinguzheng_007_000.wav,3,guqinguzheng,1,classical,0.4226895868778229,1.5927762985229492,0.016538580879569054,0.4226895868778229,0.21331259608268738,0.02407498098909855,0.005932547617703676,0.017761874943971634,0.004175213165581226,0.16385100781917572,0.018509048968553543,0.11315460503101349
707,707,datasets/audios/eastern_sliced/guqinguzheng/guqinguzheng_007_001.wav,3,guqinguzheng,2,country,0.31077128648757935,1.7171083688735962,0.02028806507587433,0.21025806665420532,0.31077128648757935,0.03506850823760033,0.007081585004925728,0.013650945387780666,0.005961308255791664,0.19608134031295776,0.019229184836149216,0.18160979449748993
708,708,datasets/audios/eastern_sliced/guqinguzheng/guqinguzheng_007_002.wav,3,guqinguzheng,1,classical,0.42352214455604553,1.5759116411209106,0.01422629039734602,0.42352214455604553,0.1911739856004715,0.02249540202319622,0.004574194084852934,0.016809947788715363,0.0035605209413915873,0.17528651654720306,0.014806930907070637,0.13354414701461792
709,709,datasets/audios/eastern_sliced/guqinguzheng/guqinguzheng_008_000.wav,3,guqinguzheng,9,rock,0.28415438532829285,1.9646068811416626,0.04226115345954895,0.22090524435043335,0.1286013275384903,0.04452458396553993,0.020848726853728294,0.04218459874391556,0.02753540873527527,0.13872195780277252,0.05026257410645485,0.28415438532829285
710,710,datasets/audios/eastern_sliced/guqinguzheng/guqinguzheng_008_001.wav,3,guqinguzheng,1,classical,0.3603445291519165,1.8997029066085815,0.09887022525072098,0.3603445291519165,0.08652212470769882,0.028284158557653427,0.01988893374800682,0.11528513580560684,0.025138139724731445,0.04883529618382454,0.032754428684711456,0.18407702445983887
711,711,datasets/audios/eastern_sliced/guqinguzheng/guqinguzheng_008_002.wav,3,guqinguzheng,7,pop,0.316988468170166,1.9780223369598389,0.04472389072179794,0.09943176805973053,0.15338480472564697,0.08090073615312576,0.02809196338057518,0.04364972561597824,0.02130347304046154,0.316988468170166,0.04294902831315994,0.168576180934906
712,712,datasets/audios/eastern_sliced/guqinguzheng/guqinguzheng_008_003.wav,3,guqinguzheng,2,country,0.4257975220680237,1.5418771505355835,0.021594634279608727,0.03287867084145546,0.4257975220680237,0.04040306806564331,0.01538853906095028,0.013006218709051609,0.010224866680800915,0.31924644112586975,0.027889609336853027,0.09357044845819473
713,713,datasets/audios/eastern_sliced/guqinguzheng/guqinguzheng_009_000.wav,3,guqinguzheng,1,classical,0.7285836935043335,1.0575169324874878,0.01649675890803337,0.7285836935043335,0.06217772886157036,0.01866881549358368,0.00275724520906806,0.015417424961924553,0.0038026422262191772,0.04064098000526428,0.010850694961845875,0.10060402005910873
714,714,datasets/audios/eastern_sliced/guqinguzheng/guqinguzheng_009_001.wav,3,guqinguzheng,1,classical,0.4798288643360138,1.555194616317749,0.01514204777777195,0.4798288643360138,0.1528083235025406,0.030451908707618713,0.005175096448510885,0.014930087141692638,0.010297278873622417,0.08814477175474167,0.02261677011847496,0.18060487508773804
715,715,datasets/audios/eastern_sliced/guqinguzheng/guqinguzheng_009_002.wav,3,guqinguzheng,1,classical,0.40701189637184143,1.6383389234542847,0.010959649458527565,0.40701189637184143,0.04566975682973862,0.05315302684903145,0.00883461069315672,0.02950802817940712,0.01164735946804285,0.20909623801708221,0.019421029835939407,0.204698383808136
716,716,datasets/audios/eastern_sliced/guqinguzheng/guqinguzheng_009_003.wav,3,guqinguzheng,1,classical,0.43636512756347656,1.6915067434310913,0.021896371617913246,0.43636512756347656,0.09185001254081726,0.05413457378745079,0.007104600314050913,0.030703263357281685,0.007551813032478094,0.16807325184345245,0.028926236554980278,0.15339477360248566
717,717,datasets/audios/eastern_sliced/guqinguzheng/guqinguzheng_009_004.wav,3,guqinguzheng,1,classical,0.28814053535461426,1.7062900066375732,0.010618906468153,0.28814053535461426,0.0815245509147644,0.07659825682640076,0.008260443806648254,0.013847592286765575,0.008328932337462902,0.2862842381000519,0.018968923017382622,0.20742756128311157
718,718,datasets/audios/eastern_sliced/guqinguzheng/guqinguzheng_010_000.wav,3,guqinguzheng,7,pop,0.651767909526825,1.305893063545227,0.010416412726044655,0.06533830612897873,0.0613587312400341,0.03325707092881203,0.017845820635557175,0.019494831562042236,0.006512199062854052,0.651767909526825,0.025992030277848244,0.10801666229963303
719,719,datasets/audios/eastern_sliced/guqinguzheng/guqinguzheng_010_001.wav,3,guqinguzheng,7,pop,0.5572386980056763,1.5425528287887573,0.02058282308280468,0.04396809637546539,0.12620078027248383,0.04636680707335472,0.029563602060079575,0.023888951167464256,0.010525382123887539,0.5572386980056763,0.033669307827949524,0.10799549520015717
720,720,datasets/audios/eastern_sliced/guqinguzheng/guqinguzheng_010_002.wav,3,guqinguzheng,7,pop,0.5529288649559021,1.5970451831817627,0.027355926111340523,0.039554037153720856,0.11678172647953033,0.050423186272382736,0.04219888895750046,0.034122005105018616,0.0114141795784235,0.5529288649559021,0.04493893310427666,0.0802822858095169
721,721,datasets/audios/eastern_sliced/guqinguzheng/guqinguzheng_010_003.wav,3,guqinguzheng,7,pop,0.6789408326148987,1.2465077638626099,0.0064544472843408585,0.03995839133858681,0.04170197993516922,0.040038976818323135,0.02031279355287552,0.013938860036432743,0.010322310961782932,0.6789408326148987,0.046290501952171326,0.1020408496260643
722,722,datasets/audios/eastern_sliced/guqinguzheng/guqinguzheng_010_004.wav,3,guqinguzheng,7,pop,0.7262934446334839,1.0600507259368896,0.005795587785542011,0.024600306525826454,0.09547664225101471,0.03552347794175148,0.0058323536068201065,0.007946310564875603,0.0041152737103402615,0.7262934446334839,0.02105516940355301,0.07336143404245377
723,723,datasets/audios/eastern_sliced/guqinguzheng/guqinguzheng_011_000.wav,3,guqinguzheng,1,classical,0.9335325956344604,0.3573574423789978,0.003673667088150978,0.9335325956344604,0.014383837580680847,0.0011246663052588701,0.00038718874566257,0.01089426502585411,0.001865655300207436,0.003721443470567465,0.004556956235319376,0.025859570130705833
724,724,datasets/audios/eastern_sliced/guqinguzheng/guqinguzheng_011_001.wav,3,guqinguzheng,1,classical,0.909038782119751,0.47130265831947327,0.006301950663328171,0.909038782119751,0.021276215091347694,0.0026724159251898527,0.0006601953646168113,0.01820298470556736,0.0020094672217965126,0.006421708967536688,0.008272843435406685,0.02514335699379444
725,725,datasets/audios/eastern_sliced/guqinguzheng/guqinguzheng_011_002.wav,3,guqinguzheng,1,classical,0.899911642074585,0.5110021829605103,0.00830036960542202,0.899911642074585,0.026443446055054665,0.003339333925396204,0.0007334144320338964,0.01970948651432991,0.002123849233612418,0.006191594060510397,0.01061074249446392,0.0226361732929945
726,726,datasets/audios/eastern_sliced/guqinguzheng/guqinguzheng_011_003.wav,3,guqinguzheng,1,classical,0.78635174036026,0.8955472111701965,0.00919212494045496,0.78635174036026,0.053417615592479706,0.010561486706137657,0.0024969810619950294,0.01755654066801071,0.0030690906569361687,0.039413634687662125,0.00948288757354021,0.06845787167549133
727,727,datasets/audios/eastern_sliced/guqinguzheng/guqinguzheng_011_004.wav,3,guqinguzheng,1,classical,0.7995449900627136,0.8668063879013062,0.008903488516807556,0.7995449900627136,0.03522146865725517,0.010953478515148163,0.002701367484405637,0.021677399054169655,0.002937162294983864,0.049042776226997375,0.010875874198973179,0.05814201012253761
728,728,datasets/audios/eastern_sliced/guqinguzheng/guqinguzheng_012_000.wav,3,guqinguzheng,1,classical,0.4847334623336792,1.6700098514556885,0.04644930362701416,0.4847334623336792,0.13541094958782196,0.03497633710503578,0.009021971374750137,0.04319613799452782,0.009380783885717392,0.06806161254644394,0.032867781817913055,0.13590168952941895
729,729,datasets/audios/eastern_sliced/guqinguzheng/guqinguzheng_012_001.wav,3,guqinguzheng,1,classical,0.3495488464832306,1.7532126903533936,0.02826337330043316,0.3495488464832306,0.21240220963954926,0.039637450128793716,0.007480875123292208,0.022565143182873726,0.007767673581838608,0.1227022334933281,0.028382394462823868,0.18124981224536896
730,730,datasets/audios/eastern_sliced/guqinguzheng/guqinguzheng_012_002.wav,3,guqinguzheng,1,classical,0.49692225456237793,1.7079107761383057,0.07223893702030182,0.49692225456237793,0.08740640431642532,0.029133092612028122,0.010698857717216015,0.09661286324262619,0.014538436196744442,0.043290600180625916,0.05648517608642578,0.0926734134554863
731,731,datasets/audios/eastern_sliced/guqinguzheng/guqinguzheng_013_000.wav,3,guqinguzheng,2,country,0.4107151925563812,1.4776583909988403,0.01717696711421013,0.3410418927669525,0.4107151925563812,0.01621060259640217,0.004156596027314663,0.01654508337378502,0.003956116270273924,0.070333331823349,0.02069964073598385,0.09916462004184723
732,732,datasets/audios/eastern_sliced/guqinguzheng/guqinguzheng_013_001.wav,3,guqinguzheng,1,classical,0.37334951758384705,1.5252922773361206,0.018973220139741898,0.37334951758384705,0.352096289396286,0.019215242937207222,0.004356559365987778,0.017437700182199478,0.005019981414079666,0.060654640197753906,0.023142386227846146,0.1257544755935669
733,733,datasets/audios/eastern_sliced/guqinguzheng/guqinguzheng_013_002.wav,3,guqinguzheng,2,country,0.29482501745224,1.7345750331878662,0.01603231579065323,0.2420191466808319,0.29482501745224,0.04282821714878082,0.009332789108157158,0.01593371294438839,0.006315909326076508,0.1983451098203659,0.020404839888215065,0.15396282076835632
734,734,datasets/audios/eastern_sliced/guqinguzheng/guqinguzheng_013_003.wav,3,guqinguzheng,2,country,0.27103471755981445,1.7383248805999756,0.014866256155073643,0.2350063920021057,0.27103471755981445,0.043500110507011414,0.010918214917182922,0.01508301217108965,0.005956077016890049,0.23360739648342133,0.019803224131464958,0.15022464096546173
735,735,datasets/audios/eastern_sliced/guqinguzheng/guqinguzheng_013_004.wav,3,guqinguzheng,1,classical,0.29291802644729614,1.8002017736434937,0.024111546576023102,0.29291802644729614,0.2631530165672302,0.040832843631505966,0.013694243505597115,0.02551879920065403,0.008691571652889252,0.15292057394981384,0.02995946817100048,0.14819994568824768
736,736,datasets/audios/eastern_sliced/guqinguzheng/guqinguzheng_014_000.wav,3,guqinguzheng,1,classical,0.5588873624801636,1.3820204734802246,0.04940614849328995,0.5588873624801636,0.22066928446292877,0.012827165424823761,0.003898690454661846,0.03874781355261803,0.004968515131622553,0.02365778014063835,0.017795473337173462,0.0691417008638382
737,737,datasets/audios/eastern_sliced/guqinguzheng/guqinguzheng_014_001.wav,3,guqinguzheng,2,country,0.4415875971317291,1.4568228721618652,0.05935109406709671,0.33772003650665283,0.4415875971317291,0.012486865743994713,0.004806956276297569,0.03373757377266884,0.0061017475090920925,0.033148739486932755,0.013796118088066578,0.05726329982280731
738,738,datasets/audios/eastern_sliced/guqinguzheng/guqinguzheng_014_002.wav,3,guqinguzheng,1,classical,0.4233218729496002,1.3640047311782837,0.04206034541130066,0.4233218729496002,0.39423662424087524,0.010045040398836136,0.0027746758423745632,0.027061758562922478,0.004134603776037693,0.02715710736811161,0.013526489026844501,0.055681489408016205
739,739,datasets/audios/eastern_sliced/guqinguzheng/guqinguzheng_014_003.wav,3,guqinguzheng,1,classical,0.6230384111404419,1.2196316719055176,0.04022552818059921,0.6230384111404419,0.2016124576330185,0.008452958427369595,0.002552977530285716,0.030516939237713814,0.003127260599285364,0.018124086782336235,0.010471724905073643,0.061877720057964325
740,740,datasets/audios/eastern_sliced/guqinguzheng/guqinguzheng_015_000.wav,3,guqinguzheng,1,classical,0.8737832903862,0.6131725311279297,0.011653437279164791,0.8737832903862,0.02021806500852108,0.006412386428564787,0.0014030017191544175,0.017594564706087112,0.0020188605412840843,0.017215127125382423,0.006996645126491785,0.042704544961452484
741,741,datasets/audios/eastern_sliced/guqinguzheng/guqinguzheng_015_001.wav,3,guqinguzheng,1,classical,0.7567652463912964,1.01541268825531,0.020645054057240486,0.7567652463912964,0.05477997288107872,0.013059847056865692,0.0037937986198812723,0.024416347965598106,0.004442370031028986,0.03729419782757759,0.015865089371800423,0.0689380094408989
742,742,datasets/audios/eastern_sliced/guqinguzheng/guqinguzheng_015_002.wav,3,guqinguzheng,1,classical,0.7997260689735413,0.8859838247299194,0.014339214190840721,0.7997260689735413,0.036958254873752594,0.012552974745631218,0.0033995420671999454,0.021901879459619522,0.003979509696364403,0.03731851279735565,0.014727404341101646,0.0550965778529644
743,743,datasets/audios/eastern_sliced/guqinguzheng/guqinguzheng_015_003.wav,3,guqinguzheng,1,classical,0.7007685303688049,1.1537091732025146,0.020805230364203453,0.7007685303688049,0.07260172069072723,0.015490922145545483,0.003996643237769604,0.01891409233212471,0.0055031441152095795,0.04169056564569473,0.021250763908028603,0.09897830337285995
744,744,datasets/audios/eastern_sliced/guqinguzheng/guqinguzheng_016_000.wav,3,guqinguzheng,1,classical,0.68056720495224,1.2134671211242676,0.03762953728437424,0.68056720495224,0.10948365926742554,0.01220844965428114,0.003977547865360975,0.05108688026666641,0.0069073461927473545,0.0249205082654953,0.01767069287598133,0.05554824694991112
745,745,datasets/audios/eastern_sliced/guqinguzheng/guqinguzheng_016_001.wav,3,guqinguzheng,1,classical,0.7904981374740601,0.87220698595047,0.011267497204244137,0.7904981374740601,0.08293747901916504,0.008800957351922989,0.002063869731500745,0.021974505856633186,0.003065655240789056,0.021040411666035652,0.009697964414954185,0.04865345358848572
746,746,datasets/audios/eastern_sliced/guqinguzheng/guqinguzheng_016_002.wav,3,guqinguzheng,1,classical,0.7596263885498047,1.0069395303726196,0.019675342366099358,0.7596263885498047,0.07254675030708313,0.011728029698133469,0.003060383489355445,0.041662562638521194,0.004831966012716293,0.027229206636548042,0.017591146752238274,0.042048193514347076
747,747,datasets/audios/eastern_sliced/guqinguzheng/guqinguzheng_016_003.wav,3,guqinguzheng,1,classical,0.7210336327552795,1.1031291484832764,0.01639532297849655,0.7210336327552795,0.09668248891830444,0.013178732246160507,0.003380456008017063,0.04071883484721184,0.00599100673571229,0.03290659934282303,0.016992587596178055,0.05272024869918823
748,748,datasets/audios/eastern_sliced/guqinguzheng/guqinguzheng_016_004.wav,3,guqinguzheng,1,classical,0.7467092871665955,1.0537205934524536,0.01894012652337551,0.7467092871665955,0.0656265839934349,0.014815373346209526,0.003281288780272007,0.05265159532427788,0.005504200700670481,0.03309609740972519,0.018036773428320885,0.04133880138397217
749,749,datasets/audios/eastern_sliced/guqinguzheng/guqinguzheng_017_000.wav,3,guqinguzheng,1,classical,0.4894851744174957,1.7370047569274902,0.056918032467365265,0.4894851744174957,0.11273851245641708,0.036826036870479584,0.016164615750312805,0.06595169752836227,0.019053883850574493,0.06617962568998337,0.04084547236561775,0.09583695232868195
750,750,datasets/audios/eastern_sliced/guqinguzheng/guqinguzheng_017_001.wav,3,guqinguzheng,1,classical,0.5063043832778931,1.6444711685180664,0.07144218683242798,0.5063043832778931,0.13999998569488525,0.025583848357200623,0.009872730821371078,0.05291985347867012,0.011744215153157711,0.04986381530761719,0.03089991584420204,0.10136909037828445
751,751,datasets/audios/eastern_sliced/guqinguzheng/guqinguzheng_017_002.wav,3,guqinguzheng,1,classical,0.39597663283348083,1.8232743740081787,0.0822831392288208,0.39597663283348083,0.1837257444858551,0.030818277969956398,0.01313846092671156,0.05730713903903961,0.015475219115614891,0.06141088902950287,0.03395794704556465,0.12590652704238892
752,752,datasets/audios/eastern_sliced/guqinguzheng/guqinguzheng_017_003.wav,3,guqinguzheng,1,classical,0.4628264307975769,1.7067289352416992,0.047261063009500504,0.4628264307975769,0.18066290020942688,0.03802885115146637,0.009541051462292671,0.06425587087869644,0.010704428888857365,0.07101747393608093,0.029566237702965736,0.08613565564155579
753,753,datasets/audios/eastern_sliced/guqinguzheng/guqinguzheng_018_000.wav,3,guqinguzheng,1,classical,0.7216542959213257,1.0858821868896484,0.011100402101874352,0.7216542959213257,0.06693711876869202,0.010857852175831795,0.0026720785535871983,0.043670620769262314,0.002880126005038619,0.07569846510887146,0.010560874827206135,0.053968168795108795
754,754,datasets/audios/eastern_sliced/guqinguzheng/guqinguzheng_018_001.wav,3,guqinguzheng,2,country,0.33823078870773315,1.6760773658752441,0.027325673028826714,0.2993450164794922,0.33823078870773315,0.03000224381685257,0.005366634577512741,0.028956249356269836,0.00664227269589901,0.12509039044380188,0.014511282555758953,0.12452936172485352
755,755,datasets/audios/eastern_sliced/guqinguzheng/guqinguzheng_018_002.wav,3,guqinguzheng,2,country,0.5422394275665283,1.3683059215545654,0.018049703910946846,0.10232458263635635,0.5422394275665283,0.01120134349912405,0.0029640125576406717,0.009714541025459766,0.006016025319695473,0.09285323321819305,0.008692605420947075,0.2059444785118103
756,756,datasets/audios/eastern_sliced/guqinguzheng/guqinguzheng_018_003.wav,3,guqinguzheng,1,classical,0.4122903645038605,1.5482091903686523,0.009478384628891945,0.4122903645038605,0.1815568208694458,0.018986396491527557,0.0034350305795669556,0.023813851177692413,0.003110234858468175,0.22864815592765808,0.01113147847354412,0.107549287378788
757,757,datasets/audios/eastern_sliced/guqinguzheng/guqinguzheng_018_004.wav,3,guqinguzheng,1,classical,0.4605671167373657,1.5173978805541992,0.009408731013536453,0.4605671167373657,0.16606658697128296,0.017771681770682335,0.0034328922629356384,0.025258472189307213,0.0037323622964322567,0.1909831166267395,0.012174624018371105,0.1106044352054596
758,758,datasets/audios/eastern_sliced/guqinguzheng/guqinguzheng_019_000.wav,3,guqinguzheng,1,classical,0.31636613607406616,1.6842080354690552,0.1798565536737442,0.31636613607406616,0.13268496096134186,0.007577154785394669,0.003961068578064442,0.26805076003074646,0.010696619749069214,0.010979431681334972,0.03037264570593834,0.039454635232686996
759,759,datasets/audios/eastern_sliced/guqinguzheng/guqinguzheng_019_001.wav,3,guqinguzheng,1,classical,0.4571695029735565,1.5777637958526611,0.10264997184276581,0.4571695029735565,0.13932670652866364,0.006602328736335039,0.004440476186573505,0.19089818000793457,0.007794434204697609,0.009612319990992546,0.05487070977687836,0.02663532644510269
760,760,datasets/audios/eastern_sliced/guqinguzheng/guqinguzheng_019_002.wav,3,guqinguzheng,2,country,0.29263028502464294,1.9063422679901123,0.07560857385396957,0.2485531121492386,0.29263028502464294,0.02659939043223858,0.010538067668676376,0.10323657840490341,0.01693205162882805,0.10043393075466156,0.027762338519096375,0.09770563244819641
761,761,datasets/audios/eastern_sliced/guqinguzheng/guqinguzheng_019_003.wav,3,guqinguzheng,2,country,0.34329572319984436,1.8083419799804688,0.05045993998646736,0.22368551790714264,0.34329572319984436,0.022794585675001144,0.006241373717784882,0.06465061753988266,0.012596004642546177,0.13437771797180176,0.020612500607967377,0.12128598988056183
762,762,datasets/audios/eastern_sliced/guqinguzheng/guqinguzheng_019_004.wav,3,guqinguzheng,1,classical,0.6337689757347107,1.2782940864562988,0.04723219946026802,0.6337689757347107,0.1580212116241455,0.008886401541531086,0.002504014875739813,0.048667311668395996,0.006064334884285927,0.016393916681408882,0.02844703570008278,0.05001463368535042
763,763,datasets/audios/eastern_sliced/guqinguzheng/guqinguzheng_020_000.wav,3,guqinguzheng,1,classical,0.33336687088012695,1.6498674154281616,0.0561816580593586,0.33336687088012695,0.2466108500957489,0.012805910781025887,0.004743586760014296,0.02601666934788227,0.014912344515323639,0.026234015822410583,0.025850629433989525,0.2532774806022644
764,764,datasets/audios/eastern_sliced/guqinguzheng/guqinguzheng_020_001.wav,3,guqinguzheng,1,classical,0.25904184579849243,1.975029706954956,0.06282687932252884,0.25904184579849243,0.18896085023880005,0.057512346655130386,0.016237298026680946,0.035852156579494476,0.01595245487987995,0.08840405195951462,0.06495240330696106,0.21025969088077545
765,765,datasets/audios/eastern_sliced/guqinguzheng/guqinguzheng_020_002.wav,3,guqinguzheng,9,rock,0.2134798765182495,2.022582530975342,0.06104046106338501,0.2069147676229477,0.196326345205307,0.06440017372369766,0.019139250740408897,0.03687212988734245,0.018426723778247833,0.12045121937990189,0.06294906139373779,0.2134798765182495
766,766,datasets/audios/eastern_sliced/guqinguzheng/guqinguzheng_020_003.wav,3,guqinguzheng,2,country,0.2762593924999237,2.0281124114990234,0.05866479501128197,0.16010209918022156,0.2762593924999237,0.06279607117176056,0.022680899128317833,0.03699026629328728,0.021895073354244232,0.1319982260465622,0.07285325974225998,0.15575987100601196
767,767,datasets/audios/eastern_sliced/guqinguzheng/guqinguzheng_020_004.wav,3,guqinguzheng,2,country,0.2652764618396759,2.045325756072998,0.05459818243980408,0.16039788722991943,0.2652764618396759,0.07117032259702682,0.0246176328510046,0.03984145075082779,0.024204183369874954,0.1501256376504898,0.0664418488740921,0.14332637190818787
768,768,datasets/audios/eastern_sliced/guqinguzheng/guqinguzheng_021_000.wav,3,guqinguzheng,1,classical,0.7889237403869629,0.8930177092552185,0.008863047696650028,0.7889237403869629,0.033169377595186234,0.010034732520580292,0.002527653705328703,0.03479919582605362,0.0033508797641843557,0.03780176490545273,0.008515344001352787,0.07201427221298218
769,769,datasets/audios/eastern_sliced/guqinguzheng/guqinguzheng_021_001.wav,3,guqinguzheng,2,country,0.4983481168746948,1.2570183277130127,0.008582688868045807,0.01427130214869976,0.4983481168746948,0.018084106966853142,0.003454594174399972,0.003959369380027056,0.004976931493729353,0.33325761556625366,0.01991846412420273,0.0951467901468277
770,770,datasets/audios/eastern_sliced/guqinguzheng/guqinguzheng_021_002.wav,3,guqinguzheng,2,country,0.7625005841255188,0.8735897541046143,0.008007178083062172,0.009731722995638847,0.7625005841255188,0.012658881023526192,0.002768209669739008,0.0025596236810088158,0.003487958572804928,0.13931973278522491,0.016502419486641884,0.042463675141334534
771,771,datasets/audios/eastern_sliced/guqinguzheng/guqinguzheng_021_003.wav,3,guqinguzheng,2,country,0.5484083890914917,1.156196117401123,0.008465428836643696,0.010217541828751564,0.5484083890914917,0.018979739397764206,0.003555816598236561,0.0037701225373893976,0.0036703019868582487,0.3260158896446228,0.01643892377614975,0.06047781556844711
772,772,datasets/audios/eastern_sliced/guqinguzheng/guqinguzheng_022_000.wav,3,guqinguzheng,1,classical,0.7273561954498291,1.1142196655273438,0.05154179781675339,0.7273561954498291,0.030187375843524933,0.0179568063467741,0.005337115377187729,0.0782296285033226,0.00771091366186738,0.014498447068035603,0.02511955052614212,0.04206215590238571
773,773,datasets/audios/eastern_sliced/guqinguzheng/guqinguzheng_022_001.wav,3,guqinguzheng,1,classical,0.6551553606987,1.3488757610321045,0.04259617254137993,0.6551553606987,0.0567566379904747,0.034805525094270706,0.009003611281514168,0.07053045928478241,0.010667160153388977,0.029250362887978554,0.030387703329324722,0.0608469694852829
774,774,datasets/audios/eastern_sliced/guqinguzheng/guqinguzheng_022_002.wav,3,guqinguzheng,1,classical,0.7627307176589966,1.0162731409072876,0.02014114148914814,0.7627307176589966,0.023316409438848495,0.021596001461148262,0.005846631247550249,0.03715954348444939,0.004328032489866018,0.04366488382220268,0.018827863037586212,0.06238878518342972
775,775,datasets/audios/eastern_sliced/guqinguzheng/guqinguzheng_022_003.wav,3,guqinguzheng,1,classical,0.697015643119812,1.2268555164337158,0.0421280637383461,0.697015643119812,0.04615197703242302,0.02287653647363186,0.007371844258159399,0.05735860764980316,0.009205459617078304,0.02591768465936184,0.027401022613048553,0.06457323580980301
776,776,datasets/audios/eastern_sliced/guqinguzheng/guqinguzheng_023_000.wav,3,guqinguzheng,1,classical,0.44721391797065735,1.6135635375976562,0.18883901834487915,0.44721391797065735,0.051702480763196945,0.015317799523472786,0.006963658146560192,0.17858773469924927,0.017633579671382904,0.009249418042600155,0.03230171278119087,0.05219074338674545
777,777,datasets/audios/eastern_sliced/guqinguzheng/guqinguzheng_023_001.wav,3,guqinguzheng,1,classical,0.573205292224884,1.4267539978027344,0.10069109499454498,0.573205292224884,0.058293018490076065,0.012143339961767197,0.006718415301293135,0.1548098623752594,0.015226011164486408,0.010286574251949787,0.01878805086016655,0.04983840137720108
778,778,datasets/audios/eastern_sliced/guqinguzheng/guqinguzheng_024_000.wav,3,guqinguzheng,1,classical,0.4917049705982208,1.638235092163086,0.02456311136484146,0.4917049705982208,0.14444799721240997,0.023000484332442284,0.00872966181486845,0.10646911710500717,0.0070545002818107605,0.08390861749649048,0.03181757777929306,0.07830394804477692
779,779,datasets/audios/eastern_sliced/guqinguzheng/guqinguzheng_024_001.wav,3,guqinguzheng,1,classical,0.47345566749572754,1.3720918893814087,0.0024481755681335926,0.47345566749572754,0.2048630714416504,0.008624681271612644,0.0008023925474844873,0.0056153517216444016,0.001278197974897921,0.15947888791561127,0.005379403010010719,0.13805413246154785
780,780,datasets/audios/eastern_sliced/guqinguzheng/guqinguzheng_024_002.wav,3,guqinguzheng,1,classical,0.6139974594116211,1.4347995519638062,0.018338536843657494,0.6139974594116211,0.06523142755031586,0.019428597763180733,0.008613165467977524,0.062006961554288864,0.011754483915865421,0.07125110179185867,0.05786782503128052,0.071510449051857
781,781,datasets/audios/eastern_sliced/guqinguzheng/guqinguzheng_024_003.wav,3,guqinguzheng,1,classical,0.85048508644104,0.7077580094337463,0.007582087069749832,0.85048508644104,0.024129880592226982,0.008473502472043037,0.001769866212271154,0.037053704261779785,0.002280905842781067,0.023492837324738503,0.014820633456110954,0.029911519959568977
782,782,datasets/audios/eastern_sliced/guqinguzheng/guqinguzheng_024_004.wav,3,guqinguzheng,7,pop,0.45836493372917175,1.5259857177734375,0.011703837662935257,0.09319128096103668,0.2665594816207886,0.028755584731698036,0.008444900624454021,0.020632505416870117,0.004405597690492868,0.45836493372917175,0.023173069581389427,0.08476883172988892
783,783,datasets/audios/eastern_sliced/guqinguzheng/guqinguzheng_025_000.wav,3,guqinguzheng,0,blues,0.336275190114975,1.9146568775177002,0.336275190114975,0.19463033974170685,0.0819656178355217,0.03974701836705208,0.020650791004300117,0.1229662373661995,0.023346897214651108,0.021474087610840797,0.04645796865224838,0.11248587816953659
784,784,datasets/audios/eastern_sliced/guqinguzheng/guqinguzheng_025_001.wav,3,guqinguzheng,1,classical,0.6478326916694641,1.2226659059524536,0.08882510662078857,0.6478326916694641,0.020577063784003258,0.015941530466079712,0.003425025148317218,0.1513908952474594,0.006008378230035305,0.008419728837907314,0.028746934607625008,0.02883262373507023
785,785,datasets/audios/eastern_sliced/guqinguzheng/guqinguzheng_025_002.wav,3,guqinguzheng,1,classical,0.6408669352531433,1.312996506690979,0.033948276191949844,0.6408669352531433,0.11214043200016022,0.027099762111902237,0.0048611401580274105,0.05173537880182266,0.0052392249926924706,0.02749263122677803,0.013259727507829666,0.08335648477077484
786,786,datasets/audios/eastern_sliced/guqinguzheng/guqinguzheng_025_003.wav,3,guqinguzheng,1,classical,0.581902265548706,1.4276463985443115,0.037433426827192307,0.581902265548706,0.14736676216125488,0.029586441814899445,0.005605280864983797,0.04806780070066452,0.006253655068576336,0.030285343527793884,0.014669856987893581,0.09882910549640656
787,787,datasets/audios/eastern_sliced/guqinguzheng/guqinguzheng_025_004.wav,3,guqinguzheng,1,classical,0.7293603420257568,1.0420511960983276,0.019272955134510994,0.7293603420257568,0.11667405813932419,0.012315169908106327,0.0028176279738545418,0.029382487758994102,0.004571800120174885,0.01941331848502159,0.011072633787989616,0.05511962249875069
788,788,datasets/audios/eastern_sliced/guqinguzheng/guqinguzheng_026_000.wav,3,guqinguzheng,2,country,0.2810211479663849,1.7275294065475464,0.020175132900476456,0.22968913614749908,0.2810211479663849,0.033753182739019394,0.010736512951552868,0.016426142305135727,0.0055388095788657665,0.26550424098968506,0.028651323169469833,0.10850431025028229
789,789,datasets/audios/eastern_sliced/guqinguzheng/guqinguzheng_026_001.wav,3,guqinguzheng,7,pop,0.38915467262268066,1.595808744430542,0.012165224179625511,0.23178572952747345,0.19118855893611908,0.02867499366402626,0.008154721930623055,0.013185783289372921,0.0029087469447404146,0.38915467262268066,0.015769319608807564,0.10701225697994232
790,790,datasets/audios/eastern_sliced/guqinguzheng/guqinguzheng_026_002.wav,3,guqinguzheng,7,pop,0.3055979013442993,1.671499252319336,0.014074232429265976,0.2601954936981201,0.23304931819438934,0.027802161872386932,0.009700280614197254,0.01475489977747202,0.004210439044982195,0.3055979013442993,0.025010868906974792,0.10560443997383118
791,791,datasets/audios/eastern_sliced/guqinguzheng/guqinguzheng_026_003.wav,3,guqinguzheng,7,pop,0.32845109701156616,1.631842851638794,0.012721475213766098,0.19090354442596436,0.28766536712646484,0.029497629031538963,0.008687172085046768,0.011441121809184551,0.003877954324707389,0.32845109701156616,0.020704204216599464,0.1060505285859108
792,792,datasets/audios/eastern_sliced/guqinguzheng/guqinguzheng_026_004.wav,3,guqinguzheng,1,classical,0.3031288683414459,1.6977770328521729,0.01763489656150341,0.3031288683414459,0.22379909455776215,0.03055036999285221,0.01058682706207037,0.017801491543650627,0.004607412964105606,0.26384711265563965,0.025397218763828278,0.10264669358730316
793,793,datasets/audios/eastern_sliced/guqinguzheng/guqinguzheng_027_000.wav,3,guqinguzheng,8,reggae,0.4896235167980194,1.6721199750900269,0.022476982325315475,0.03530511632561684,0.019631361588835716,0.041957754641771317,0.15350233018398285,0.10123860090970993,0.013565813191235065,0.08742476254701614,0.4896235167980194,0.035273727029561996
794,794,datasets/audios/eastern_sliced/guqinguzheng/guqinguzheng_027_001.wav,3,guqinguzheng,8,reggae,0.7711007595062256,0.9239028692245483,0.007483974099159241,0.0061303856782615185,0.007124003954231739,0.02269868552684784,0.10557438433170319,0.03512195497751236,0.007104759104549885,0.02856319397687912,0.7711007595062256,0.009097847156226635
795,795,datasets/audios/eastern_sliced/guqinguzheng/guqinguzheng_027_002.wav,3,guqinguzheng,8,reggae,0.566623330116272,1.5135209560394287,0.0191352441906929,0.017761502414941788,0.021057739853858948,0.03775487095117569,0.14578518271446228,0.06185942143201828,0.018138326704502106,0.07791724801063538,0.566623330116272,0.03396721929311752
796,796,datasets/audios/eastern_sliced/guqinguzheng/guqinguzheng_027_003.wav,3,guqinguzheng,8,reggae,0.5801517367362976,1.5188857316970825,0.025485701858997345,0.01633295975625515,0.027405496686697006,0.021701667457818985,0.11889022588729858,0.07884863764047623,0.042645588517189026,0.03199658542871475,0.5801517367362976,0.056541357189416885
797,797,datasets/audios/eastern_sliced/guqinguzheng/guqinguzheng_027_004.wav,3,guqinguzheng,1,classical,0.49047186970710754,1.556570053100586,0.023271342739462852,0.49047186970710754,0.047105249017477036,0.019699284806847572,0.012405041605234146,0.2283765971660614,0.007712232414633036,0.03474361076951027,0.09798133373260498,0.0382334366440773
798,798,datasets/audios/eastern_sliced/guqinguzheng/guqinguzheng_028_000.wav,3,guqinguzheng,7,pop,0.21912668645381927,2.132490634918213,0.05626382306218147,0.16860555112361908,0.12489493191242218,0.07724827527999878,0.057281170040369034,0.05998566374182701,0.022357171401381493,0.21912668645381927,0.0662626251578331,0.14797404408454895
799,799,datasets/audios/eastern_sliced/guqinguzheng/guqinguzheng_028_001.wav,3,guqinguzheng,7,pop,0.19975417852401733,2.156710624694824,0.06085532531142235,0.16758522391319275,0.12552231550216675,0.08142273128032684,0.057713478803634644,0.06525406986474991,0.024028897285461426,0.19975417852401733,0.06928971409797668,0.1485741138458252
800,800,datasets/audios/eastern_sliced/guqinguzheng/guqinguzheng_029_000.wav,3,guqinguzheng,2,country,0.4773639440536499,1.2431108951568604,0.009330116212368011,0.01534742210060358,0.4773639440536499,0.027130885049700737,0.005484535824507475,0.006404557731002569,0.004232302308082581,0.37398290634155273,0.00963432714343071,0.07108907401561737
801,801,datasets/audios/eastern_sliced/guqinguzheng/guqinguzheng_029_001.wav,3,guqinguzheng,7,pop,0.5167896151542664,1.2278269529342651,0.007951105013489723,0.015219254419207573,0.3304996192455292,0.0321803018450737,0.005264494102448225,0.005397353786975145,0.00324661610648036,0.5167896151542664,0.00801326334476471,0.07543828338384628
802,802,datasets/audios/eastern_sliced/guqinguzheng/guqinguzheng_029_002.wav,3,guqinguzheng,7,pop,0.48838844895362854,1.4532389640808105,0.005484770983457565,0.18656626343727112,0.06870725750923157,0.041392434388399124,0.0049294703640043736,0.009634402580559254,0.0033276844769716263,0.48838844895362854,0.009966782294213772,0.18160247802734375
803,803,datasets/audios/eastern_sliced/guqinguzheng/guqinguzheng_029_003.wav,3,guqinguzheng,2,country,0.5427623987197876,1.179178237915039,0.006635192781686783,0.016346881166100502,0.5427623987197876,0.018337326124310493,0.00430029584094882,0.003754755249246955,0.0036312772426754236,0.31874483823776245,0.011718368157744408,0.07376863807439804
804,804,datasets/audios/eastern_sliced/guqinguzheng/guqinguzheng_030_000.wav,3,guqinguzheng,1,classical,0.41314697265625,1.8684765100479126,0.07918437570333481,0.41314697265625,0.13837376236915588,0.040475454181432724,0.01617416739463806,0.0849519670009613,0.01632097363471985,0.06581145524978638,0.05411790683865547,0.09144294261932373
805,805,datasets/audios/eastern_sliced/guqinguzheng/guqinguzheng_030_001.wav,3,guqinguzheng,1,classical,0.5075489282608032,1.6977872848510742,0.05729704722762108,0.5075489282608032,0.10481785982847214,0.03639435023069382,0.012934158556163311,0.06560367345809937,0.012824591249227524,0.06802820414304733,0.05080150067806244,0.08374971151351929
806,806,datasets/audios/eastern_sliced/guqinguzheng/guqinguzheng_030_002.wav,3,guqinguzheng,9,rock,0.23057089745998383,2.059518814086914,0.06627221405506134,0.14719834923744202,0.1953757107257843,0.06759186834096909,0.030983371660113335,0.056220605969429016,0.02530123107135296,0.1469193696975708,0.033566445112228394,0.23057089745998383
807,807,datasets/audios/eastern_sliced/guqinguzheng/guqinguzheng_030_003.wav,3,guqinguzheng,2,country,0.23379480838775635,2.059833288192749,0.07058190554380417,0.18553583323955536,0.23379480838775635,0.060472533106803894,0.027925437316298485,0.05839301645755768,0.024644676595926285,0.12425149977207184,0.04085317254066467,0.17354708909988403
808,808,datasets/audios/eastern_sliced/guqinguzheng/guqinguzheng_030_004.wav,3,guqinguzheng,1,classical,0.4535885155200958,1.766221523284912,0.04544849321246147,0.4535885155200958,0.14592790603637695,0.03831520676612854,0.015318484976887703,0.054904788732528687,0.01463624369353056,0.08264825493097305,0.039471134543418884,0.1097409576177597
809,809,datasets/audios/eastern_sliced/guqinguzheng/guqinguzheng_031_000.wav,3,guqinguzheng,1,classical,0.6530320644378662,1.2546460628509521,0.022485151886940002,0.6530320644378662,0.02968497946858406,0.021804112941026688,0.006012490950524807,0.03229238837957382,0.006077452562749386,0.0763169527053833,0.01439102552831173,0.13790340721607208
810,810,datasets/audios/eastern_sliced/guqinguzheng/guqinguzheng_031_001.wav,3,guqinguzheng,7,pop,0.2796286642551422,1.937563180923462,0.04483999311923981,0.164337620139122,0.04797046631574631,0.06188438460230827,0.02675812505185604,0.07383810728788376,0.02059793658554554,0.2796286642551422,0.03303385525941849,0.24711090326309204
811,811,datasets/audios/eastern_sliced/guqinguzheng/guqinguzheng_031_002.wav,3,guqinguzheng,9,rock,0.3055087625980377,1.7734839916229248,0.025012731552124023,0.29086679220199585,0.0584820993244648,0.03925270587205887,0.016215184703469276,0.029241157695651054,0.01931818574666977,0.18489967286586761,0.03120267577469349,0.3055087625980377
812,812,datasets/audios/eastern_sliced/guqinguzheng/guqinguzheng_031_003.wav,3,guqinguzheng,7,pop,0.3111395835876465,2.0012879371643066,0.04243431240320206,0.08175363391637802,0.06324780732393265,0.09327099472284317,0.046880219131708145,0.05871475487947464,0.039663370698690414,0.3111395835876465,0.04123525321483612,0.22166015207767487
813,813,datasets/audios/eastern_sliced/guqinguzheng/guqinguzheng_031_004.wav,3,guqinguzheng,1,classical,0.369925856590271,1.900133490562439,0.06247800216078758,0.369925856590271,0.06262988597154617,0.05215650424361229,0.017559347674250603,0.09879497438669205,0.014795783907175064,0.1363322138786316,0.03208009898662567,0.15324737131595612
814,814,datasets/audios/eastern_sliced/guqinguzheng/guqinguzheng_032_000.wav,3,guqinguzheng,1,classical,0.16578514873981476,2.1752915382385254,0.04869646579027176,0.16578514873981476,0.1265634447336197,0.13868974149227142,0.04834684729576111,0.059575729072093964,0.03137345612049103,0.16389280557632446,0.08121073991060257,0.135865718126297
815,815,datasets/audios/eastern_sliced/guqinguzheng/guqinguzheng_032_001.wav,3,guqinguzheng,7,pop,0.23859182000160217,2.094923257827759,0.03503928333520889,0.1330241560935974,0.13217784464359283,0.148564875125885,0.045662932097911835,0.039475634694099426,0.022237379103899002,0.23859182000160217,0.08264150470495224,0.12258452922105789
816,816,datasets/audios/eastern_sliced/guqinguzheng/guqinguzheng_033_000.wav,3,guqinguzheng,7,pop,0.38772791624069214,1.96562922000885,0.04682166129350662,0.09656888991594315,0.06013396754860878,0.08788950741291046,0.05299844592809677,0.06063370406627655,0.022117367014288902,0.38772791624069214,0.073282890021801,0.11182569712400436
817,817,datasets/audios/eastern_sliced/guqinguzheng/guqinguzheng_033_001.wav,3,guqinguzheng,1,classical,0.25414568185806274,2.1529464721679688,0.09806980937719345,0.25414568185806274,0.08709716796875,0.05992104485630989,0.04407261312007904,0.1145286113023758,0.02916775457561016,0.09826653450727463,0.10286743938922882,0.11186330020427704
818,818,datasets/audios/eastern_sliced/guqinguzheng/guqinguzheng_033_002.wav,3,guqinguzheng,1,classical,0.2666696608066559,2.1371161937713623,0.10108226537704468,0.2666696608066559,0.09689939022064209,0.06017163768410683,0.03891858085989952,0.10623452812433243,0.028164546936750412,0.09335895627737045,0.10010731220245361,0.10839313268661499
819,819,datasets/audios/eastern_sliced/guqinguzheng/guqinguzheng_033_003.wav,3,guqinguzheng,7,pop,0.19479407370090485,2.1930463314056396,0.09595223516225815,0.16220663487911224,0.09623095393180847,0.07791709899902344,0.04952765628695488,0.08057059347629547,0.027416497468948364,0.19479407370090485,0.10925278067588806,0.10613153129816055
820,820,datasets/audios/eastern_sliced/guqinguzheng/guqinguzheng_033_004.wav,3,guqinguzheng,1,classical,0.2825329303741455,2.1012301445007324,0.11617694050073624,0.2825329303741455,0.0799793154001236,0.05182788148522377,0.03723591938614845,0.11904869973659515,0.028247250244021416,0.06539446860551834,0.12237819284200668,0.0971783921122551
821,821,datasets/audios/eastern_sliced/guqinguzheng/guqinguzheng_034_000.wav,3,guqinguzheng,5,jazz,0.3606487810611725,1.8026574850082397,0.027855277061462402,0.2677728533744812,0.027832480147480965,0.0405937135219574,0.02374507300555706,0.3606487810611725,0.0160687156021595,0.08829470723867416,0.08216258138418198,0.06502578407526016
822,822,datasets/audios/eastern_sliced/guqinguzheng/guqinguzheng_034_001.wav,3,guqinguzheng,9,rock,0.18762247264385223,2.2160327434539795,0.04940249025821686,0.10110422968864441,0.06981105357408524,0.04337010160088539,0.07557432353496552,0.11594368517398834,0.11545409262180328,0.14575013518333435,0.09596751630306244,0.18762247264385223
823,823,datasets/audios/eastern_sliced/guqinguzheng/guqinguzheng_034_002.wav,3,guqinguzheng,9,rock,0.26673778891563416,1.9212274551391602,0.024033207446336746,0.10158223658800125,0.22717244923114777,0.04057047888636589,0.021138232201337814,0.0309820007532835,0.04605730623006821,0.20323894917964935,0.03848736733198166,0.26673778891563416
824,824,datasets/audios/eastern_sliced/guqinguzheng/guqinguzheng_034_003.wav,3,guqinguzheng,1,classical,0.3671097159385681,1.9336206912994385,0.04892189800739288,0.3671097159385681,0.05369565263390541,0.02447514794766903,0.04550030827522278,0.11387527734041214,0.017853472381830215,0.15702715516090393,0.07398940622806549,0.09755196422338486
825,825,datasets/audios/eastern_sliced/guqinguzheng/guqinguzheng_034_004.wav,3,guqinguzheng,1,classical,0.634550154209137,1.3494353294372559,0.046235859394073486,0.634550154209137,0.030427521094679832,0.02789902687072754,0.00801218394190073,0.13187989592552185,0.009484675712883472,0.028147246688604355,0.03083672560751438,0.05252680554986
826,826,datasets/audios/eastern_sliced/guqinguzheng/guqinguzheng_035_000.wav,3,guqinguzheng,1,classical,0.3933137357234955,1.8505733013153076,0.10533939301967621,0.3933137357234955,0.10301714390516281,0.026901008561253548,0.01939419098198414,0.08756306767463684,0.02850198745727539,0.025856640189886093,0.03956415876746178,0.1705487221479416
827,827,datasets/audios/eastern_sliced/guqinguzheng/guqinguzheng_035_001.wav,3,guqinguzheng,1,classical,0.3844203054904938,1.8964039087295532,0.06309284269809723,0.3844203054904938,0.13175629079341888,0.038027118891477585,0.020694799721240997,0.09363014996051788,0.030330456793308258,0.032614827156066895,0.05405302345752716,0.15138016641139984
828,828,datasets/audios/eastern_sliced/guqinguzheng/guqinguzheng_035_002.wav,3,guqinguzheng,1,classical,0.5111188292503357,1.655469298362732,0.07761635631322861,0.5111188292503357,0.07626036554574966,0.01930859126150608,0.01719573698937893,0.11856069415807724,0.017936931923031807,0.020744912326335907,0.04707356169819832,0.09418397396802902
829,829,datasets/audios/eastern_sliced/guqinguzheng/guqinguzheng_035_003.wav,3,guqinguzheng,1,classical,0.233595609664917,2.0812525749206543,0.1409940868616104,0.233595609664917,0.07149499654769897,0.037788763642311096,0.05546688660979271,0.19321581721305847,0.027240218594670296,0.030485808849334717,0.0884050726890564,0.121312715113163
830,830,datasets/audios/eastern_sliced/guqinguzheng/guqinguzheng_035_004.wav,3,guqinguzheng,1,classical,0.28514543175697327,2.021650791168213,0.1749677211046219,0.28514543175697327,0.08311683684587479,0.03597705811262131,0.03628331050276756,0.11433301866054535,0.03363974764943123,0.024507222697138786,0.06460382044315338,0.14742586016654968
831,831,datasets/audios/eastern_sliced/guqinguzheng/guqinguzheng_036_000.wav,3,guqinguzheng,1,classical,0.8603028059005737,0.6734082102775574,0.02346487157046795,0.8603028059005737,0.018947366625070572,0.006745108403265476,0.0016003140481188893,0.03387625515460968,0.002625660039484501,0.010269860737025738,0.012868201360106468,0.029299505054950714
832,832,datasets/audios/eastern_sliced/guqinguzheng/guqinguzheng_036_001.wav,3,guqinguzheng,1,classical,0.8872748613357544,0.5700172185897827,0.009707186371088028,0.8872748613357544,0.015116042457520962,0.008821024559438229,0.0012524250196292996,0.025277940556406975,0.0014307330129668117,0.015940308570861816,0.008430798538029194,0.02674858458340168
833,833,datasets/audios/eastern_sliced/guqinguzheng/guqinguzheng_036_002.wav,3,guqinguzheng,1,classical,0.337276428937912,1.784322738647461,0.024731846526265144,0.337276428937912,0.12106600403785706,0.07761360704898834,0.007187798619270325,0.017374718561768532,0.006983536295592785,0.16539882123470306,0.029912754893302917,0.21245448291301727
834,834,datasets/audios/eastern_sliced/guqinguzheng/guqinguzheng_036_003.wav,3,guqinguzheng,1,classical,0.33917471766471863,1.7920708656311035,0.02488105744123459,0.33917471766471863,0.11771956831216812,0.07778825610876083,0.008370399475097656,0.020520903170108795,0.007859626784920692,0.17109425365924835,0.02712017484009266,0.20547109842300415
835,835,datasets/audios/eastern_sliced/guqinguzheng/guqinguzheng_037_000.wav,3,guqinguzheng,9,rock,0.36520618200302124,1.757236361503601,0.009559914469718933,0.07891278713941574,0.060091257095336914,0.072272889316082,0.015625016763806343,0.011197476647794247,0.051768478006124496,0.2797212600708008,0.055644650012254715,0.36520618200302124
836,836,datasets/audios/eastern_sliced/guqinguzheng/guqinguzheng_037_001.wav,3,guqinguzheng,9,rock,0.35304543375968933,1.6475005149841309,0.00866300705820322,0.07693629711866379,0.05129086971282959,0.06273473054170609,0.01586012914776802,0.012842380441725254,0.035561710596084595,0.3521113991737366,0.030954083427786827,0.35304543375968933
837,837,datasets/audios/eastern_sliced/guqinguzheng/guqinguzheng_037_002.wav,3,guqinguzheng,9,rock,0.35379695892333984,1.671940565109253,0.009227769449353218,0.1064893826842308,0.06920100748538971,0.059913717210292816,0.012164942920207977,0.012117256410419941,0.02454700693488121,0.322181761264801,0.030360199511051178,0.35379695892333984
838,838,datasets/audios/eastern_sliced/guqinguzheng/guqinguzheng_037_003.wav,3,guqinguzheng,9,rock,0.36358851194381714,1.7092595100402832,0.010588796809315681,0.11610319465398788,0.07449506968259811,0.057410482317209244,0.01273706927895546,0.013782519847154617,0.02727450802922249,0.2905259430408478,0.03349390998482704,0.36358851194381714
839,839,datasets/audios/eastern_sliced/guqinguzheng/guqinguzheng_037_004.wav,3,guqinguzheng,9,rock,0.3759446442127228,1.6383147239685059,0.008947744965553284,0.12834766507148743,0.06656478345394135,0.048510871827602386,0.010367950424551964,0.011836156249046326,0.021410493180155754,0.3024812638759613,0.02558842860162258,0.3759446442127228
840,840,datasets/audios/eastern_sliced/guqinguzheng/guqinguzheng_038_000.wav,3,guqinguzheng,5,jazz,0.31847503781318665,1.9194047451019287,0.11149168759584427,0.20553135871887207,0.03756828233599663,0.011251037009060383,0.02520790323615074,0.31847503781318665,0.07245898246765137,0.0212688148021698,0.06780637800693512,0.12894053757190704
841,841,datasets/audios/eastern_sliced/guqinguzheng/guqinguzheng_038_001.wav,3,guqinguzheng,9,rock,0.21349072456359863,2.0436174869537354,0.11227133870124817,0.13725920021533966,0.0431918166577816,0.011667711660265923,0.031211091205477715,0.20027463138103485,0.13111332058906555,0.022404607385396957,0.09711556136608124,0.21349072456359863
842,842,datasets/audios/eastern_sliced/guqinguzheng/guqinguzheng_038_002.wav,3,guqinguzheng,9,rock,0.361648291349411,1.8925766944885254,0.1530643105506897,0.12794305384159088,0.05805159732699394,0.009169870987534523,0.02062835544347763,0.08050244301557541,0.11071811616420746,0.01639578491449356,0.061878133565187454,0.361648291349411
843,843,datasets/audios/eastern_sliced/guqinguzheng/guqinguzheng_038_003.wav,3,guqinguzheng,9,rock,0.32549580931663513,1.881132960319519,0.10538754612207413,0.22323599457740784,0.05435425788164139,0.011010094545781612,0.0122922882437706,0.1155647560954094,0.08482203632593155,0.01953788846731186,0.048299390822649,0.32549580931663513
844,844,datasets/audios/eastern_sliced/guqinguzheng/guqinguzheng_038_004.wav,3,guqinguzheng,9,rock,0.48486995697021484,1.6046041250228882,0.1015387773513794,0.20168475806713104,0.04592335596680641,0.00773658137768507,0.007321136072278023,0.05310901626944542,0.050820719450712204,0.021231114864349365,0.02576463669538498,0.48486995697021484
845,845,datasets/audios/eastern_sliced/guqinguzheng/guqinguzheng_039_000.wav,3,guqinguzheng,9,rock,0.27009785175323486,2.0634264945983887,0.03362862393260002,0.18324527144432068,0.0780830904841423,0.09514573961496353,0.04358004778623581,0.05677478387951851,0.049873873591423035,0.14954638481140137,0.04002433270215988,0.27009785175323486
846,846,datasets/audios/eastern_sliced/guqinguzheng/guqinguzheng_039_001.wav,3,guqinguzheng,9,rock,0.28765925765037537,1.9352103471755981,0.019187966361641884,0.13166899979114532,0.11302156001329422,0.12404511868953705,0.024808231741189957,0.020488880574703217,0.0317634642124176,0.21159182488918304,0.03576462343335152,0.28765925765037537
847,847,datasets/audios/eastern_sliced/guqinguzheng/guqinguzheng_039_002.wav,3,guqinguzheng,9,rock,0.281660795211792,1.8321466445922852,0.012833739630877972,0.22299426794052124,0.1393636018037796,0.09358108043670654,0.012123041786253452,0.013392871245741844,0.01895805448293686,0.17956998944282532,0.025522537529468536,0.281660795211792
848,848,datasets/audios/eastern_sliced/guqinguzheng/guqinguzheng_039_003.wav,3,guqinguzheng,7,pop,0.324895977973938,1.749817132949829,0.009676337242126465,0.10011380910873413,0.07901809364557266,0.15150827169418335,0.015957029536366463,0.009033694863319397,0.017383074387907982,0.324895977973938,0.02452995441854,0.2678837180137634
849,849,datasets/audios/eastern_sliced/guqinguzheng/guqinguzheng_039_004.wav,3,guqinguzheng,9,rock,0.27982836961746216,1.8430023193359375,0.01544578094035387,0.26542049646377563,0.07901951670646667,0.08755169063806534,0.020439237356185913,0.024998348206281662,0.022867437452077866,0.1805582344532013,0.02387085184454918,0.27982836961746216
850,850,datasets/audios/eastern_sliced/guqinguzheng/guqinguzheng_040_000.wav,3,guqinguzheng,1,classical,0.7185469269752502,1.1408318281173706,0.021675052121281624,0.7185469269752502,0.05420977994799614,0.01821599341928959,0.004171442240476608,0.03303203731775284,0.004068666137754917,0.0615302175283432,0.024585360661149025,0.059964485466480255
851,851,datasets/audios/eastern_sliced/guqinguzheng/guqinguzheng_040_001.wav,3,guqinguzheng,7,pop,0.535175621509552,1.4973585605621338,0.0077861458994448185,0.11104360222816467,0.028036462143063545,0.06396327167749405,0.01710902526974678,0.01883702166378498,0.010499364696443081,0.535175621509552,0.030283141881227493,0.17726634442806244
852,852,datasets/audios/eastern_sliced/guqinguzheng/guqinguzheng_040_002.wav,3,guqinguzheng,1,classical,0.33401161432266235,1.747395396232605,0.015388047322630882,0.33401161432266235,0.07930438220500946,0.05569056421518326,0.01163838803768158,0.03311632573604584,0.0076460824348032475,0.3059433400630951,0.05208739638328552,0.10517390817403793
853,853,datasets/audios/eastern_sliced/guqinguzheng/guqinguzheng_040_003.wav,3,guqinguzheng,1,classical,0.5050610303878784,1.6110013723373413,0.01986290141940117,0.5050610303878784,0.07247986644506454,0.04305562749505043,0.008854337967932224,0.03452153503894806,0.006945502944290638,0.1668090969324112,0.05232859402894974,0.09008147567510605
854,854,datasets/audios/eastern_sliced/guqinguzheng/guqinguzheng_040_004.wav,3,guqinguzheng,1,classical,0.6456453800201416,1.3223671913146973,0.0195627324283123,0.6456453800201416,0.051125459372997284,0.031274739652872086,0.006555232685059309,0.031142810359597206,0.005117553286254406,0.08441820740699768,0.027399225160479546,0.09775872528553009
855,855,datasets/audios/eastern_sliced/guqinguzheng/guqinguzheng_041_000.wav,3,guqinguzheng,1,classical,0.37829580903053284,1.7805203199386597,0.02600703202188015,0.37829580903053284,0.17329458892345428,0.04832760989665985,0.010097396560013294,0.029166359454393387,0.011480291374027729,0.14658139646053314,0.029161999002099037,0.1475875824689865
856,856,datasets/audios/eastern_sliced/guqinguzheng/guqinguzheng_041_001.wav,3,guqinguzheng,1,classical,0.2828322947025299,1.9229506254196167,0.034494798630476,0.2828322947025299,0.16240863502025604,0.05458203703165054,0.014423403888940811,0.0449879951775074,0.018022116273641586,0.1841120570898056,0.030872348695993423,0.173264279961586
857,857,datasets/audios/eastern_sliced/guqinguzheng/guqinguzheng_041_002.wav,3,guqinguzheng,1,classical,0.6062841415405273,1.4352879524230957,0.043660420924425125,0.6062841415405273,0.09537987411022186,0.023185933008790016,0.007963740266859531,0.041893042623996735,0.009397837333381176,0.046858273446559906,0.02657531388103962,0.09880141168832779
858,858,datasets/audios/eastern_sliced/guqinguzheng/guqinguzheng_041_003.wav,3,guqinguzheng,1,classical,0.24250556528568268,1.9972835779190063,0.041461288928985596,0.24250556528568268,0.08573923259973526,0.08368849009275436,0.025992149487137794,0.058707620948553085,0.019539834931492805,0.21609865128993988,0.035322222858667374,0.19094492495059967
859,859,datasets/audios/eastern_sliced/guqinguzheng/guqinguzheng_042_000.wav,3,guqinguzheng,2,country,0.32880324125289917,1.701019525527954,0.014198136515915394,0.16229093074798584,0.32880324125289917,0.029964173212647438,0.007078108843415976,0.024356264621019363,0.007928703911602497,0.2745584547519684,0.026822812855243683,0.1239992156624794
860,860,datasets/audios/eastern_sliced/guqinguzheng/guqinguzheng_042_001.wav,3,guqinguzheng,1,classical,0.8017928004264832,0.8729116916656494,0.0099025284871459,0.8017928004264832,0.04573379456996918,0.010377557948231697,0.00224094744771719,0.03265095502138138,0.0033246618695557117,0.03957628086209297,0.0140130165964365,0.04038744047284126
861,861,datasets/audios/eastern_sliced/guqinguzheng/guqinguzheng_042_002.wav,3,guqinguzheng,1,classical,0.5132459998130798,1.613365888595581,0.02450460009276867,0.5132459998130798,0.08859868347644806,0.023666685447096825,0.011028999462723732,0.0764017403125763,0.008247453719377518,0.14054261147975922,0.03242485970258713,0.08133842796087265
862,862,datasets/audios/eastern_sliced/guqinguzheng/guqinguzheng_042_003.wav,3,guqinguzheng,1,classical,0.5063161253929138,1.591644287109375,0.03970909118652344,0.5063161253929138,0.07844262570142746,0.02230103686451912,0.007439384236931801,0.1908740997314453,0.011798389256000519,0.04868071898818016,0.030636200681328773,0.0638023167848587
863,863,datasets/audios/eastern_sliced/guqinguzheng/guqinguzheng_042_004.wav,3,guqinguzheng,7,pop,0.39273807406425476,1.482395052909851,0.0027413363568484783,0.07616641372442245,0.1196325346827507,0.038035497069358826,0.004395505413413048,0.004290842916816473,0.010930495336651802,0.39273807406425476,0.014556651003658772,0.33651265501976013
864,864,datasets/audios/eastern_sliced/guqinguzheng/guqinguzheng_043_000.wav,3,guqinguzheng,1,classical,0.5400519371032715,1.628204107284546,0.06522831320762634,0.5400519371032715,0.09304013848304749,0.03169436380267143,0.012125608511269093,0.07294519245624542,0.013481169007718563,0.05682474374771118,0.03873666748404503,0.07587191462516785
865,865,datasets/audios/eastern_sliced/guqinguzheng/guqinguzheng_043_001.wav,3,guqinguzheng,1,classical,0.2834053039550781,1.9583383798599243,0.21833042800426483,0.2834053039550781,0.08079884946346283,0.03482793644070625,0.021299192681908607,0.09086459875106812,0.014566808007657528,0.07352367788553238,0.032049208879470825,0.1503339260816574
866,866,datasets/audios/eastern_sliced/guqinguzheng/guqinguzheng_043_002.wav,3,guqinguzheng,1,classical,0.4516158998012543,1.7056593894958496,0.03476514667272568,0.4516158998012543,0.06245312839746475,0.04070829227566719,0.011591275222599506,0.052889782935380936,0.009034901857376099,0.16841350495815277,0.02850481867790222,0.14002330601215363
867,867,datasets/audios/eastern_sliced/guqinguzheng/guqinguzheng_043_003.wav,3,guqinguzheng,1,classical,0.40931612253189087,1.7769300937652588,0.04705062508583069,0.40931612253189087,0.046355899423360825,0.042516935616731644,0.013430086895823479,0.07535594701766968,0.009096264839172363,0.18724174797534943,0.031040513888001442,0.13859590888023376
868,868,datasets/audios/eastern_sliced/guqinguzheng/guqinguzheng_044_000.wav,3,guqinguzheng,1,classical,0.8811038136482239,0.568027138710022,0.004587867762893438,0.8811038136482239,0.030809788033366203,0.004367070272564888,0.0007354918052442372,0.008875648491084576,0.0013397347647696733,0.019264651462435722,0.007555132731795311,0.04136085510253906
869,869,datasets/audios/eastern_sliced/guqinguzheng/guqinguzheng_044_001.wav,3,guqinguzheng,1,classical,0.8777913451194763,0.5732568502426147,0.0033408610615879297,0.8777913451194763,0.021105550229549408,0.005757491569966078,0.000754334672819823,0.009312854148447514,0.0010429001413285732,0.028641952201724052,0.00502470787614584,0.04722795635461807
870,870,datasets/audios/eastern_sliced/guqinguzheng/guqinguzheng_044_002.wav,3,guqinguzheng,1,classical,0.9209684729576111,0.4209105968475342,0.00656284112483263,0.9209684729576111,0.023442475125193596,0.0032628022599965334,0.0005418489454314113,0.012495455332100391,0.001054067863151431,0.007298547308892012,0.005436875857412815,0.01893666572868824
871,871,datasets/audios/eastern_sliced/guqinguzheng/guqinguzheng_044_003.wav,3,guqinguzheng,1,classical,0.896123468875885,0.49585211277008057,0.0016467863461002707,0.896123468875885,0.019975105300545692,0.003930045757442713,0.00045681092888116837,0.005930197425186634,0.0007329370127990842,0.026906050741672516,0.003613613313063979,0.04068482667207718
872,872,datasets/audios/eastern_sliced/guqinguzheng/guqinguzheng_045_000.wav,3,guqinguzheng,1,classical,0.41629260778427124,1.89519202709198,0.06776956468820572,0.41629260778427124,0.10221139341592789,0.06462179869413376,0.021677430719137192,0.0759492814540863,0.018617995083332062,0.07140316069126129,0.052662644535303116,0.10879409313201904
873,873,datasets/audios/eastern_sliced/guqinguzheng/guqinguzheng_045_001.wav,3,guqinguzheng,1,classical,0.41600072383880615,1.8949626684188843,0.0685448944568634,0.41600072383880615,0.10709238797426224,0.063578300178051,0.021615464240312576,0.07570425420999527,0.018716424703598022,0.06955165416002274,0.05297843739390373,0.10621747374534607
874,874,datasets/audios/eastern_sliced/guqinguzheng/guqinguzheng_045_002.wav,3,guqinguzheng,1,classical,0.3747718930244446,1.9323025941848755,0.062060918658971786,0.3747718930244446,0.1119033619761467,0.05276765301823616,0.02084570936858654,0.15405960381031036,0.023018473759293556,0.06902893632650375,0.04522912576794624,0.08631435036659241
875,875,datasets/audios/eastern_sliced/guqinguzheng/guqinguzheng_045_003.wav,3,guqinguzheng,1,classical,0.30722224712371826,2.03509259223938,0.04027789086103439,0.30722224712371826,0.08761663734912872,0.09261378645896912,0.026547886431217194,0.10348302125930786,0.025117097422480583,0.14984039962291718,0.05033360794186592,0.11694742739200592
876,876,datasets/audios/eastern_sliced/guqinguzheng/guqinguzheng_045_004.wav,3,guqinguzheng,1,classical,0.6808054447174072,1.2725000381469727,0.0279853455722332,0.6808054447174072,0.042037561535835266,0.031115110963582993,0.008023692294955254,0.08235990256071091,0.009167377837002277,0.03949180245399475,0.03380806744098663,0.045205675065517426
877,877,datasets/audios/eastern_sliced/guqinguzheng/guqinguzheng_046_000.wav,3,guqinguzheng,5,jazz,0.19069771468639374,2.187670946121216,0.14157499372959137,0.16167379915714264,0.056806739419698715,0.06700416654348373,0.05369178578257561,0.19069771468639374,0.04160317778587341,0.08220237493515015,0.07969213277101517,0.12505310773849487
878,878,datasets/audios/eastern_sliced/guqinguzheng/guqinguzheng_046_001.wav,3,guqinguzheng,5,jazz,0.17089255154132843,2.210562229156494,0.1401001662015915,0.13521866500377655,0.06185593083500862,0.07200780510902405,0.057812806218862534,0.17089255154132843,0.042621176689863205,0.09688349068164825,0.07360530644655228,0.14900211989879608
879,879,datasets/audios/eastern_sliced/guqinguzheng/guqinguzheng_046_002.wav,3,guqinguzheng,1,classical,0.16411583125591278,2.238032341003418,0.057919714599847794,0.16411583125591278,0.08977486938238144,0.10556156188249588,0.06518983095884323,0.11332697421312332,0.041761867702007294,0.12729528546333313,0.1111283078789711,0.12392577528953552
880,880,datasets/audios/eastern_sliced/guqinguzheng/guqinguzheng_046_003.wav,3,guqinguzheng,1,classical,0.18513520061969757,2.204049587249756,0.06251440942287445,0.18513520061969757,0.08616862446069717,0.10414179414510727,0.06383537501096725,0.07990007102489471,0.04496254399418831,0.13917557895183563,0.06707559525966644,0.1670907735824585
881,881,datasets/audios/eastern_sliced/guqinguzheng/guqinguzheng_046_004.wav,3,guqinguzheng,7,pop,0.15078701078891754,2.2336039543151855,0.07530705630779266,0.13415469229221344,0.05468834191560745,0.09534655511379242,0.10197900980710983,0.12024868279695511,0.03323027864098549,0.15078701078891754,0.13219034671783447,0.10206803679466248
882,882,datasets/audios/eastern_sliced/guqinguzheng/guqinguzheng_047_000.wav,3,guqinguzheng,1,classical,0.21575158834457397,2.0403037071228027,0.09302093088626862,0.21575158834457397,0.11264586448669434,0.050350189208984375,0.019245488569140434,0.08994580060243607,0.01525682769715786,0.1700572520494461,0.0326664112508297,0.2010597288608551
883,883,datasets/audios/eastern_sliced/guqinguzheng/guqinguzheng_047_001.wav,3,guqinguzheng,1,classical,0.22031916677951813,2.064133405685425,0.0955866202712059,0.22031916677951813,0.11895959079265594,0.05307300388813019,0.02082953043282032,0.08894849568605423,0.017567208036780357,0.14825311303138733,0.03940410912036896,0.19705922901630402
884,884,datasets/audios/eastern_sliced/guqinguzheng/guqinguzheng_048_000.wav,3,guqinguzheng,1,classical,0.7327589988708496,1.0827144384384155,0.013857072219252586,0.7327589988708496,0.05655990540981293,0.007832298055291176,0.004355987533926964,0.0292571559548378,0.004817499313503504,0.0534745417535305,0.029232069849967957,0.06785455346107483
885,885,datasets/audios/eastern_sliced/guqinguzheng/guqinguzheng_048_001.wav,3,guqinguzheng,9,rock,0.3959132730960846,1.3291304111480713,0.0016460043843835592,0.14880655705928802,0.03064083680510521,0.022833801805973053,0.0026446019764989614,0.002873325953260064,0.007506707217544317,0.37924256920814514,0.00789231713861227,0.3959132730960846
886,886,datasets/audios/eastern_sliced/guqinguzheng/guqinguzheng_048_002.wav,3,guqinguzheng,7,pop,0.901329517364502,0.487009733915329,0.0009510857635177672,0.03338604420423508,0.009014003910124302,0.011311917565762997,0.005098625086247921,0.0018481737934052944,0.0004327808856032789,0.901329517364502,0.006476473994553089,0.030151430517435074
887,887,datasets/audios/eastern_sliced/guqinguzheng/guqinguzheng_048_003.wav,3,guqinguzheng,7,pop,0.4136222004890442,1.3946661949157715,0.005229437258094549,0.08174186944961548,0.014237714000046253,0.03531187027692795,0.00956500694155693,0.006976972799748182,0.02542688511312008,0.4136222004890442,0.02022962085902691,0.38765841722488403
888,888,datasets/audios/eastern_sliced/guqinguzheng/guqinguzheng_049_000.wav,3,guqinguzheng,1,classical,0.29493701457977295,1.741681694984436,0.01571953296661377,0.29493701457977295,0.22331035137176514,0.04147201031446457,0.0074288444593548775,0.013045070692896843,0.005124672316014767,0.20596803724765778,0.03189726918935776,0.1610972136259079
889,889,datasets/audios/eastern_sliced/guqinguzheng/guqinguzheng_049_001.wav,3,guqinguzheng,7,pop,0.323746919631958,1.8988579511642456,0.02875046245753765,0.095924012362957,0.06639455258846283,0.22359341382980347,0.017242230474948883,0.04738408327102661,0.017868971452116966,0.323746919631958,0.041874226182699203,0.13722112774848938
890,890,datasets/audios/eastern_sliced/guqinguzheng/guqinguzheng_049_002.wav,3,guqinguzheng,7,pop,0.6108448505401611,1.3116626739501953,0.007442606147378683,0.03884653002023697,0.036504440009593964,0.1197277083992958,0.007689948193728924,0.012144945561885834,0.00809575617313385,0.6108448505401611,0.015524199232459068,0.1431790441274643
891,891,datasets/audios/eastern_sliced/guqinguzheng/guqinguzheng_049_003.wav,3,guqinguzheng,7,pop,0.6093260645866394,1.3464977741241455,0.009634416550397873,0.07822847366333008,0.018612312152981758,0.07445701211690903,0.006486439611762762,0.042244091629981995,0.00623886426910758,0.6093260645866394,0.013668996281921864,0.14110326766967773
892,892,datasets/audios/eastern_sliced/guqinguzheng/guqinguzheng_050_000.wav,3,guqinguzheng,1,classical,0.5861708521842957,1.4027271270751953,0.1151173934340477,0.5861708521842957,0.04769112169742584,0.013937484472990036,0.005055966787040234,0.13403335213661194,0.010106818750500679,0.010106365196406841,0.024523839354515076,0.053256772458553314
893,893,datasets/audios/eastern_sliced/guqinguzheng/guqinguzheng_050_001.wav,3,guqinguzheng,1,classical,0.4985702633857727,1.537974238395691,0.018073828890919685,0.4985702633857727,0.16831593215465546,0.03441276773810387,0.006027386523783207,0.021672286093235016,0.0063371313735842705,0.09191571176052094,0.014688941650092602,0.1399858295917511
894,894,datasets/audios/eastern_sliced/guqinguzheng/guqinguzheng_050_002.wav,3,guqinguzheng,1,classical,0.7938992381095886,0.8770158290863037,0.04090828821063042,0.7938992381095886,0.02383461408317089,0.01088790688663721,0.0021043005399405956,0.07448848336935043,0.003540707053616643,0.007763639558106661,0.013054951094090939,0.029517825692892075
895,895,datasets/audios/eastern_sliced/guqinguzheng/guqinguzheng_050_003.wav,3,guqinguzheng,1,classical,0.7726424336433411,0.9363507032394409,0.04603995382785797,0.7726424336433411,0.024786505848169327,0.012152682058513165,0.0022130918223410845,0.0855976864695549,0.0036560934968292713,0.00785455945879221,0.013975391164422035,0.031081711873412132
896,896,datasets/audios/eastern_sliced/guqinguzheng/guqinguzheng_051_000.wav,3,guqinguzheng,1,classical,0.8366799354553223,0.7507702708244324,0.020638342946767807,0.8366799354553223,0.041671913117170334,0.008137054741382599,0.002654140582308173,0.026426034048199654,0.002828345401212573,0.009832058101892471,0.009184597060084343,0.04194755479693413
897,897,datasets/audios/eastern_sliced/guqinguzheng/guqinguzheng_051_001.wav,3,guqinguzheng,1,classical,0.7728748917579651,0.9567842483520508,0.032464399933815,0.7728748917579651,0.06555609405040741,0.010537729598581791,0.0035928001161664724,0.031759463250637054,0.003696719417348504,0.013873887248337269,0.01196365524083376,0.05368032306432724
898,898,datasets/audios/eastern_sliced/guqinguzheng/guqinguzheng_051_002.wav,3,guqinguzheng,1,classical,0.7463039755821228,1.037751317024231,0.03185078874230385,0.7463039755821228,0.07435216754674911,0.0124076958745718,0.0043879724107682705,0.03358494117856026,0.004454051610082388,0.016049519181251526,0.01427926030009985,0.062329601496458054
899,899,datasets/audios/eastern_sliced/guqinguzheng/guqinguzheng_052_000.wav,3,guqinguzheng,1,classical,0.4739656448364258,1.7201392650604248,0.05414030700922012,0.4739656448364258,0.12299822270870209,0.036855608224868774,0.011109663173556328,0.05105214938521385,0.009649932384490967,0.07952584326267242,0.03740721195936203,0.12329544872045517
900,900,datasets/audios/eastern_sliced/guqinguzheng/guqinguzheng_052_001.wav,3,guqinguzheng,1,classical,0.45946744084358215,1.768230676651001,0.0653262808918953,0.45946744084358215,0.07296363264322281,0.03759424015879631,0.01174218486994505,0.08047281205654144,0.00985298864543438,0.08803187310695648,0.04463345557451248,0.12991514801979065
901,901,datasets/audios/eastern_sliced/guqinguzheng/guqinguzheng_052_002.wav,3,guqinguzheng,1,classical,0.6710712313652039,1.2674933671951294,0.024320727214217186,0.6710712313652039,0.08270047605037689,0.02038617990911007,0.0051524946466088295,0.034117553383111954,0.005393733270466328,0.05142003670334816,0.030676156282424927,0.07476141303777695
902,902,datasets/audios/eastern_sliced/guqinguzheng/guqinguzheng_052_003.wav,3,guqinguzheng,1,classical,0.5042184591293335,1.6190671920776367,0.06142594292759895,0.5042184591293335,0.17022563517093658,0.023358076810836792,0.007289152592420578,0.049626246094703674,0.008345952257514,0.05193742737174034,0.038202811032533646,0.08537033945322037
903,903,datasets/audios/eastern_sliced/guqinguzheng/guqinguzheng_052_004.wav,3,guqinguzheng,1,classical,0.5136328935623169,1.4934595823287964,0.029378430917859077,0.5136328935623169,0.23276160657405853,0.023534677922725677,0.005113747902214527,0.03567343205213547,0.006150007713586092,0.0593472383916378,0.02302176132798195,0.07138624787330627
904,904,datasets/audios/eastern_sliced/guqinguzheng/guqinguzheng_053_000.wav,3,guqinguzheng,1,classical,0.878040075302124,0.563027560710907,0.0016385676572099328,0.878040075302124,0.022183043882250786,0.005033360794186592,0.0006470541702583432,0.009110800921916962,0.0005299719632603228,0.04431571066379547,0.0036802487447857857,0.0348210334777832
905,905,datasets/audios/eastern_sliced/guqinguzheng/guqinguzheng_053_001.wav,3,guqinguzheng,1,classical,0.870695948600769,0.6183422207832336,0.00549180805683136,0.870695948600769,0.03392408788204193,0.005746590439230204,0.0010624458082020283,0.02005613222718239,0.0013577890349552035,0.023579467087984085,0.00643658172339201,0.031649231910705566
906,906,datasets/audios/eastern_sliced/guqinguzheng/guqinguzheng_053_002.wav,3,guqinguzheng,1,classical,0.844484806060791,0.7119917869567871,0.007674605119973421,0.844484806060791,0.04369967803359032,0.006302204914391041,0.0011409495491534472,0.026245269924402237,0.0013210511533543468,0.028476089239120483,0.007592995185405016,0.03306230157613754
907,907,datasets/audios/eastern_sliced/guqinguzheng/guqinguzheng_053_003.wav,3,guqinguzheng,1,classical,0.585587739944458,1.2292132377624512,0.004362759180366993,0.585587739944458,0.012564165517687798,0.01719340868294239,0.004673458635807037,0.019443999975919724,0.004108984023332596,0.21460549533367157,0.011679655872285366,0.12578029930591583
908,908,datasets/audios/eastern_sliced/guqinguzheng/guqinguzheng_053_004.wav,3,guqinguzheng,1,classical,0.6525467038154602,1.1298706531524658,0.004443654324859381,0.6525467038154602,0.012282001785933971,0.013407986611127853,0.0042519159615039825,0.019160490483045578,0.004339475650340319,0.15114425122737885,0.009069058112800121,0.12935440242290497
909,909,datasets/audios/eastern_sliced/guqinguzheng/guqinguzheng_054_000.wav,3,guqinguzheng,1,classical,0.824993908405304,0.7631168365478516,0.006266909651458263,0.824993908405304,0.01871861144900322,0.008164125494658947,0.0018667224794626236,0.0223647840321064,0.0015825899317860603,0.060680557042360306,0.007373516913503408,0.047988299280405045
910,910,datasets/audios/eastern_sliced/guqinguzheng/guqinguzheng_054_001.wav,3,guqinguzheng,1,classical,0.7422212362289429,1.0157339572906494,0.025220613926649094,0.7422212362289429,0.06669194996356964,0.005492075812071562,0.0013090603752061725,0.08271785080432892,0.0023567897733300924,0.02546517178416252,0.008881432935595512,0.039643771946430206
911,911,datasets/audios/eastern_sliced/guqinguzheng/guqinguzheng_054_002.wav,3,guqinguzheng,1,classical,0.6208369731903076,1.270453691482544,0.007421726826578379,0.6208369731903076,0.10108114778995514,0.01349748857319355,0.002475368557497859,0.025765808299183846,0.002823559334501624,0.11826413869857788,0.008605881594121456,0.0992279127240181
912,912,datasets/audios/eastern_sliced/guqinguzheng/guqinguzheng_054_003.wav,3,guqinguzheng,2,country,0.3501044809818268,1.5882742404937744,0.009673666208982468,0.19426608085632324,0.3501044809818268,0.02328558638691902,0.003957172855734825,0.013744774274528027,0.003887277329340577,0.25258970260620117,0.010116444900631905,0.13837479054927826
913,913,datasets/audios/eastern_sliced/guqinguzheng/guqinguzheng_054_004.wav,3,guqinguzheng,1,classical,0.6573702096939087,1.1431506872177124,0.0033816900104284286,0.6573702096939087,0.12437701225280762,0.00868170615285635,0.0011782334186136723,0.010266204364597797,0.0025578192435204983,0.08529394865036011,0.008021306246519089,0.09887182712554932
914,914,datasets/audios/eastern_sliced/guqinguzheng/guqinguzheng_055_000.wav,3,guqinguzheng,7,pop,0.8597650527954102,0.5506607890129089,0.0019322760635986924,0.0013479109620675445,0.10006434470415115,0.011695457622408867,0.0024889360647648573,0.001041574403643608,0.0005417424836196005,0.8597650527954102,0.0036807917058467865,0.01744193024933338
915,915,datasets/audios/eastern_sliced/guqinguzheng/guqinguzheng_055_001.wav,3,guqinguzheng,7,pop,0.8135577440261841,0.6288244724273682,0.0016898108879104257,0.0017426725244149566,0.15000613033771515,0.010743940249085426,0.002167768543586135,0.0009361919946968555,0.0004355827404651791,0.8135577440261841,0.002947508357465267,0.015772676095366478
916,916,datasets/audios/eastern_sliced/guqinguzheng/guqinguzheng_055_002.wav,3,guqinguzheng,7,pop,0.7118956446647644,1.1400861740112305,0.014229733496904373,0.009054634720087051,0.09201791137456894,0.036281466484069824,0.05283212289214134,0.009728728793561459,0.005959806963801384,0.7118956446647644,0.020281879231333733,0.04771812632679939
917,917,datasets/audios/eastern_sliced/guqinguzheng/guqinguzheng_055_003.wav,3,guqinguzheng,7,pop,0.7140290141105652,0.9779018759727478,0.007617823779582977,0.005611266940832138,0.1740274727344513,0.02588842436671257,0.009745546616613865,0.0046115112490952015,0.0025396752171218395,0.7140290141105652,0.009746656753122807,0.046182647347450256
918,918,datasets/audios/eastern_sliced/guqinguzheng/guqinguzheng_055_004.wav,3,guqinguzheng,7,pop,0.7112429141998291,0.9511836767196655,0.00677683437243104,0.005182162392884493,0.1898680478334427,0.023942893370985985,0.007358180824667215,0.0041404650546610355,0.0021245991811156273,0.7112429141998291,0.008363490924239159,0.0410003736615181
919,919,datasets/audios/eastern_sliced/guqinguzheng/guqinguzheng_056_000.wav,3,guqinguzheng,2,country,0.4562532305717468,1.6725060939788818,0.03852304816246033,0.03713487088680267,0.4562532305717468,0.06811843812465668,0.013649660162627697,0.012491261586546898,0.016618896275758743,0.16308005154132843,0.0328858457505703,0.1612447053194046
920,920,datasets/audios/eastern_sliced/guqinguzheng/guqinguzheng_056_001.wav,3,guqinguzheng,2,country,0.4375494420528412,1.7020108699798584,0.03797726705670357,0.033657435327768326,0.4375494420528412,0.07971090078353882,0.014708785340189934,0.012662343680858612,0.018197141587734222,0.17747433483600616,0.03407250717282295,0.15398982167243958
921,921,datasets/audios/eastern_sliced/guqinguzheng/guqinguzheng_056_002.wav,3,guqinguzheng,7,pop,0.3150836229324341,1.8697867393493652,0.03346623480319977,0.047522127628326416,0.24293926358222961,0.10718516260385513,0.02359926886856556,0.02159731090068817,0.018574826419353485,0.3150836229324341,0.04453112557530403,0.1455010622739792
922,922,datasets/audios/eastern_sliced/guqinguzheng/guqinguzheng_057_000.wav,3,guqinguzheng,1,classical,0.31237009167671204,1.9053481817245483,0.13624170422554016,0.31237009167671204,0.21994248032569885,0.033164557069540024,0.009415920823812485,0.05074573680758476,0.01753062568604946,0.06488984078168869,0.042353954166173935,0.11334507167339325
923,923,datasets/audios/eastern_sliced/guqinguzheng/guqinguzheng_057_001.wav,3,guqinguzheng,1,classical,0.34194713830947876,1.8434962034225464,0.11843385547399521,0.34194713830947876,0.23822779953479767,0.028842492029070854,0.00837504118680954,0.04511238634586334,0.014993209391832352,0.05231388658285141,0.05055481940507889,0.1011994406580925
924,924,datasets/audios/eastern_sliced/guqinguzheng/guqinguzheng_057_002.wav,3,guqinguzheng,1,classical,0.3271612823009491,1.9122236967086792,0.19556736946105957,0.3271612823009491,0.14170564711093903,0.034481775015592575,0.011284771375358105,0.06896252185106277,0.014144585467875004,0.047912608832120895,0.05358940362930298,0.10519011318683624
925,925,datasets/audios/eastern_sliced/guqinguzheng/guqinguzheng_057_003.wav,3,guqinguzheng,1,classical,0.44537481665611267,1.7488129138946533,0.09938371181488037,0.44537481665611267,0.13380420207977295,0.029330529272556305,0.007996481843292713,0.04632623866200447,0.010829897597432137,0.053240448236465454,0.04221629723906517,0.13149739801883698
926,926,datasets/audios/eastern_sliced/guqinguzheng/guqinguzheng_057_004.wav,3,guqinguzheng,1,classical,0.36814066767692566,1.78511381149292,0.12084302306175232,0.36814066767692566,0.2266368269920349,0.02674565277993679,0.0070848967880010605,0.03432228043675423,0.010954986326396465,0.05139173939824104,0.03963405266404152,0.11424574255943298
927,927,datasets/audios/eastern_sliced/guqinguzheng/guqinguzheng_058_000.wav,3,guqinguzheng,5,jazz,0.3194381296634674,1.9125077724456787,0.17363964021205902,0.08081535995006561,0.059801485389471054,0.02939782105386257,0.021666059270501137,0.3194381296634674,0.025923125445842743,0.06662601977586746,0.02388753928244114,0.1988048106431961
928,928,datasets/audios/eastern_sliced/guqinguzheng/guqinguzheng_058_001.wav,3,guqinguzheng,5,jazz,0.6449390053749084,1.2020485401153564,0.06023794785141945,0.18527662754058838,0.010890120640397072,0.013165327720344067,0.008230939507484436,0.6449390053749084,0.006673342548310757,0.012330991216003895,0.021958203986287117,0.036297570914030075
929,929,datasets/audios/eastern_sliced/guqinguzheng/guqinguzheng_058_002.wav,3,guqinguzheng,5,jazz,0.6017365455627441,1.3654346466064453,0.09265127778053284,0.12204113602638245,0.025780677795410156,0.010222546756267548,0.008416053839027882,0.6017365455627441,0.008170830085873604,0.02223445661365986,0.011230219155550003,0.09751630574464798
930,930,datasets/audios/eastern_sliced/guqinguzheng/guqinguzheng_058_003.wav,3,guqinguzheng,1,classical,0.6859992742538452,1.063751220703125,0.05257617309689522,0.6859992742538452,0.012246204540133476,0.006032678298652172,0.0020952043123543262,0.1786188930273056,0.003972590435296297,0.009120132774114609,0.016955379396677017,0.032383594661951065
931,931,datasets/audios/eastern_sliced/guqinguzheng/guqinguzheng_059_000.wav,3,guqinguzheng,2,country,0.26616162061691284,2.1103832721710205,0.1647743433713913,0.04118591547012329,0.26616162061691284,0.047144364565610886,0.09709691256284714,0.05607849359512329,0.04042660817503929,0.0744076520204544,0.09133711457252502,0.12138703465461731
932,932,datasets/audios/eastern_sliced/guqinguzheng/guqinguzheng_059_001.wav,3,guqinguzheng,9,rock,0.1495506316423416,2.2355270385742188,0.1438467800617218,0.10785961151123047,0.1445658802986145,0.0606241412460804,0.08185996115207672,0.09642563760280609,0.04125778004527092,0.10584671795368195,0.06816280633211136,0.1495506316423416
933,933,datasets/audios/eastern_sliced/guqinguzheng/guqinguzheng_059_002.wav,3,guqinguzheng,9,rock,0.18419121205806732,2.1794142723083496,0.15236423909664154,0.10907305777072906,0.1764826476573944,0.05287859961390495,0.06662922352552414,0.07231251150369644,0.03489254415035248,0.07671032845973969,0.07446557283401489,0.18419121205806732
934,934,datasets/audios/eastern_sliced/guqinguzheng/guqinguzheng_060_000.wav,3,guqinguzheng,7,pop,0.6701643466949463,1.1841646432876587,0.010546784847974777,0.02360677719116211,0.14308950304985046,0.04036080837249756,0.009038491174578667,0.012174426577985287,0.004048202186822891,0.6701643466949463,0.015543709509074688,0.07142696529626846
935,935,datasets/audios/eastern_sliced/guqinguzheng/guqinguzheng_060_001.wav,3,guqinguzheng,7,pop,0.7544863224029541,1.0043500661849976,0.006888365838676691,0.03597908467054367,0.07101650536060333,0.028894521296024323,0.0062845018692314625,0.010716644115746021,0.002316403668373823,0.7544863224029541,0.019981002435088158,0.06343674659729004
936,936,datasets/audios/eastern_sliced/guqinguzheng/guqinguzheng_060_002.wav,3,guqinguzheng,7,pop,0.6538554430007935,1.2871673107147217,0.012017550878226757,0.03482919558882713,0.1017889454960823,0.06298383325338364,0.008654125966131687,0.01965022087097168,0.0051259431056678295,0.6538554430007935,0.024122683331370354,0.07697203010320663
937,937,datasets/audios/eastern_sliced/guqinguzheng/guqinguzheng_060_003.wav,3,guqinguzheng,7,pop,0.7283786535263062,1.0484042167663574,0.007465011905878782,0.021446578204631805,0.07728903740644455,0.040398404002189636,0.007786843925714493,0.008449380286037922,0.0034328624606132507,0.7283786535263062,0.011523283086717129,0.09382998198270798
938,938,datasets/audios/eastern_sliced/guqinguzheng/guqinguzheng_060_004.wav,3,guqinguzheng,7,pop,0.6502255797386169,1.2632174491882324,0.011534120887517929,0.02788952738046646,0.1158980280160904,0.05046817287802696,0.011211930774152279,0.012506100349128246,0.005297075491398573,0.6502255797386169,0.018040582537651062,0.09692884236574173
939,939,datasets/audios/eastern_sliced/guqinguzheng/guqinguzheng_061_000.wav,3,guqinguzheng,1,classical,0.21835555136203766,2.067722797393799,0.12420854717493057,0.21835555136203766,0.20649145543575287,0.04421303793787956,0.026503166183829308,0.07369346916675568,0.02340690791606903,0.07913020253181458,0.048141639679670334,0.15585601329803467
940,940,datasets/audios/eastern_sliced/guqinguzheng/guqinguzheng_061_001.wav,3,guqinguzheng,2,country,0.24619606137275696,2.0615336894989014,0.13480521738529205,0.163332998752594,0.24619606137275696,0.04953254759311676,0.02653842605650425,0.0603511668741703,0.023960070684552193,0.08135294914245605,0.04676670581102371,0.16716384887695312
941,941,datasets/audios/eastern_sliced/guqinguzheng/guqinguzheng_061_002.wav,3,guqinguzheng,1,classical,0.27760589122772217,2.043201208114624,0.1600056290626526,0.27760589122772217,0.1093694418668747,0.04016098380088806,0.024153966456651688,0.10049016773700714,0.027275625616312027,0.05413580313324928,0.05542321875691414,0.1513793021440506
942,942,datasets/audios/eastern_sliced/guqinguzheng/guqinguzheng_062_000.wav,3,guqinguzheng,1,classical,0.8382231593132019,0.7071564197540283,0.009122971445322037,0.8382231593132019,0.0158153735101223,0.00789472833275795,0.0019071593414992094,0.08123704046010971,0.002259769942611456,0.009705478325486183,0.018067369237542152,0.01576697640120983
943,943,datasets/audios/eastern_sliced/guqinguzheng/guqinguzheng_062_001.wav,3,guqinguzheng,1,classical,0.8506617546081543,0.6877011060714722,0.005091296508908272,0.8506617546081543,0.03266428783535957,0.0054977452382445335,0.0014321040362119675,0.021621888503432274,0.0015875115059316158,0.035351380705833435,0.007434715051203966,0.038657352328300476
944,944,datasets/audios/eastern_sliced/guqinguzheng/guqinguzheng_062_002.wav,3,guqinguzheng,1,classical,0.8679913878440857,0.6145328879356384,0.0033570488449186087,0.8679913878440857,0.026437778025865555,0.004090097267180681,0.0011705301003530622,0.01464977115392685,0.0011752431746572256,0.03707711026072502,0.005496856290847063,0.03855418413877487
945,945,datasets/audios/eastern_sliced/guqinguzheng/guqinguzheng_062_003.wav,3,guqinguzheng,7,pop,0.33067724108695984,1.636925458908081,0.01043612789362669,0.2093602418899536,0.27709996700286865,0.01957971602678299,0.00585330231115222,0.023341288790106773,0.004258012864738703,0.33067724108695984,0.03119194507598877,0.08820212632417679
946,946,datasets/audios/eastern_sliced/guqinguzheng/guqinguzheng_062_004.wav,3,guqinguzheng,1,classical,0.4155329167842865,1.4847368001937866,0.0036031783092767,0.4155329167842865,0.2612529695034027,0.019467338919639587,0.0015578739112243056,0.006592827383428812,0.003474842058494687,0.12770603597164154,0.016242602840065956,0.14456945657730103
947,947,datasets/audios/eastern_sliced/guqinguzheng/guqinguzheng_063_000.wav,3,guqinguzheng,1,classical,0.29867252707481384,1.987296223640442,0.0677286833524704,0.29867252707481384,0.13492988049983978,0.0482206717133522,0.017439695075154305,0.06954530626535416,0.023202979937195778,0.13967429101467133,0.03141270577907562,0.1691732555627823
948,948,datasets/audios/eastern_sliced/guqinguzheng/guqinguzheng_063_001.wav,3,guqinguzheng,2,country,0.32531869411468506,1.7349917888641357,0.013461641035974026,0.1982162743806839,0.32531869411468506,0.04452729597687721,0.006990864407271147,0.013975812122225761,0.012359173968434334,0.2067711055278778,0.023899730294942856,0.15447939932346344
949,949,datasets/audios/eastern_sliced/guqinguzheng/guqinguzheng_063_002.wav,3,guqinguzheng,7,pop,0.2610035240650177,1.756173849105835,0.01134552527219057,0.20480597019195557,0.17504116892814636,0.04451896622776985,0.005179899279028177,0.011846647597849369,0.017715372145175934,0.2610035240650177,0.024540076032280922,0.24400292336940765
950,950,datasets/audios/eastern_sliced/guqinguzheng/guqinguzheng_063_003.wav,3,guqinguzheng,1,classical,0.33048656582832336,1.660696268081665,0.009367688558995724,0.33048656582832336,0.111966073513031,0.03228010609745979,0.005050978623330593,0.015210974030196667,0.010868801735341549,0.2400248944759369,0.019698189571499825,0.22504577040672302
951,951,datasets/audios/eastern_sliced/guqinguzheng/guqinguzheng_064_000.wav,3,guqinguzheng,1,classical,0.24834024906158447,1.9865120649337769,0.08228464424610138,0.24834024906158447,0.1190093606710434,0.043217696249485016,0.01622242107987404,0.10461078584194183,0.01931660994887352,0.09608324617147446,0.026991447433829308,0.24392355978488922
952,952,datasets/audios/eastern_sliced/guqinguzheng/guqinguzheng_064_001.wav,3,guqinguzheng,9,rock,0.19719412922859192,1.9874330759048462,0.06285401433706284,0.1902054101228714,0.16380614042282104,0.040688883513212204,0.014456924982368946,0.10304737091064453,0.01312161237001419,0.19373691082000732,0.020888669416308403,0.19719412922859192
953,953,datasets/audios/eastern_sliced/guqinguzheng/guqinguzheng_064_002.wav,3,guqinguzheng,1,classical,0.4174230396747589,1.778287649154663,0.0725797712802887,0.4174230396747589,0.10537441074848175,0.029629090800881386,0.008427186869084835,0.09707697480916977,0.01186571829020977,0.06290655583143234,0.022628581151366234,0.172088623046875
954,954,datasets/audios/eastern_sliced/guqinguzheng/guqinguzheng_064_003.wav,3,guqinguzheng,1,classical,0.4775669574737549,1.6577341556549072,0.05925264209508896,0.4775669574737549,0.10646755993366241,0.023501068353652954,0.006414951290935278,0.07629620283842087,0.009612114168703556,0.06077287346124649,0.017949437722563744,0.16216614842414856
955,955,datasets/audios/eastern_sliced/guqinguzheng/guqinguzheng_064_004.wav,3,guqinguzheng,9,rock,0.3423962891101837,1.8471198081970215,0.06573433429002762,0.15210755169391632,0.2068839818239212,0.034033048897981644,0.010119889862835407,0.04972866177558899,0.016342120245099068,0.10333620756864548,0.019317883998155594,0.3423962891101837
956,956,datasets/audios/eastern_sliced/guqinguzheng/guqinguzheng_065_000.wav,3,guqinguzheng,1,classical,0.19401538372039795,2.0972390174865723,0.18637947738170624,0.19401538372039795,0.15849068760871887,0.060404207557439804,0.025176022201776505,0.09161107242107391,0.021856015548110008,0.05157053843140602,0.06287949532270432,0.14761711657047272
957,957,datasets/audios/eastern_sliced/guqinguzheng/guqinguzheng_065_001.wav,3,guqinguzheng,1,classical,0.23660942912101746,2.103975296020508,0.08903062343597412,0.23660942912101746,0.10797566920518875,0.10925005376338959,0.02753610350191593,0.05143871158361435,0.020399263128638268,0.09735263884067535,0.07602512836456299,0.184382364153862
958,958,datasets/audios/eastern_sliced/guqinguzheng/guqinguzheng_065_002.wav,3,guqinguzheng,0,blues,0.20317484438419342,2.1672892570495605,0.20317484438419342,0.15271037817001343,0.06479965150356293,0.08288870751857758,0.048375848680734634,0.14294728636741638,0.03267260268330574,0.04917601868510246,0.09991581737995148,0.12333884835243225
959,959,datasets/audios/eastern_sliced/guqinguzheng/guqinguzheng_065_003.wav,3,guqinguzheng,0,blues,0.20025567710399628,2.167078971862793,0.20025567710399628,0.14477919042110443,0.05723732337355614,0.09464060515165329,0.05012258514761925,0.14544697105884552,0.030498895794153214,0.04781143367290497,0.12138883024454117,0.10781845450401306
960,960,datasets/audios/eastern_sliced/guqinguzheng/guqinguzheng_066_000.wav,3,guqinguzheng,2,country,0.7065408825874329,1.1237990856170654,0.019192606210708618,0.032039396464824677,0.7065408825874329,0.019581018015742302,0.006398050580173731,0.009181349538266659,0.008374950848519802,0.11854849010705948,0.019723882898688316,0.06041935458779335
961,961,datasets/audios/eastern_sliced/guqinguzheng/guqinguzheng_066_001.wav,3,guqinguzheng,9,rock,0.6041953563690186,1.3784971237182617,0.0251812431961298,0.0664341002702713,0.1043475940823555,0.0260415468364954,0.008014705963432789,0.010214755311608315,0.015808390453457832,0.12629829347133636,0.013463982380926609,0.6041953563690186
962,962,datasets/audios/eastern_sliced/guqinguzheng/guqinguzheng_066_002.wav,3,guqinguzheng,2,country,0.6092560887336731,1.3903298377990723,0.020614895969629288,0.05200034752488136,0.6092560887336731,0.02867797762155533,0.005921132862567902,0.009698029607534409,0.016841545701026917,0.08663356304168701,0.04213155061006546,0.12822479009628296
963,963,datasets/audios/eastern_sliced/guqinguzheng/guqinguzheng_066_003.wav,3,guqinguzheng,2,country,0.8051618933677673,0.8279539346694946,0.013396347872912884,0.019248424097895622,0.8051618933677673,0.01229571271687746,0.003679682267829776,0.004995119757950306,0.005457120947539806,0.08222587406635284,0.01152554340660572,0.042014263570308685
964,964,datasets/audios/eastern_sliced/guqinguzheng/guqinguzheng_066_004.wav,3,guqinguzheng,9,rock,0.23667964339256287,2.109581470489502,0.07450845837593079,0.05709049850702286,0.0882612019777298,0.04494381695985794,0.04239920154213905,0.0670338124036789,0.07178083062171936,0.22710691392421722,0.09019570797681808,0.23667964339256287
965,965,datasets/audios/eastern_sliced/guqinguzheng/guqinguzheng_067_000.wav,3,guqinguzheng,1,classical,0.28591907024383545,1.759429931640625,0.007295828778296709,0.28591907024383545,0.1178179681301117,0.08483846485614777,0.007616982329636812,0.0112040676176548,0.013462411239743233,0.23774684965610504,0.023989073932170868,0.21010923385620117
966,966,datasets/audios/eastern_sliced/guqinguzheng/guqinguzheng_067_001.wav,3,guqinguzheng,1,classical,0.5718521475791931,1.5288060903549194,0.021269407123327255,0.5718521475791931,0.07715578377246857,0.033234212547540665,0.011403954587876797,0.04144670069217682,0.021840564906597137,0.0662359744310379,0.03329959511756897,0.12226162850856781
967,967,datasets/audios/eastern_sliced/guqinguzheng/guqinguzheng_067_002.wav,3,guqinguzheng,1,classical,0.6639718413352966,1.2639435529708862,0.021440183743834496,0.6639718413352966,0.08359499275684357,0.027589045464992523,0.005842817947268486,0.020840497687458992,0.006607115268707275,0.04955951124429703,0.020707745105028152,0.09984630346298218
968,968,datasets/audios/eastern_sliced/guqinguzheng/guqinguzheng_067_003.wav,3,guqinguzheng,1,classical,0.6597304344177246,1.2496799230575562,0.009579130448400974,0.6597304344177246,0.09278656542301178,0.03534357622265816,0.0041352747939527035,0.013596180826425552,0.008013603277504444,0.06069188192486763,0.0192354004830122,0.09688809514045715
969,969,datasets/audios/eastern_sliced/guqinguzheng/guqinguzheng_067_004.wav,3,guqinguzheng,1,classical,0.25209057331085205,1.825478196144104,0.009481643326580524,0.25209057331085205,0.17933282256126404,0.08860253542661667,0.00868881307542324,0.011520960368216038,0.01745222695171833,0.1903245449066162,0.028802072629332542,0.21370384097099304
970,970,datasets/audios/eastern_sliced/guqinguzheng/guqinguzheng_068_000.wav,3,guqinguzheng,1,classical,0.22908006608486176,2.1721420288085938,0.12399820238351822,0.22908006608486176,0.106227345764637,0.07632971554994583,0.062494270503520966,0.07838139683008194,0.022061867639422417,0.07244317978620529,0.09842056781053543,0.13056333363056183
971,971,datasets/audios/eastern_sliced/guqinguzheng/guqinguzheng_068_001.wav,3,guqinguzheng,1,classical,0.17956264317035675,2.1841964721679688,0.11638256907463074,0.17956264317035675,0.14288249611854553,0.08452127873897552,0.053138092160224915,0.059207089245319366,0.023885896429419518,0.0773409828543663,0.10489445179700851,0.1581844836473465
972,972,datasets/audios/eastern_sliced/guqinguzheng/guqinguzheng_068_002.wav,3,guqinguzheng,9,rock,0.17508800327777863,2.1763851642608643,0.08917781710624695,0.17024333775043488,0.13311155140399933,0.09612613916397095,0.05871094763278961,0.04645730182528496,0.02064685896039009,0.12054192274808884,0.08989612013101578,0.17508800327777863
973,973,datasets/audios/eastern_sliced/guqinguzheng/guqinguzheng_068_003.wav,3,guqinguzheng,1,classical,0.1937810778617859,2.1874208450317383,0.14274221658706665,0.1937810778617859,0.10043389350175858,0.08424098044633865,0.06584875285625458,0.06583674252033234,0.02238374948501587,0.07839816808700562,0.09506817907094955,0.15126612782478333
974,974,datasets/audios/eastern_sliced/guqinguzheng/guqinguzheng_068_004.wav,3,guqinguzheng,1,classical,0.244869664311409,2.1354317665100098,0.1318754106760025,0.244869664311409,0.10680774599313736,0.06913293153047562,0.058373190462589264,0.06783795356750488,0.02059684321284294,0.06072374805808067,0.09119028598070145,0.14859214425086975
975,975,datasets/audios/eastern_sliced/guqinguzheng/guqinguzheng_069_000.wav,3,guqinguzheng,1,classical,0.43909215927124023,1.6458536386489868,0.02736823633313179,0.43909215927124023,0.10693790018558502,0.02750016376376152,0.006971921306103468,0.022862186655402184,0.010400339961051941,0.10000932216644287,0.03337717428803444,0.22548054158687592
976,976,datasets/audios/eastern_sliced/guqinguzheng/guqinguzheng_069_001.wav,3,guqinguzheng,1,classical,0.8434562683105469,0.733773946762085,0.015481720678508282,0.8434562683105469,0.0250786654651165,0.00692488718777895,0.0018605936784297228,0.021683139726519585,0.0018547491636127234,0.02812015637755394,0.01401359960436821,0.041526250541210175
977,977,datasets/audios/eastern_sliced/guqinguzheng/guqinguzheng_069_002.wav,3,guqinguzheng,1,classical,0.7423948049545288,1.045363426208496,0.018313147127628326,0.7423948049545288,0.04579862579703331,0.012326130643486977,0.003135167993605137,0.019309161230921745,0.002990640001371503,0.058604754507541656,0.021350497379899025,0.07577705383300781
978,978,datasets/audios/eastern_sliced/guqinguzheng/guqinguzheng_069_003.wav,3,guqinguzheng,1,classical,0.3672097325325012,1.8996453285217285,0.05780792236328125,0.3672097325325012,0.14499354362487793,0.03590540587902069,0.01491451170295477,0.1015276238322258,0.01693566143512726,0.09045926481485367,0.03371192514896393,0.13653437793254852
979,979,datasets/audios/eastern_sliced/guqinguzheng/guqinguzheng_069_004.wav,3,guqinguzheng,7,pop,0.20177261531352997,1.992308259010315,0.04785031080245972,0.18940676748752594,0.1977975219488144,0.04725842550396919,0.017332561314105988,0.08088885247707367,0.015148041769862175,0.20177261531352997,0.0291178859770298,0.173427015542984
980,980,datasets/audios/eastern_sliced/guqinguzheng/guqinguzheng_070_000.wav,3,guqinguzheng,2,country,0.33894023299217224,1.8241722583770752,0.09117026627063751,0.2178000658750534,0.33894023299217224,0.0247945599257946,0.009368641301989555,0.036593738943338394,0.012041633948683739,0.07338133454322815,0.031518567353487015,0.1643909513950348
981,981,datasets/audios/eastern_sliced/guqinguzheng/guqinguzheng_070_001.wav,3,guqinguzheng,1,classical,0.3401297628879547,1.8738270998001099,0.10340475291013718,0.3401297628879547,0.16225047409534454,0.02613762579858303,0.009765243157744408,0.0681595429778099,0.014098812825977802,0.06086535379290581,0.033322062343358994,0.18186648190021515
982,982,datasets/audios/eastern_sliced/guqinguzheng/guqinguzheng_070_002.wav,3,guqinguzheng,2,country,0.3338536322116852,1.8438057899475098,0.10649116337299347,0.1800197958946228,0.3338536322116852,0.02712376043200493,0.008971386589109898,0.03368375077843666,0.012295238673686981,0.07635805010795593,0.03220600262284279,0.18899720907211304
983,983,datasets/audios/eastern_sliced/guqinguzheng/guqinguzheng_071_000.wav,3,guqinguzheng,1,classical,0.4644273817539215,1.598222017288208,0.0650048553943634,0.4644273817539215,0.12983278930187225,0.026853865012526512,0.007954016327857971,0.03803812339901924,0.008965807966887951,0.02499675750732422,0.01864270307123661,0.2152838110923767
984,984,datasets/audios/eastern_sliced/guqinguzheng/guqinguzheng_071_001.wav,3,guqinguzheng,1,classical,0.5262353420257568,1.599947214126587,0.07053673267364502,0.5262353420257568,0.10707751661539078,0.0361238457262516,0.010697233490645885,0.060719020664691925,0.010175015777349472,0.02446015179157257,0.02713646925985813,0.12683868408203125
985,985,datasets/audios/eastern_sliced/guqinguzheng/guqinguzheng_072_000.wav,3,guqinguzheng,1,classical,0.745741605758667,1.012196660041809,0.012214400805532932,0.745741605758667,0.07497608661651611,0.006788400001823902,0.0046583786606788635,0.024649780243635178,0.003501766361296177,0.048305511474609375,0.009099493734538555,0.07006459683179855
986,986,datasets/audios/eastern_sliced/guqinguzheng/guqinguzheng_072_001.wav,3,guqinguzheng,1,classical,0.76469486951828,0.9095393419265747,0.008154462091624737,0.76469486951828,0.1090335100889206,0.005726974923163652,0.0021528536453843117,0.01623447611927986,0.0019878444727510214,0.03562537953257561,0.006695259362459183,0.04969434067606926
987,987,datasets/audios/eastern_sliced/guqinguzheng/guqinguzheng_072_002.wav,3,guqinguzheng,1,classical,0.7963141798973083,0.7997252941131592,0.0043648481369018555,0.7963141798973083,0.09650759398937225,0.003784294007346034,0.0010086731053888798,0.010438437573611736,0.0010919817723333836,0.03658753260970116,0.004548788070678711,0.045353565365076065
988,988,datasets/audios/eastern_sliced/guqinguzheng/guqinguzheng_073_000.wav,3,guqinguzheng,1,classical,0.6122249364852905,1.414635419845581,0.04798347130417824,0.6122249364852905,0.01694672927260399,0.017348580062389374,0.008855448104441166,0.09629739820957184,0.008777983486652374,0.06538733839988708,0.042709365487098694,0.0834687352180481
989,989,datasets/audios/eastern_sliced/guqinguzheng/guqinguzheng_073_001.wav,3,guqinguzheng,1,classical,0.6506132483482361,1.3326581716537476,0.05068502947688103,0.6506132483482361,0.05177978798747063,0.010562296956777573,0.006208591163158417,0.0922469049692154,0.016563499346375465,0.02339346893131733,0.03875749558210373,0.05918961018323898
990,990,datasets/audios/eastern_sliced/guqinguzheng/guqinguzheng_073_002.wav,3,guqinguzheng,1,classical,0.6592326164245605,1.3087589740753174,0.0488581620156765,0.6592326164245605,0.05408394709229469,0.010090024210512638,0.006123899947851896,0.08944772183895111,0.016605744138360023,0.0214461088180542,0.03561239689588547,0.05849936977028847
991,991,datasets/audios/eastern_sliced/guqinguzheng/guqinguzheng_073_003.wav,3,guqinguzheng,1,classical,0.4881877303123474,1.6522995233535767,0.07706626504659653,0.4881877303123474,0.04153604432940483,0.016412882134318352,0.012964087538421154,0.1827111542224884,0.02028687112033367,0.04348335415124893,0.034829795360565186,0.08252182602882385
992,992,datasets/audios/eastern_sliced/guqinguzheng/guqinguzheng_073_004.wav,3,guqinguzheng,9,rock,0.40584316849708557,1.868828535079956,0.07427126169204712,0.09839370101690292,0.11723913252353668,0.017614150419831276,0.020946254953742027,0.05128215625882149,0.13526274263858795,0.043463438749313354,0.03568394109606743,0.40584316849708557
993,993,datasets/audios/eastern_sliced/guqinguzheng/guqinguzheng_074_000.wav,3,guqinguzheng,2,country,0.1884666383266449,2.1839678287506104,0.0948907807469368,0.10785512626171112,0.1884666383266449,0.07077125459909439,0.06150810047984123,0.05862514674663544,0.03248094394803047,0.14634762704372406,0.07154465466737747,0.16750967502593994
994,994,datasets/audios/eastern_sliced/guqinguzheng/guqinguzheng_074_001.wav,3,guqinguzheng,9,rock,0.15909166634082794,2.2243261337280273,0.11752905696630478,0.11825832724571228,0.15352587401866913,0.0771993100643158,0.06823117285966873,0.07120392471551895,0.03465971723198891,0.12538348138332367,0.07491746544837952,0.15909166634082794
995,995,datasets/audios/eastern_sliced/guqinguzheng/guqinguzheng_075_000.wav,3,guqinguzheng,1,classical,0.35144737362861633,1.679183006286621,0.021517891436815262,0.35144737362861633,0.07395901530981064,0.04081188514828682,0.00927824154496193,0.022735964506864548,0.005657046567648649,0.23750624060630798,0.01832580752670765,0.21876059472560883
996,996,datasets/audios/eastern_sliced/guqinguzheng/guqinguzheng_075_001.wav,3,guqinguzheng,7,pop,0.8355673551559448,0.7658722996711731,0.004981588572263718,0.010655687190592289,0.021523399278521538,0.029855482280254364,0.030980948358774185,0.007157589308917522,0.003310915781185031,0.8355673551559448,0.012930305674672127,0.04303668811917305
997,997,datasets/audios/eastern_sliced/guqinguzheng/guqinguzheng_075_002.wav,3,guqinguzheng,7,pop,0.6958141326904297,1.1178760528564453,0.007660943549126387,0.021701008081436157,0.02913472056388855,0.04519785940647125,0.0156338382512331,0.008713288232684135,0.011217663064599037,0.6958141326904297,0.014098434709012508,0.1508280336856842
998,998,datasets/audios/eastern_sliced/guqinguzheng/guqinguzheng_075_003.wav,3,guqinguzheng,7,pop,0.5721051692962646,1.3186008930206299,0.005724506452679634,0.034631021320819855,0.045576922595500946,0.05294744297862053,0.010057375766336918,0.0055366079322993755,0.0179094560444355,0.5721051692962646,0.01645631529390812,0.23905517160892487
999,999,datasets/audios/eastern_sliced/guqinguzheng/guqinguzheng_075_004.wav,3,guqinguzheng,1,classical,0.912094235420227,0.4465143382549286,0.01402655616402626,0.912094235420227,0.019089095294475555,0.0026733821723610163,0.0004074343596585095,0.0324929840862751,0.0009279612568207085,0.0022870793472975492,0.005443738307803869,0.010557501576840878
1000,1000,datasets/audios/eastern_sliced/guqinguzheng/guqinguzheng_076_000.wav,3,guqinguzheng,2,country,0.2787870168685913,2.1311452388763428,0.09394790232181549,0.1259123533964157,0.2787870168685913,0.07123985886573792,0.044466547667980194,0.08892010897397995,0.03520193323493004,0.08010655641555786,0.06887082010507584,0.11254685372114182
1001,1001,datasets/audios/eastern_sliced/guqinguzheng/guqinguzheng_076_001.wav,3,guqinguzheng,2,country,0.27565139532089233,2.006725549697876,0.05709754675626755,0.19216889142990112,0.27565139532089233,0.0680345669388771,0.020711101591587067,0.05022435262799263,0.02092604525387287,0.09691278636455536,0.050757937133312225,0.1675153374671936
1002,1002,datasets/audios/eastern_sliced/guqinguzheng/guqinguzheng_076_002.wav,3,guqinguzheng,1,classical,0.3225187063217163,1.9807453155517578,0.06043845787644386,0.3225187063217163,0.18343059718608856,0.06271732598543167,0.02034519985318184,0.07118464261293411,0.01951533555984497,0.075352743268013,0.05296613276004791,0.13153082132339478
1003,1003,datasets/audios/eastern_sliced/guqinguzheng/guqinguzheng_076_003.wav,3,guqinguzheng,9,rock,0.2651043236255646,1.964054822921753,0.04817847162485123,0.17303596436977386,0.20931674540042877,0.05666494369506836,0.024501580744981766,0.037764567881822586,0.017127642408013344,0.13163433969020844,0.036671433597803116,0.2651043236255646
1004,1004,datasets/audios/eastern_sliced/guqinguzheng/guqinguzheng_076_004.wav,3,guqinguzheng,1,classical,0.44123151898384094,1.8414030075073242,0.04215480759739876,0.44123151898384094,0.09902175515890121,0.04519952833652496,0.0209328755736351,0.07056821137666702,0.017544951289892197,0.09415094554424286,0.0739508643746376,0.09524457901716232
1005,1005,datasets/audios/eastern_sliced/guqinguzheng/guqinguzheng_077_000.wav,3,guqinguzheng,1,classical,0.7147871851921082,1.0462850332260132,0.004456970375031233,0.7147871851921082,0.0680723488330841,0.010401916690170765,0.002239810535684228,0.019795075058937073,0.0013274109223857522,0.1171463280916214,0.010679222643375397,0.05109381303191185
1006,1006,datasets/audios/eastern_sliced/guqinguzheng/guqinguzheng_077_001.wav,3,guqinguzheng,1,classical,0.47481146454811096,1.4712636470794678,0.009099607355892658,0.47481146454811096,0.172345370054245,0.016421616077423096,0.0026938868686556816,0.024467365816235542,0.0023973218630999327,0.20425347983837128,0.012686059810221195,0.08082389086484909
1007,1007,datasets/audios/eastern_sliced/guqinguzheng/guqinguzheng_077_002.wav,3,guqinguzheng,7,pop,0.8922674655914307,0.522854745388031,0.0010255944216623902,0.02770313434302807,0.030339479446411133,0.010764334350824356,0.0028884068597108126,0.0027185978833585978,0.0004458923067431897,0.8922674655914307,0.0049468218348920345,0.02690030261874199
1008,1008,datasets/audios/eastern_sliced/guqinguzheng/guqinguzheng_078_000.wav,3,guqinguzheng,1,classical,0.6990212202072144,1.2215023040771484,0.03494025394320488,0.6990212202072144,0.04478063806891441,0.022183334454894066,0.0068908026441931725,0.06293817609548569,0.008112098090350628,0.03443335369229317,0.02865644358098507,0.05804363265633583
1009,1009,datasets/audios/eastern_sliced/guqinguzheng/guqinguzheng_078_001.wav,3,guqinguzheng,1,classical,0.7860350012779236,0.9494601488113403,0.024280909448862076,0.7860350012779236,0.022091254591941833,0.018336178734898567,0.00434177927672863,0.048700906336307526,0.005142586305737495,0.02571972645819187,0.02249312773346901,0.042858514934778214
1010,1010,datasets/audios/eastern_sliced/guqinguzheng/guqinguzheng_078_002.wav,3,guqinguzheng,1,classical,0.48047345876693726,1.705971121788025,0.0979694053530693,0.48047345876693726,0.08126817643642426,0.028762465342879295,0.01105404831469059,0.07080167531967163,0.012365560047328472,0.04738600179553032,0.03246873989701271,0.13745050132274628
1011,1011,datasets/audios/eastern_sliced/guqinguzheng/guqinguzheng_078_003.wav,3,guqinguzheng,1,classical,0.5663765072822571,1.5570911169052124,0.0308800358325243,0.5663765072822571,0.05174686387181282,0.05001721903681755,0.011728924699127674,0.05461951345205307,0.010370803065598011,0.09232564270496368,0.037928175181150436,0.09400635957717896
1012,1012,datasets/audios/eastern_sliced/guqinguzheng/guqinguzheng_078_004.wav,3,guqinguzheng,1,classical,0.6089617013931274,1.3951408863067627,0.03476782888174057,0.6089617013931274,0.10994221270084381,0.0243159681558609,0.005659434013068676,0.0292372964322567,0.0062339892610907555,0.05961981043219566,0.020461654290556908,0.10080001503229141
1013,1013,datasets/audios/eastern_sliced/guqinguzheng/guqinguzheng_079_000.wav,3,guqinguzheng,7,pop,0.21920613944530487,2.0385611057281494,0.08453814685344696,0.11086033284664154,0.18313585221767426,0.02886900305747986,0.030958665534853935,0.18438416719436646,0.01638505421578884,0.21920613944530487,0.03259148448705673,0.10907110571861267
1014,1014,datasets/audios/eastern_sliced/guqinguzheng/guqinguzheng_079_001.wav,3,guqinguzheng,2,country,0.33296114206314087,1.9354280233383179,0.05804147943854332,0.2032386213541031,0.33296114206314087,0.04169657826423645,0.020816229283809662,0.04728494957089424,0.020203502848744392,0.10932500660419464,0.0522671677172184,0.1141653060913086
1015,1015,datasets/audios/eastern_sliced/guqinguzheng/guqinguzheng_079_002.wav,3,guqinguzheng,2,country,0.30785027146339417,1.9494411945343018,0.05840425565838814,0.21893611550331116,0.30785027146339417,0.042408883571624756,0.020587678998708725,0.044593874365091324,0.021167436614632607,0.11203603446483612,0.05015388876199722,0.12386159598827362
1016,1016,datasets/audios/eastern_sliced/guqinguzheng/guqinguzheng_079_003.wav,3,guqinguzheng,2,country,0.2563823163509369,1.8875895738601685,0.06166462600231171,0.24098145961761475,0.2563823163509369,0.03206564858555794,0.013663091696798801,0.035948604345321655,0.012712604366242886,0.13384246826171875,0.02727673389017582,0.18546244502067566
1017,1017,datasets/audios/eastern_sliced/guqinguzheng/guqinguzheng_079_004.wav,3,guqinguzheng,1,classical,0.5559274554252625,1.5416347980499268,0.06225554645061493,0.5559274554252625,0.1108694076538086,0.018506238237023354,0.009507935494184494,0.048111386597156525,0.00981519091874361,0.05064060539007187,0.027663102373480797,0.10670313239097595
1018,1018,datasets/audios/eastern_sliced/guqinguzheng/guqinguzheng_080_000.wav,3,guqinguzheng,1,classical,0.21667005121707916,2.1230037212371826,0.0738542452454567,0.21667005121707916,0.09374326467514038,0.17850935459136963,0.029547126963734627,0.04481680318713188,0.026916664093732834,0.09637758135795593,0.09617826342582703,0.1433866322040558
1019,1019,datasets/audios/eastern_sliced/guqinguzheng/guqinguzheng_080_001.wav,3,guqinguzheng,1,classical,0.2715817093849182,2.072197437286377,0.049566756933927536,0.2715817093849182,0.039094142615795135,0.09828445315361023,0.07199347764253616,0.07993878424167633,0.02033391408622265,0.17846804857254028,0.062075257301330566,0.12866345047950745
1020,1020,datasets/audios/eastern_sliced/guqinguzheng/guqinguzheng_080_002.wav,3,guqinguzheng,1,classical,0.30586594343185425,2.057720184326172,0.054591529071331024,0.30586594343185425,0.04032522067427635,0.07782074064016342,0.0792524442076683,0.08701955527067184,0.01916101574897766,0.14579078555107117,0.06622325628995895,0.1239495500922203
1021,1021,datasets/audios/eastern_sliced/guqinguzheng/guqinguzheng_080_003.wav,3,guqinguzheng,1,classical,0.271442711353302,2.1008121967315674,0.053574517369270325,0.271442711353302,0.03934939205646515,0.07604960352182388,0.08469325304031372,0.1283731311559677,0.020243242383003235,0.13959726691246033,0.07866645604372025,0.1080104261636734
1022,1022,datasets/audios/eastern_sliced/guqinguzheng/guqinguzheng_080_004.wav,3,guqinguzheng,7,pop,0.2781508266925812,2.097210168838501,0.044058579951524734,0.13424082100391388,0.04199583828449249,0.07905717939138412,0.11941706389188766,0.08723975718021393,0.02173629403114319,0.2781508266925812,0.0827130675315857,0.11139053106307983
1023,1023,datasets/audios/eastern_sliced/guqinguzheng/guqinguzheng_081_000.wav,3,guqinguzheng,1,classical,0.3309866487979889,1.8921895027160645,0.06037551164627075,0.3309866487979889,0.19811519980430603,0.035898786038160324,0.009990361519157887,0.060045741498470306,0.013572386465966702,0.12390842288732529,0.034869804978370667,0.13223710656166077
1024,1024,datasets/audios/eastern_sliced/guqinguzheng/guqinguzheng_081_001.wav,3,guqinguzheng,9,rock,0.2755715250968933,1.8028979301452637,0.03272773697972298,0.13566958904266357,0.1753522753715515,0.03598249703645706,0.012271895073354244,0.0331331230700016,0.014355777762830257,0.27143949270248413,0.013496053405106068,0.2755715250968933
1025,1025,datasets/audios/eastern_sliced/guqinguzheng/guqinguzheng_081_002.wav,3,guqinguzheng,1,classical,0.39737871289253235,1.7793166637420654,0.07727669179439545,0.39737871289253235,0.13155359029769897,0.023976167663931847,0.00873606838285923,0.08272722363471985,0.01409195363521576,0.06373120844364166,0.01492802333086729,0.1856004297733307
1026,1026,datasets/audios/eastern_sliced/guqinguzheng/guqinguzheng_081_003.wav,3,guqinguzheng,9,rock,0.2674948275089264,1.830843448638916,0.07014945894479752,0.22962693870067596,0.20157326757907867,0.024011021479964256,0.006284812930971384,0.052757978439331055,0.009009970352053642,0.1284421980381012,0.010649492964148521,0.2674948275089264
1027,1027,datasets/audios/eastern_sliced/guqinguzheng/guqinguzheng_081_004.wav,3,guqinguzheng,2,country,0.2937049865722656,1.8754793405532837,0.11575433611869812,0.1170191615819931,0.2937049865722656,0.027985023334622383,0.008420636877417564,0.06330348551273346,0.014058929868042469,0.11178983747959137,0.012422294355928898,0.23554126918315887
1028,1028,datasets/audios/eastern_sliced/guqinguzheng/guqinguzheng_082_000.wav,3,guqinguzheng,2,country,0.48065876960754395,1.6110918521881104,0.0263986699283123,0.09874541312456131,0.48065876960754395,0.04690700024366379,0.00914215948432684,0.0131004573777318,0.008974592201411724,0.15496256947517395,0.022862855345010757,0.1382475346326828
1029,1029,datasets/audios/eastern_sliced/guqinguzheng/guqinguzheng_082_001.wav,3,guqinguzheng,2,country,0.49838268756866455,1.5489016771316528,0.020962107926607132,0.09032385051250458,0.49838268756866455,0.040360163897275925,0.008032208308577538,0.009822310879826546,0.007729536388069391,0.1602819263935089,0.020765943452715874,0.14333926141262054
1030,1030,datasets/audios/eastern_sliced/guqinguzheng/guqinguzheng_082_002.wav,3,guqinguzheng,2,country,0.6274242997169495,1.2807165384292603,0.015936866402626038,0.057808417826890945,0.6274242997169495,0.028650201857089996,0.004675270989537239,0.0059312875382602215,0.0058640725910663605,0.12404529750347137,0.014930625446140766,0.11473365873098373
1031,1031,datasets/audios/eastern_sliced/guqinguzheng/guqinguzheng_083_000.wav,3,guqinguzheng,1,classical,0.5893091559410095,1.4063403606414795,0.016948526725172997,0.5893091559410095,0.12393026053905487,0.02020605467259884,0.005758071318268776,0.03243818134069443,0.008240452967584133,0.07386281341314316,0.017138289287686348,0.11216826736927032
1032,1032,datasets/audios/eastern_sliced/guqinguzheng/guqinguzheng_083_001.wav,3,guqinguzheng,1,classical,0.6154204607009888,1.2982181310653687,0.009607167914509773,0.6154204607009888,0.08510618656873703,0.016071075573563576,0.0033292972948402166,0.023779816925525665,0.0038223930168896914,0.12249398976564407,0.011320576071739197,0.10904902964830399
1033,1033,datasets/audios/eastern_sliced/guqinguzheng/guqinguzheng_083_002.wav,3,guqinguzheng,1,classical,0.36950811743736267,1.6610602140426636,0.013584070838987827,0.36950811743736267,0.13551738858222961,0.025321168825030327,0.005839499179273844,0.033688049763441086,0.005549444351345301,0.23267105221748352,0.014819505624473095,0.16350175440311432
1034,1034,datasets/audios/eastern_sliced/guqinguzheng/guqinguzheng_083_003.wav,3,guqinguzheng,9,rock,0.29265373945236206,1.7270517349243164,0.01440607849508524,0.1719084233045578,0.15618954598903656,0.03497733920812607,0.008031328208744526,0.020725438371300697,0.011394640430808067,0.2717266380786896,0.017986847087740898,0.29265373945236206
1035,1035,datasets/audios/eastern_sliced/guqinguzheng/guqinguzheng_083_004.wav,3,guqinguzheng,1,classical,0.7406854033470154,1.0260370969772339,0.008127815090119839,0.7406854033470154,0.058905910700559616,0.00984017364680767,0.003668865654617548,0.025813361629843712,0.003820432350039482,0.05217190459370613,0.011708659119904041,0.08525749295949936
1036,1036,datasets/audios/eastern_sliced/guqinguzheng/guqinguzheng_084_000.wav,3,guqinguzheng,7,pop,0.35652706027030945,1.6195451021194458,0.009037251584231853,0.21413648128509521,0.1031700000166893,0.03914942592382431,0.007246786262840033,0.014179117046296597,0.005367828067392111,0.35652706027030945,0.01158598717302084,0.2396000623703003
1037,1037,datasets/audios/eastern_sliced/guqinguzheng/guqinguzheng_084_001.wav,3,guqinguzheng,1,classical,0.3157004117965698,1.7121764421463013,0.012260847724974155,0.3157004117965698,0.21974948048591614,0.04729115590453148,0.006373198237270117,0.019268788397312164,0.006409836001694202,0.22196215391159058,0.01877417042851448,0.13220997154712677
1038,1038,datasets/audios/eastern_sliced/guqinguzheng/guqinguzheng_084_002.wav,3,guqinguzheng,7,pop,0.4041445255279541,1.6109896898269653,0.007842888124287128,0.1582658886909485,0.16769707202911377,0.04416119307279587,0.005287503823637962,0.012278861366212368,0.005382463335990906,0.4041445255279541,0.013565079309046268,0.18137456476688385
1039,1039,datasets/audios/eastern_sliced/guqinguzheng/guqinguzheng_084_003.wav,3,guqinguzheng,7,pop,0.3570142686367035,1.5828721523284912,0.009843031875789165,0.073042131960392,0.2748282551765442,0.047867439687252045,0.006380127277225256,0.007063369732350111,0.00652946624904871,0.3570142686367035,0.011929738335311413,0.20550216734409332
1040,1040,datasets/audios/eastern_sliced/guqinguzheng/guqinguzheng_084_004.wav,3,guqinguzheng,7,pop,0.49271905422210693,1.4186662435531616,0.006139128934592009,0.06686913222074509,0.12055345624685287,0.040167756378650665,0.005491173826158047,0.00583961047232151,0.005099134054034948,0.49271905422210693,0.008945700712502003,0.24817587435245514
1041,1041,datasets/audios/eastern_sliced/guqinguzheng/guqinguzheng_085_000.wav,3,guqinguzheng,1,classical,0.7515351176261902,1.0372800827026367,0.023242250084877014,0.7515351176261902,0.03753307834267616,0.011387866921722889,0.004320546053349972,0.05144907534122467,0.0037055988796055317,0.04547601938247681,0.01388802845031023,0.057462405413389206
1042,1042,datasets/audios/eastern_sliced/guqinguzheng/guqinguzheng_085_001.wav,3,guqinguzheng,1,classical,0.3522230386734009,1.6287460327148438,0.019015386700630188,0.3522230386734009,0.26996076107025146,0.016906937584280968,0.004629597067832947,0.046083688735961914,0.0033452187199145555,0.1945144683122635,0.013070362620055676,0.08025050163269043
1043,1043,datasets/audios/eastern_sliced/guqinguzheng/guqinguzheng_085_002.wav,3,guqinguzheng,7,pop,0.2712836265563965,1.7052613496780396,0.01833430863916874,0.24418297410011292,0.2612321078777313,0.021244917064905167,0.008594482205808163,0.03723423555493355,0.0046720304526388645,0.2712836265563965,0.013762177899479866,0.11945921927690506
1044,1044,datasets/audios/eastern_sliced/guqinguzheng/guqinguzheng_085_003.wav,3,guqinguzheng,7,pop,0.28453007340431213,1.7068263292312622,0.015920568257570267,0.2565412223339081,0.2261853665113449,0.02188623696565628,0.00767758022993803,0.0389070138335228,0.00508749159052968,0.28453007340431213,0.013832791708409786,0.12943172454833984
1045,1045,datasets/audios/eastern_sliced/guqinguzheng/guqinguzheng_086_000.wav,3,guqinguzheng,2,country,0.36742326617240906,1.6480493545532227,0.023156117647886276,0.2983967065811157,0.36742326617240906,0.02459760196506977,0.008566223084926605,0.018999652937054634,0.005756322760134935,0.1202608272433281,0.0311358030885458,0.10170748084783554
1046,1046,datasets/audios/eastern_sliced/guqinguzheng/guqinguzheng_086_001.wav,3,guqinguzheng,1,classical,0.3233981430530548,1.719338297843933,0.02606094442307949,0.3233981430530548,0.2852804958820343,0.026932988315820694,0.010552722029387951,0.023997146636247635,0.005511852912604809,0.153042733669281,0.02742581255733967,0.11779715865850449
1047,1047,datasets/audios/eastern_sliced/guqinguzheng/guqinguzheng_086_002.wav,3,guqinguzheng,2,country,0.2882280647754669,1.8201000690460205,0.03377764672040939,0.26500070095062256,0.2882280647754669,0.03616039827466011,0.012789825908839703,0.027860872447490692,0.008383344858884811,0.1619977504014969,0.03598589450120926,0.1298155039548874
1048,1048,datasets/audios/eastern_sliced/guqinguzheng/guqinguzheng_087_000.wav,3,guqinguzheng,1,classical,0.22900693118572235,2.1515934467315674,0.09383030980825424,0.22900693118572235,0.1575988084077835,0.050916653126478195,0.03936140611767769,0.0856989324092865,0.033863283693790436,0.09983080625534058,0.07891542464494705,0.13097749650478363
1049,1049,datasets/audios/eastern_sliced/guqinguzheng/guqinguzheng_087_001.wav,3,guqinguzheng,1,classical,0.45069658756256104,1.8150599002838135,0.0660281628370285,0.45069658756256104,0.06675156205892563,0.04456354305148125,0.01704064942896366,0.10486798733472824,0.01588856242597103,0.08428623527288437,0.04608781263232231,0.1037888303399086
1050,1050,datasets/audios/eastern_sliced/guqinguzheng/guqinguzheng_087_002.wav,3,guqinguzheng,1,classical,0.4470027685165405,1.8433239459991455,0.06643523275852203,0.4470027685165405,0.07642954587936401,0.04316964000463486,0.022556737065315247,0.0891825333237648,0.02085847407579422,0.07676681131124496,0.053542930632829666,0.10405530035495758
1051,1051,datasets/audios/eastern_sliced/guqinguzheng/guqinguzheng_087_003.wav,3,guqinguzheng,1,classical,0.47899627685546875,1.7738726139068604,0.061104658991098404,0.47899627685546875,0.07012111693620682,0.04184947907924652,0.022175826132297516,0.07822774350643158,0.017301270738244057,0.06849567592144012,0.04884859919548035,0.11287933588027954
1052,1052,datasets/audios/eastern_sliced/guqinguzheng/guqinguzheng_087_004.wav,3,guqinguzheng,1,classical,0.2647216022014618,2.1105284690856934,0.0662415400147438,0.2647216022014618,0.1150478795170784,0.05945010855793953,0.03746309131383896,0.07495914399623871,0.031749069690704346,0.13270303606987,0.06856077164411545,0.14910376071929932
1053,1053,datasets/audios/eastern_sliced/guqinguzheng/guqinguzheng_088_000.wav,3,guqinguzheng,1,classical,0.38055694103240967,1.8227896690368652,0.1369646042585373,0.38055694103240967,0.17269113659858704,0.030329115688800812,0.017658039927482605,0.09767700731754303,0.012680151499807835,0.024527009576559067,0.027809670194983482,0.09910641610622406
1054,1054,datasets/audios/eastern_sliced/guqinguzheng/guqinguzheng_088_001.wav,3,guqinguzheng,2,country,0.2547547519207001,2.0239715576171875,0.13466747105121613,0.21824081242084503,0.2547547519207001,0.050504811108112335,0.030878257006406784,0.08067643642425537,0.018216460943222046,0.05968959257006645,0.03682393208146095,0.11554749310016632
1055,1055,datasets/audios/eastern_sliced/guqinguzheng/guqinguzheng_088_002.wav,3,guqinguzheng,1,classical,0.4098641276359558,1.7743244171142578,0.07698351889848709,0.4098641276359558,0.21113868057727814,0.03198535367846489,0.01545854564756155,0.07171344012022018,0.01230060588568449,0.038754794746637344,0.03133481368422508,0.10046614706516266
1056,1056,datasets/audios/eastern_sliced/guqinguzheng/guqinguzheng_088_003.wav,3,guqinguzheng,1,classical,0.30545181035995483,1.8949155807495117,0.1551600694656372,0.30545181035995483,0.2276514321565628,0.03094744309782982,0.02229292318224907,0.10102269053459167,0.016465328633785248,0.029139244928956032,0.032069552689790726,0.07979951798915863
1057,1057,datasets/audios/eastern_sliced/guqinguzheng/guqinguzheng_088_004.wav,3,guqinguzheng,2,country,0.25404325127601624,2.0078606605529785,0.14644907414913177,0.22591066360473633,0.25404325127601624,0.04104817286133766,0.03644050285220146,0.0753106102347374,0.018923504278063774,0.04445615038275719,0.04199238121509552,0.11542569845914841
1058,1058,datasets/audios/eastern_sliced/guqinguzheng/guqinguzheng_089_000.wav,3,guqinguzheng,1,classical,0.5589969754219055,1.470956802368164,0.01788017526268959,0.5589969754219055,0.11101873964071274,0.02076696790754795,0.004577389918267727,0.03703879937529564,0.006325144320726395,0.12489161640405655,0.022840866819024086,0.0956634059548378
1059,1059,datasets/audios/eastern_sliced/guqinguzheng/guqinguzheng_089_001.wav,3,guqinguzheng,7,pop,0.5409141778945923,1.4814133644104004,0.005941133946180344,0.11436131596565247,0.1353415548801422,0.07220567017793655,0.004827309865504503,0.012639378197491169,0.004238403867930174,0.5409141778945923,0.029446430504322052,0.08008462935686111
1060,1060,datasets/audios/eastern_sliced/guqinguzheng/guqinguzheng_089_002.wav,3,guqinguzheng,7,pop,0.5365813374519348,1.4234676361083984,0.0055806804448366165,0.16550792753696442,0.10801658779382706,0.03407204896211624,0.0032883964013308287,0.012223009020090103,0.003122408175840974,0.5365813374519348,0.016508586704730988,0.11509900540113449
1061,1061,datasets/audios/eastern_sliced/guqinguzheng/guqinguzheng_089_003.wav,3,guqinguzheng,7,pop,0.538390576839447,1.4559814929962158,0.006515861488878727,0.18971818685531616,0.06837686151266098,0.05196315050125122,0.005081667564809322,0.018718164414167404,0.004092833027243614,0.538390576839447,0.026282906532287598,0.09085974097251892
1062,1062,datasets/audios/eastern_sliced/guqinguzheng/guqinguzheng_089_004.wav,3,guqinguzheng,1,classical,0.7474560737609863,1.058152437210083,0.036776114255189896,0.7474560737609863,0.05705951899290085,0.014274708926677704,0.004131901077926159,0.045320071280002594,0.005414576735347509,0.01800636574625969,0.020485682412981987,0.05107496306300163
1063,1063,datasets/audios/eastern_sliced/guqinguzheng/guqinguzheng_090_000.wav,3,guqinguzheng,1,classical,0.9229465126991272,0.4009202718734741,0.001622114679776132,0.9229465126991272,0.016293272376060486,0.0032142202835530043,0.00042364452383480966,0.006965157575905323,0.0005445503047667444,0.020762478932738304,0.0034889299422502518,0.023739216849207878
1064,1064,datasets/audios/eastern_sliced/guqinguzheng/guqinguzheng_090_001.wav,3,guqinguzheng,1,classical,0.8444275856018066,0.6906723976135254,0.003912502899765968,0.8444275856018066,0.03378601744771004,0.005428277421742678,0.0011580705177038908,0.011975341476500034,0.0017162180738523602,0.033963195979595184,0.006743894889950752,0.05688886344432831
1065,1065,datasets/audios/eastern_sliced/guqinguzheng/guqinguzheng_090_002.wav,3,guqinguzheng,1,classical,0.6302986145019531,1.2398420572280884,0.008300057612359524,0.6302986145019531,0.13355952501296997,0.010234629735350609,0.0023308175150305033,0.025021836161613464,0.002085532993078232,0.09488701075315475,0.008889219723641872,0.08439271152019501
1066,1066,datasets/audios/eastern_sliced/guqinguzheng/guqinguzheng_090_003.wav,3,guqinguzheng,1,classical,0.679828941822052,1.1409599781036377,0.00626584654673934,0.679828941822052,0.11416774988174438,0.010901423171162605,0.002021629363298416,0.02092774212360382,0.0028118060436099768,0.07188735902309418,0.010316663421690464,0.08087076991796494
1067,1067,datasets/audios/eastern_sliced/guqinguzheng/guqinguzheng_090_004.wav,3,guqinguzheng,1,classical,0.8395291566848755,0.7301111221313477,0.005644231103360653,0.8395291566848755,0.03040863759815693,0.006638131570070982,0.0013723926385864615,0.02266862243413925,0.0022108491975814104,0.04016318917274475,0.009452213533222675,0.04191259294748306
1068,1068,datasets/audios/eastern_sliced/guqinguzheng/guqinguzheng_091_000.wav,3,guqinguzheng,1,classical,0.37797811627388,1.9061627388000488,0.14737080037593842,0.37797811627388,0.09675021469593048,0.028877582401037216,0.032022297382354736,0.1110292300581932,0.019985554739832878,0.025750646367669106,0.06406023353338242,0.09617537260055542
1069,1069,datasets/audios/eastern_sliced/guqinguzheng/guqinguzheng_091_001.wav,3,guqinguzheng,0,blues,0.2535199820995331,2.060659408569336,0.2535199820995331,0.19169631600379944,0.1331106424331665,0.03296542167663574,0.056656766682863235,0.10003858804702759,0.029074691236019135,0.03169974312186241,0.055368572473526,0.11586921662092209
1070,1070,datasets/audios/eastern_sliced/guqinguzheng/guqinguzheng_091_002.wav,3,guqinguzheng,1,classical,0.21892717480659485,2.1098530292510986,0.17901594936847687,0.21892717480659485,0.15003806352615356,0.03787529096007347,0.05401407182216644,0.09279217571020126,0.02735576592385769,0.044191453605890274,0.06881816685199738,0.12697184085845947
1071,1071,datasets/audios/eastern_sliced/guqinguzheng/guqinguzheng_091_003.wav,3,guqinguzheng,1,classical,0.5136318802833557,1.6758286952972412,0.09426435083150864,0.5136318802833557,0.06100577861070633,0.028165284544229507,0.016848385334014893,0.0955500528216362,0.016730953007936478,0.03218914940953255,0.04822492226958275,0.09338927268981934
1072,1072,datasets/audios/eastern_sliced/guqinguzheng/guqinguzheng_091_004.wav,3,guqinguzheng,1,classical,0.39450135827064514,1.8710142374038696,0.1558399498462677,0.39450135827064514,0.056647028774023056,0.03428894281387329,0.02856176532804966,0.12494596838951111,0.021601280197501183,0.024695977568626404,0.06676656752824783,0.09215119481086731
1073,1073,datasets/audios/eastern_sliced/guqinguzheng/guqinguzheng_092_000.wav,3,guqinguzheng,1,classical,0.9028631448745728,0.5040441155433655,0.01393486000597477,0.9028631448745728,0.01592327281832695,0.004011018201708794,0.0008777414914220572,0.02815799042582512,0.0019791587255895138,0.007125267758965492,0.011766641400754452,0.013360966928303242
1074,1074,datasets/audios/eastern_sliced/guqinguzheng/guqinguzheng_092_001.wav,3,guqinguzheng,1,classical,0.8169746398925781,0.8280068635940552,0.029910238459706306,0.8169746398925781,0.02534469962120056,0.01016366109251976,0.0027093675453215837,0.054954227060079575,0.004201930947601795,0.011905447579920292,0.018394287675619125,0.025441579520702362
1075,1075,datasets/audios/eastern_sliced/guqinguzheng/guqinguzheng_092_002.wav,3,guqinguzheng,1,classical,0.7237691879272461,1.118537187576294,0.04641604796051979,0.7237691879272461,0.03842891752719879,0.016126735135912895,0.004533667583018541,0.08735779672861099,0.006463915109634399,0.01970226876437664,0.025071075186133385,0.032130442559719086
1076,1076,datasets/audios/eastern_sliced/guqinguzheng/guqinguzheng_092_003.wav,3,guqinguzheng,1,classical,0.8123679161071777,0.8350511193275452,0.02514364756643772,0.8123679161071777,0.02790500782430172,0.009988260455429554,0.0026414450258016586,0.06605085730552673,0.005039543844759464,0.011419315822422504,0.019950775429606438,0.019493194296956062
1077,1077,datasets/audios/eastern_sliced/guqinguzheng/guqinguzheng_092_004.wav,3,guqinguzheng,1,classical,0.5307071805000305,1.4591578245162964,0.11060014367103577,0.5307071805000305,0.03457602113485336,0.018958568572998047,0.005483055952936411,0.20859256386756897,0.009508269838988781,0.013565675355494022,0.036271270364522934,0.03173729032278061
1078,1078,datasets/audios/eastern_sliced/guqinguzheng/guqinguzheng_093_000.wav,3,guqinguzheng,1,classical,0.6532331109046936,1.1722444295883179,0.009618809446692467,0.6532331109046936,0.14593720436096191,0.004507989622652531,0.0018958748551085591,0.015037473291158676,0.008395393379032612,0.031032033264636993,0.019909758120775223,0.11043240875005722
1079,1079,datasets/audios/eastern_sliced/guqinguzheng/guqinguzheng_093_001.wav,3,guqinguzheng,7,pop,0.8425722718238831,0.6396344304084778,0.0019291259814053774,0.015101548284292221,0.008735109120607376,0.020771991461515427,0.004416217096149921,0.0029488038271665573,0.0013229524483904243,0.8425722718238831,0.0034394387621432543,0.0987626314163208
1080,1080,datasets/audios/eastern_sliced/guqinguzheng/guqinguzheng_093_002.wav,3,guqinguzheng,7,pop,0.8522680997848511,0.6220850348472595,0.001486539957113564,0.018271757289767265,0.010547219775617123,0.023928524926304817,0.0023564763832837343,0.0025369697250425816,0.0009072921238839626,0.8522680997848511,0.004076333250850439,0.0836208313703537
1081,1081,datasets/audios/eastern_sliced/guqinguzheng/guqinguzheng_093_003.wav,3,guqinguzheng,7,pop,0.29366549849510193,1.7663654088974,0.013688350096344948,0.244582399725914,0.0704667940735817,0.05465003848075867,0.011189360171556473,0.02076491340994835,0.02418450638651848,0.29366549849510193,0.025601670145988464,0.24120643734931946
1082,1082,datasets/audios/eastern_sliced/guqinguzheng/guqinguzheng_094_000.wav,3,guqinguzheng,1,classical,0.3715759217739105,1.8654203414916992,0.05949018523097038,0.3715759217739105,0.20609350502490997,0.04437463730573654,0.01436749380081892,0.061132073402404785,0.022105319425463676,0.041632864624261856,0.053688742220401764,0.12553928792476654
1083,1083,datasets/audios/eastern_sliced/guqinguzheng/guqinguzheng_094_001.wav,3,guqinguzheng,1,classical,0.31068098545074463,1.8569951057434082,0.044244490563869476,0.31068098545074463,0.26756682991981506,0.045780934393405914,0.011894170194864273,0.035631708800792694,0.02209055982530117,0.04845142364501953,0.06319338828325272,0.15046551823616028
1084,1084,datasets/audios/eastern_sliced/guqinguzheng/guqinguzheng_094_002.wav,3,guqinguzheng,2,country,0.31293946504592896,1.8622199296951294,0.052412137389183044,0.2615219056606293,0.31293946504592896,0.04213687777519226,0.012570375576615334,0.031660668551921844,0.019662119448184967,0.04929184541106224,0.07169593125581741,0.1461087316274643
1085,1085,datasets/audios/eastern_sliced/guqinguzheng/guqinguzheng_094_003.wav,3,guqinguzheng,1,classical,0.3275682330131531,1.9815922975540161,0.053610917180776596,0.3275682330131531,0.1711418181657791,0.058323293924331665,0.021397829055786133,0.0495741106569767,0.02280300483107567,0.10080477595329285,0.0648692399263382,0.12990671396255493
1086,1086,datasets/audios/eastern_sliced/guqinguzheng/guqinguzheng_094_004.wav,3,guqinguzheng,2,country,0.4138956367969513,1.8169881105422974,0.04139041155576706,0.06792453676462173,0.4138956367969513,0.09020183235406876,0.012358540669083595,0.014885989017784595,0.026002325117588043,0.0678643062710762,0.09634435176849365,0.16913215816020966
1087,1087,datasets/audios/eastern_sliced/guqinguzheng/guqinguzheng_095_000.wav,3,guqinguzheng,2,country,0.31656286120414734,1.873693823814392,0.03876905143260956,0.13273407518863678,0.31656286120414734,0.05878815799951553,0.013690096326172352,0.019518723711371422,0.01634909398853779,0.16038112342357635,0.03999762237071991,0.20320920646190643
1088,1088,datasets/audios/eastern_sliced/guqinguzheng/guqinguzheng_095_001.wav,3,guqinguzheng,9,rock,0.2232389748096466,2.008873224258423,0.05010704696178436,0.19126027822494507,0.17505954205989838,0.06354109197854996,0.017992520704865456,0.04058576002717018,0.01694127731025219,0.16778239607810974,0.05349113419651985,0.2232389748096466
1089,1089,datasets/audios/eastern_sliced/guqinguzheng/guqinguzheng_095_002.wav,3,guqinguzheng,2,country,0.27063965797424316,1.8203574419021606,0.02207631804049015,0.20849545300006866,0.27063965797424316,0.04864111170172691,0.009470146149396896,0.01708180643618107,0.01365911029279232,0.16757351160049438,0.031366489827632904,0.2109963446855545
1090,1090,datasets/audios/eastern_sliced/guqinguzheng/guqinguzheng_095_003.wav,3,guqinguzheng,1,classical,0.2815065383911133,1.7571760416030884,0.018937749788165092,0.2815065383911133,0.24961581826210022,0.04210527241230011,0.0075023118406534195,0.015319888480007648,0.009363316930830479,0.16835357248783112,0.024251913651823997,0.18304353952407837
1091,1091,datasets/audios/eastern_sliced/guqinguzheng/guqinguzheng_095_004.wav,3,guqinguzheng,2,country,0.26976972818374634,1.7634514570236206,0.016167977824807167,0.22339285910129547,0.26976972818374634,0.045845627784729004,0.007349946536123753,0.013937100768089294,0.009605331346392632,0.1965382844209671,0.023938162252306938,0.1934550255537033
1092,1092,datasets/audios/eastern_sliced/guqinguzheng/guqinguzheng_096_000.wav,3,guqinguzheng,7,pop,0.565025806427002,1.3256465196609497,0.006592060439288616,0.13995273411273956,0.12756843864917755,0.019406279549002647,0.0023859143257141113,0.008901556022465229,0.0016199053497985005,0.565025806427002,0.006263920571655035,0.12228338420391083
1093,1093,datasets/audios/eastern_sliced/guqinguzheng/guqinguzheng_096_001.wav,3,guqinguzheng,7,pop,0.5071189403533936,1.3899266719818115,0.004319172352552414,0.16336825489997864,0.13084295392036438,0.0212993361055851,0.0018605082295835018,0.006466484162956476,0.001694571110419929,0.5071189403533936,0.006461318116635084,0.1565685272216797
1094,1094,datasets/audios/eastern_sliced/guqinguzheng/guqinguzheng_096_002.wav,3,guqinguzheng,7,pop,0.6650136113166809,1.114601969718933,0.0032664930913597345,0.04551668092608452,0.1118076741695404,0.02630944363772869,0.0025600905064493418,0.003434625221416354,0.0017633847892284393,0.6650136113166809,0.005061851814389229,0.13526616990566254
1095,1095,datasets/audios/eastern_sliced/guqinguzheng/guqinguzheng_097_000.wav,3,guqinguzheng,1,classical,0.2725578844547272,2.0546298027038574,0.05099329724907875,0.2725578844547272,0.11337662488222122,0.0644504725933075,0.055339131504297256,0.045010484755039215,0.01942342519760132,0.1525125801563263,0.05513890087604523,0.17119719088077545
1096,1096,datasets/audios/eastern_sliced/guqinguzheng/guqinguzheng_097_001.wav,3,guqinguzheng,1,classical,0.27373242378234863,2.0617380142211914,0.053031839430332184,0.27373242378234863,0.10717854648828506,0.06644411385059357,0.059600576758384705,0.04755517840385437,0.0195023063570261,0.15216554701328278,0.05337031930685043,0.16741913557052612
1097,1097,datasets/audios/eastern_sliced/guqinguzheng/guqinguzheng_097_002.wav,3,guqinguzheng,1,classical,0.3218669891357422,1.9213824272155762,0.03578441962599754,0.3218669891357422,0.10883042216300964,0.08367422223091125,0.028330156579613686,0.033702414482831955,0.0156833715736866,0.1230691447854042,0.03659624978899956,0.2124626487493515
1098,1098,datasets/audios/eastern_sliced/guqinguzheng/guqinguzheng_097_003.wav,3,guqinguzheng,1,classical,0.32675543427467346,1.9462532997131348,0.03246364742517471,0.32675543427467346,0.1077442541718483,0.07306256145238876,0.031802210956811905,0.034797947853803635,0.022140737622976303,0.1393129825592041,0.044839292764663696,0.18708091974258423
1099,1099,datasets/audios/eastern_sliced/guqinguzheng/guqinguzheng_098_000.wav,3,guqinguzheng,0,blues,0.33550992608070374,1.8320603370666504,0.33550992608070374,0.17749550938606262,0.029303323477506638,0.011438857764005661,0.02487591654062271,0.1968526840209961,0.028849884867668152,0.011330151930451393,0.08821012079715729,0.09613360464572906
1100,1100,datasets/audios/eastern_sliced/guqinguzheng/guqinguzheng_098_001.wav,3,guqinguzheng,5,jazz,0.3873264491558075,1.6874685287475586,0.22635403275489807,0.1884760856628418,0.037585511803627014,0.010531104169785976,0.014327699318528175,0.3873264491558075,0.019511021673679352,0.012259252369403839,0.0560092069208622,0.047619570046663284
1101,1101,datasets/audios/eastern_sliced/guqinguzheng/guqinguzheng_098_002.wav,3,guqinguzheng,1,classical,0.31990519165992737,1.6627027988433838,0.26117590069770813,0.31990519165992737,0.025447603315114975,0.007498936261981726,0.008391888812184334,0.23742572963237762,0.017586398869752884,0.010082465596497059,0.03907521814107895,0.07341066002845764
1102,1102,datasets/audios/eastern_sliced/guqinguzheng/guqinguzheng_098_003.wav,3,guqinguzheng,1,classical,0.3632704019546509,1.6697046756744385,0.2527328133583069,0.3632704019546509,0.03118911385536194,0.008317812345921993,0.009652668610215187,0.18595916032791138,0.018935875967144966,0.009381714276969433,0.03739430010318756,0.08316611498594284
1103,1103,datasets/audios/eastern_sliced/guqinguzheng/guqinguzheng_098_004.wav,3,guqinguzheng,5,jazz,0.39899593591690063,1.7427488565444946,0.19601312279701233,0.15585952997207642,0.030583970248699188,0.009838873520493507,0.01965359039604664,0.39899593591690063,0.025631440803408623,0.011938264593482018,0.07615412771701813,0.0753311812877655
1104,1104,datasets/audios/eastern_sliced/guqinguzheng/guqinguzheng_099_000.wav,3,guqinguzheng,1,classical,0.28719449043273926,2.050795316696167,0.09493599832057953,0.28719449043273926,0.1304243803024292,0.022011566907167435,0.0770936980843544,0.16133993864059448,0.020928243175148964,0.0475357323884964,0.08332548290491104,0.07521043717861176
1105,1105,datasets/audios/eastern_sliced/guqinguzheng/guqinguzheng_099_001.wav,3,guqinguzheng,7,pop,0.3671194314956665,1.9346853494644165,0.03467972204089165,0.035158444195985794,0.11300019174814224,0.050617437809705734,0.16703450679779053,0.04218968003988266,0.023749465122818947,0.3671194314956665,0.0839744284749031,0.08247663080692291
1106,1106,datasets/audios/eastern_sliced/guqinguzheng/guqinguzheng_099_002.wav,3,guqinguzheng,7,pop,0.26356005668640137,2.0348665714263916,0.0467364527285099,0.026581095531582832,0.12508732080459595,0.0589698925614357,0.22707341611385345,0.05405397340655327,0.03340570628643036,0.26356005668640137,0.09503263980150223,0.06949946284294128
1107,1107,datasets/audios/eastern_sliced/guqinguzheng/guqinguzheng_099_003.wav,3,guqinguzheng,4,hiphop,0.31132036447525024,1.983833909034729,0.04476406052708626,0.025263188406825066,0.11015644669532776,0.05039188638329506,0.31132036447525024,0.050888240337371826,0.033493489027023315,0.2155631184577942,0.09276887774467468,0.06539041548967361
1108,1108,datasets/audios/eastern_sliced/guqinguzheng/guqinguzheng_099_004.wav,3,guqinguzheng,1,classical,0.359327495098114,1.8484010696411133,0.10917681455612183,0.359327495098114,0.0950545072555542,0.022210385650396347,0.017052873969078064,0.20177391171455383,0.012986867688596249,0.04560955613851547,0.02761082910001278,0.10919690877199173
1109,1109,datasets/audios/eastern_sliced/jingju/jingju_000_000.wav,4,jingju,1,classical,0.2409670352935791,2.0247561931610107,0.0464785061776638,0.2409670352935791,0.158821702003479,0.06505423784255981,0.0255648922175169,0.07932247221469879,0.01705942489206791,0.21211792528629303,0.03912514075636864,0.11548871546983719
1110,1110,datasets/audios/eastern_sliced/jingju/jingju_000_001.wav,4,jingju,1,classical,0.43757498264312744,1.8230372667312622,0.04105979949235916,0.43757498264312744,0.10500619560480118,0.06198219209909439,0.015162567608058453,0.12034387141466141,0.016721218824386597,0.08226964622735977,0.03782356157898903,0.08205600082874298
1111,1111,datasets/audios/eastern_sliced/jingju/jingju_000_002.wav,4,jingju,1,classical,0.3886696696281433,1.928290843963623,0.04687200486660004,0.3886696696281433,0.0983923152089119,0.0799652710556984,0.022367114201188087,0.07919801026582718,0.019415829330682755,0.12492682784795761,0.04746377840638161,0.09272918105125427
1112,1112,datasets/audios/eastern_sliced/jingju/jingju_000_003.wav,4,jingju,1,classical,0.4597422480583191,1.7798194885253906,0.03742557391524315,0.4597422480583191,0.07297293841838837,0.07025744020938873,0.01424655131995678,0.14007319509983063,0.01605013571679592,0.07351025938987732,0.047502025961875916,0.06821959465742111
1113,1113,datasets/audios/eastern_sliced/jingju/jingju_000_004.wav,4,jingju,1,classical,0.6766477823257446,1.2599828243255615,0.02922562137246132,0.6766477823257446,0.062094081193208694,0.026367977261543274,0.007385914213955402,0.09894952178001404,0.012331075966358185,0.020084569230675697,0.027249537408351898,0.03966401889920235
1114,1114,datasets/audios/eastern_sliced/jingju/jingju_001_000.wav,4,jingju,2,country,0.1987161934375763,2.162191152572632,0.1307266354560852,0.11188426613807678,0.1987161934375763,0.059585828334093094,0.18310478329658508,0.05259598419070244,0.033016398549079895,0.1003102958202362,0.0523829385638237,0.07767662405967712
1115,1115,datasets/audios/eastern_sliced/jingju/jingju_001_001.wav,4,jingju,4,hiphop,0.20707887411117554,2.119704246520996,0.09076537936925888,0.06709255278110504,0.1921294927597046,0.06861701607704163,0.20707887411117554,0.041715122759342194,0.027934327721595764,0.16806241869926453,0.04990437999367714,0.08670040220022202
1116,1116,datasets/audios/eastern_sliced/jingju/jingju_001_002.wav,4,jingju,4,hiphop,0.18764156103134155,2.16648006439209,0.09457753598690033,0.08997970074415207,0.17672891914844513,0.07439203560352325,0.18764156103134155,0.047583237290382385,0.02756757102906704,0.1528463214635849,0.05664893239736557,0.0920342430472374
1117,1117,datasets/audios/eastern_sliced/jingju/jingju_002_000.wav,4,jingju,1,classical,0.6209496855735779,1.3860005140304565,0.04172709211707115,0.6209496855735779,0.1262141466140747,0.018203530460596085,0.007248526439070702,0.05013487860560417,0.01048754807561636,0.03612056002020836,0.027142072096467018,0.061771929264068604
1118,1118,datasets/audios/eastern_sliced/jingju/jingju_002_001.wav,4,jingju,4,hiphop,0.16805359721183777,2.178530693054199,0.08325331658124924,0.13673286139965057,0.1538102775812149,0.05349249392747879,0.16805359721183777,0.05635164678096771,0.019270943477749825,0.14576850831508636,0.07927310466766357,0.10399320721626282
1119,1119,datasets/audios/eastern_sliced/jingju/jingju_002_002.wav,4,jingju,1,classical,0.46182623505592346,1.7543596029281616,0.04191626235842705,0.46182623505592346,0.16309724748134613,0.04021364450454712,0.025202162563800812,0.044050414115190506,0.01387450098991394,0.08413390815258026,0.04343752935528755,0.0822480320930481
1120,1120,datasets/audios/eastern_sliced/jingju/jingju_002_003.wav,4,jingju,7,pop,0.2810507118701935,2.0118086338043213,0.0320681594312191,0.11264323443174362,0.06017632037401199,0.04376240074634552,0.14328014850616455,0.06583955138921738,0.010247715748846531,0.2810507118701935,0.18794336915016174,0.06298842281103134
1121,1121,datasets/audios/eastern_sliced/jingju/jingju_002_004.wav,4,jingju,8,reggae,0.260370671749115,2.0406248569488525,0.05829375982284546,0.0767049714922905,0.07393955439329147,0.051102541387081146,0.2323693484067917,0.07057315111160278,0.01312202401459217,0.1093347817659378,0.260370671749115,0.05418910086154938
1122,1122,datasets/audios/eastern_sliced/jingju/jingju_003_000.wav,4,jingju,1,classical,0.3751637041568756,1.693988561630249,0.02790450118482113,0.3751637041568756,0.061613019555807114,0.018854783847928047,0.016231417655944824,0.029381169006228447,0.08662813901901245,0.041958559304475784,0.028151078149676323,0.314113587141037
1123,1123,datasets/audios/eastern_sliced/jingju/jingju_003_001.wav,4,jingju,1,classical,0.38867300748825073,1.9710335731506348,0.05682256817817688,0.38867300748825073,0.11103617399930954,0.06298056989908218,0.04416246712207794,0.060479920357465744,0.0400216318666935,0.07833972573280334,0.046690892428159714,0.11079304665327072
1124,1124,datasets/audios/eastern_sliced/jingju/jingju_003_002.wav,4,jingju,9,rock,0.3068668246269226,1.9184869527816772,0.04018232226371765,0.280983567237854,0.06735783815383911,0.03814268484711647,0.03179427608847618,0.0448235459625721,0.07682183384895325,0.07607118040323257,0.03695589303970337,0.3068668246269226
1125,1125,datasets/audios/eastern_sliced/jingju/jingju_004_000.wav,4,jingju,1,classical,0.41313406825065613,1.91897714138031,0.041157081723213196,0.41313406825065613,0.06741783022880554,0.06532181054353714,0.06504130363464355,0.09679412841796875,0.01281560305505991,0.08836976438760757,0.07684102654457092,0.07310730218887329
1126,1126,datasets/audios/eastern_sliced/jingju/jingju_004_001.wav,4,jingju,1,classical,0.29110243916511536,2.0830423831939697,0.05678495019674301,0.29110243916511536,0.07493182271718979,0.04699697718024254,0.10248715430498123,0.15434911847114563,0.018272921442985535,0.09249193966388702,0.07740570604801178,0.08517701923847198
1127,1127,datasets/audios/eastern_sliced/jingju/jingju_005_000.wav,4,jingju,1,classical,0.7255366444587708,1.1492959260940552,0.03186932951211929,0.7255366444587708,0.04626794531941414,0.01794871874153614,0.010315258987247944,0.06003206595778465,0.009017917327582836,0.025890542194247246,0.02665417455136776,0.046467386186122894
1128,1128,datasets/audios/eastern_sliced/jingju/jingju_005_001.wav,4,jingju,1,classical,0.5338419675827026,1.6689534187316895,0.052467282861471176,0.5338419675827026,0.06965868175029755,0.02954641543328762,0.035642366856336594,0.09051980823278427,0.015476487576961517,0.0560089647769928,0.04237036406993866,0.07446763664484024
1129,1129,datasets/audios/eastern_sliced/jingju/jingju_006_000.wav,4,jingju,1,classical,0.19663089513778687,2.1911780834198,0.06329400092363358,0.19663089513778687,0.07419673353433609,0.1277027577161789,0.12008338421583176,0.07209672033786774,0.029417024925351143,0.13883273303508759,0.05746880918741226,0.12027701735496521
1130,1130,datasets/audios/eastern_sliced/jingju/jingju_006_001.wav,4,jingju,7,pop,0.20431801676750183,2.1278374195098877,0.0389072485268116,0.18878185749053955,0.07090019434690475,0.1257420778274536,0.10739308595657349,0.05576872453093529,0.028302893042564392,0.20431801676750183,0.04753605276346207,0.13234984874725342
1131,1131,datasets/audios/eastern_sliced/jingju/jingju_007_000.wav,4,jingju,1,classical,0.6833165287971497,1.240265965461731,0.03399369865655899,0.6833165287971497,0.09244062006473541,0.013912271708250046,0.012703505344688892,0.0530269518494606,0.007857480086386204,0.025483716279268265,0.02067544125020504,0.056589871644973755
1132,1132,datasets/audios/eastern_sliced/jingju/jingju_007_001.wav,4,jingju,1,classical,0.7287973761558533,1.1202936172485352,0.029722513630986214,0.7287973761558533,0.06461426615715027,0.012846536003053188,0.010763605125248432,0.05061381310224533,0.00670931302011013,0.023517144843935966,0.01801689900457859,0.05439860373735428
1133,1133,datasets/audios/eastern_sliced/jingju/jingju_007_002.wav,4,jingju,1,classical,0.6408036351203918,1.3611018657684326,0.042401086539030075,0.6408036351203918,0.10419914871454239,0.016273556277155876,0.015839753672480583,0.0597098171710968,0.009111086837947369,0.029182592406868935,0.02914266847074032,0.05333665758371353
1134,1134,datasets/audios/eastern_sliced/jingju/jingju_007_003.wav,4,jingju,1,classical,0.5546994209289551,1.5755977630615234,0.055532056838274,0.5546994209289551,0.12553691864013672,0.020442724227905273,0.025865497067570686,0.06978718191385269,0.011548415757715702,0.03222639113664627,0.040587522089481354,0.06377390027046204
1135,1135,datasets/audios/eastern_sliced/jingju/jingju_008_000.wav,4,jingju,1,classical,0.3801496624946594,1.926352620124817,0.09792930632829666,0.3801496624946594,0.060953885316848755,0.036147549748420715,0.1148066520690918,0.13469836115837097,0.01692233234643936,0.026809411123394966,0.07740642130374908,0.054176412522792816
1136,1136,datasets/audios/eastern_sliced/jingju/jingju_008_001.wav,4,jingju,1,classical,0.38285014033317566,1.9294753074645996,0.06263750791549683,0.38285014033317566,0.06655189394950867,0.02868499420583248,0.09798625856637955,0.1423480361700058,0.012370681390166283,0.04817679896950722,0.088412806391716,0.06998087465763092
1137,1137,datasets/audios/eastern_sliced/jingju/jingju_009_000.wav,4,jingju,1,classical,0.8440452814102173,0.7369454503059387,0.014271306805312634,0.8440452814102173,0.029123378917574883,0.0103301377967,0.003751913085579872,0.03799450024962425,0.004720273427665234,0.010863542556762695,0.010160808451473713,0.03473890200257301
1138,1138,datasets/audios/eastern_sliced/jingju/jingju_009_001.wav,4,jingju,1,classical,0.7866582870483398,0.9376233816146851,0.022033952176570892,0.7866582870483398,0.03302035480737686,0.011266166344285011,0.011417812667787075,0.050144489854574203,0.00546838017180562,0.016689440235495567,0.01084852498024702,0.052452586591243744
1139,1139,datasets/audios/eastern_sliced/jingju/jingju_009_002.wav,4,jingju,1,classical,0.742170512676239,1.0729970932006836,0.019034555181860924,0.742170512676239,0.04183967038989067,0.011782473884522915,0.012639991007745266,0.05101495608687401,0.005362318828701973,0.03572368621826172,0.012262221425771713,0.06816953420639038
1140,1140,datasets/audios/eastern_sliced/jingju/jingju_009_003.wav,4,jingju,1,classical,0.6181305050849915,1.4404466152191162,0.040557458996772766,0.6181305050849915,0.07329872250556946,0.01885354146361351,0.03110775351524353,0.06975749880075455,0.00957728922367096,0.034717243164777756,0.024194717407226562,0.07980530709028244
1141,1141,datasets/audios/eastern_sliced/jingju/jingju_009_004.wav,4,jingju,1,classical,0.7296252250671387,1.1248598098754883,0.02091072127223015,0.7296252250671387,0.04723452031612396,0.016779199242591858,0.01344618946313858,0.05391393229365349,0.006786898244172335,0.03348580375313759,0.015975164249539375,0.0618424154818058
1142,1142,datasets/audios/eastern_sliced/jingju/jingju_010_000.wav,4,jingju,7,pop,0.24815665185451508,2.1099588871002197,0.05663573369383812,0.16198258101940155,0.11879517138004303,0.06217813491821289,0.09118285030126572,0.054024968296289444,0.021197570487856865,0.24815665185451508,0.05222804471850395,0.13361822068691254
1143,1143,datasets/audios/eastern_sliced/jingju/jingju_010_001.wav,4,jingju,1,classical,0.17274890840053558,2.218916177749634,0.11218585073947906,0.17274890840053558,0.11026275902986526,0.061238911002874374,0.14601759612560272,0.06830351799726486,0.03307798504829407,0.11745592206716537,0.07013769447803497,0.108570896089077
1144,1144,datasets/audios/eastern_sliced/jingju/jingju_010_002.wav,4,jingju,4,hiphop,0.22556795179843903,2.158147096633911,0.15658417344093323,0.14952966570854187,0.0719597116112709,0.05487552657723427,0.22556795179843903,0.0757518783211708,0.028959520161151886,0.07551465183496475,0.08240548521280289,0.0788513794541359
1145,1145,datasets/audios/eastern_sliced/jingju/jingju_010_003.wav,4,jingju,7,pop,0.3334729075431824,2.0480456352233887,0.054355740547180176,0.07341870665550232,0.10334350913763046,0.0770166888833046,0.12158842384815216,0.04852142930030823,0.02436179667711258,0.3334729075431824,0.06443268805742264,0.09948817640542984
1146,1146,datasets/audios/eastern_sliced/jingju/jingju_010_004.wav,4,jingju,7,pop,0.2179904282093048,2.197587251663208,0.06955499202013016,0.1269470602273941,0.11245530098676682,0.07502853125333786,0.10304629802703857,0.07650651782751083,0.030246201902627945,0.2179904282093048,0.07621144503355026,0.1120133101940155
1147,1147,datasets/audios/eastern_sliced/jingju/jingju_011_000.wav,4,jingju,1,classical,0.6040554642677307,1.4581332206726074,0.05021583288908005,0.6040554642677307,0.0422779880464077,0.026661403477191925,0.039182398468256,0.12638816237449646,0.012480061501264572,0.019071120768785477,0.03028840385377407,0.04937925562262535
1148,1148,datasets/audios/eastern_sliced/jingju/jingju_011_001.wav,4,jingju,1,classical,0.5546115636825562,1.588605284690857,0.05704318732023239,0.5546115636825562,0.04376225918531418,0.030897904187440872,0.054459650069475174,0.1297636330127716,0.014058025553822517,0.025832857936620712,0.03504257649183273,0.054528381675481796
1149,1149,datasets/audios/eastern_sliced/jingju/jingju_011_002.wav,4,jingju,4,hiphop,0.2617664337158203,2.031217575073242,0.09996531158685684,0.23573793470859528,0.056874293833971024,0.0460086315870285,0.2617664337158203,0.11097578704357147,0.019677234813570976,0.04457974433898926,0.0557437501847744,0.06867091357707977
1150,1150,datasets/audios/eastern_sliced/jingju/jingju_011_003.wav,4,jingju,1,classical,0.3239234387874603,1.999086856842041,0.08299853652715683,0.3239234387874603,0.059649307280778885,0.04368312656879425,0.17926090955734253,0.12226832658052444,0.01793195679783821,0.04472067207098007,0.0538000762462616,0.07176368683576584
1151,1151,datasets/audios/eastern_sliced/jingju/jingju_012_000.wav,4,jingju,4,hiphop,0.21745683252811432,2.12748384475708,0.06990990042686462,0.19884929060935974,0.07867823541164398,0.06145638972520828,0.21745683252811432,0.06877008080482483,0.0162575151771307,0.11047950387001038,0.06227114424109459,0.11587117612361908
1152,1152,datasets/audios/eastern_sliced/jingju/jingju_013_000.wav,4,jingju,1,classical,0.6283653974533081,1.4406565427780151,0.044960975646972656,0.6283653974533081,0.06752240657806396,0.033296357840299606,0.016623860225081444,0.05813648924231529,0.015104754827916622,0.04144207015633583,0.034763824194669724,0.059783898293972015
1153,1153,datasets/audios/eastern_sliced/jingju/jingju_013_001.wav,4,jingju,1,classical,0.5029305219650269,1.744662880897522,0.06720545142889023,0.5029305219650269,0.09474578499794006,0.044587694108486176,0.03309784084558487,0.06595747172832489,0.018884239718317986,0.05337030813097954,0.044074662029743195,0.07514602690935135
1154,1154,datasets/audios/eastern_sliced/jingju/jingju_013_002.wav,4,jingju,1,classical,0.5573446750640869,1.6083714962005615,0.07049640268087387,0.5573446750640869,0.08663066476583481,0.03311016410589218,0.023313695564866066,0.07164783030748367,0.018116530030965805,0.03486122563481331,0.038368742913007736,0.0661100298166275
1155,1155,datasets/audios/eastern_sliced/jingju/jingju_013_003.wav,4,jingju,1,classical,0.6301261782646179,1.4240485429763794,0.0346299484372139,0.6301261782646179,0.04954135790467262,0.027738820761442184,0.014140283688902855,0.06976780295372009,0.01264401338994503,0.05550573393702507,0.037372540682554245,0.06853325664997101
1156,1156,datasets/audios/eastern_sliced/jingju/jingju_013_004.wav,4,jingju,1,classical,0.437287837266922,1.863733172416687,0.0524788424372673,0.437287837266922,0.08106507360935211,0.06425347179174423,0.027193157002329826,0.07633022218942642,0.020853867754340172,0.075275719165802,0.04845220223069191,0.11680955439805984
1157,1157,datasets/audios/eastern_sliced/jingju/jingju_014_000.wav,4,jingju,1,classical,0.32568851113319397,2.0527758598327637,0.07456134259700775,0.32568851113319397,0.10457902401685715,0.035426996648311615,0.0866197794675827,0.10870170593261719,0.01771123893558979,0.07644717395305634,0.07511589676141739,0.0951482281088829
1158,1158,datasets/audios/eastern_sliced/jingju/jingju_014_001.wav,4,jingju,1,classical,0.3404349684715271,2.0081958770751953,0.0465264730155468,0.3404349684715271,0.13037417829036713,0.03738038241863251,0.07151836156845093,0.09200552105903625,0.014683865010738373,0.11339390277862549,0.06732379645109177,0.08635856956243515
1159,1159,datasets/audios/eastern_sliced/jingju/jingju_014_002.wav,4,jingju,1,classical,0.311808705329895,2.0517849922180176,0.11316821724176407,0.311808705329895,0.12251321226358414,0.042122505605220795,0.0858910009264946,0.11639789491891861,0.020066605880856514,0.03933954983949661,0.08694577217102051,0.06174648553133011
1160,1160,datasets/audios/eastern_sliced/jingju/jingju_014_003.wav,4,jingju,1,classical,0.21707436442375183,2.127533435821533,0.13503111898899078,0.21707436442375183,0.10174763202667236,0.045386966317892075,0.17228130996227264,0.10702206939458847,0.019284548237919807,0.042764388024806976,0.096558578312397,0.06284893304109573
1161,1161,datasets/audios/eastern_sliced/jingju/jingju_015_000.wav,4,jingju,1,classical,0.6924506425857544,1.1748924255371094,0.04036131128668785,0.6924506425857544,0.033409636467695236,0.01274008210748434,0.015216664411127567,0.12420853227376938,0.007496375124901533,0.008196801878511906,0.02475893124938011,0.041161056607961655
1162,1162,datasets/audios/eastern_sliced/jingju/jingju_015_001.wav,4,jingju,1,classical,0.37806975841522217,1.9510537385940552,0.06321448087692261,0.37806975841522217,0.07570366561412811,0.03188026323914528,0.12609896063804626,0.11089858412742615,0.01267946045845747,0.060486845672130585,0.06497157365083694,0.07599634677171707
1163,1163,datasets/audios/eastern_sliced/jingju/jingju_016_000.wav,4,jingju,1,classical,0.7132776379585266,1.1856639385223389,0.02150817960500717,0.7132776379585266,0.05614982545375824,0.036590538918972015,0.010313084349036217,0.047243665903806686,0.009843690320849419,0.030912164598703384,0.01888084225356579,0.05528035759925842
1164,1164,datasets/audios/eastern_sliced/jingju/jingju_016_001.wav,4,jingju,4,hiphop,0.18344081938266754,2.1329102516174316,0.1507088541984558,0.12490576505661011,0.04269452020525932,0.043858740478754044,0.18344081938266754,0.16053545475006104,0.021305833011865616,0.04661662504076958,0.1394224613904953,0.08651093393564224
1165,1165,datasets/audios/eastern_sliced/jingju/jingju_016_002.wav,4,jingju,4,hiphop,0.27642467617988586,2.0731706619262695,0.10256759077310562,0.06977483630180359,0.0461791567504406,0.04593050479888916,0.27642467617988586,0.09272050857543945,0.021348802372813225,0.09350012987852097,0.18675753474235535,0.06479626893997192
1166,1166,datasets/audios/eastern_sliced/jingju/jingju_016_003.wav,4,jingju,4,hiphop,0.23015053570270538,2.1699936389923096,0.09244514256715775,0.10691705346107483,0.0641837865114212,0.060148127377033234,0.23015053570270538,0.10371162742376328,0.02584051340818405,0.10123573243618011,0.14594541490077972,0.06942205876111984
1167,1167,datasets/audios/eastern_sliced/jingju/jingju_016_004.wav,4,jingju,1,classical,0.7537046670913696,1.0638442039489746,0.024567894637584686,0.7537046670913696,0.044572968035936356,0.032143935561180115,0.008361889980733395,0.04925287887454033,0.008718122728168964,0.02022913470864296,0.017905674874782562,0.040542855858802795
1168,1168,datasets/audios/eastern_sliced/jingju/jingju_017_000.wav,4,jingju,1,classical,0.8094536066055298,0.8568854928016663,0.013653252273797989,0.8094536066055298,0.04249410703778267,0.01037103496491909,0.00517365662381053,0.047642070800065994,0.00567879481241107,0.014276623725891113,0.014998718164861202,0.03625815734267235
1169,1169,datasets/audios/eastern_sliced/jingju/jingju_017_001.wav,4,jingju,1,classical,0.7576162219047546,1.0121194124221802,0.016177108511328697,0.7576162219047546,0.08123455196619034,0.01191643439233303,0.006754604168236256,0.034948594868183136,0.005723036825656891,0.023021241649985313,0.018008047714829445,0.04460008814930916
1170,1170,datasets/audios/eastern_sliced/jingju/jingju_017_002.wav,4,jingju,1,classical,0.7112228870391846,1.1510323286056519,0.02113768830895424,0.7112228870391846,0.09850700944662094,0.013980074785649776,0.010571585968136787,0.03904344514012337,0.007044464815407991,0.026793915778398514,0.02126939967274666,0.050429511815309525
1171,1171,datasets/audios/eastern_sliced/jingju/jingju_018_000.wav,4,jingju,1,classical,0.3502787947654724,1.9651845693588257,0.038608815521001816,0.3502787947654724,0.06355173140764236,0.08090030401945114,0.029927128925919533,0.10174942761659622,0.019433828070759773,0.16147062182426453,0.049584731459617615,0.10449454933404922
1172,1172,datasets/audios/eastern_sliced/jingju/jingju_018_001.wav,4,jingju,1,classical,0.4259515106678009,1.8881590366363525,0.047998107969760895,0.4259515106678009,0.07319716364145279,0.07094433903694153,0.02463921345770359,0.09975136071443558,0.021698232740163803,0.09192479401826859,0.05828263610601425,0.08561272919178009
1173,1173,datasets/audios/eastern_sliced/jingju/jingju_018_002.wav,4,jingju,1,classical,0.34086209535598755,1.9701799154281616,0.05608599632978439,0.34086209535598755,0.06182077154517174,0.06869182735681534,0.024983396753668785,0.1678447276353836,0.019916297867894173,0.11489011347293854,0.04225444048643112,0.10265028476715088
1174,1174,datasets/audios/eastern_sliced/jingju/jingju_018_003.wav,4,jingju,5,jazz,0.24556058645248413,2.050527572631836,0.07417909055948257,0.23619095981121063,0.07183951884508133,0.07274177670478821,0.028033703565597534,0.24556058645248413,0.024038320407271385,0.10980408638715744,0.044710587710142136,0.09290134161710739
1175,1175,datasets/audios/eastern_sliced/jingju/jingju_018_004.wav,4,jingju,9,rock,0.14970903098583221,2.226102828979492,0.08640832453966141,0.13034853339195251,0.07258549332618713,0.09312816709280014,0.09611141681671143,0.13421043753623962,0.033281419426202774,0.1472981572151184,0.05691901966929436,0.14970903098583221
1176,1176,datasets/audios/eastern_sliced/jingju/jingju_019_000.wav,4,jingju,1,classical,0.3619062602519989,1.9948770999908447,0.07400504499673843,0.3619062602519989,0.10499196499586105,0.03713503107428551,0.08030033111572266,0.11201909184455872,0.020898209884762764,0.04777851700782776,0.06255435198545456,0.0984111875295639
1177,1177,datasets/audios/eastern_sliced/jingju/jingju_019_001.wav,4,jingju,4,hiphop,0.2206832617521286,2.1615047454833984,0.14695923030376434,0.14788557589054108,0.07340822368860245,0.03973392769694328,0.2206832617521286,0.10742060840129852,0.03839804604649544,0.05483843386173248,0.07952852547168732,0.0911441445350647
1178,1178,datasets/audios/eastern_sliced/jingju/jingju_019_002.wav,4,jingju,4,hiphop,0.28544700145721436,2.095932960510254,0.16934220492839813,0.07345394790172577,0.07190852612257004,0.040164459496736526,0.28544700145721436,0.09945632517337799,0.04671701416373253,0.04617927223443985,0.09860212355852127,0.06872909516096115
1179,1179,datasets/audios/eastern_sliced/jingju/jingju_020_000.wav,4,jingju,1,classical,0.4707658588886261,1.784203052520752,0.06357866525650024,0.4707658588886261,0.11757770925760269,0.03146937116980553,0.04003458097577095,0.10231602936983109,0.017942160367965698,0.040693022310733795,0.05370032414793968,0.061922281980514526
1180,1180,datasets/audios/eastern_sliced/jingju/jingju_020_001.wav,4,jingju,1,classical,0.5238563418388367,1.6669843196868896,0.058517973870038986,0.5238563418388367,0.1139899492263794,0.02798285335302353,0.032770220190286636,0.08799766004085541,0.014724420383572578,0.03582553565502167,0.045619700103998184,0.05871536210179329
1181,1181,datasets/audios/eastern_sliced/jingju/jingju_020_002.wav,4,jingju,1,classical,0.5918740034103394,1.4994463920593262,0.05356094613671303,0.5918740034103394,0.09649985283613205,0.026401756331324577,0.02063746005296707,0.08536981046199799,0.012650757096707821,0.023225009441375732,0.038923561573028564,0.05085693672299385
1182,1182,datasets/audios/eastern_sliced/jingju/jingju_020_003.wav,4,jingju,1,classical,0.30571383237838745,2.0843751430511475,0.0686708316206932,0.30571383237838745,0.11341370642185211,0.044255275279283524,0.09713287651538849,0.10354974120855331,0.018256137147545815,0.08440081030130386,0.07406898587942123,0.09053774178028107
1183,1183,datasets/audios/eastern_sliced/jingju/jingju_020_004.wav,4,jingju,1,classical,0.22949320077896118,2.1144962310791016,0.047182489186525345,0.22949320077896118,0.08887578547000885,0.04476669058203697,0.12798425555229187,0.0827716588973999,0.013856570236384869,0.17678293585777283,0.08247767388820648,0.10580874234437943
1184,1184,datasets/audios/eastern_sliced/jingju/jingju_021_000.wav,4,jingju,2,country,0.23465514183044434,2.0287930965423584,0.05503002926707268,0.18714416027069092,0.23465514183044434,0.04974174499511719,0.08229752629995346,0.0391584075987339,0.012435979209840298,0.19727128744125366,0.03700803965330124,0.10525758564472198
1185,1185,datasets/audios/eastern_sliced/jingju/jingju_021_001.wav,4,jingju,4,hiphop,0.2417997270822525,2.1376030445098877,0.06274457275867462,0.10723976790904999,0.11702000349760056,0.07094272971153259,0.2417997270822525,0.06174897775053978,0.020485535264015198,0.16336216032505035,0.06840391457080841,0.08625265955924988
1186,1186,datasets/audios/eastern_sliced/jingju/jingju_022_000.wav,4,jingju,1,classical,0.7108604907989502,1.18638014793396,0.03861987218260765,0.7108604907989502,0.0437886081635952,0.012253550812602043,0.02080216072499752,0.07477197796106339,0.007844442501664162,0.02193579077720642,0.02692556194961071,0.04219755902886391
1187,1187,datasets/audios/eastern_sliced/jingju/jingju_022_001.wav,4,jingju,1,classical,0.5966351628303528,1.5023716688156128,0.04383715242147446,0.5966351628303528,0.07041139155626297,0.01701170764863491,0.03459251672029495,0.0928506925702095,0.010527024045586586,0.03940114378929138,0.04346500337123871,0.05126822739839554
1188,1188,datasets/audios/eastern_sliced/jingju/jingju_023_000.wav,4,jingju,1,classical,0.45146462321281433,1.8183774948120117,0.061199482530355453,0.45146462321281433,0.11620651185512543,0.031019046902656555,0.03466283529996872,0.09906073659658432,0.015671852976083755,0.04621226340532303,0.08410411328077316,0.06039862707257271
1189,1189,datasets/audios/eastern_sliced/jingju/jingju_023_001.wav,4,jingju,1,classical,0.6853089928627014,1.2596676349639893,0.02266453206539154,0.6853089928627014,0.08043655753135681,0.04226079210639,0.008096813224256039,0.039135973900556564,0.010631869547069073,0.02987200953066349,0.03274201229214668,0.04885038360953331
1190,1190,datasets/audios/eastern_sliced/jingju/jingju_023_002.wav,4,jingju,1,classical,0.7187426090240479,1.1589733362197876,0.019613999873399734,0.7187426090240479,0.057987820357084274,0.020263150334358215,0.006650620140135288,0.046132892370224,0.010092902928590775,0.03632507100701332,0.02360941283404827,0.06058157980442047
1191,1191,datasets/audios/eastern_sliced/jingju/jingju_023_003.wav,4,jingju,1,classical,0.34899213910102844,1.9781944751739502,0.08375506103038788,0.34899213910102844,0.06325337290763855,0.04302160069346428,0.08385100960731506,0.130910262465477,0.014476416632533073,0.03951987996697426,0.13927921652793884,0.05294106900691986
1192,1192,datasets/audios/eastern_sliced/jingju/jingju_023_004.wav,4,jingju,1,classical,0.33613279461860657,1.9617630243301392,0.12963896989822388,0.33613279461860657,0.06728776544332504,0.030534321442246437,0.0781179666519165,0.13670863211154938,0.014010722748935223,0.027891870588064194,0.13288122415542603,0.04679574444890022
1193,1193,datasets/audios/eastern_sliced/jingju/jingju_024_000.wav,4,jingju,7,pop,0.5357173085212708,1.5293476581573486,0.016179414466023445,0.05963826924562454,0.17379522323608398,0.03378389775753021,0.07274845987558365,0.013719359412789345,0.0039323680102825165,0.5357173085212708,0.024517273530364037,0.06596849858760834
1194,1194,datasets/audios/eastern_sliced/jingju/jingju_024_001.wav,4,jingju,7,pop,0.5698185563087463,1.4684953689575195,0.01473736297339201,0.03822546452283859,0.13769960403442383,0.03449738398194313,0.10960650444030762,0.01252276822924614,0.003878359217196703,0.5698185563087463,0.030413493514060974,0.04860056936740875
1195,1195,datasets/audios/eastern_sliced/jingju/jingju_024_002.wav,4,jingju,7,pop,0.4999156594276428,1.6134721040725708,0.019097642973065376,0.04759654030203819,0.1626993715763092,0.03776884451508522,0.12005606293678284,0.016324177384376526,0.004999256227165461,0.4999156594276428,0.03353000432252884,0.05801237374544144
1196,1196,datasets/audios/eastern_sliced/jingju/jingju_024_003.wav,4,jingju,4,hiphop,0.42413705587387085,1.693058729171753,0.02999262511730194,0.02712702937424183,0.09743554890155792,0.04511909931898117,0.42413705587387085,0.019549591466784477,0.008439791388809681,0.2501172721385956,0.04961258918046951,0.0484694167971611
1197,1197,datasets/audios/eastern_sliced/jingju/jingju_025_000.wav,4,jingju,1,classical,0.8771235346794128,0.5904144644737244,0.009846455417573452,0.8771235346794128,0.032492585480213165,0.004732533823698759,0.001786178327165544,0.041320208460092545,0.003161914413794875,0.004409804008901119,0.00783688947558403,0.017289813607931137
1198,1198,datasets/audios/eastern_sliced/jingju/jingju_025_001.wav,4,jingju,1,classical,0.8886048793792725,0.538291335105896,0.008383143693208694,0.8886048793792725,0.027404041960835457,0.003828782355412841,0.0013558220816776156,0.0441376157104969,0.002416732721030712,0.0033571866806596518,0.007188198156654835,0.013323581777513027
1199,1199,datasets/audios/eastern_sliced/jingju/jingju_025_002.wav,4,jingju,1,classical,0.8056398630142212,0.8351547718048096,0.013562713749706745,0.8056398630142212,0.04129922017455101,0.007750171236693859,0.0038906140252947807,0.07643408328294754,0.004714122042059898,0.007444508373737335,0.015777088701725006,0.023487690836191177
1200,1200,datasets/audios/eastern_sliced/jingju/jingju_025_003.wav,4,jingju,1,classical,0.8655096888542175,0.6330734491348267,0.009585290215909481,0.8655096888542175,0.026554889976978302,0.0061959330923855305,0.002380735008046031,0.05173877626657486,0.0027577425353229046,0.005989421159029007,0.008616968058049679,0.020670562982559204
1201,1201,datasets/audios/eastern_sliced/jingju/jingju_025_004.wav,4,jingju,1,classical,0.9027086496353149,0.47943368554115295,0.006402386352419853,0.9027086496353149,0.02702527865767479,0.0034251585602760315,0.0009142448543570936,0.03843111917376518,0.0016880352050065994,0.0029125064611434937,0.005565822124481201,0.010926864109933376
1202,1202,datasets/audios/eastern_sliced/jingju/jingju_026_000.wav,4,jingju,1,classical,0.4135633111000061,1.8215008974075317,0.037176068872213364,0.4135633111000061,0.14311861991882324,0.03920629620552063,0.03587031736969948,0.04224620759487152,0.01130440179258585,0.13904106616973877,0.03376809135079384,0.10470564663410187
1203,1203,datasets/audios/eastern_sliced/jingju/jingju_026_001.wav,4,jingju,7,pop,0.2526417076587677,2.041456460952759,0.03396374732255936,0.21174851059913635,0.11351140588521957,0.07651814073324203,0.07177712023258209,0.04376166686415672,0.017003929242491722,0.2526417076587677,0.047264356166124344,0.13180942833423615
1204,1204,datasets/audios/eastern_sliced/jingju/jingju_026_002.wav,4,jingju,1,classical,0.34254446625709534,1.964371919631958,0.04229474067687988,0.34254446625709534,0.03079182282090187,0.0340319387614727,0.05278712511062622,0.10169179737567902,0.025888724252581596,0.17466217279434204,0.09555986523628235,0.09974730014801025
1205,1205,datasets/audios/eastern_sliced/jingju/jingju_026_003.wav,4,jingju,7,pop,0.2897338569164276,2.041609764099121,0.02882760390639305,0.16026853024959564,0.03234222158789635,0.0423111729323864,0.10435503721237183,0.09287004917860031,0.027372611686587334,0.2897338569164276,0.11993885040283203,0.10198001563549042
1206,1206,datasets/audios/eastern_sliced/jingju/jingju_026_004.wav,4,jingju,7,pop,0.2564035952091217,2.1050686836242676,0.05279616639018059,0.11824790388345718,0.09690864384174347,0.061070073395967484,0.1577303111553192,0.05336718261241913,0.02130979672074318,0.2564035952091217,0.05493888258934021,0.12722745537757874
1207,1207,datasets/audios/eastern_sliced/jingju/jingju_027_000.wav,4,jingju,1,classical,0.775933027267456,0.9849351644515991,0.02176072634756565,0.775933027267456,0.040083128958940506,0.017795922234654427,0.006242194678634405,0.05071532726287842,0.00725017674267292,0.022641688585281372,0.017565736547112465,0.04001201316714287
1208,1208,datasets/audios/eastern_sliced/jingju/jingju_027_001.wav,4,jingju,1,classical,0.8542764782905579,0.6964127421379089,0.013674733228981495,0.8542764782905579,0.026988796889781952,0.009582391008734703,0.0034069775138050318,0.041895464062690735,0.004157974850386381,0.009779534302651882,0.009253832511603832,0.026983946561813354
1209,1209,datasets/audios/eastern_sliced/jingju/jingju_027_002.wav,4,jingju,1,classical,0.6510956883430481,1.3572460412979126,0.029881998896598816,0.6510956883430481,0.057575568556785583,0.029843365773558617,0.014238376170396805,0.0792309120297432,0.012522656470537186,0.03381941467523575,0.02501761168241501,0.0667744055390358
1210,1210,datasets/audios/eastern_sliced/jingju/jingju_027_003.wav,4,jingju,1,classical,0.820731520652771,0.8209115266799927,0.020870905369520187,0.820731520652771,0.036329444497823715,0.010648636147379875,0.004161948803812265,0.04753272980451584,0.005814684089273214,0.011012627743184566,0.013770505785942078,0.029127100482583046
1211,1211,datasets/audios/eastern_sliced/jingju/jingju_027_004.wav,4,jingju,1,classical,0.22968095541000366,2.149233818054199,0.11326487362384796,0.22968095541000366,0.09655555337667465,0.037876952439546585,0.0648280456662178,0.13789662718772888,0.034882113337516785,0.04410466179251671,0.12547937035560608,0.11543089151382446
1212,1212,datasets/audios/eastern_sliced/jingju/jingju_028_000.wav,4,jingju,1,classical,0.46910983324050903,1.5222669839859009,0.02910272218286991,0.46910983324050903,0.048354167491197586,0.017287541180849075,0.010739763267338276,0.2809253931045532,0.00641152448952198,0.04587377607822418,0.020399941131472588,0.07179535925388336
1213,1213,datasets/audios/eastern_sliced/jingju/jingju_028_001.wav,4,jingju,1,classical,0.5809480547904968,1.5298317670822144,0.03824703395366669,0.5809480547904968,0.06452207267284393,0.028586409986019135,0.015104895457625389,0.09735354781150818,0.013211721554398537,0.04821108654141426,0.0350102074444294,0.07880491763353348
1214,1214,datasets/audios/eastern_sliced/jingju/jingju_028_002.wav,4,jingju,1,classical,0.3968944251537323,1.7980636358261108,0.022798825055360794,0.3968944251537323,0.07480032742023468,0.06347151100635529,0.02210787683725357,0.043269529938697815,0.0098926592618227,0.21173830330371857,0.04416520148515701,0.11086133122444153
1215,1215,datasets/audios/eastern_sliced/jingju/jingju_028_003.wav,4,jingju,1,classical,0.4590950608253479,1.7744638919830322,0.037543196231126785,0.4590950608253479,0.06979188323020935,0.049022845923900604,0.023475633934140205,0.143893301486969,0.012976381927728653,0.08452005684375763,0.0368376299738884,0.08284394443035126
1216,1216,datasets/audios/eastern_sliced/jingju/jingju_028_004.wav,4,jingju,1,classical,0.28697896003723145,1.897238850593567,0.042451102286577225,0.28697896003723145,0.05994800478219986,0.03924021124839783,0.021517792716622353,0.23538517951965332,0.009314554743468761,0.17132443189620972,0.0298477616161108,0.10399197787046432
1217,1217,datasets/audios/eastern_sliced/jingju/jingju_029_000.wav,4,jingju,1,classical,0.488578200340271,1.72259521484375,0.038910988718271255,0.488578200340271,0.0597158819437027,0.04513907432556152,0.01565067283809185,0.052835091948509216,0.014404846355319023,0.1014271154999733,0.05690333992242813,0.12643489241600037
1218,1218,datasets/audios/eastern_sliced/jingju/jingju_029_001.wav,4,jingju,1,classical,0.5060710310935974,1.7157278060913086,0.050374601036310196,0.5060710310935974,0.08078339695930481,0.047133415937423706,0.0228761937469244,0.106092169880867,0.018596164882183075,0.04359721392393112,0.04089975357055664,0.08357609063386917
1219,1219,datasets/audios/eastern_sliced/jingju/jingju_029_002.wav,4,jingju,1,classical,0.4357665479183197,1.8485844135284424,0.04100266471505165,0.4357665479183197,0.09700598567724228,0.07159508764743805,0.02574322558939457,0.08530309796333313,0.017666487023234367,0.07745131105184555,0.037361446768045425,0.11110411584377289
1220,1220,datasets/audios/eastern_sliced/jingju/jingju_029_003.wav,4,jingju,1,classical,0.39688804745674133,1.9193414449691772,0.04293603450059891,0.39688804745674133,0.04688015580177307,0.0706842690706253,0.037782326340675354,0.08349066972732544,0.023074207827448845,0.12033611536026001,0.0510505735874176,0.12687768042087555
1221,1221,datasets/audios/eastern_sliced/jingju/jingju_029_004.wav,4,jingju,1,classical,0.5416712760925293,1.5915396213531494,0.02313278429210186,0.5416712760925293,0.0447758249938488,0.0505073145031929,0.01661384105682373,0.056489620357751846,0.013485992327332497,0.10026523470878601,0.030240606516599655,0.12281741946935654
1222,1222,datasets/audios/eastern_sliced/jingju/jingju_030_000.wav,4,jingju,7,pop,0.3207201361656189,2.0324935913085938,0.025240451097488403,0.131263867020607,0.056184668093919754,0.06731851398944855,0.11307618021965027,0.06297016888856888,0.021701807156205177,0.3207201361656189,0.11197681725025177,0.08954740315675735
1223,1223,datasets/audios/eastern_sliced/jingju/jingju_030_001.wav,4,jingju,7,pop,0.3058422803878784,2.0580503940582275,0.02865699492394924,0.10253521054983139,0.05940837040543556,0.06749216467142105,0.1311698853969574,0.06473393738269806,0.024553166702389717,0.3058422803878784,0.12899798154830933,0.08660996705293655
1224,1224,datasets/audios/eastern_sliced/jingju/jingju_030_002.wav,4,jingju,1,classical,0.22646786272525787,2.1225485801696777,0.06312400102615356,0.22646786272525787,0.059082407504320145,0.036026883870363235,0.10890679061412811,0.18069542944431305,0.025724899023771286,0.08321267366409302,0.13836327195167542,0.07839573919773102
1225,1225,datasets/audios/eastern_sliced/jingju/jingju_030_003.wav,4,jingju,1,classical,0.20780012011528015,2.127843141555786,0.060743216425180435,0.20780012011528015,0.05386658012866974,0.036073386669158936,0.1411760002374649,0.15056492388248444,0.022218724712729454,0.09912539273500443,0.15744324028491974,0.07098832726478577
1226,1226,datasets/audios/eastern_sliced/jingju/jingju_030_004.wav,4,jingju,8,reggae,0.18736615777015686,2.161619186401367,0.05176212266087532,0.13633829355239868,0.06652235984802246,0.05841226503252983,0.17239056527614594,0.11112362146377563,0.023516355082392693,0.12611259520053864,0.18736615777015686,0.06645557284355164
1227,1227,datasets/audios/eastern_sliced/jingju/jingju_031_000.wav,4,jingju,1,classical,0.369745135307312,1.9140713214874268,0.037720583379268646,0.369745135307312,0.1506906896829605,0.0323110893368721,0.0408044159412384,0.08118392527103424,0.02105412632226944,0.10751598328351974,0.0311701912432909,0.12780384719371796
1228,1228,datasets/audios/eastern_sliced/jingju/jingju_031_001.wav,4,jingju,7,pop,0.19418124854564667,2.1260135173797607,0.04181499406695366,0.18263840675354004,0.15737353265285492,0.0728408545255661,0.08203534036874771,0.05118152126669884,0.032227277755737305,0.19418124854564667,0.04432342201471329,0.14138345420360565
1229,1229,datasets/audios/eastern_sliced/jingju/jingju_031_002.wav,4,jingju,1,classical,0.2371245175600052,2.1744046211242676,0.07869254052639008,0.2371245175600052,0.12709611654281616,0.06254231929779053,0.11114927381277084,0.07964802533388138,0.037491247057914734,0.08487259596586227,0.053195275366306305,0.12818816304206848
1230,1230,datasets/audios/eastern_sliced/jingju/jingju_031_003.wav,4,jingju,1,classical,0.20907993614673615,2.1784589290618896,0.10053681582212448,0.20907993614673615,0.11313863098621368,0.058914851397275925,0.15490476787090302,0.07394585013389587,0.029455475509166718,0.08391964435577393,0.05313286930322647,0.12297116965055466
1231,1231,datasets/audios/eastern_sliced/jingju/jingju_032_000.wav,4,jingju,1,classical,0.7471961379051208,1.0392400026321411,0.03617292642593384,0.7471961379051208,0.06934680044651031,0.01043032482266426,0.007387502118945122,0.060714416205883026,0.007272650487720966,0.009598864242434502,0.01236813422292471,0.039512209594249725
1232,1232,datasets/audios/eastern_sliced/jingju/jingju_032_001.wav,4,jingju,1,classical,0.5096606016159058,1.7135274410247803,0.06113301217556,0.5096606016159058,0.08712603151798248,0.02567622810602188,0.03200234845280647,0.09343654662370682,0.01905190758407116,0.04080843925476074,0.05311030521988869,0.07799451798200607
1233,1233,datasets/audios/eastern_sliced/jingju/jingju_032_002.wav,4,jingju,0,blues,0.21389007568359375,2.1202821731567383,0.21389007568359375,0.08623844385147095,0.0677848756313324,0.03170697018504143,0.13583998382091522,0.08252409100532532,0.06432536989450455,0.016595246270298958,0.17644649744033813,0.12464843690395355
1234,1234,datasets/audios/eastern_sliced/jingju/jingju_032_003.wav,4,jingju,1,classical,0.6090884804725647,1.4327683448791504,0.08621769398450851,0.6090884804725647,0.09420238435268402,0.01883908547461033,0.023071547970175743,0.0687042847275734,0.011578110978007317,0.014051071368157864,0.023768829181790352,0.05047841742634773
1235,1235,datasets/audios/eastern_sliced/jingju/jingju_032_004.wav,4,jingju,1,classical,0.19480197131633759,2.1805310249328613,0.09980718791484833,0.19480197131633759,0.16215460002422333,0.04780593141913414,0.142995223402977,0.08451677113771439,0.027783524245023727,0.0730491504073143,0.07491207867860794,0.0921735018491745
1236,1236,datasets/audios/eastern_sliced/jingju/jingju_033_000.wav,4,jingju,1,classical,0.42466577887535095,1.795768141746521,0.16890424489974976,0.42466577887535095,0.0466669499874115,0.02588731236755848,0.05511960759758949,0.12936028838157654,0.02589128166437149,0.013122163712978363,0.04615403339266777,0.06422839313745499
1237,1237,datasets/audios/eastern_sliced/jingju/jingju_033_001.wav,4,jingju,0,blues,0.2809435725212097,2.0458173751831055,0.2809435725212097,0.1442992091178894,0.04817826673388481,0.02900068275630474,0.14284585416316986,0.1143956333398819,0.03845338523387909,0.017596501857042313,0.1007305458188057,0.0835563912987709
1238,1238,datasets/audios/eastern_sliced/jingju/jingju_033_002.wav,4,jingju,1,classical,0.35443833470344543,1.8638644218444824,0.20971833169460297,0.35443833470344543,0.04314102232456207,0.026821015402674675,0.08339840173721313,0.14233030378818512,0.02464299649000168,0.012337451800704002,0.05178520828485489,0.0513869971036911
1239,1239,datasets/audios/eastern_sliced/jingju/jingju_034_000.wav,4,jingju,1,classical,0.6422523856163025,1.3603864908218384,0.04198358580470085,0.6422523856163025,0.045956090092659,0.014870249666273594,0.030604444444179535,0.10836273431777954,0.009405809454619884,0.0201081782579422,0.032347533851861954,0.054109033197164536
1240,1240,datasets/audios/eastern_sliced/jingju/jingju_034_001.wav,4,jingju,1,classical,0.6587789058685303,1.2661243677139282,0.038628868758678436,0.6587789058685303,0.03740663826465607,0.014497732743620872,0.018938293680548668,0.13947702944278717,0.00839788094162941,0.012803473509848118,0.027572115883231163,0.04349904507398605
1241,1241,datasets/audios/eastern_sliced/jingju/jingju_034_002.wav,4,jingju,1,classical,0.4925200343132019,1.6811072826385498,0.06795405596494675,0.4925200343132019,0.05553499236702919,0.020773014053702354,0.060701679438352585,0.16603925824165344,0.01241194549947977,0.020039962604641914,0.051529016345739365,0.052496012300252914
1242,1242,datasets/audios/eastern_sliced/jingju/jingju_035_000.wav,4,jingju,1,classical,0.637057363986969,1.383514642715454,0.04491903632879257,0.637057363986969,0.02846432477235794,0.040735434740781784,0.033657997846603394,0.1029580757021904,0.009916301816701889,0.015367995016276836,0.028143061324954033,0.058780279010534286
1243,1243,datasets/audios/eastern_sliced/jingju/jingju_035_001.wav,4,jingju,1,classical,0.6422228813171387,1.3667235374450684,0.04200754687190056,0.6422228813171387,0.03467155992984772,0.036787986755371094,0.02867988497018814,0.1073639914393425,0.009867595508694649,0.014266501180827618,0.03071219101548195,0.05341987684369087
1244,1244,datasets/audios/eastern_sliced/jingju/jingju_035_002.wav,4,jingju,1,classical,0.5424438714981079,1.638854742050171,0.047443147748708725,0.5424438714981079,0.039239704608917236,0.06645587086677551,0.05318856239318848,0.10409092903137207,0.012366521172225475,0.026242291554808617,0.0427817776799202,0.06574736535549164
1245,1245,datasets/audios/eastern_sliced/jingju/jingju_036_000.wav,4,jingju,1,classical,0.3900688886642456,1.9326517581939697,0.08855083584785461,0.3900688886642456,0.11105417460203171,0.04595640301704407,0.029362870380282402,0.12138257920742035,0.025810085237026215,0.04707510769367218,0.04965916648507118,0.09107984602451324
1246,1246,datasets/audios/eastern_sliced/jingju/jingju_036_001.wav,4,jingju,1,classical,0.38373303413391113,1.9468845129013062,0.08046446740627289,0.38373303413391113,0.1123083159327507,0.047969087958335876,0.03036762960255146,0.1254684329032898,0.02688714675605297,0.05257941037416458,0.049764759838581085,0.09045770764350891
1247,1247,datasets/audios/eastern_sliced/jingju/jingju_036_002.wav,4,jingju,1,classical,0.5845245122909546,1.5348955392837524,0.04074922949075699,0.5845245122909546,0.06518454104661942,0.043192058801651,0.014258052222430706,0.09120818972587585,0.014165631495416164,0.04227075353264809,0.03704533725976944,0.06740163266658783
1248,1248,datasets/audios/eastern_sliced/jingju/jingju_037_000.wav,4,jingju,1,classical,0.7340784072875977,1.0926671028137207,0.02016957849264145,0.7340784072875977,0.020980728790163994,0.015703314915299416,0.009375235065817833,0.039531856775283813,0.005762286949902773,0.06368832290172577,0.018881674855947495,0.0718286857008934
1249,1249,datasets/audios/eastern_sliced/jingju/jingju_037_001.wav,4,jingju,7,pop,0.16610252857208252,2.208404302597046,0.08904442936182022,0.15111014246940613,0.1389644593000412,0.07848428189754486,0.12248058617115021,0.05525476112961769,0.02934238500893116,0.16610252857208252,0.06787147372961044,0.1013449877500534
1250,1250,datasets/audios/eastern_sliced/jingju/jingju_037_002.wav,4,jingju,1,classical,0.23420754075050354,2.111128807067871,0.04656234011054039,0.23420754075050354,0.07204433530569077,0.09421148896217346,0.07371259480714798,0.059484124183654785,0.028829310089349747,0.19263856112957,0.053749166429042816,0.1445605754852295
1251,1251,datasets/audios/eastern_sliced/jingju/jingju_037_003.wav,4,jingju,1,classical,0.2667848467826843,1.9827885627746582,0.03433987498283386,0.2667848467826843,0.057548340409994125,0.07509896159172058,0.053306177258491516,0.0500502772629261,0.01783035881817341,0.2552434206008911,0.05456456542015076,0.13523313403129578
1252,1252,datasets/audios/eastern_sliced/jingju/jingju_037_004.wav,4,jingju,1,classical,0.32923880219459534,1.953834056854248,0.035473860800266266,0.32923880219459534,0.09083159267902374,0.06692013889551163,0.04383765533566475,0.053864192217588425,0.01708698831498623,0.17849694192409515,0.033625151962041855,0.15062466263771057
1253,1253,datasets/audios/eastern_sliced/jingju/jingju_038_000.wav,4,jingju,1,classical,0.8591518402099609,0.6700915098190308,0.01742447540163994,0.8591518402099609,0.044042911380529404,0.00832099188119173,0.003718986874446273,0.025344068184494972,0.002952474169433117,0.0070623490028083324,0.006035878323018551,0.02594611793756485
1254,1254,datasets/audios/eastern_sliced/jingju/jingju_038_001.wav,4,jingju,1,classical,0.7220506072044373,1.1309418678283691,0.04475247859954834,0.7220506072044373,0.08236668258905411,0.01947481743991375,0.011506304144859314,0.048109982162714005,0.007606580387800932,0.013609020039439201,0.014922505244612694,0.03560100123286247
1255,1255,datasets/audios/eastern_sliced/jingju/jingju_038_002.wav,4,jingju,1,classical,0.8144894242286682,0.8375868201255798,0.025054343044757843,0.8144894242286682,0.04879245534539223,0.009923026897013187,0.006087220273911953,0.04253002628684044,0.005152035970240831,0.00905225146561861,0.011400239542126656,0.027519019320607185
1256,1256,datasets/audios/eastern_sliced/jingju/jingju_038_003.wav,4,jingju,1,classical,0.7810258269309998,0.9385233521461487,0.0330866277217865,0.7810258269309998,0.0688026025891304,0.011793485842645168,0.006377015728503466,0.04322560131549835,0.005092381499707699,0.009038835763931274,0.014024036005139351,0.027533426880836487
1257,1257,datasets/audios/eastern_sliced/jingju/jingju_038_004.wav,4,jingju,1,classical,0.8863202333450317,0.565273106098175,0.012330517172813416,0.8863202333450317,0.032846610993146896,0.004684854298830032,0.0020608927588909864,0.02353677898645401,0.0019805938936769962,0.006302465219050646,0.0071834600530564785,0.02275354042649269
1258,1258,datasets/audios/eastern_sliced/jingju/jingju_039_000.wav,4,jingju,1,classical,0.6372961401939392,1.3735225200653076,0.025325627997517586,0.6372961401939392,0.05435143783688545,0.03439701721072197,0.01014353334903717,0.10237295180559158,0.00944089237600565,0.04184426739811897,0.027067318558692932,0.057760804891586304
1259,1259,datasets/audios/eastern_sliced/jingju/jingju_039_001.wav,4,jingju,1,classical,0.5604039430618286,1.5522674322128296,0.025896569713950157,0.5604039430618286,0.0900961309671402,0.03807774558663368,0.01110006496310234,0.08223136514425278,0.009143244475126266,0.07728175818920135,0.025169553235173225,0.08059960603713989
1260,1260,datasets/audios/eastern_sliced/jingju/jingju_039_002.wav,4,jingju,1,classical,0.33274996280670166,2.0355758666992188,0.047887738794088364,0.33274996280670166,0.06034550815820694,0.08678186684846878,0.044655941426754,0.11270180344581604,0.02401859685778618,0.13313408195972443,0.06935278326272964,0.08837166428565979
1261,1261,datasets/audios/eastern_sliced/jingju/jingju_040_000.wav,4,jingju,1,classical,0.4492549002170563,1.719130516052246,0.18134170770645142,0.4492549002170563,0.08538796007633209,0.022021731361746788,0.016599074006080627,0.10189616680145264,0.021236898377537727,0.01557452417910099,0.03853805363178253,0.06814899295568466
1262,1262,datasets/audios/eastern_sliced/jingju/jingju_040_001.wav,4,jingju,1,classical,0.5021882653236389,1.6936014890670776,0.10609688609838486,0.5021882653236389,0.09011202305555344,0.0272409375756979,0.018132047727704048,0.09816469997167587,0.019879790022969246,0.024553952738642693,0.05053633451461792,0.06309504061937332
1263,1263,datasets/audios/eastern_sliced/jingju/jingju_040_002.wav,4,jingju,1,classical,0.48102867603302,1.7383922338485718,0.10851577669382095,0.48102867603302,0.0664917528629303,0.02920723706483841,0.020131835713982582,0.11588979512453079,0.021804271265864372,0.024232570081949234,0.0659702718257904,0.06672785431146622
1264,1264,datasets/audios/eastern_sliced/jingju/jingju_040_003.wav,4,jingju,1,classical,0.3839949369430542,1.925711750984192,0.08751264214515686,0.3839949369430542,0.1535479575395584,0.03814263641834259,0.029112469404935837,0.09214430302381516,0.02290431596338749,0.05077604949474335,0.05599578097462654,0.08586890995502472
1265,1265,datasets/audios/eastern_sliced/jingju/jingju_040_004.wav,4,jingju,1,classical,0.49838075041770935,1.7151139974594116,0.0901976004242897,0.49838075041770935,0.09458336979150772,0.030751673504710197,0.027450213208794594,0.08273275941610336,0.018911149352788925,0.027907690033316612,0.036485705524683,0.09259915351867676
1266,1266,datasets/audios/eastern_sliced/jingju/jingju_041_000.wav,4,jingju,7,pop,0.30181366205215454,1.9957103729248047,0.035042211413383484,0.20726141333580017,0.11475531756877899,0.0701475590467453,0.03739107772707939,0.05545674264431,0.018175143748521805,0.30181366205215454,0.06119116395711899,0.09876571595668793
1267,1267,datasets/audios/eastern_sliced/jingju/jingju_041_001.wav,4,jingju,7,pop,0.256354957818985,2.011699676513672,0.03741848096251488,0.2444140464067459,0.12191453576087952,0.06653036177158356,0.035819463431835175,0.057934630662202835,0.018339667469263077,0.256354957818985,0.0605161152780056,0.10075784474611282
1268,1268,datasets/audios/eastern_sliced/jingju/jingju_041_002.wav,4,jingju,1,classical,0.30165448784828186,1.9583160877227783,0.029298648238182068,0.30165448784828186,0.11263612657785416,0.0717591643333435,0.025092951953411102,0.062295470386743546,0.01767207682132721,0.23026049137115479,0.05751718953251839,0.09181341528892517
1269,1269,datasets/audios/eastern_sliced/jingju/jingju_041_003.wav,4,jingju,7,pop,0.275544136762619,2.0564723014831543,0.035074763000011444,0.19442149996757507,0.11672694236040115,0.08247724920511246,0.05431942269206047,0.05716214329004288,0.019486406818032265,0.275544136762619,0.0731046125292778,0.0916828140616417
1270,1270,datasets/audios/eastern_sliced/jingju/jingju_042_000.wav,4,jingju,1,classical,0.45188871026039124,1.74420964717865,0.04441726952791214,0.45188871026039124,0.04068082571029663,0.03155996650457382,0.028716091066598892,0.19426172971725464,0.018366806209087372,0.04940464347600937,0.04669284448027611,0.09401101619005203
1271,1271,datasets/audios/eastern_sliced/jingju/jingju_042_001.wav,4,jingju,1,classical,0.6629154682159424,1.3358381986618042,0.027804473415017128,0.6629154682159424,0.06791761517524719,0.03879668936133385,0.012866141274571419,0.04720066115260124,0.011859066784381866,0.04451904818415642,0.02576170489192009,0.060359109193086624
1272,1272,datasets/audios/eastern_sliced/jingju/jingju_042_002.wav,4,jingju,1,classical,0.7320687770843506,1.1297208070755005,0.025392765179276466,0.7320687770843506,0.05054094269871712,0.030873998999595642,0.009388288483023643,0.05277268961071968,0.009465459734201431,0.02338653802871704,0.018608899787068367,0.047501638531684875
1273,1273,datasets/audios/eastern_sliced/jingju/jingju_042_003.wav,4,jingju,1,classical,0.7137380242347717,1.1861345767974854,0.022718140855431557,0.7137380242347717,0.05574960634112358,0.03989332541823387,0.009343183599412441,0.04479318484663963,0.009461120702326298,0.03174686059355736,0.020563799887895584,0.051992740482091904
1274,1274,datasets/audios/eastern_sliced/jingju/jingju_042_004.wav,4,jingju,1,classical,0.5548534393310547,1.583840250968933,0.02609424479305744,0.5548534393310547,0.06908109784126282,0.044125862419605255,0.014337735250592232,0.08883249014616013,0.013244226574897766,0.07427104562520981,0.028400691226124763,0.08675923198461533
1275,1275,datasets/audios/eastern_sliced/jingju/jingju_043_000.wav,4,jingju,1,classical,0.5534935593605042,1.5774548053741455,0.048270974308252335,0.5534935593605042,0.12835140526294708,0.021649811416864395,0.023927561938762665,0.06449417769908905,0.010626883246004581,0.04511531442403793,0.03679289296269417,0.06727752834558487
1276,1276,datasets/audios/eastern_sliced/jingju/jingju_043_001.wav,4,jingju,1,classical,0.5650358200073242,1.5480074882507324,0.05535079538822174,0.5650358200073242,0.12333033978939056,0.01955229416489601,0.022146187722682953,0.0685601681470871,0.011260694824159145,0.032764237374067307,0.03684842213988304,0.06515102833509445
1277,1277,datasets/audios/eastern_sliced/jingju/jingju_043_002.wav,4,jingju,1,classical,0.5498183965682983,1.586047649383545,0.06366865336894989,0.5498183965682983,0.1248633861541748,0.020139629021286964,0.0242732185870409,0.06716219335794449,0.012136024422943592,0.03316542133688927,0.038461603224277496,0.06631144136190414
1278,1278,datasets/audios/eastern_sliced/jingju/jingju_043_003.wav,4,jingju,1,classical,0.5478864908218384,1.5950320959091187,0.06430565565824509,0.5478864908218384,0.12007476389408112,0.01997975818812847,0.02570093609392643,0.06861458718776703,0.011990971863269806,0.033535223454236984,0.03995788097381592,0.06795364618301392
1279,1279,datasets/audios/eastern_sliced/jingju/jingju_044_000.wav,4,jingju,1,classical,0.39058229327201843,1.9167710542678833,0.09084301441907883,0.39058229327201843,0.06094015762209892,0.03489072248339653,0.11603327095508575,0.12773600220680237,0.01602126844227314,0.030897371470928192,0.0749959647655487,0.05705995857715607
1280,1280,datasets/audios/eastern_sliced/jingju/jingju_044_001.wav,4,jingju,1,classical,0.44646942615509033,1.8367670774459839,0.07128007709980011,0.44646942615509033,0.059240877628326416,0.03800968825817108,0.0885847955942154,0.11786114424467087,0.014345338568091393,0.03324856981635094,0.07361440360546112,0.0573456734418869
1281,1281,datasets/audios/eastern_sliced/jingju/jingju_045_000.wav,4,jingju,1,classical,0.22250033915042877,2.1675190925598145,0.06875510513782501,0.22250033915042877,0.14437341690063477,0.04995792359113693,0.12220074981451035,0.0818038210272789,0.022262439131736755,0.10604803264141083,0.08279155194759369,0.09930666536092758
1282,1282,datasets/audios/eastern_sliced/jingju/jingju_045_001.wav,4,jingju,1,classical,0.35185515880584717,2.0101122856140137,0.06783907115459442,0.35185515880584717,0.11730588227510452,0.03811559081077576,0.07917921245098114,0.10014473646879196,0.020618140697479248,0.057569872587919235,0.06020331755280495,0.1071690022945404
1283,1283,datasets/audios/eastern_sliced/jingju/jingju_045_002.wav,4,jingju,4,hiphop,0.2534165680408478,2.154785394668579,0.14147043228149414,0.11315764486789703,0.07841421663761139,0.04189353436231613,0.2534165680408478,0.09473520517349243,0.040657829493284225,0.0624493770301342,0.08363540470600128,0.09016980975866318
1284,1284,datasets/audios/eastern_sliced/jingju/jingju_046_000.wav,4,jingju,1,classical,0.38957905769348145,1.893721103668213,0.12954050302505493,0.38957905769348145,0.14778368175029755,0.03378044441342354,0.05742413550615311,0.09389884024858475,0.020987460389733315,0.027522550895810127,0.049935806542634964,0.04954756423830986
1285,1285,datasets/audios/eastern_sliced/jingju/jingju_046_001.wav,4,jingju,1,classical,0.5911996364593506,1.4451549053192139,0.07595851272344589,0.5911996364593506,0.1282723844051361,0.01626431755721569,0.021648436784744263,0.06646446138620377,0.010480597615242004,0.013918708078563213,0.018623707816004753,0.057169198989868164
1286,1286,datasets/audios/eastern_sliced/jingju/jingju_046_002.wav,4,jingju,1,classical,0.2810559570789337,2.059008836746216,0.12705525755882263,0.2810559570789337,0.15860754251480103,0.034784458577632904,0.10891211777925491,0.09319663047790527,0.024184491485357285,0.034615058451890945,0.04850856959819794,0.08907993882894516
1287,1287,datasets/audios/eastern_sliced/jingju/jingju_046_003.wav,4,jingju,1,classical,0.5979854464530945,1.4137946367263794,0.11998167634010315,0.5979854464530945,0.0512709878385067,0.013005709275603294,0.020034845918416977,0.10420103371143341,0.015147954225540161,0.007213039789348841,0.01975548081099987,0.05140385031700134
1288,1288,datasets/audios/eastern_sliced/jingju/jingju_046_004.wav,4,jingju,1,classical,0.7178077101707458,1.1269543170928955,0.030850928276777267,0.7178077101707458,0.03994593769311905,0.010827161371707916,0.014550179243087769,0.09875454753637314,0.009480999782681465,0.01138333696871996,0.01783764734864235,0.04856158792972565
1289,1289,datasets/audios/eastern_sliced/jingju/jingju_047_000.wav,4,jingju,4,hiphop,0.25157177448272705,2.107954502105713,0.06251611560583115,0.15190590918064117,0.07908415794372559,0.06254921108484268,0.25157177448272705,0.057431746274232864,0.015920791774988174,0.14310087263584137,0.060536570847034454,0.1153828501701355
1290,1290,datasets/audios/eastern_sliced/jingju/jingju_048_000.wav,4,jingju,4,hiphop,0.1979392021894455,2.159015655517578,0.14544349908828735,0.1308504343032837,0.17393311858177185,0.06502056121826172,0.1979392021894455,0.054216112941503525,0.0336119681596756,0.07537326216697693,0.053603723645210266,0.07000818103551865
1291,1291,datasets/audios/eastern_sliced/jingju/jingju_048_001.wav,4,jingju,4,hiphop,0.22634905576705933,2.1383543014526367,0.1378338783979416,0.09721649438142776,0.17215976119041443,0.06236302852630615,0.22634905576705933,0.05095456540584564,0.028860384598374367,0.10001542419195175,0.048273686319589615,0.07597370445728302
1292,1292,datasets/audios/eastern_sliced/jingju/jingju_048_002.wav,4,jingju,4,hiphop,0.22872290015220642,2.150006055831909,0.08249793946743011,0.12989643216133118,0.12547647953033447,0.07065072655677795,0.22872290015220642,0.04730012267827988,0.020979126915335655,0.13643068075180054,0.06064581871032715,0.09739980846643448
1293,1293,datasets/audios/eastern_sliced/jingju/jingju_049_000.wav,4,jingju,1,classical,0.7359432578086853,1.053043246269226,0.03278941661119461,0.7359432578086853,0.02801522985100746,0.010626597329974174,0.011846695095300674,0.10887833684682846,0.006224438548088074,0.008316991850733757,0.020681004971265793,0.036678049713373184
1294,1294,datasets/audios/eastern_sliced/jingju/jingju_049_001.wav,4,jingju,1,classical,0.3238123953342438,2.0218100547790527,0.06485234200954437,0.3238123953342438,0.07730024307966232,0.03479910269379616,0.154190793633461,0.11531473696231842,0.01401441264897585,0.06687133759260178,0.07021582871675491,0.07862883806228638
1295,1295,datasets/audios/eastern_sliced/jingju/jingju_050_000.wav,4,jingju,1,classical,0.9483538269996643,0.30291634798049927,0.004522817675024271,0.9483538269996643,0.010841002687811852,0.0034857606515288353,0.0005605771439149976,0.012403995729982853,0.0012011161306872964,0.004877551458775997,0.003493183059617877,0.010260243900120258
1296,1296,datasets/audios/eastern_sliced/jingju/jingju_050_001.wav,4,jingju,1,classical,0.9317432045936584,0.3801165521144867,0.007630848791450262,0.9317432045936584,0.013067697174847126,0.0038216696120798588,0.0009285143460147083,0.018910087645053864,0.0018081769812852144,0.004921506159007549,0.004834216088056564,0.012334059923887253
1297,1297,datasets/audios/eastern_sliced/jingju/jingju_050_002.wav,4,jingju,1,classical,0.8921968340873718,0.538021445274353,0.009424302726984024,0.8921968340873718,0.01807337999343872,0.005613860674202442,0.0022189829032868147,0.037738651037216187,0.0022456427104771137,0.0059227836318314075,0.0050869230180978775,0.02147863060235977
1298,1298,datasets/audios/eastern_sliced/jingju/jingju_050_003.wav,4,jingju,1,classical,0.8279904723167419,0.7847639322280884,0.0163070410490036,0.8279904723167419,0.023127537220716476,0.012573433108627796,0.0040185400284826756,0.06126989424228668,0.004905040375888348,0.010743949562311172,0.012511269189417362,0.026552842929959297
1299,1299,datasets/audios/eastern_sliced/jingju/jingju_050_004.wav,4,jingju,1,classical,0.7795606851577759,0.9588519334793091,0.024818241596221924,0.7795606851577759,0.03929462283849716,0.012888425961136818,0.005792321637272835,0.06270275264978409,0.006944647524505854,0.01543324813246727,0.01625359058380127,0.036311302334070206
1300,1300,datasets/audios/eastern_sliced/jingju/jingju_051_000.wav,4,jingju,1,classical,0.6384026408195496,1.3643115758895874,0.04900367930531502,0.6384026408195496,0.04894373193383217,0.014568104408681393,0.03016507253050804,0.11170312762260437,0.009661827236413956,0.016749273985624313,0.030768482014536858,0.05003410205245018
1301,1301,datasets/audios/eastern_sliced/jingju/jingju_051_001.wav,4,jingju,1,classical,0.8543548583984375,0.6832150220870972,0.018105559051036835,0.8543548583984375,0.012737584300339222,0.005382608622312546,0.005045040976256132,0.044582899659872055,0.0024620157200843096,0.007828355766832829,0.010441307909786701,0.03905963525176048
1302,1302,datasets/audios/eastern_sliced/jingju/jingju_051_002.wav,4,jingju,1,classical,0.5282934308052063,1.6104042530059814,0.06103138253092766,0.5282934308052063,0.05217987671494484,0.01886136084794998,0.05934979394078255,0.153198704123497,0.010802524164319038,0.01989392749965191,0.043189823627471924,0.05319907143712044
1303,1303,datasets/audios/eastern_sliced/jingju/jingju_052_000.wav,4,jingju,1,classical,0.9037108421325684,0.5039830803871155,0.0069352383725345135,0.9037108421325684,0.014827343635261059,0.007914239540696144,0.001550697605125606,0.023334750905632973,0.001947823679074645,0.010391182266175747,0.00713080121204257,0.022257069125771523
1304,1304,datasets/audios/eastern_sliced/jingju/jingju_052_001.wav,4,jingju,1,classical,0.8280895352363586,0.7921446561813354,0.020869895815849304,0.8280895352363586,0.029327118769288063,0.008408605121076107,0.006674900650978088,0.04206351190805435,0.004488782491534948,0.011876226402819157,0.008022946305572987,0.040178555995225906
1305,1305,datasets/audios/eastern_sliced/jingju/jingju_052_002.wav,4,jingju,1,classical,0.8985647559165955,0.5186231732368469,0.009621281176805496,0.8985647559165955,0.022024942561984062,0.004269531462341547,0.0020234372932463884,0.024571459740400314,0.0022183796390891075,0.0071289679035544395,0.005330388434231281,0.02424696460366249
1306,1306,datasets/audios/eastern_sliced/jingju/jingju_052_003.wav,4,jingju,1,classical,0.7056096792221069,1.1861687898635864,0.026162803173065186,0.7056096792221069,0.06796348094940186,0.012990024872124195,0.015787063166499138,0.04881278797984123,0.006754934322088957,0.03227989748120308,0.01586749404668808,0.06777190417051315
1307,1307,datasets/audios/eastern_sliced/jingju/jingju_052_004.wav,4,jingju,1,classical,0.6676085591316223,1.2918884754180908,0.02967219613492489,0.6676085591316223,0.06658780574798584,0.016082899644970894,0.014885418117046356,0.08734727650880814,0.009524605236947536,0.02270291931927204,0.02887638472020626,0.05671202018857002
1308,1308,datasets/audios/eastern_sliced/jingju/jingju_053_000.wav,4,jingju,1,classical,0.5962473154067993,1.468483328819275,0.06921317428350449,0.5962473154067993,0.040966905653476715,0.023378146812319756,0.023290317505598068,0.12764929234981537,0.022719206288456917,0.013327072374522686,0.03300365433096886,0.050204891711473465
1309,1309,datasets/audios/eastern_sliced/jingju/jingju_053_001.wav,4,jingju,1,classical,0.3960172235965729,1.793760061264038,0.2044813334941864,0.3960172235965729,0.036664437502622604,0.018483011052012444,0.04907813295722008,0.12137342989444733,0.023713024333119392,0.01020375732332468,0.05273659527301788,0.08724913746118546
1310,1310,datasets/audios/eastern_sliced/jingju/jingju_053_002.wav,4,jingju,1,classical,0.4339926838874817,1.7380768060684204,0.19625967741012573,0.4339926838874817,0.05348360538482666,0.019179897382855415,0.06289981305599213,0.1113312840461731,0.016445232555270195,0.010996188968420029,0.037809956818819046,0.05760173872113228
1311,1311,datasets/audios/eastern_sliced/jingju/jingju_054_000.wav,4,jingju,1,classical,0.29643192887306213,2.100351333618164,0.08739206939935684,0.29643192887306213,0.07129476219415665,0.0824761763215065,0.11696115881204605,0.08449079096317291,0.020945940166711807,0.07719201594591141,0.04809683933854103,0.11471832543611526
1312,1312,datasets/audios/eastern_sliced/jingju/jingju_054_001.wav,4,jingju,1,classical,0.28060171008110046,2.118163585662842,0.10671261698007584,0.28060171008110046,0.06414775550365448,0.09069192409515381,0.12448570132255554,0.08974410593509674,0.023291634395718575,0.06310487538576126,0.05286627635359764,0.10435337573289871
1313,1313,datasets/audios/eastern_sliced/jingju/jingju_055_000.wav,4,jingju,1,classical,0.7473295331001282,1.0339728593826294,0.026078486815094948,0.7473295331001282,0.09491275995969772,0.015379118733108044,0.008137119002640247,0.0325903594493866,0.005638584028929472,0.01707153208553791,0.012298944406211376,0.04056353494524956
1314,1314,datasets/audios/eastern_sliced/jingju/jingju_055_001.wav,4,jingju,1,classical,0.7446336150169373,1.0386748313903809,0.03131752088665962,0.7446336150169373,0.09779864549636841,0.014276621863245964,0.008351574651896954,0.03490978479385376,0.005483932327479124,0.01516722608357668,0.012517789378762245,0.035543426871299744
1315,1315,datasets/audios/eastern_sliced/jingju/jingju_055_002.wav,4,jingju,1,classical,0.8487412333488464,0.7163589596748352,0.01973552256822586,0.8487412333488464,0.04086356610059738,0.00948161631822586,0.004953105002641678,0.02815992757678032,0.0035910021979361773,0.008279573172330856,0.007171116303652525,0.029023362323641777
1316,1316,datasets/audios/eastern_sliced/jingju/jingju_055_003.wav,4,jingju,1,classical,0.8941237330436707,0.5401828289031982,0.012267474085092545,0.8941237330436707,0.026456845924258232,0.007651404943317175,0.0026068841107189655,0.024304870516061783,0.002309571485966444,0.005381216295063496,0.005242392420768738,0.019655536860227585
1317,1317,datasets/audios/eastern_sliced/jingju/jingju_055_004.wav,4,jingju,1,classical,0.8574486374855042,0.6729438304901123,0.013745062053203583,0.8574486374855042,0.045908764004707336,0.00563619751483202,0.0026007224805653095,0.02467247284948826,0.0022572705056518316,0.010118472389876842,0.009333893656730652,0.028278497979044914
1318,1318,datasets/audios/eastern_sliced/jingju/jingju_056_000.wav,4,jingju,1,classical,0.5948167443275452,1.4901118278503418,0.045121192932128906,0.5948167443275452,0.06501578539609909,0.022707952186465263,0.019606314599514008,0.11148988455533981,0.014423036947846413,0.026262333616614342,0.041813261806964874,0.05874352902173996
1319,1319,datasets/audios/eastern_sliced/jingju/jingju_056_001.wav,4,jingju,1,classical,0.5225064754486084,1.6787151098251343,0.06353297084569931,0.5225064754486084,0.07160353660583496,0.03232216462492943,0.029931386932730675,0.10347019135951996,0.014822191558778286,0.031151577830314636,0.053947996348142624,0.07671147584915161
1320,1320,datasets/audios/eastern_sliced/jingju/jingju_056_002.wav,4,jingju,1,classical,0.5550393462181091,1.6035277843475342,0.051111187785863876,0.5550393462181091,0.10048674046993256,0.03305543586611748,0.024525826796889305,0.08182881027460098,0.014725880697369576,0.032852690666913986,0.045839596539735794,0.06053457036614418
1321,1321,datasets/audios/eastern_sliced/jingju/jingju_056_003.wav,4,jingju,1,classical,0.4490429759025574,1.8184701204299927,0.06929273158311844,0.4490429759025574,0.08399145305156708,0.031738802790641785,0.03441270813345909,0.13295423984527588,0.020915837958455086,0.033705975860357285,0.06082465872168541,0.08312061429023743
1322,1322,datasets/audios/eastern_sliced/jingju/jingju_057_000.wav,4,jingju,1,classical,0.29664403200149536,2.08272123336792,0.06151523441076279,0.29664403200149536,0.11618100106716156,0.037763264030218124,0.07340088486671448,0.08996938914060593,0.018133200705051422,0.10679597407579422,0.08227245509624481,0.1173245906829834
1323,1323,datasets/audios/eastern_sliced/jingju/jingju_057_001.wav,4,jingju,1,classical,0.1934824436903,2.1426963806152344,0.04970277100801468,0.1934824436903,0.1513739824295044,0.05288205295801163,0.11351090669631958,0.06424786895513535,0.018230650573968887,0.1768507957458496,0.07895694673061371,0.1007615476846695
1324,1324,datasets/audios/eastern_sliced/jingju/jingju_057_002.wav,4,jingju,1,classical,0.25671958923339844,2.0900957584381104,0.04353838041424751,0.25671958923339844,0.11352720111608505,0.04865423962473869,0.09497453272342682,0.06697264313697815,0.017033662647008896,0.17301204800605774,0.06532067060470581,0.12024706602096558
1325,1325,datasets/audios/eastern_sliced/jingju/jingju_058_000.wav,4,jingju,1,classical,0.5844759345054626,1.5304464101791382,0.048313215374946594,0.5844759345054626,0.07687874138355255,0.022353995591402054,0.022048436105251312,0.0888989195227623,0.014132251031696796,0.035742949694395065,0.03874281048774719,0.06841278076171875
1326,1326,datasets/audios/eastern_sliced/jingju/jingju_058_001.wav,4,jingju,1,classical,0.2995130121707916,2.0357277393341064,0.06350570917129517,0.2995130121707916,0.20191574096679688,0.0505288690328598,0.052386850118637085,0.08432306349277496,0.019846174865961075,0.088505320250988,0.06075869873166084,0.07871648669242859
1327,1327,datasets/audios/eastern_sliced/jingju/jingju_058_002.wav,4,jingju,1,classical,0.5193426609039307,1.6669111251831055,0.04809817299246788,0.5193426609039307,0.12725745141506195,0.027372263371944427,0.02960004284977913,0.08437085896730423,0.013045094907283783,0.04493284597992897,0.049001000821590424,0.05697963014245033
1328,1328,datasets/audios/eastern_sliced/jingju/jingju_058_003.wav,4,jingju,1,classical,0.5767524242401123,1.512940526008606,0.03701934218406677,0.5767524242401123,0.13573162257671356,0.02460359036922455,0.019862446933984756,0.057444799691438675,0.009447501040995121,0.05071597546339035,0.035578206181526184,0.052844006568193436
1329,1329,datasets/audios/eastern_sliced/jingju/jingju_059_000.wav,4,jingju,1,classical,0.35387828946113586,1.8938482999801636,0.06433458626270294,0.35387828946113586,0.21623161435127258,0.034153904765844345,0.05867106467485428,0.044042374938726425,0.009520617313683033,0.09471246600151062,0.03347984328866005,0.09097521752119064
1330,1330,datasets/audios/eastern_sliced/jingju/jingju_059_001.wav,4,jingju,1,classical,0.27264028787612915,2.0806169509887695,0.11267981678247452,0.27264028787612915,0.13745082914829254,0.04154521971940994,0.15016143023967743,0.0811191275715828,0.016117410734295845,0.05506893992424011,0.06330695748329163,0.06990993767976761
1331,1331,datasets/audios/eastern_sliced/jingju/jingju_060_000.wav,4,jingju,7,pop,0.2607109844684601,2.0358035564422607,0.02642652578651905,0.1158556416630745,0.06540481001138687,0.0783819779753685,0.0577070415019989,0.032840993255376816,0.053078122437000275,0.2607109844684601,0.07043477147817612,0.23915910720825195
1332,1332,datasets/audios/eastern_sliced/jingju/jingju_060_001.wav,4,jingju,9,rock,0.2939242720603943,1.889139175415039,0.016842070966959,0.24144183099269867,0.060733117163181305,0.07042025029659271,0.027565473690629005,0.03258250653743744,0.03849535807967186,0.18517158925533295,0.03282347321510315,0.2939242720603943
1333,1333,datasets/audios/eastern_sliced/jingju/jingju_060_002.wav,4,jingju,9,rock,0.3112421929836273,1.9324783086776733,0.01779724471271038,0.09072455018758774,0.06573287397623062,0.061632782220840454,0.048714470118284225,0.01768645830452442,0.05437476933002472,0.24964892864227295,0.08244574069976807,0.3112421929836273
1334,1334,datasets/audios/eastern_sliced/jingju/jingju_060_003.wav,4,jingju,7,pop,0.3740888833999634,1.950135588645935,0.021645989269018173,0.1268039047718048,0.05022527277469635,0.059656765311956406,0.10274895280599594,0.05509278550744057,0.020398162305355072,0.3740888833999634,0.09878799319267273,0.09055119752883911
1335,1335,datasets/audios/eastern_sliced/jingju/jingju_060_004.wav,4,jingju,7,pop,0.33731377124786377,1.9966505765914917,0.02512309141457081,0.08249323815107346,0.04548167437314987,0.06145792081952095,0.1631600558757782,0.0638050064444542,0.02668236568570137,0.33731377124786377,0.10982052981853485,0.08466238528490067
1336,1336,datasets/audios/eastern_sliced/jingju/jingju_061_000.wav,4,jingju,1,classical,0.6524652242660522,1.3475409746170044,0.046141043305397034,0.6524652242660522,0.03378819301724434,0.031891241669654846,0.029897749423980713,0.09381566196680069,0.01069038175046444,0.015869926661252975,0.02457849681377411,0.06086219102144241
1337,1337,datasets/audios/eastern_sliced/jingju/jingju_061_001.wav,4,jingju,1,classical,0.6473807096481323,1.3518747091293335,0.042921729385852814,0.6473807096481323,0.029676469042897224,0.037942830473184586,0.02945879101753235,0.10519801080226898,0.009644526988267899,0.01448223739862442,0.027570044621825218,0.05572463199496269
1338,1338,datasets/audios/eastern_sliced/jingju/jingju_061_002.wav,4,jingju,1,classical,0.6228146553039551,1.4361852407455444,0.04348690062761307,0.6228146553039551,0.03851665183901787,0.044148821383714676,0.03442211449146271,0.09475889801979065,0.010706577450037003,0.01887449622154236,0.03129085898399353,0.0609799399971962
1339,1339,datasets/audios/eastern_sliced/jingju/jingju_062_000.wav,4,jingju,1,classical,0.4679325819015503,1.784552812576294,0.05806804075837135,0.4679325819015503,0.14172664284706116,0.04179476574063301,0.03786678984761238,0.07178257405757904,0.018399875611066818,0.051256634294986725,0.037789683789014816,0.07338231801986694
1340,1340,datasets/audios/eastern_sliced/jingju/jingju_062_001.wav,4,jingju,1,classical,0.3555169999599457,1.9836156368255615,0.10349185764789581,0.3555169999599457,0.12399064004421234,0.04582742601633072,0.0699848160147667,0.12342718988656998,0.022470716387033463,0.031733833253383636,0.05055225268006325,0.07300429791212082
1341,1341,datasets/audios/eastern_sliced/jingju/jingju_062_002.wav,4,jingju,1,classical,0.29270949959754944,2.0105645656585693,0.17771553993225098,0.29270949959754944,0.0835350900888443,0.04233492910861969,0.08134068548679352,0.15334564447402954,0.024129197001457214,0.017567090690135956,0.05818546563386917,0.06913695484399796
1342,1342,datasets/audios/eastern_sliced/jingju/jingju_062_003.wav,4,jingju,1,classical,0.32643696665763855,2.016413450241089,0.12336749583482742,0.32643696665763855,0.11747340112924576,0.03221685066819191,0.08137110620737076,0.11724714189767838,0.02166811376810074,0.030410995706915855,0.06156749278306961,0.08824045211076736
1343,1343,datasets/audios/eastern_sliced/jingju/jingju_063_000.wav,4,jingju,1,classical,0.8354243040084839,0.7450273036956787,0.012739348225295544,0.8354243040084839,0.04057469964027405,0.0074515389278531075,0.0028446493670344353,0.05585731938481331,0.004614486824721098,0.006426302716135979,0.012671204283833504,0.02139616757631302
1344,1344,datasets/audios/eastern_sliced/jingju/jingju_063_001.wav,4,jingju,1,classical,0.8863805532455444,0.5506777763366699,0.007783072534948587,0.8863805532455444,0.026251500472426414,0.004400179721415043,0.0017294768476858735,0.043752919882535934,0.002443194855004549,0.004148397594690323,0.006935114972293377,0.016175560653209686
1345,1345,datasets/audios/eastern_sliced/jingju/jingju_063_002.wav,4,jingju,1,classical,0.9096579551696777,0.45751166343688965,0.006043511908501387,0.9096579551696777,0.030230307951569557,0.0031267122831195593,0.0007626036531291902,0.027483105659484863,0.0017103722784668207,0.003542517079040408,0.005579354241490364,0.011863633058965206
1346,1346,datasets/audios/eastern_sliced/jingju/jingju_063_003.wav,4,jingju,1,classical,0.8892110586166382,0.5374021530151367,0.007011667359620333,0.8892110586166382,0.03200127184391022,0.0048143439926207066,0.0012074639089405537,0.03973599150776863,0.0021564513444900513,0.0037514090072363615,0.007606452330946922,0.012503963895142078
1347,1347,datasets/audios/eastern_sliced/jingju/jingju_063_004.wav,4,jingju,1,classical,0.9055246114730835,0.4670639932155609,0.006323313806205988,0.9055246114730835,0.026311982423067093,0.0033614954445511103,0.0008336018654517829,0.03819472715258598,0.0019831035751849413,0.002235197927802801,0.0055363294668495655,0.00969554390758276
1348,1348,datasets/audios/eastern_sliced/jingju/jingju_064_000.wav,4,jingju,1,classical,0.5912590026855469,1.5138132572174072,0.06863060593605042,0.5912590026855469,0.050654828548431396,0.019802354276180267,0.037483155727386475,0.0977155789732933,0.01290410291403532,0.02686668373644352,0.03768458962440491,0.05699901282787323
1349,1349,datasets/audios/eastern_sliced/jingju/jingju_064_001.wav,4,jingju,1,classical,0.4908878803253174,1.7220443487167358,0.07833347469568253,0.4908878803253174,0.04861666262149811,0.02366391383111477,0.06149571016430855,0.14061208069324493,0.015316382050514221,0.03009023331105709,0.05437544733285904,0.05660821497440338
1350,1350,datasets/audios/eastern_sliced/jingju/jingju_065_000.wav,4,jingju,2,country,0.25521424412727356,2.1531596183776855,0.11880802363157272,0.10084787756204605,0.25521424412727356,0.052856914699077606,0.08833939582109451,0.13126185536384583,0.031265050172805786,0.08108797669410706,0.06176787242293358,0.07855090498924255
1351,1351,datasets/audios/eastern_sliced/jingju/jingju_065_001.wav,4,jingju,2,country,0.31645235419273376,2.0691795349121094,0.11178185790777206,0.10006147623062134,0.31645235419273376,0.043085090816020966,0.10806860029697418,0.09057030081748962,0.024313688278198242,0.08097393065690994,0.047464437782764435,0.07722827047109604
1352,1352,datasets/audios/eastern_sliced/jingju/jingju_065_002.wav,4,jingju,2,country,0.28869757056236267,2.10190749168396,0.11975908279418945,0.10025696456432343,0.28869757056236267,0.04534494876861572,0.1220226064324379,0.0956401601433754,0.02556527405977249,0.07534453272819519,0.05173138901591301,0.07563744485378265
1353,1353,datasets/audios/eastern_sliced/jingju/jingju_066_000.wav,4,jingju,1,classical,0.9628820419311523,0.22554275393486023,0.0032723499462008476,0.9628820419311523,0.007511540781706572,0.0018354278290644288,0.00045331002911552787,0.010665926150977612,0.0006622857181355357,0.0018164230277761817,0.0016306404722854495,0.00927016418427229
1354,1354,datasets/audios/eastern_sliced/jingju/jingju_066_001.wav,4,jingju,1,classical,0.7690243124961853,0.9986637830734253,0.01379977073520422,0.7690243124961853,0.040472522377967834,0.018056420609354973,0.007996548898518085,0.05303182825446129,0.00530307786539197,0.025619901716709137,0.01779746450483799,0.048898231238126755
1355,1355,datasets/audios/eastern_sliced/jingju/jingju_066_002.wav,4,jingju,1,classical,0.8616287112236023,0.6638408303260803,0.010349507443606853,0.8616287112236023,0.026760905981063843,0.009048587642610073,0.0032722984906286,0.04326874762773514,0.003323121229186654,0.008309181779623032,0.009665468707680702,0.02437341958284378
1356,1356,datasets/audios/eastern_sliced/jingju/jingju_066_003.wav,4,jingju,1,classical,0.6228194236755371,1.4263279438018799,0.022813018411397934,0.6228194236755371,0.0684594064950943,0.023613905534148216,0.02819887548685074,0.062458764761686325,0.008665329776704311,0.054631903767585754,0.02502818964421749,0.08331123739480972
1357,1357,datasets/audios/eastern_sliced/jingju/jingju_066_004.wav,4,jingju,1,classical,0.8876718282699585,0.5569041967391968,0.007936174981296062,0.8876718282699585,0.022342998534440994,0.006784050725400448,0.002080691047012806,0.03989638388156891,0.0022748105693608522,0.005800000391900539,0.008431815542280674,0.01678120158612728
1358,1358,datasets/audios/eastern_sliced/jingju/jingju_067_000.wav,4,jingju,1,classical,0.8250008821487427,0.799820065498352,0.014164714142680168,0.8250008821487427,0.04773701727390289,0.009522471576929092,0.005358679685741663,0.04018205776810646,0.0044214059598743916,0.011266255751252174,0.012502647005021572,0.02984379045665264
1359,1359,datasets/audios/eastern_sliced/jingju/jingju_067_001.wav,4,jingju,1,classical,0.8722946047782898,0.6223269104957581,0.008546995930373669,0.8722946047782898,0.027009425684809685,0.006469922140240669,0.002991695888340473,0.03401901200413704,0.002613586373627186,0.009478343650698662,0.007972528226673603,0.028603892773389816
1360,1360,datasets/audios/eastern_sliced/jingju/jingju_067_002.wav,4,jingju,1,classical,0.6454963088035583,1.3482677936553955,0.024195032194256783,0.6454963088035583,0.06783037632703781,0.0161569956690073,0.02432207763195038,0.0977640375494957,0.007953244261443615,0.027821116149425507,0.02926493063569069,0.05919582396745682
1361,1361,datasets/audios/eastern_sliced/jingju/jingju_067_003.wav,4,jingju,1,classical,0.7869803309440613,0.9163443446159363,0.015569743700325489,0.7869803309440613,0.050466105341911316,0.00924608949571848,0.005980065558105707,0.062435511499643326,0.005315890070050955,0.011594611220061779,0.014748256653547287,0.03766344115138054
1362,1362,datasets/audios/eastern_sliced/jingju/jingju_067_004.wav,4,jingju,1,classical,0.6801354289054871,1.2571296691894531,0.02060566283762455,0.6801354289054871,0.03955693542957306,0.01281318161636591,0.029134506359696388,0.08035663515329361,0.0052488818764686584,0.038912899792194366,0.021756507456302643,0.07147930562496185
1363,1363,datasets/audios/eastern_sliced/jingju/jingju_068_000.wav,4,jingju,5,jazz,0.36003634333610535,1.8627487421035767,0.05675249546766281,0.22876249253749847,0.04170791804790497,0.03241768851876259,0.1094057634472847,0.36003634333610535,0.015065763145685196,0.02782931923866272,0.0831989124417305,0.044823337346315384
1364,1364,datasets/audios/eastern_sliced/jingju/jingju_068_001.wav,4,jingju,1,classical,0.4120001494884491,1.645799994468689,0.04875728115439415,0.4120001494884491,0.05023937299847603,0.024582888931035995,0.04357485845685005,0.30361905694007874,0.012251134030520916,0.013796118088066578,0.05302676558494568,0.03815240040421486
1365,1365,datasets/audios/eastern_sliced/jingju/jingju_068_002.wav,4,jingju,1,classical,0.6404445171356201,1.2472364902496338,0.030424272641539574,0.6404445171356201,0.04087287560105324,0.013448663987219334,0.01801026426255703,0.182660773396492,0.006345975212752819,0.011336489580571651,0.025749795138835907,0.03070644661784172
1366,1366,datasets/audios/eastern_sliced/jingju/jingju_068_003.wav,4,jingju,1,classical,0.4561132490634918,1.5764914751052856,0.04110458865761757,0.4561132490634918,0.06067303940653801,0.014222336001694202,0.038393259048461914,0.28109654784202576,0.007870354689657688,0.01978478580713272,0.041670866310596466,0.039070919156074524
1367,1367,datasets/audios/eastern_sliced/jingju/jingju_068_004.wav,4,jingju,1,classical,0.517279863357544,1.5669784545898438,0.03674866631627083,0.517279863357544,0.056228701025247574,0.020984627306461334,0.042979586869478226,0.2052251249551773,0.008294295519590378,0.021250756457448006,0.05345679447054863,0.03755159303545952
1368,1368,datasets/audios/eastern_sliced/jingju/jingju_069_000.wav,4,jingju,1,classical,0.8524833917617798,0.6951164603233337,0.02141035720705986,0.8524833917617798,0.01600789465010166,0.004582167137414217,0.0050534275360405445,0.04929313063621521,0.004869292955845594,0.0077767083421349525,0.00962330587208271,0.028900349512696266
1369,1369,datasets/audios/eastern_sliced/jingju/jingju_069_001.wav,4,jingju,1,classical,0.9191818237304688,0.4224022924900055,0.011304161511361599,0.9191818237304688,0.008512577973306179,0.0025587587151676416,0.0011146139586344361,0.03356475010514259,0.0025268220342695713,0.0031571481376886368,0.005461251828819513,0.012618052773177624
1370,1370,datasets/audios/eastern_sliced/jingju/jingju_069_002.wav,4,jingju,1,classical,0.8894737362861633,0.5499572157859802,0.016153335571289062,0.8894737362861633,0.0124373659491539,0.003512326395139098,0.0019000490428879857,0.04048394411802292,0.004510585218667984,0.004601513966917992,0.008178398944437504,0.018748801201581955
1371,1371,datasets/audios/eastern_sliced/jingju/jingju_069_003.wav,4,jingju,1,classical,0.878882646560669,0.5932019948959351,0.022721700370311737,0.878882646560669,0.010675058700144291,0.003775343531742692,0.003355844644829631,0.04129189997911453,0.004151050467044115,0.005774964112788439,0.008158490993082523,0.021213021129369736
1372,1372,datasets/audios/eastern_sliced/jingju/jingju_069_004.wav,4,jingju,1,classical,0.9333292841911316,0.3664785623550415,0.011151579208672047,0.9333292841911316,0.005767104681581259,0.0016940709901973605,0.0011570444330573082,0.020666100084781647,0.0022836679127067327,0.00377476355060935,0.003760452615097165,0.01641596108675003
1373,1373,datasets/audios/eastern_sliced/jingju/jingju_070_000.wav,4,jingju,1,classical,0.45360785722732544,1.8047363758087158,0.03429269418120384,0.45360785722732544,0.09707034379243851,0.032631177455186844,0.030136777088046074,0.09607245028018951,0.013267120346426964,0.06663013249635696,0.10728152096271515,0.06900991499423981
1374,1374,datasets/audios/eastern_sliced/jingju/jingju_070_001.wav,4,jingju,1,classical,0.40578266978263855,1.892608880996704,0.08254130929708481,0.40578266978263855,0.0691346675157547,0.03255641460418701,0.05903296917676926,0.11205197125673294,0.011971447616815567,0.042779672890901566,0.12850235402584076,0.05564658343791962
1375,1375,datasets/audios/eastern_sliced/jingju/jingju_070_002.wav,4,jingju,1,classical,0.5023512840270996,1.7153418064117432,0.0637815073132515,0.5023512840270996,0.08498799800872803,0.03419427201151848,0.03069361113011837,0.11115682870149612,0.015028972178697586,0.028554052114486694,0.07170780003070831,0.05754373222589493
1376,1376,datasets/audios/eastern_sliced/jingju/jingju_070_003.wav,4,jingju,1,classical,0.3584381639957428,1.9822100400924683,0.1064596101641655,0.3584381639957428,0.09118406474590302,0.032969679683446884,0.0682101622223854,0.10516322404146194,0.01575985550880432,0.048576720058918,0.11717163026332855,0.056066885590553284
1377,1377,datasets/audios/eastern_sliced/jingju/jingju_070_004.wav,4,jingju,1,classical,0.21326430141925812,2.0593671798706055,0.12900704145431519,0.21326430141925812,0.05854598060250282,0.0363580696284771,0.18873895704746246,0.12427753955125809,0.01375693827867508,0.03546903654932976,0.15661045908927917,0.043971702456474304
1378,1378,datasets/audios/eastern_sliced/jingju/jingju_071_000.wav,4,jingju,1,classical,0.6863632202148438,1.25914466381073,0.04701187089085579,0.6863632202148438,0.027102448046207428,0.026637781411409378,0.016415506601333618,0.0698515996336937,0.009425648488104343,0.023066779598593712,0.02659354731440544,0.06753157824277878
1379,1379,datasets/audios/eastern_sliced/jingju/jingju_071_001.wav,4,jingju,1,classical,0.7412297129631042,1.1002411842346191,0.04079343006014824,0.7412297129631042,0.041857969015836716,0.016498886048793793,0.014319980517029762,0.047950465232133865,0.005875546019524336,0.022807003930211067,0.01892937906086445,0.04973747581243515
1380,1380,datasets/audios/eastern_sliced/jingju/jingju_071_002.wav,4,jingju,1,classical,0.8111459016799927,0.8619621992111206,0.02526181749999523,0.8111459016799927,0.03648084029555321,0.01115269772708416,0.006385567598044872,0.04053180292248726,0.004123620688915253,0.017623674124479294,0.013194672763347626,0.03409944847226143
1381,1381,datasets/audios/eastern_sliced/jingju/jingju_071_003.wav,4,jingju,1,classical,0.7983090281486511,0.8938521146774292,0.03683093935251236,0.7983090281486511,0.02695099264383316,0.008255720138549805,0.009652982465922832,0.05404903367161751,0.00480172224342823,0.010111247189342976,0.013034042902290821,0.03800420090556145
1382,1382,datasets/audios/eastern_sliced/jingju/jingju_071_004.wav,4,jingju,1,classical,0.3025341033935547,2.03861141204834,0.13042055070400238,0.3025341033935547,0.06937342137098312,0.03352595865726471,0.1580524444580078,0.09109993278980255,0.01578599028289318,0.0523395873606205,0.06509754806756973,0.08177051693201065
1383,1383,datasets/audios/eastern_sliced/jingju/jingju_072_000.wav,4,jingju,1,classical,0.7414935231208801,1.0882227420806885,0.04578845947980881,0.7414935231208801,0.03810559958219528,0.01779397949576378,0.006908899638801813,0.05819306895136833,0.007519085891544819,0.015194944106042385,0.023575644940137863,0.04542681202292442
1384,1384,datasets/audios/eastern_sliced/jingju/jingju_072_001.wav,4,jingju,1,classical,0.8298187851905823,0.7882288694381714,0.021213021129369736,0.8298187851905823,0.0357835628092289,0.01157857570797205,0.006000364664942026,0.035995032638311386,0.004161402117460966,0.008890433236956596,0.009057835675776005,0.037501074373722076
1385,1385,datasets/audios/eastern_sliced/jingju/jingju_072_002.wav,4,jingju,1,classical,0.8266040086746216,0.7895841598510742,0.03242074325680733,0.8266040086746216,0.0354355052113533,0.00796121172606945,0.0044845775701105595,0.04208389297127724,0.0040099285542964935,0.00570499524474144,0.010472502559423447,0.03082268312573433
1386,1386,datasets/audios/eastern_sliced/jingju/jingju_072_003.wav,4,jingju,1,classical,0.7887110710144043,0.9313172101974487,0.02114015445113182,0.7887110710144043,0.05273456498980522,0.012027576565742493,0.005590806715190411,0.038096942007541656,0.005361462477594614,0.020900120958685875,0.01419159397482872,0.0412457138299942
1387,1387,datasets/audios/eastern_sliced/jingju/jingju_072_004.wav,4,jingju,1,classical,0.8213796019554138,0.8166095018386841,0.029432334005832672,0.8213796019554138,0.03882792964577675,0.009907403029501438,0.006748076993972063,0.04005786404013634,0.0040768831968307495,0.007284677587449551,0.011455020867288113,0.030830154195427895
1388,1388,datasets/audios/eastern_sliced/jingju/jingju_073_000.wav,4,jingju,4,hiphop,0.5465885996818542,1.5518847703933716,0.03593888133764267,0.020925449207425117,0.07361214607954025,0.03818395361304283,0.5465885996818542,0.022140691056847572,0.008771907538175583,0.16090822219848633,0.05150984600186348,0.041420359164476395
1389,1389,datasets/audios/eastern_sliced/jingju/jingju_073_001.wav,4,jingju,7,pop,0.5697376728057861,1.4646275043487549,0.014855632558465004,0.03713827580213547,0.13962501287460327,0.03416113555431366,0.11076299846172333,0.012242319993674755,0.0038436243776232004,0.5697376728057861,0.029637720435857773,0.04799564555287361
1390,1390,datasets/audios/eastern_sliced/jingju/jingju_073_002.wav,4,jingju,7,pop,0.5462437272071838,1.5336744785308838,0.016218140721321106,0.04482065141201019,0.13564175367355347,0.03660918027162552,0.1129288598895073,0.014992413111031055,0.004408389795571566,0.5462437272071838,0.03253098949790001,0.055605873465538025
1391,1391,datasets/audios/eastern_sliced/jingju/jingju_073_003.wav,4,jingju,7,pop,0.49974530935287476,1.6195368766784668,0.019440773874521255,0.046082720160484314,0.16716088354587555,0.03987986966967583,0.11134981364011765,0.017314957454800606,0.005304927006363869,0.49974530935287476,0.03647001087665558,0.05725076049566269
1392,1392,datasets/audios/eastern_sliced/jingju/jingju_074_000.wav,4,jingju,1,classical,0.5378057360649109,1.649400234222412,0.03924207761883736,0.5378057360649109,0.06777197122573853,0.047498058527708054,0.01969100721180439,0.08789169788360596,0.017438029870390892,0.05609467253088951,0.03729898855090141,0.08926769345998764
1393,1393,datasets/audios/eastern_sliced/jingju/jingju_074_001.wav,4,jingju,1,classical,0.5182068347930908,1.6824820041656494,0.045629654079675674,0.5182068347930908,0.07202243059873581,0.0522296205163002,0.01827019825577736,0.09450078755617142,0.014297042042016983,0.046962086111307144,0.04071953892707825,0.09716188162565231
1394,1394,datasets/audios/eastern_sliced/jingju/jingju_074_002.wav,4,jingju,1,classical,0.7377777099609375,1.0880988836288452,0.021044988185167313,0.7377777099609375,0.059058867394924164,0.017029283568263054,0.007031529676169157,0.06387115269899368,0.007882517762482166,0.020603541284799576,0.01784246787428856,0.047857899218797684
1395,1395,datasets/audios/eastern_sliced/jingju/jingju_074_003.wav,4,jingju,1,classical,0.437832772731781,1.8576056957244873,0.049374330788850784,0.437832772731781,0.044715579599142075,0.06284298747777939,0.031096678227186203,0.09006399661302567,0.02147739939391613,0.0928906574845314,0.05334760993719101,0.11635793000459671
1396,1396,datasets/audios/eastern_sliced/jingju/jingju_074_004.wav,4,jingju,1,classical,0.38151437044143677,1.9005975723266602,0.039785705506801605,0.38151437044143677,0.04673817753791809,0.06964918226003647,0.030665963888168335,0.05689392611384392,0.026704369112849236,0.12053936719894409,0.04811934009194374,0.17938965559005737
1397,1397,datasets/audios/eastern_sliced/jingju/jingju_075_000.wav,4,jingju,1,classical,0.6602631211280823,1.3167619705200195,0.027296897023916245,0.6602631211280823,0.06649976968765259,0.01623435504734516,0.022192485630512238,0.05738932639360428,0.0105412183329463,0.03045889548957348,0.020446497946977615,0.08867747336626053
1398,1398,datasets/audios/eastern_sliced/jingju/jingju_075_001.wav,4,jingju,1,classical,0.6560931205749512,1.3356447219848633,0.03322518616914749,0.6560931205749512,0.07969625294208527,0.022898107767105103,0.014081153087317944,0.06421025097370148,0.011951995082199574,0.028655560687184334,0.02341899275779724,0.06576935201883316
1399,1399,datasets/audios/eastern_sliced/jingju/jingju_075_002.wav,4,jingju,1,classical,0.4412209391593933,1.8328166007995605,0.06658200174570084,0.4412209391593933,0.14321105182170868,0.03846067562699318,0.03378552570939064,0.08815505355596542,0.02217353880405426,0.044485121965408325,0.044006772339344025,0.07791934907436371
1400,1400,datasets/audios/eastern_sliced/jingju/jingju_075_003.wav,4,jingju,1,classical,0.4381551444530487,1.845623254776001,0.06820067018270493,0.4381551444530487,0.1321544349193573,0.03943505510687828,0.033046822994947433,0.09680959582328796,0.02413942851126194,0.042728178203105927,0.04592139646410942,0.07940930128097534
1401,1401,datasets/audios/eastern_sliced/jingju/jingju_075_004.wav,4,jingju,1,classical,0.3539983034133911,1.9715337753295898,0.0702003538608551,0.3539983034133911,0.14276482164859772,0.03216079995036125,0.04098275303840637,0.10278956592082977,0.0317155085504055,0.027370067313313484,0.11171210557222366,0.08630570769309998
1402,1402,datasets/audios/eastern_sliced/jingju/jingju_076_000.wav,4,jingju,1,classical,0.6255463361740112,1.4194128513336182,0.042281366884708405,0.6255463361740112,0.05810341611504555,0.027875440195202827,0.017529211938381195,0.09854815900325775,0.015513534657657146,0.02581816352903843,0.02611953392624855,0.06266476958990097
1403,1403,datasets/audios/eastern_sliced/jingju/jingju_076_001.wav,4,jingju,1,classical,0.493850439786911,1.7334094047546387,0.07128210365772247,0.493850439786911,0.08129019290208817,0.035160575062036514,0.026752939447760582,0.08581328392028809,0.019128911197185516,0.038271088153123856,0.03728045895695686,0.11116994172334671
1404,1404,datasets/audios/eastern_sliced/jingju/jingju_076_002.wav,4,jingju,1,classical,0.5188385248184204,1.6892924308776855,0.06177655979990959,0.5188385248184204,0.06934210658073425,0.03854772076010704,0.022618168964982033,0.10564946383237839,0.020946327596902847,0.04293471947312355,0.036271076649427414,0.08307531476020813
1405,1405,datasets/audios/eastern_sliced/jingju/jingju_076_003.wav,4,jingju,1,classical,0.634463906288147,1.379460334777832,0.03940277919173241,0.634463906288147,0.087070032954216,0.024958716705441475,0.010993605479598045,0.044002801179885864,0.01162245124578476,0.03989047929644585,0.0199076347053051,0.08768764138221741
1406,1406,datasets/audios/eastern_sliced/jingju/jingju_076_004.wav,4,jingju,1,classical,0.7429731488227844,1.0856014490127563,0.03508239611983299,0.7429731488227844,0.05290595814585686,0.015815695747733116,0.0076535530388355255,0.045952826738357544,0.008600952103734016,0.019136672839522362,0.01905146613717079,0.05282730236649513
1407,1407,datasets/audios/eastern_sliced/jingju/jingju_077_000.wav,4,jingju,1,classical,0.7150387167930603,1.1199352741241455,0.025798961520195007,0.7150387167930603,0.10381057113409042,0.011799235828220844,0.010469975881278515,0.058607880026102066,0.0057921395637094975,0.013426330871880054,0.020583197474479675,0.034673094749450684
1408,1408,datasets/audios/eastern_sliced/jingju/jingju_077_001.wav,4,jingju,1,classical,0.6404426693916321,1.354044795036316,0.03803171217441559,0.6404426693916321,0.08689727634191513,0.016995929181575775,0.017331767827272415,0.09367271512746811,0.009216421283781528,0.01719077117741108,0.03629688546061516,0.043923888355493546
1409,1409,datasets/audios/eastern_sliced/jingju/jingju_077_002.wav,4,jingju,1,classical,0.6380153298377991,1.3553751707077026,0.03513079136610031,0.6380153298377991,0.08405780047178268,0.016801562160253525,0.01887090504169464,0.10120789706707001,0.0085890619084239,0.01609867997467518,0.03867841884493828,0.04254945367574692
1410,1410,datasets/audios/eastern_sliced/jingju/jingju_077_003.wav,4,jingju,1,classical,0.6969042420387268,1.1901594400405884,0.028695326298475266,0.6969042420387268,0.04324771463871002,0.011698087677359581,0.017832156270742416,0.10296076536178589,0.007467661984264851,0.017042143270373344,0.02076784148812294,0.05338405445218086
1411,1411,datasets/audios/eastern_sliced/jingju/jingju_077_004.wav,4,jingju,1,classical,0.4980185329914093,1.7092852592468262,0.050450220704078674,0.4980185329914093,0.10351887345314026,0.021336210891604424,0.05022566020488739,0.11585920304059982,0.012675253674387932,0.033426519483327866,0.04697323963046074,0.06751631945371628
1412,1412,datasets/audios/eastern_sliced/jingju/jingju_078_000.wav,4,jingju,1,classical,0.30391842126846313,1.98307204246521,0.029229791834950447,0.30391842126846313,0.06919267773628235,0.06709703803062439,0.033649563789367676,0.08685925602912903,0.022482264786958694,0.2205585390329361,0.05791155621409416,0.10910080373287201
1413,1413,datasets/audios/eastern_sliced/jingju/jingju_078_001.wav,4,jingju,1,classical,0.7240704298019409,1.1416319608688354,0.01807233691215515,0.7240704298019409,0.03089067153632641,0.026551565155386925,0.007438018452376127,0.06060114502906799,0.007085942197591066,0.045308973640203476,0.022921165451407433,0.05705982446670532
1414,1414,datasets/audios/eastern_sliced/jingju/jingju_078_002.wav,4,jingju,1,classical,0.6985703110694885,1.215566873550415,0.020125199109315872,0.6985703110694885,0.029626276344060898,0.03083008900284767,0.008354993537068367,0.06583718955516815,0.0075399917550385,0.05382231995463371,0.02508244477212429,0.06021127849817276
1415,1415,datasets/audios/eastern_sliced/jingju/jingju_078_003.wav,4,jingju,1,classical,0.5796501040458679,1.5007960796356201,0.02070644311606884,0.5796501040458679,0.04630822315812111,0.04314856603741646,0.010631252080202103,0.06710582971572876,0.008956048637628555,0.11488321423530579,0.03103656880557537,0.0775737389922142
1416,1416,datasets/audios/eastern_sliced/jingju/jingju_078_004.wav,4,jingju,1,classical,0.21726259589195251,2.1228010654449463,0.15970811247825623,0.21726259589195251,0.03955811262130737,0.054994307458400726,0.053718406707048416,0.16217051446437836,0.02886573038995266,0.06601649522781372,0.08386333286762238,0.1338423192501068
1417,1417,datasets/audios/eastern_sliced/jingju/jingju_079_000.wav,4,jingju,1,classical,0.5078989863395691,1.6235427856445312,0.03026290237903595,0.5078989863395691,0.11251740902662277,0.028206156566739082,0.008597093634307384,0.04678305238485336,0.010774274356663227,0.12097141891717911,0.028503084555268288,0.10548559576272964
1418,1418,datasets/audios/eastern_sliced/jingju/jingju_079_001.wav,4,jingju,1,classical,0.7909742593765259,0.8927107453346252,0.014640282839536667,0.7909742593765259,0.07928071171045303,0.011599218472838402,0.002991342218592763,0.02499377168715,0.0048110284842550755,0.02020086720585823,0.01213732548058033,0.038371190428733826
1419,1419,datasets/audios/eastern_sliced/jingju/jingju_079_002.wav,4,jingju,1,classical,0.7643296122550964,1.0066990852355957,0.02548658475279808,0.7643296122550964,0.06860913336277008,0.01325279101729393,0.006804151926189661,0.039867617189884186,0.006852392572909594,0.01837053708732128,0.016874365508556366,0.0395527258515358
1420,1420,datasets/audios/eastern_sliced/jingju/jingju_079_003.wav,4,jingju,1,classical,0.8962809443473816,0.5266400575637817,0.007837911136448383,0.8962809443473816,0.02816840633749962,0.004945121239870787,0.0013855199795216322,0.02627941220998764,0.0029273205436766148,0.006563625298440456,0.006989595014601946,0.018622228875756264
1421,1421,datasets/audios/eastern_sliced/jingju/jingju_079_004.wav,4,jingju,1,classical,0.7676021456718445,1.0043257474899292,0.021818647161126137,0.7676021456718445,0.050956275314092636,0.013833318836987019,0.00830806139856577,0.052247337996959686,0.008479071781039238,0.017061574384570122,0.01607680693268776,0.04361671209335327
1422,1422,datasets/audios/eastern_sliced/jingju/jingju_080_000.wav,4,jingju,1,classical,0.24953778088092804,2.1067214012145996,0.06171085312962532,0.24953778088092804,0.06481603533029556,0.10015924274921417,0.18074774742126465,0.05834675952792168,0.028581270948052406,0.09169816225767136,0.037380628287792206,0.1270214021205902
1423,1423,datasets/audios/eastern_sliced/jingju/jingju_080_001.wav,4,jingju,1,classical,0.6549807190895081,1.3121349811553955,0.014929450117051601,0.6549807190895081,0.05284864455461502,0.032587312161922455,0.014098072424530983,0.04884625971317291,0.007800008170306683,0.061735667288303375,0.01414518803358078,0.09802871942520142
1424,1424,datasets/audios/eastern_sliced/jingju/jingju_081_000.wav,4,jingju,1,classical,0.581800639629364,1.5424906015396118,0.02890011854469776,0.581800639629364,0.05722329020500183,0.05465565621852875,0.015378564596176147,0.08255481719970703,0.012681574560701847,0.062011945992708206,0.037032678723335266,0.06776061654090881
1425,1425,datasets/audios/eastern_sliced/jingju/jingju_081_001.wav,4,jingju,1,classical,0.5967838764190674,1.4922535419464111,0.02332000993192196,0.5967838764190674,0.0539991669356823,0.051437586545944214,0.012816700153052807,0.0893174558877945,0.010815163142979145,0.06157867982983589,0.033784426748752594,0.06614699214696884
1426,1426,datasets/audios/eastern_sliced/jingju/jingju_081_002.wav,4,jingju,7,pop,0.23814275860786438,2.0535881519317627,0.03882965072989464,0.2191573828458786,0.11365659534931183,0.08951247483491898,0.03782788664102554,0.07613754272460938,0.017922457307577133,0.23814275860786438,0.04467303305864334,0.12414027750492096
1427,1427,datasets/audios/eastern_sliced/jingju/jingju_082_000.wav,4,jingju,1,classical,0.4389474391937256,1.877935528755188,0.05126670375466347,0.4389474391937256,0.07297626882791519,0.05389661714434624,0.06518121063709259,0.09912027418613434,0.013977731578052044,0.06423445791006088,0.06563173979520798,0.07476760447025299
1428,1428,datasets/audios/eastern_sliced/jingju/jingju_082_001.wav,4,jingju,1,classical,0.318777471780777,2.0448825359344482,0.05295252427458763,0.318777471780777,0.0736590176820755,0.04453765228390694,0.0944446325302124,0.15250025689601898,0.01746986247599125,0.08822660148143768,0.07186407595872879,0.08556793630123138
1429,1429,datasets/audios/eastern_sliced/jingju/jingju_083_000.wav,4,jingju,1,classical,0.6507568359375,1.2268192768096924,0.021883929148316383,0.6507568359375,0.03871102258563042,0.01471538096666336,0.007172880228608847,0.1680917590856552,0.005066270008683205,0.02592833712697029,0.01578148826956749,0.05189209803938866
1430,1430,datasets/audios/eastern_sliced/jingju/jingju_083_001.wav,4,jingju,1,classical,0.49563631415367126,1.712587594985962,0.0474206879734993,0.49563631415367126,0.06938385218381882,0.043037500232458115,0.027053004130721092,0.13771428167819977,0.014557884074747562,0.05324476212263107,0.031003424897789955,0.08094830065965652
1431,1431,datasets/audios/eastern_sliced/jingju/jingju_083_002.wav,4,jingju,1,classical,0.44019049406051636,1.8070303201675415,0.03591439500451088,0.44019049406051636,0.10569038987159729,0.050026487559080124,0.023459529504179955,0.08476900309324265,0.01264488697052002,0.11321704834699631,0.029350075870752335,0.10473768413066864
1432,1432,datasets/audios/eastern_sliced/jingju/jingju_083_003.wav,4,jingju,1,classical,0.3518626093864441,1.9454617500305176,0.03974863514304161,0.3518626093864441,0.11454809457063675,0.05396319925785065,0.037688177078962326,0.08014849573373795,0.013972431421279907,0.14896181225776672,0.03387684375047684,0.12522968649864197
1433,1433,datasets/audios/eastern_sliced/jingju/jingju_083_004.wav,4,jingju,1,classical,0.35848385095596313,1.8338038921356201,0.028162000700831413,0.35848385095596313,0.07050688564777374,0.04793081432580948,0.020332107320427895,0.11012313514947891,0.008492749184370041,0.21319687366485596,0.022890403866767883,0.11988120526075363
1434,1434,datasets/audios/eastern_sliced/jingju/jingju_084_000.wav,4,jingju,1,classical,0.6516072750091553,1.3634235858917236,0.04461660608649254,0.6516072750091553,0.057720039039850235,0.019823741167783737,0.023707261309027672,0.06966973841190338,0.01359510887414217,0.021657608449459076,0.030206674709916115,0.06739599257707596
1435,1435,datasets/audios/eastern_sliced/jingju/jingju_084_001.wav,4,jingju,1,classical,0.7290193438529968,1.131803274154663,0.026444265618920326,0.7290193438529968,0.05159192904829979,0.017132487148046494,0.012960861437022686,0.058853425085544586,0.009927666746079922,0.01846037060022354,0.021297117695212364,0.054312583059072495
1436,1436,datasets/audios/eastern_sliced/jingju/jingju_084_002.wav,4,jingju,1,classical,0.669005811214447,1.2931435108184814,0.04237246513366699,0.669005811214447,0.055377911776304245,0.012393130920827389,0.01895766705274582,0.08213942497968674,0.012187562882900238,0.014567038975656033,0.030644897371530533,0.06235412135720253
1437,1437,datasets/audios/eastern_sliced/jingju/jingju_084_003.wav,4,jingju,1,classical,0.45246779918670654,1.8117702007293701,0.08475988358259201,0.45246779918670654,0.0514797568321228,0.023501740768551826,0.0867973119020462,0.10835341364145279,0.014660165645182133,0.028097767382860184,0.06784062087535858,0.08204151690006256
1438,1438,datasets/audios/eastern_sliced/jingju/jingju_084_004.wav,4,jingju,1,classical,0.25893282890319824,2.0431199073791504,0.18483781814575195,0.25893282890319824,0.06267165392637253,0.031997330486774445,0.13666434586048126,0.10435175150632858,0.017084678635001183,0.02563542127609253,0.10807619988918304,0.06974795460700989
1439,1439,datasets/audios/eastern_sliced/jingju/jingju_085_000.wav,4,jingju,1,classical,0.6792382597923279,1.2565933465957642,0.03046950325369835,0.6792382597923279,0.08702274411916733,0.019950035959482193,0.008974139578640461,0.053281884640455246,0.009501826949417591,0.02539612166583538,0.022662032395601273,0.06350353360176086
1440,1440,datasets/audios/eastern_sliced/jingju/jingju_085_001.wav,4,jingju,1,classical,0.5997946262359619,1.4365952014923096,0.03362080827355385,0.5997946262359619,0.1421947330236435,0.025332925841212273,0.012595263309776783,0.04675661027431488,0.01021675392985344,0.03632878139615059,0.03033224679529667,0.06282732635736465
1441,1441,datasets/audios/eastern_sliced/jingju/jingju_085_002.wav,4,jingju,1,classical,0.48648276925086975,1.5650177001953125,0.03501356393098831,0.48648276925086975,0.24102570116519928,0.022090468555688858,0.012273288331925869,0.042109742760658264,0.00919824093580246,0.049917563796043396,0.025303179398179054,0.07658547908067703
1442,1442,datasets/audios/eastern_sliced/jingju/jingju_085_003.wav,4,jingju,1,classical,0.3389253616333008,1.9665777683258057,0.06493857502937317,0.3389253616333008,0.19971871376037598,0.04367629066109657,0.032386161386966705,0.06764424592256546,0.02259090170264244,0.07774592190980911,0.055035341531038284,0.09733851999044418
1443,1443,datasets/audios/eastern_sliced/jingju/jingju_086_000.wav,4,jingju,4,hiphop,0.15501809120178223,2.2381770610809326,0.10411789268255234,0.10140074044466019,0.0714234933257103,0.07882580161094666,0.15501809120178223,0.09759990870952606,0.02879926934838295,0.10558393597602844,0.141938716173172,0.11529217660427094
1444,1444,datasets/audios/eastern_sliced/jingju/jingju_086_001.wav,4,jingju,7,pop,0.46448174118995667,1.786158800125122,0.020073620602488518,0.09172546863555908,0.06166886165738106,0.08025023341178894,0.0839482843875885,0.026258613914251328,0.012782162055373192,0.46448174118995667,0.06294393539428711,0.09586703777313232
1445,1445,datasets/audios/eastern_sliced/jingju/jingju_086_002.wav,4,jingju,1,classical,0.26953428983688354,2.0446736812591553,0.03329383581876755,0.26953428983688354,0.1317567229270935,0.07655347138643265,0.05637954920530319,0.047619421035051346,0.018227465450763702,0.18772843480110168,0.057373177260160446,0.12153371423482895
1446,1446,datasets/audios/eastern_sliced/jingju/jingju_086_003.wav,4,jingju,7,pop,0.29442667961120605,1.8748472929000854,0.02671053446829319,0.20939601957798004,0.2114892303943634,0.04547121003270149,0.03902547433972359,0.02463357150554657,0.007745987270027399,0.29442667961120605,0.04701657220721245,0.09408465027809143
1447,1447,datasets/audios/eastern_sliced/jingju/jingju_086_004.wav,4,jingju,1,classical,0.4804743230342865,1.740293025970459,0.0330909788608551,0.4804743230342865,0.13033850491046906,0.04507811740040779,0.02735559083521366,0.051750265061855316,0.013379611074924469,0.08834214508533478,0.04063468053936958,0.08955579996109009
1448,1448,datasets/audios/eastern_sliced/jingju/jingju_087_000.wav,4,jingju,1,classical,0.4789873957633972,1.623108148574829,0.1980988085269928,0.4789873957633972,0.06692511588335037,0.01787874661386013,0.012659674510359764,0.09979920089244843,0.017868032678961754,0.01037614606320858,0.03862776234745979,0.058779068291187286
1449,1449,datasets/audios/eastern_sliced/jingju/jingju_087_001.wav,4,jingju,1,classical,0.47354981303215027,1.666379690170288,0.17931561172008514,0.47354981303215027,0.0522746741771698,0.02100677229464054,0.016982227563858032,0.1098298579454422,0.019153999164700508,0.013090571388602257,0.04314389452338219,0.0716526061296463
1450,1450,datasets/audios/eastern_sliced/jingju/jingju_087_002.wav,4,jingju,1,classical,0.3321981728076935,2.0334367752075195,0.09338367730379105,0.3321981728076935,0.11622926592826843,0.04067687690258026,0.04546045511960983,0.13014021515846252,0.02930506505072117,0.046908047050237656,0.08449143916368484,0.081206776201725
1451,1451,datasets/audios/eastern_sliced/jingju/jingju_087_003.wav,4,jingju,1,classical,0.440106064081192,1.8057200908660889,0.11473853141069412,0.440106064081192,0.10427379608154297,0.030298611149191856,0.02761286310851574,0.08120717853307724,0.021057838574051857,0.028888070955872536,0.0346384197473526,0.11717864125967026
1452,1452,datasets/audios/eastern_sliced/jingju/jingju_087_004.wav,4,jingju,1,classical,0.3356635570526123,2.0267202854156494,0.11557712405920029,0.3356635570526123,0.0840972363948822,0.04416615515947342,0.04569327086210251,0.10150695592164993,0.028570052236318588,0.04883722960948944,0.06339238584041595,0.13249605894088745
1453,1453,datasets/audios/eastern_sliced/jingju/jingju_088_000.wav,4,jingju,7,pop,0.4109836220741272,1.7942975759506226,0.020424071699380875,0.20444561541080475,0.08282093703746796,0.0584382601082325,0.026753468438982964,0.04319974035024643,0.011893299408257008,0.4109836220741272,0.04884863272309303,0.09219235926866531
1454,1454,datasets/audios/eastern_sliced/jingju/jingju_088_001.wav,4,jingju,1,classical,0.3161466419696808,1.9751670360565186,0.032841358333826065,0.3161466419696808,0.11742749065160751,0.07153578847646713,0.025703556835651398,0.06673310697078705,0.019370023161172867,0.20063844323158264,0.06085355207324028,0.08875003457069397
1455,1455,datasets/audios/eastern_sliced/jingju/jingju_088_002.wav,4,jingju,7,pop,0.3511241674423218,1.9677278995513916,0.0323309563100338,0.16307714581489563,0.10723063349723816,0.06768393516540527,0.05771391838788986,0.045486047863960266,0.01581517606973648,0.3511241674423218,0.06618428230285645,0.09335364401340485
1456,1456,datasets/audios/eastern_sliced/jingju/jingju_088_003.wav,4,jingju,7,pop,0.30418115854263306,2.036801338195801,0.03805854171514511,0.1757058948278427,0.11113108694553375,0.07176551967859268,0.060866888612508774,0.05121896043419838,0.018391897901892662,0.30418115854263306,0.07286253571510315,0.0958174392580986
1457,1457,datasets/audios/eastern_sliced/jingju/jingju_089_000.wav,4,jingju,1,classical,0.8210021257400513,0.8107855319976807,0.012096622958779335,0.8210021257400513,0.050655510276556015,0.008801198564469814,0.004149297252297401,0.03212546557188034,0.0052190846763551235,0.015154914930462837,0.011535387486219406,0.03926036134362221
1458,1458,datasets/audios/eastern_sliced/jingju/jingju_089_001.wav,4,jingju,1,classical,0.8847702145576477,0.570917546749115,0.007634349167346954,0.8847702145576477,0.031989309936761856,0.004738598596304655,0.0019253331702202559,0.024311883375048637,0.0028313035145401955,0.008606603369116783,0.006870871875435114,0.02632162533700466
1459,1459,datasets/audios/eastern_sliced/jingju/jingju_089_002.wav,4,jingju,1,classical,0.8827629685401917,0.5830647349357605,0.007647256832569838,0.8827629685401917,0.02919909916818142,0.005834177602082491,0.0020779569167643785,0.026897957548499107,0.0031521001365035772,0.008721526712179184,0.008161498233675957,0.02554553560912609
1460,1460,datasets/audios/eastern_sliced/jingju/jingju_090_000.wav,4,jingju,1,classical,0.7311419248580933,1.099345326423645,0.01661904901266098,0.7311419248580933,0.07914818823337555,0.02224445529282093,0.005545949097722769,0.0357167050242424,0.005998513661324978,0.03342244029045105,0.0165866669267416,0.05357607081532478
1461,1461,datasets/audios/eastern_sliced/jingju/jingju_090_001.wav,4,jingju,1,classical,0.7298072576522827,1.106081485748291,0.015200755558907986,0.7298072576522827,0.07742908596992493,0.024380002170801163,0.006268417462706566,0.0319867841899395,0.006241904105991125,0.03710208833217621,0.01710634119808674,0.05447746068239212
1462,1462,datasets/audios/eastern_sliced/jingju/jingju_090_002.wav,4,jingju,1,classical,0.7056391835212708,1.1932612657546997,0.017511922866106033,0.7056391835212708,0.06910550594329834,0.03070647083222866,0.007898450829088688,0.038785215467214584,0.008184448815882206,0.042619310319423676,0.020436760038137436,0.05911273509263992
1463,1463,datasets/audios/eastern_sliced/jingju/jingju_090_003.wav,4,jingju,1,classical,0.8115041255950928,0.859552264213562,0.01705460622906685,0.8115041255950928,0.042035628110170364,0.013249007053673267,0.004843683913350105,0.03667783364653587,0.006733702961355448,0.016105948016047478,0.013341673649847507,0.03845391049981117
1464,1464,datasets/audios/eastern_sliced/jingju/jingju_090_004.wav,4,jingju,1,classical,0.7926605939865112,0.9208071827888489,0.01628449186682701,0.7926605939865112,0.054329004138708115,0.01691845804452896,0.00567726930603385,0.03342391178011894,0.006568924058228731,0.020326243713498116,0.013140900060534477,0.0406702496111393
1465,1465,datasets/audios/eastern_sliced/jingju/jingju_091_000.wav,4,jingju,7,pop,0.26880526542663574,2.0615322589874268,0.03768417611718178,0.17775362730026245,0.06351318210363388,0.12100093811750412,0.03576677292585373,0.11036937683820724,0.020495418459177017,0.26880526542663574,0.060275014489889145,0.10433624684810638
1466,1466,datasets/audios/eastern_sliced/jingju/jingju_091_001.wav,4,jingju,1,classical,0.3718263506889343,1.9391981363296509,0.040243227034807205,0.3718263506889343,0.07944684475660324,0.08163594454526901,0.02271057851612568,0.10357317328453064,0.017753472551703453,0.13514256477355957,0.04523820802569389,0.10242965072393417
1467,1467,datasets/audios/eastern_sliced/jingju/jingju_091_002.wav,4,jingju,5,jazz,0.16821862757205963,2.230039119720459,0.09693256765604019,0.1281195431947708,0.07406049221754074,0.09655176848173141,0.08576156198978424,0.16821862757205963,0.03514594957232475,0.12810681760311127,0.05958186089992523,0.1275208443403244
1468,1468,datasets/audios/eastern_sliced/jingju/jingju_091_003.wav,4,jingju,1,classical,0.2469380497932434,2.1020987033843994,0.06438755989074707,0.2469380497932434,0.09532272070646286,0.07452543079853058,0.034014057368040085,0.19457581639289856,0.028449879959225655,0.10454051196575165,0.05347384512424469,0.1037721261382103
1469,1469,datasets/audios/eastern_sliced/jingju/jingju_091_004.wav,4,jingju,1,classical,0.30970698595046997,1.9903433322906494,0.03354258835315704,0.30970698595046997,0.06220672279596329,0.08901366591453552,0.03474799543619156,0.08611433953046799,0.018219830468297005,0.1927594095468521,0.04875846207141876,0.1249300092458725
1470,1470,datasets/audios/eastern_sliced/jingju/jingju_092_000.wav,4,jingju,1,classical,0.4830556809902191,1.7606760263442993,0.07062862813472748,0.4830556809902191,0.09674812853336334,0.03798468038439751,0.02417861856520176,0.10207518935203552,0.021139739081263542,0.039264947175979614,0.042916636914014816,0.08200768381357193
1471,1471,datasets/audios/eastern_sliced/jingju/jingju_092_001.wav,4,jingju,1,classical,0.3809143006801605,1.9604458808898926,0.08573418855667114,0.3809143006801605,0.0755014419555664,0.05437856912612915,0.044955477118492126,0.12971961498260498,0.024632347747683525,0.042361415922641754,0.056265708059072495,0.10553692281246185
1472,1472,datasets/audios/eastern_sliced/jingju/jingju_092_002.wav,4,jingju,1,classical,0.34460464119911194,2.022249221801758,0.09422388672828674,0.34460464119911194,0.07941721379756927,0.058977410197257996,0.051185861229896545,0.12763597071170807,0.026108140125870705,0.04515545815229416,0.05950859934091568,0.11318288743495941
1473,1473,datasets/audios/eastern_sliced/jingju/jingju_093_000.wav,4,jingju,1,classical,0.2469487488269806,2.0375757217407227,0.10146456956863403,0.2469487488269806,0.05542387068271637,0.048008959740400314,0.24593698978424072,0.11107777804136276,0.019625969231128693,0.04490179941058159,0.05522904172539711,0.07138226926326752
1474,1474,datasets/audios/eastern_sliced/jingju/jingju_093_001.wav,4,jingju,1,classical,0.4513981342315674,1.7988409996032715,0.07069861143827438,0.4513981342315674,0.04728446528315544,0.03131502866744995,0.11582031100988388,0.1270582675933838,0.014063249342143536,0.03395315259695053,0.04170232638716698,0.0667063370347023
1475,1475,datasets/audios/eastern_sliced/jingju/jingju_093_002.wav,4,jingju,1,classical,0.593548595905304,1.4908279180526733,0.04412764310836792,0.593548595905304,0.040901102125644684,0.01745515502989292,0.059334952384233475,0.11060108989477158,0.011040957644581795,0.024245966225862503,0.03231608495116234,0.06642848253250122
1476,1476,datasets/audios/eastern_sliced/jingju/jingju_093_003.wav,4,jingju,1,classical,0.4975106716156006,1.7091079950332642,0.06079358235001564,0.4975106716156006,0.0437421016395092,0.02609618753194809,0.08951374143362045,0.12640808522701263,0.01684468425810337,0.023604871705174446,0.04168505594134331,0.07380097359418869
1477,1477,datasets/audios/eastern_sliced/jingju/jingju_094_000.wav,4,jingju,1,classical,0.7827185988426208,0.9583426713943481,0.0276284571737051,0.7827185988426208,0.03789673373103142,0.013116253539919853,0.006162705365568399,0.05476563423871994,0.007584248669445515,0.015010645613074303,0.02039210870862007,0.0347246453166008
1478,1478,datasets/audios/eastern_sliced/jingju/jingju_094_001.wav,4,jingju,1,classical,0.563239336013794,1.5902034044265747,0.050770532339811325,0.563239336013794,0.06343016028404236,0.03127148747444153,0.02415502816438675,0.10472467541694641,0.017275096848607063,0.03718039020895958,0.044670432806015015,0.06328285485506058
1479,1479,datasets/audios/eastern_sliced/jingju/jingju_095_000.wav,4,jingju,1,classical,0.5812426209449768,1.5460822582244873,0.06393470615148544,0.5812426209449768,0.06803208589553833,0.029445549473166466,0.021343253552913666,0.06546016037464142,0.012944282032549381,0.03382673114538193,0.04049459099769592,0.08327601850032806
1480,1480,datasets/audios/eastern_sliced/jingju/jingju_095_001.wav,4,jingju,1,classical,0.6713317036628723,1.2962003946304321,0.029255064204335213,0.6713317036628723,0.08136934041976929,0.025243282318115234,0.012447617948055267,0.04137168824672699,0.01072397269308567,0.03674212470650673,0.024446751922369003,0.06706840544939041
1481,1481,datasets/audios/eastern_sliced/jingju/jingju_095_002.wav,4,jingju,1,classical,0.5728583335876465,1.564139485359192,0.05106356739997864,0.5728583335876465,0.0958518236875534,0.03295100852847099,0.024825911968946457,0.052694544196128845,0.012594163417816162,0.043231572955846786,0.035475894808769226,0.0784531980752945
1482,1482,datasets/audios/eastern_sliced/jingju/jingju_095_003.wav,4,jingju,1,classical,0.572527289390564,1.5499227046966553,0.035769205540418625,0.572527289390564,0.10774574428796768,0.034585997462272644,0.019378939643502235,0.04457547888159752,0.01298372633755207,0.06023331359028816,0.034135106950998306,0.07806528359651566
1483,1483,datasets/audios/eastern_sliced/jingju/jingju_095_004.wav,4,jingju,1,classical,0.6775707006454468,1.2907593250274658,0.027172178030014038,0.6775707006454468,0.06685443967580795,0.026040272787213326,0.01666531153023243,0.059285715222358704,0.008519694209098816,0.030060917139053345,0.03248803690075874,0.05534270405769348
1484,1484,datasets/audios/eastern_sliced/jingju/jingju_096_000.wav,4,jingju,1,classical,0.38364624977111816,1.5934562683105469,0.022160982713103294,0.38364624977111816,0.04287649318575859,0.015286852605640888,0.014332558959722519,0.029250767081975937,0.09022878110408783,0.033036742359399796,0.021078770980238914,0.34810176491737366
1485,1485,datasets/audios/eastern_sliced/jingju/jingju_096_001.wav,4,jingju,1,classical,0.3779553472995758,1.7148857116699219,0.030713634565472603,0.3779553472995758,0.06477807462215424,0.0213064793497324,0.019081512466073036,0.031209921464323997,0.07342129945755005,0.046694450080394745,0.027867920696735382,0.30697134137153625
1486,1486,datasets/audios/eastern_sliced/jingju/jingju_096_002.wav,4,jingju,1,classical,0.45966294407844543,1.8175565004348755,0.04262808337807655,0.45966294407844543,0.09641972929239273,0.048729538917541504,0.02601025439798832,0.05120445787906647,0.04050426557660103,0.06308607757091522,0.045351531356573105,0.12640300393104553
1487,1487,datasets/audios/eastern_sliced/jingju/jingju_097_000.wav,4,jingju,9,rock,0.3607511818408966,1.6720045804977417,0.021386854350566864,0.33668115735054016,0.046661436557769775,0.024845926091074944,0.01794607937335968,0.03096584416925907,0.042299263179302216,0.09808304160833359,0.02037915214896202,0.3607511818408966
1488,1488,datasets/audios/eastern_sliced/jingju/jingju_097_001.wav,4,jingju,1,classical,0.41598841547966003,1.5715625286102295,0.028155788779258728,0.41598841547966003,0.06903906166553497,0.019636234268546104,0.01293229404836893,0.021825645118951797,0.04703126102685928,0.03462422639131546,0.020125335082411766,0.3306417465209961
1489,1489,datasets/audios/eastern_sliced/jingju/jingju_098_000.wav,4,jingju,1,classical,0.34336867928504944,1.9599940776824951,0.04253685846924782,0.34336867928504944,0.05650043860077858,0.06400398910045624,0.050727080553770065,0.06050943210721016,0.01898605190217495,0.17557856440544128,0.04606643319129944,0.14172247052192688
1490,1490,datasets/audios/eastern_sliced/jingju/jingju_098_001.wav,4,jingju,1,classical,0.28217318654060364,2.0815935134887695,0.05460049584507942,0.28217318654060364,0.1057450994849205,0.07497017830610275,0.05875536799430847,0.057550933212041855,0.02096768468618393,0.16665132343769073,0.06290270388126373,0.11568297445774078
1491,1491,datasets/audios/eastern_sliced/jingju/jingju_098_002.wav,4,jingju,7,pop,0.22578494250774384,2.095947742462158,0.05015705153346062,0.21256493031978607,0.09407871961593628,0.07956529408693314,0.08267781138420105,0.047197163105010986,0.019094539806246758,0.22578494250774384,0.057806406170129776,0.13107316195964813
1492,1492,datasets/audios/eastern_sliced/jingju/jingju_098_003.wav,4,jingju,1,classical,0.2226622998714447,2.168623208999634,0.08319245278835297,0.2226622998714447,0.1154927983880043,0.07976066321134567,0.10382401943206787,0.05329554155468941,0.02378576621413231,0.13797695934772491,0.05917748808860779,0.12083200365304947
1493,1493,datasets/audios/eastern_sliced/jingju/jingju_098_004.wav,4,jingju,1,classical,0.2685296833515167,2.0475881099700928,0.04334225133061409,0.2685296833515167,0.06510699540376663,0.07379893958568573,0.06262949109077454,0.05861672759056091,0.02150929905474186,0.21863877773284912,0.06240835040807724,0.1254195123910904
1494,1494,datasets/audios/eastern_sliced/jingju/jingju_099_000.wav,4,jingju,1,classical,0.47210708260536194,1.8117049932479858,0.05335092544555664,0.47210708260536194,0.08877481520175934,0.05267994478344917,0.03153849393129349,0.06674065440893173,0.02154078334569931,0.07944232225418091,0.04963972419500351,0.08418522775173187
1495,1495,datasets/audios/eastern_sliced/jingju/jingju_099_001.wav,4,jingju,1,classical,0.5786254405975342,1.5669472217559814,0.06014116108417511,0.5786254405975342,0.07567285001277924,0.035738419741392136,0.023227350786328316,0.06662748754024506,0.017262261360883713,0.038361743092536926,0.0373893603682518,0.06695394963026047
1496,1496,datasets/audios/eastern_sliced/jingju/jingju_099_002.wav,4,jingju,1,classical,0.5092568397521973,1.7340577840805054,0.05497197061777115,0.5092568397521973,0.08386842161417007,0.0470033623278141,0.032266467809677124,0.06312552839517593,0.019852614030241966,0.06447367370128632,0.04144088923931122,0.08374018967151642
1497,1497,datasets/audios/eastern_sliced/jingju/jingju_099_003.wav,4,jingju,1,classical,0.49341532588005066,1.7687594890594482,0.052018143236637115,0.49341532588005066,0.08299590647220612,0.05367623642086983,0.03278554975986481,0.06180975213646889,0.020061342045664787,0.0736641213297844,0.044602859765291214,0.08497081696987152
1498,1498,datasets/audios/eastern_sliced/jingju/jingju_099_004.wav,4,jingju,1,classical,0.44889506697654724,1.8636789321899414,0.07228771597146988,0.44889506697654724,0.07955419272184372,0.052411600947380066,0.048715248703956604,0.07247701287269592,0.02176099643111229,0.06279680877923965,0.043873220682144165,0.09722816944122314
1499,1499,datasets/audios/eastern_sliced/jpop/jpop_000_000.wav,5,jpop,7,pop,0.4339625835418701,1.504868984222412,0.012314199469983578,0.014568251557648182,0.30171456933021545,0.05661885067820549,0.014517974108457565,0.007007090840488672,0.011711515486240387,0.4339625835418701,0.028249647468328476,0.1193353533744812
1500,1500,datasets/audios/eastern_sliced/jpop/jpop_000_001.wav,5,jpop,7,pop,0.4988023042678833,1.6170644760131836,0.018291311338543892,0.017996003851294518,0.14805541932582855,0.08811906725168228,0.02901320345699787,0.013692629523575306,0.017840314656496048,0.4988023042678833,0.04212135076522827,0.12606845796108246
1501,1501,datasets/audios/eastern_sliced/jpop/jpop_000_002.wav,5,jpop,7,pop,0.416022926568985,1.5111197233200073,0.012902874499559402,0.014062798582017422,0.32287120819091797,0.05344104766845703,0.01541384868323803,0.007357326801866293,0.012406524270772934,0.416022926568985,0.029396921396255493,0.11612453311681747
1502,1502,datasets/audios/eastern_sliced/jpop/jpop_001_000.wav,5,jpop,7,pop,0.6711302995681763,1.199388861656189,0.006573847495019436,0.007923110388219357,0.10329338908195496,0.048510100692510605,0.01610981486737728,0.005348308943212032,0.00938587635755539,0.6711302995681763,0.032669879496097565,0.09905529767274857
1503,1503,datasets/audios/eastern_sliced/jpop/jpop_001_001.wav,5,jpop,2,country,0.462256520986557,1.3539574146270752,0.017642157152295113,0.004048157017678022,0.462256520986557,0.02772432379424572,0.030081138014793396,0.006613793782889843,0.008125328458845615,0.362059623003006,0.03192766755819321,0.04952121153473854
1504,1504,datasets/audios/eastern_sliced/jpop/jpop_001_002.wav,5,jpop,7,pop,0.7484340667724609,1.0271927118301392,0.006799119524657726,0.0061845965683460236,0.07761595398187637,0.03420979157090187,0.03535556048154831,0.006201884709298611,0.005271463189274073,0.7484340667724609,0.028037451207637787,0.051890041679143906
1505,1505,datasets/audios/eastern_sliced/jpop/jpop_002_000.wav,5,jpop,7,pop,0.540238618850708,1.6263055801391602,0.023542694747447968,0.023283008486032486,0.08983291685581207,0.05705517902970314,0.08213138580322266,0.026082396507263184,0.01365308091044426,0.540238618850708,0.07593628764152527,0.06824441254138947
1506,1506,datasets/audios/eastern_sliced/jpop/jpop_002_001.wav,5,jpop,7,pop,0.5133211612701416,1.61351478099823,0.024440860375761986,0.02676776982843876,0.16271838545799255,0.04978184029459953,0.05669831484556198,0.01842026598751545,0.013066692277789116,0.5133211612701416,0.03358793258666992,0.10119681805372238
1507,1507,datasets/audios/eastern_sliced/jpop/jpop_002_002.wav,5,jpop,7,pop,0.7785657644271851,0.9576302766799927,0.009125614538788795,0.009146098047494888,0.062419600784778595,0.03442620486021042,0.025194551795721054,0.009496216662228107,0.004151579923927784,0.7785657644271851,0.0293121337890625,0.03816220536828041
1508,1508,datasets/audios/eastern_sliced/jpop/jpop_003_000.wav,5,jpop,7,pop,0.6455153822898865,1.2613937854766846,0.006769202183932066,0.005762693006545305,0.05345465615391731,0.1306467205286026,0.020743854343891144,0.005261776503175497,0.021387403830885887,0.6455153822898865,0.025156477466225624,0.08530183136463165
1509,1509,datasets/audios/eastern_sliced/jpop/jpop_003_001.wav,5,jpop,7,pop,0.5946795344352722,1.3700792789459229,0.007112116552889347,0.006690925918519497,0.055358514189720154,0.1576749086380005,0.02342040464282036,0.0057309879921376705,0.029026629403233528,0.5946795344352722,0.02848116308450699,0.09182481467723846
1510,1510,datasets/audios/eastern_sliced/jpop/jpop_003_002.wav,5,jpop,7,pop,0.3876760005950928,1.4640878438949585,0.00607329560443759,0.009334705770015717,0.06331674009561539,0.3848312497138977,0.010967728681862354,0.004906505811959505,0.028378106653690338,0.3876760005950928,0.035795506089925766,0.06872010976076126
1511,1511,datasets/audios/eastern_sliced/jpop/jpop_004_000.wav,5,jpop,7,pop,0.7705304026603699,0.9982653856277466,0.00800661463290453,0.015989355742931366,0.029452091082930565,0.044107455760240555,0.042353738099336624,0.011380127631127834,0.005366940051317215,0.7705304026603699,0.0260453037917614,0.046767886728048325
1512,1512,datasets/audios/eastern_sliced/jpop/jpop_004_001.wav,5,jpop,7,pop,0.9003826975822449,0.5165489315986633,0.0031071703415364027,0.0045019518584012985,0.02067367546260357,0.017843451350927353,0.015827417373657227,0.004215623717755079,0.0014597107656300068,0.9003826975822449,0.009486982598900795,0.022501379251480103
1513,1513,datasets/audios/eastern_sliced/jpop/jpop_004_002.wav,5,jpop,7,pop,0.8487053513526917,0.7246384620666504,0.00564847094938159,0.009618540294468403,0.027563873678445816,0.02611161582171917,0.02323208749294281,0.00780907878652215,0.0027161119505763054,0.8487053513526917,0.013829546980559826,0.03476542979478836
1514,1514,datasets/audios/eastern_sliced/jpop/jpop_005_000.wav,5,jpop,7,pop,0.5209250450134277,1.6346464157104492,0.03575605899095535,0.009808680042624474,0.13919104635715485,0.05216963589191437,0.08443468064069748,0.03720521926879883,0.013132359832525253,0.5209250450134277,0.056688301265239716,0.05068899318575859
1515,1515,datasets/audios/eastern_sliced/jpop/jpop_005_001.wav,5,jpop,7,pop,0.5488802194595337,1.4989241361618042,0.021676791831851006,0.007874982431530952,0.18235670030117035,0.0489436537027359,0.05627329647541046,0.015963783487677574,0.010823334567248821,0.5488802194595337,0.05028889700770378,0.05691838636994362
1516,1516,datasets/audios/eastern_sliced/jpop/jpop_005_002.wav,5,jpop,7,pop,0.5793953537940979,1.423850178718567,0.02089345082640648,0.006799681112170219,0.177029088139534,0.04806511104106903,0.05155473202466965,0.013548430055379868,0.009659881703555584,0.5793953537940979,0.0398695282638073,0.05318469554185867
1517,1517,datasets/audios/eastern_sliced/jpop/jpop_006_000.wav,5,jpop,7,pop,0.9686901569366455,0.1921827495098114,0.0004174536734353751,0.0008819926879368722,0.006915376987308264,0.007288792170584202,0.0022768930066376925,0.0005366845289245248,0.000253116711974144,0.9686901569366455,0.0023380457423627377,0.010401456616818905
1518,1518,datasets/audios/eastern_sliced/jpop/jpop_006_001.wav,5,jpop,7,pop,0.9820932149887085,0.118137426674366,0.00016984573449008167,0.0003398737171664834,0.005026132334023714,0.004231681581586599,0.0011551211355254054,0.00018270283180754632,9.262064122594893e-05,0.9820932149887085,0.0009049295331351459,0.005803856533020735
1519,1519,datasets/audios/eastern_sliced/jpop/jpop_006_002.wav,5,jpop,7,pop,0.9524532556533813,0.2661547064781189,0.0005756174214184284,0.0014400786021724343,0.014250234700739384,0.010287539102137089,0.0023261692840605974,0.0005104782176204026,0.00030633030110038817,0.9524532556533813,0.0019063311628997326,0.015943989157676697
1520,1520,datasets/audios/eastern_sliced/jpop/jpop_007_000.wav,5,jpop,7,pop,0.679178774356842,1.0888197422027588,0.004397723823785782,0.016448451206088066,0.09147427976131439,0.05347299948334694,0.004747211933135986,0.0025553819723427296,0.0025349652860313654,0.679178774356842,0.00546308746561408,0.1397271603345871
1521,1521,datasets/audios/eastern_sliced/jpop/jpop_007_001.wav,5,jpop,7,pop,0.7465961575508118,1.0518931150436401,0.015135551802814007,0.020482271909713745,0.020274197682738304,0.03915528580546379,0.011628632433712482,0.03869299590587616,0.005174420773983002,0.7465961575508118,0.016884049400687218,0.08597645908594131
1522,1522,datasets/audios/eastern_sliced/jpop/jpop_007_002.wav,5,jpop,7,pop,0.8784217238426208,0.5952352285385132,0.0051237731240689754,0.006093438249081373,0.014873054809868336,0.018989477306604385,0.007898782379925251,0.010863002389669418,0.002048851689323783,0.8784217238426208,0.008937511593103409,0.04675024002790451
1523,1523,datasets/audios/eastern_sliced/jpop/jpop_008_000.wav,5,jpop,7,pop,0.2792675495147705,1.9328958988189697,0.036716535687446594,0.018778245896100998,0.2562370300292969,0.12297660112380981,0.0656237006187439,0.01584365777671337,0.03983011469244957,0.2792675495147705,0.05395905673503876,0.11076746881008148
1524,1524,datasets/audios/eastern_sliced/jpop/jpop_008_001.wav,5,jpop,7,pop,0.22923274338245392,2.054961919784546,0.03610151633620262,0.017944924533367157,0.16827404499053955,0.1907314658164978,0.08057644218206406,0.019624881446361542,0.06778472661972046,0.22923274338245392,0.09718120843172073,0.09254808723926544
1525,1525,datasets/audios/eastern_sliced/jpop/jpop_008_002.wav,5,jpop,3,disco,0.2490624338388443,2.0116395950317383,0.039891183376312256,0.012094695121049881,0.1559748649597168,0.2490624338388443,0.12542784214019775,0.014541071839630604,0.06958502531051636,0.1962658166885376,0.07592607289552689,0.06123093143105507
1526,1526,datasets/audios/eastern_sliced/jpop/jpop_009_000.wav,5,jpop,8,reggae,0.24042955040931702,2.0073153972625732,0.035669710487127304,0.01687200367450714,0.09575780481100082,0.1757575124502182,0.028739536181092262,0.016388311982154846,0.07821454852819443,0.17322249710559845,0.24042955040931702,0.13894854485988617
1527,1527,datasets/audios/eastern_sliced/jpop/jpop_009_001.wav,5,jpop,8,reggae,0.2441844791173935,2.0207762718200684,0.028165699914097786,0.024392442777752876,0.09997063130140305,0.16183556616306305,0.026435138657689095,0.015061181038618088,0.10783790051937103,0.1344970166683197,0.2441844791173935,0.15761984884738922
1528,1528,datasets/audios/eastern_sliced/jpop/jpop_009_002.wav,5,jpop,8,reggae,0.2913326025009155,1.9848370552062988,0.03815709799528122,0.028397200629115105,0.1242794543504715,0.19128140807151794,0.024459799751639366,0.0198685210198164,0.06718279421329498,0.13139306008815765,0.2913326025009155,0.08364801108837128
1529,1529,datasets/audios/eastern_sliced/jpop/jpop_010_000.wav,5,jpop,7,pop,0.8137295842170715,0.8511034250259399,0.009404362179338932,0.004232701379805803,0.04041054844856262,0.03156934306025505,0.0236685648560524,0.01191597431898117,0.004863957408815622,0.8137295842170715,0.025845957919955254,0.03435903042554855
1530,1530,datasets/audios/eastern_sliced/jpop/jpop_010_001.wav,5,jpop,7,pop,0.547187328338623,1.5513875484466553,0.02582615055143833,0.006012359634041786,0.13083486258983612,0.07225485146045685,0.09297738969326019,0.016741910949349403,0.017274873331189156,0.547187328338623,0.0473092682659626,0.04358102008700371
1531,1531,datasets/audios/eastern_sliced/jpop/jpop_010_002.wav,5,jpop,7,pop,0.5946213006973267,1.4193718433380127,0.017398281022906303,0.008168931119143963,0.12463505566120148,0.09885513782501221,0.026639077812433243,0.012107369489967823,0.013303299434483051,0.5946213006973267,0.039131421595811844,0.06514012068510056
1532,1532,datasets/audios/eastern_sliced/jpop/jpop_011_000.wav,5,jpop,7,pop,0.9600121378898621,0.23371799290180206,0.0007103652460500598,0.0006747159641236067,0.01692001149058342,0.006862477399408817,0.004068637266755104,0.0006888022180646658,0.00027683001826517284,0.9600121378898621,0.0033683287911117077,0.006417741067707539
1533,1533,datasets/audios/eastern_sliced/jpop/jpop_011_001.wav,5,jpop,7,pop,0.8586342930793762,0.5838776230812073,0.0024536610580980778,0.0027715873438864946,0.0922079086303711,0.0146371154114604,0.005022273398935795,0.0018499571597203612,0.0008046264993026853,0.8586342930793762,0.006805314216762781,0.014813361689448357
1534,1534,datasets/audios/eastern_sliced/jpop/jpop_011_002.wav,5,jpop,7,pop,0.8790844678878784,0.5535638332366943,0.00271438667550683,0.003002038924023509,0.06351286172866821,0.016401013359427452,0.007248740643262863,0.0022929804399609566,0.0010328247444704175,0.8790844678878784,0.00883691105991602,0.01587383635342121
1535,1535,datasets/audios/eastern_sliced/jpop/jpop_012_000.wav,5,jpop,7,pop,0.9335758090019226,0.35832011699676514,0.0010982711100950837,0.0009307750151492655,0.015493488870561123,0.015781061723828316,0.00499639892950654,0.0009287076536566019,0.0009497454157099128,0.9335758090019226,0.006804920267313719,0.01944083534181118
1536,1536,datasets/audios/eastern_sliced/jpop/jpop_012_001.wav,5,jpop,7,pop,0.9333010911941528,0.3638222813606262,0.0012229036074131727,0.0009165634983219206,0.015877235680818558,0.01561770774424076,0.009238130412995815,0.0009802784770727158,0.0008044310379773378,0.9333010911941528,0.007550112437456846,0.014491530135273933
1537,1537,datasets/audios/eastern_sliced/jpop/jpop_012_002.wav,5,jpop,7,pop,0.9019253849983215,0.4891204237937927,0.0021384076680988073,0.0009486416238360107,0.028689417988061905,0.01820393092930317,0.02571713551878929,0.001152236363850534,0.000902805186342448,0.9019253849983215,0.00934899877756834,0.010972997173666954
1538,1538,datasets/audios/eastern_sliced/jpop/jpop_013_000.wav,5,jpop,7,pop,0.8889468312263489,0.5523706078529358,0.0029567100573331118,0.00248279282823205,0.03451943397521973,0.020303843542933464,0.01574350707232952,0.0029200429562479258,0.001631154678761959,0.8889468312263489,0.013736158609390259,0.01675947941839695
1539,1539,datasets/audios/eastern_sliced/jpop/jpop_013_001.wav,5,jpop,7,pop,0.27340129017829895,2.0331668853759766,0.03930163010954857,0.016476064920425415,0.14710213243961334,0.12684021890163422,0.0764218419790268,0.02653161808848381,0.04396134987473488,0.27340129017829895,0.1602056324481964,0.0897582471370697
1540,1540,datasets/audios/eastern_sliced/jpop/jpop_013_002.wav,5,jpop,7,pop,0.9362006783485413,0.34338074922561646,0.0012061193119734526,0.000672163616400212,0.025737250223755836,0.011468890123069286,0.009291875176131725,0.0009107392397709191,0.0005178345018066466,0.9362006783485413,0.006840121001005173,0.00715435016900301
1541,1541,datasets/audios/eastern_sliced/jpop/jpop_014_000.wav,5,jpop,7,pop,0.5823301076889038,1.4326975345611572,0.015697164461016655,0.008787497878074646,0.05967339128255844,0.14583632349967957,0.020064495503902435,0.011120110750198364,0.012460059486329556,0.5823301076889038,0.07151404023170471,0.07251674681901932
1542,1542,datasets/audios/eastern_sliced/jpop/jpop_014_001.wav,5,jpop,7,pop,0.49124571681022644,1.6919550895690918,0.02697400562465191,0.013554533943533897,0.10523559153079987,0.10895898938179016,0.04384385421872139,0.018765483051538467,0.019502917304635048,0.49124571681022644,0.07344261556863785,0.09847640991210938
1543,1543,datasets/audios/eastern_sliced/jpop/jpop_014_002.wav,5,jpop,9,rock,0.2181026190519333,2.1019961833953857,0.05863448232412338,0.08030728250741959,0.14743196964263916,0.09528937935829163,0.05112620070576668,0.02743525430560112,0.03081398829817772,0.2035822719335556,0.08727651834487915,0.2181026190519333
1544,1544,datasets/audios/eastern_sliced/jpop/jpop_015_000.wav,5,jpop,7,pop,0.9207046031951904,0.392900288105011,0.0009144603973254561,0.0007114439504221082,0.029468784108757973,0.021025625988841057,0.0016839948948472738,0.0005072526400908828,0.0005469678435474634,0.9207046031951904,0.0039469897747039795,0.020489810034632683
1545,1545,datasets/audios/eastern_sliced/jpop/jpop_015_001.wav,5,jpop,7,pop,0.8302662372589111,0.7224329710006714,0.0036706726532429457,0.002280444372445345,0.06021447107195854,0.0387638658285141,0.003808187786489725,0.002337902318686247,0.002026786096394062,0.8302662372589111,0.010949035175144672,0.04568248987197876
1546,1546,datasets/audios/eastern_sliced/jpop/jpop_015_002.wav,5,jpop,7,pop,0.735065758228302,1.0401358604431152,0.00892783422023058,0.005913346074521542,0.06879968196153641,0.06973520666360855,0.008343251422047615,0.0063744354993104935,0.005004115402698517,0.735065758228302,0.024847809225320816,0.06698847562074661
1547,1547,datasets/audios/eastern_sliced/jpop/jpop_016_000.wav,5,jpop,7,pop,0.6046332716941833,1.2548726797103882,0.009586629457771778,0.012391919270157814,0.053877294063568115,0.06787829101085663,0.008614707738161087,0.00643932307139039,0.009648444131016731,0.6046332716941833,0.01564675010740757,0.21128343045711517
1548,1548,datasets/audios/eastern_sliced/jpop/jpop_016_001.wav,5,jpop,7,pop,0.5676049590110779,1.3207345008850098,0.011715580709278584,0.013150573708117008,0.05728643015027046,0.06521264463663101,0.009390268474817276,0.008130278438329697,0.011904308572411537,0.5676049590110779,0.01756707951426506,0.2380378097295761
1549,1549,datasets/audios/eastern_sliced/jpop/jpop_016_002.wav,5,jpop,7,pop,0.4481671452522278,1.6167749166488647,0.02379675582051277,0.022638393566012383,0.1308116316795349,0.08791110664606094,0.018441112712025642,0.013334055431187153,0.01567734405398369,0.4481671452522278,0.01805809512734413,0.22116436064243317
1550,1550,datasets/audios/eastern_sliced/jpop/jpop_017_000.wav,5,jpop,7,pop,0.55096036195755,1.562040090560913,0.016395557671785355,0.027462156489491463,0.06228126585483551,0.10745169222354889,0.03002062812447548,0.01622151955962181,0.024364646524190903,0.55096036195755,0.043491750955581665,0.1213504821062088
1551,1551,datasets/audios/eastern_sliced/jpop/jpop_017_001.wav,5,jpop,7,pop,0.6968004107475281,1.1800520420074463,0.012604947201907635,0.0067509994842112064,0.08760440349578857,0.06934628635644913,0.02708822675049305,0.008634742349386215,0.008557894267141819,0.6968004107475281,0.03294306620955467,0.04966903477907181
1552,1552,datasets/audios/eastern_sliced/jpop/jpop_017_002.wav,5,jpop,7,pop,0.7581064105033875,0.9978712797164917,0.01026209071278572,0.00577913224697113,0.08009622246026993,0.047516994178295135,0.022147050127387047,0.007118145003914833,0.0055046165362000465,0.7581064105033875,0.02200700342655182,0.04146239534020424
1553,1553,datasets/audios/eastern_sliced/jpop/jpop_018_000.wav,5,jpop,7,pop,0.3672844469547272,1.7125738859176636,0.026978088542819023,0.020695962011814117,0.1499946564435959,0.27115264534950256,0.00905673298984766,0.029366569593548775,0.01471441425383091,0.3672844469547272,0.05181122198700905,0.05894522741436958
1554,1554,datasets/audios/eastern_sliced/jpop/jpop_018_001.wav,5,jpop,3,disco,0.36595168709754944,1.6424167156219482,0.023107409477233887,0.012647810392081738,0.08092740923166275,0.36595168709754944,0.010802989825606346,0.025612741708755493,0.020280947908759117,0.3383954167366028,0.07059524208307266,0.0516783744096756
1555,1555,datasets/audios/eastern_sliced/jpop/jpop_018_002.wav,5,jpop,7,pop,0.8251228332519531,0.7637155055999756,0.0039835902862250805,0.003406929550692439,0.034121979027986526,0.06365369260311127,0.007196759805083275,0.004293628968298435,0.0033421171829104424,0.8251228332519531,0.019829634577035904,0.03504886105656624
1556,1556,datasets/audios/eastern_sliced/jpop/jpop_019_000.wav,5,jpop,4,hiphop,0.6258185505867004,1.3815007209777832,0.032666757702827454,0.00508536770939827,0.026649711653590202,0.05273723602294922,0.6258185505867004,0.030645785853266716,0.01757621206343174,0.08846843987703323,0.1024739071726799,0.017878111451864243
1557,1557,datasets/audios/eastern_sliced/jpop/jpop_019_001.wav,5,jpop,4,hiphop,0.6546784043312073,1.3024394512176514,0.029301563277840614,0.004268133081495762,0.023768123239278793,0.0483836755156517,0.6546784043312073,0.027460787445306778,0.015521823428571224,0.08472047001123428,0.0961875468492508,0.01570950821042061
1558,1558,datasets/audios/eastern_sliced/jpop/jpop_019_002.wav,5,jpop,4,hiphop,0.35611143708229065,1.976239562034607,0.06609127670526505,0.01834648847579956,0.06138359382748604,0.10664977878332138,0.35611143708229065,0.04468419775366783,0.04414345324039459,0.15104706585407257,0.09936944395303726,0.05217324569821358
1559,1559,datasets/audios/eastern_sliced/jpop/jpop_020_000.wav,5,jpop,3,disco,0.6670420169830322,1.1305867433547974,0.0037043823394924402,0.006001319736242294,0.10892264544963837,0.6670420169830322,0.0035893800668418407,0.001714784069918096,0.012868666090071201,0.13627493381500244,0.03611568361520767,0.023766139522194862
1560,1560,datasets/audios/eastern_sliced/jpop/jpop_020_001.wav,5,jpop,7,pop,0.41033491492271423,1.3387867212295532,0.005047118291258812,0.0034127479884773493,0.11473533511161804,0.3812302350997925,0.00648662680760026,0.0014970792690292,0.007990706712007523,0.41033491492271423,0.02483157441020012,0.044433627277612686
1561,1561,datasets/audios/eastern_sliced/jpop/jpop_020_002.wav,5,jpop,7,pop,0.3940902054309845,1.3779293298721313,0.0038042571395635605,0.0047475481405854225,0.20459379255771637,0.31753766536712646,0.005369305144995451,0.0010350124211981893,0.00630272226408124,0.3940902054309845,0.015514612197875977,0.04700486734509468
1562,1562,datasets/audios/eastern_sliced/jpop/jpop_021_000.wav,5,jpop,2,country,0.458273321390152,1.3722254037857056,0.008979180827736855,0.0067321802489459515,0.458273321390152,0.08665268868207932,0.005004141014069319,0.0026449698489159346,0.0070214541628956795,0.3217243254184723,0.020044691860675812,0.08292306214570999
1563,1563,datasets/audios/eastern_sliced/jpop/jpop_021_001.wav,5,jpop,2,country,0.5059487223625183,1.5876059532165527,0.03318733349442482,0.02584484964609146,0.5059487223625183,0.08859649300575256,0.01440617348998785,0.014349868521094322,0.0159939993172884,0.19098758697509766,0.04055417701601982,0.07013069838285446
1564,1564,datasets/audios/eastern_sliced/jpop/jpop_021_002.wav,5,jpop,7,pop,0.33789774775505066,1.5590119361877441,0.011637876741588116,0.01780824363231659,0.3338514268398285,0.1078115776181221,0.006507710088044405,0.004142849240452051,0.012363702058792114,0.33789774775505066,0.016059864312410355,0.15191908180713654
1565,1565,datasets/audios/eastern_sliced/jpop/jpop_022_000.wav,5,jpop,7,pop,0.9737410545349121,0.15954077243804932,0.00020064493583049625,0.00032595760421827435,0.00916579645127058,0.005181755870580673,0.0008881756803020835,0.0001933818857651204,0.00014173347153700888,0.9737410545349121,0.0009890543296933174,0.009172473102807999
1566,1566,datasets/audios/eastern_sliced/jpop/jpop_022_001.wav,5,jpop,7,pop,0.9780263304710388,0.13693825900554657,0.00015207369870040566,0.0002680309407878667,0.007479771040380001,0.004202316515147686,0.0007483263034373522,0.00014310982078313828,0.0001048567719408311,0.9780263304710388,0.0007242911960929632,0.008150863461196423
1567,1567,datasets/audios/eastern_sliced/jpop/jpop_022_002.wav,5,jpop,7,pop,0.8903228640556335,0.5313980579376221,0.0018884288147091866,0.0014577312394976616,0.027279937639832497,0.029345517978072166,0.0073889377526938915,0.001517577562481165,0.002191737061366439,0.8903228640556335,0.00794841069728136,0.030658811330795288
1568,1568,datasets/audios/eastern_sliced/jpop/jpop_023_000.wav,5,jpop,7,pop,0.6688688397407532,1.1947426795959473,0.011590692214667797,0.007662148680537939,0.1194205954670906,0.06835927069187164,0.010838180780410767,0.007029031403362751,0.007219330873340368,0.6688688397407532,0.02096378244459629,0.07804809510707855
1569,1569,datasets/audios/eastern_sliced/jpop/jpop_023_001.wav,5,jpop,7,pop,0.8270267248153687,0.7795249819755554,0.005744034890085459,0.005079332739114761,0.04393891245126724,0.0407336950302124,0.010827160440385342,0.005397277418524027,0.003293627640232444,0.8270267248153687,0.019816264510154724,0.03814300522208214
1570,1570,datasets/audios/eastern_sliced/jpop/jpop_023_002.wav,5,jpop,7,pop,0.823931097984314,0.7626920342445374,0.00452730106189847,0.0032826324459165335,0.052832260727882385,0.04565034434199333,0.005711962468922138,0.0036034411750733852,0.0029577622190117836,0.823931097984314,0.01444950234144926,0.043053753674030304
1571,1571,datasets/audios/eastern_sliced/jpop/jpop_024_000.wav,5,jpop,4,hiphop,0.4370417892932892,1.5289709568023682,0.02360542118549347,0.005845407489687204,0.03261679410934448,0.07971762865781784,0.4370417892932892,0.012414852157235146,0.01510163489729166,0.31318140029907227,0.05357804894447327,0.026897113770246506
1572,1572,datasets/audios/eastern_sliced/jpop/jpop_024_001.wav,5,jpop,7,pop,0.7249009013175964,1.0706969499588013,0.010288293473422527,0.004735635127872229,0.03064895235002041,0.039170730859041214,0.11502570658922195,0.009720646776258945,0.0052128019742667675,0.7249009013175964,0.03564776852726936,0.024648603051900864
1573,1573,datasets/audios/eastern_sliced/jpop/jpop_024_002.wav,5,jpop,8,reggae,0.528987467288971,1.5739281177520752,0.02380569465458393,0.007657065987586975,0.030615830793976784,0.08156245201826096,0.15913817286491394,0.029959427192807198,0.026110194623470306,0.08554477989673615,0.528987467288971,0.026618927717208862
1574,1574,datasets/audios/eastern_sliced/jpop/jpop_025_000.wav,5,jpop,3,disco,0.3765292167663574,1.7739462852478027,0.00942180771380663,0.01409519836306572,0.14166830480098724,0.3765292167663574,0.025474470108747482,0.005777652841061354,0.06004996970295906,0.20378649234771729,0.08160197734832764,0.08159489929676056
1575,1575,datasets/audios/eastern_sliced/jpop/jpop_025_001.wav,5,jpop,7,pop,0.29664817452430725,1.75663161277771,0.006939026061445475,0.011468561366200447,0.15151157975196838,0.28162989020347595,0.01852978952229023,0.0039001922123134136,0.0542251355946064,0.29664817452430725,0.054896030575037,0.1202516183257103
1576,1576,datasets/audios/eastern_sliced/jpop/jpop_025_002.wav,5,jpop,3,disco,0.27761420607566833,1.811425805091858,0.008480860851705074,0.00680831354111433,0.17702683806419373,0.27761420607566833,0.02467563934624195,0.0031784065067768097,0.07190858572721481,0.2451982945203781,0.0632777288556099,0.12183110415935516
1577,1577,datasets/audios/eastern_sliced/jpop/jpop_026_000.wav,5,jpop,7,pop,0.9365848302841187,0.34356576204299927,0.0009551314869895577,0.0014850401785224676,0.00859147123992443,0.02511933445930481,0.002870266791433096,0.0019730995409190655,0.0007483019726350904,0.9365848302841187,0.010029065422713757,0.0116434870287776
1578,1578,datasets/audios/eastern_sliced/jpop/jpop_026_001.wav,5,jpop,7,pop,0.8747251629829407,0.5712363123893738,0.0017479208763688803,0.0024885907769203186,0.013731539249420166,0.062255728989839554,0.004240310285240412,0.0031179916113615036,0.0016972738085314631,0.8747251629829407,0.019860034808516502,0.0161354411393404
1579,1579,datasets/audios/eastern_sliced/jpop/jpop_026_002.wav,5,jpop,7,pop,0.8639386296272278,0.6072202920913696,0.0018023574957624078,0.003134387079626322,0.012883644551038742,0.06823024153709412,0.004218886606395245,0.0038023449014872313,0.001861884375102818,0.8639386296272278,0.023699967190623283,0.016427690163254738
1580,1580,datasets/audios/eastern_sliced/jpop/jpop_027_000.wav,5,jpop,7,pop,0.467780202627182,1.6886155605316162,0.033029962331056595,0.01726415753364563,0.14810633659362793,0.07407291978597641,0.04822271317243576,0.018923204392194748,0.019975872710347176,0.467780202627182,0.02542770467698574,0.1471969187259674
1581,1581,datasets/audios/eastern_sliced/jpop/jpop_027_001.wav,5,jpop,2,country,0.3416486382484436,1.8132559061050415,0.03744218125939369,0.01145231630653143,0.3416486382484436,0.10334358364343643,0.07282716035842896,0.010308741591870785,0.030188869684934616,0.2626183032989502,0.03671960160136223,0.09345066547393799
1582,1582,datasets/audios/eastern_sliced/jpop/jpop_027_002.wav,5,jpop,7,pop,0.4205843210220337,1.7714170217514038,0.03354402631521225,0.014328792691230774,0.1763629913330078,0.06903854012489319,0.06669532507658005,0.018204910680651665,0.028399724513292313,0.4205843210220337,0.032675109803676605,0.14016634225845337
1583,1583,datasets/audios/eastern_sliced/jpop/jpop_028_000.wav,5,jpop,7,pop,0.2883325517177582,2.0492794513702393,0.08983901143074036,0.024220269173383713,0.10660821944475174,0.05679866299033165,0.04541222006082535,0.076433926820755,0.06699191778898239,0.2883325517177582,0.0469294898211956,0.19843371212482452
1584,1584,datasets/audios/eastern_sliced/jpop/jpop_028_001.wav,5,jpop,7,pop,0.3612815737724304,1.9717957973480225,0.07665478438138962,0.021856822073459625,0.08302409201860428,0.050303660333156586,0.0541142113506794,0.09177856147289276,0.05495062842965126,0.3612815737724304,0.042287979274988174,0.1637476235628128
1585,1585,datasets/audios/eastern_sliced/jpop/jpop_028_002.wav,5,jpop,7,pop,0.6735693216323853,1.264417290687561,0.023408280685544014,0.02262016199529171,0.0589277483522892,0.03514799103140831,0.015234488062560558,0.04102994129061699,0.008139229379594326,0.6735693216323853,0.017203811556100845,0.10471903532743454
1586,1586,datasets/audios/eastern_sliced/jpop/jpop_029_000.wav,5,jpop,7,pop,0.5289686322212219,1.461236834526062,0.013083451427519321,0.013496148400008678,0.1580057144165039,0.0665292739868164,0.013649016618728638,0.008708551526069641,0.013582903891801834,0.5289686322212219,0.02228562720119953,0.16169074177742004
1587,1587,datasets/audios/eastern_sliced/jpop/jpop_029_001.wav,5,jpop,9,rock,0.4445783197879791,1.6585760116577148,0.06833015382289886,0.01838480494916439,0.17215970158576965,0.043676260858774185,0.008188426494598389,0.01935536414384842,0.0331713892519474,0.17573340237140656,0.016422217711806297,0.4445783197879791
1588,1588,datasets/audios/eastern_sliced/jpop/jpop_029_002.wav,5,jpop,7,pop,0.4146152138710022,1.4606478214263916,0.023436982184648514,0.012170013971626759,0.09260085225105286,0.06297890841960907,0.008927606977522373,0.008986543864011765,0.015809647738933563,0.4146152138710022,0.008886362425982952,0.35158786177635193
1589,1589,datasets/audios/eastern_sliced/jpop/jpop_030_000.wav,5,jpop,7,pop,0.8190220594406128,0.6640710830688477,0.002225503558292985,0.001319853006862104,0.12996524572372437,0.016682179644703865,0.0061952099204063416,0.0010526318801566958,0.0007749897195026278,0.8190220594406128,0.007417567074298859,0.015344798564910889
1590,1590,datasets/audios/eastern_sliced/jpop/jpop_030_001.wav,5,jpop,7,pop,0.8053461313247681,0.6989070177078247,0.0024118805304169655,0.0016909538535401225,0.13912558555603027,0.017734067514538765,0.004964016377925873,0.0011832239106297493,0.0008418828365392983,0.8053461313247681,0.008000670932233334,0.018701497465372086
1591,1591,datasets/audios/eastern_sliced/jpop/jpop_030_002.wav,5,jpop,7,pop,0.644821047782898,1.0039341449737549,0.004042693879455328,0.006305157206952572,0.2606358230113983,0.022511202841997147,0.004786645527929068,0.0021603794302791357,0.0015953637193888426,0.644821047782898,0.010104676708579063,0.04303702339529991
1592,1592,datasets/audios/eastern_sliced/jpop/jpop_031_000.wav,5,jpop,7,pop,0.7349911332130432,1.0892536640167236,0.009689871221780777,0.006777651607990265,0.04703929275274277,0.03850489482283592,0.06963492184877396,0.010199373587965965,0.007000687066465616,0.7349911332130432,0.03201892971992493,0.04414325952529907
1593,1593,datasets/audios/eastern_sliced/jpop/jpop_031_001.wav,5,jpop,7,pop,0.8370824456214905,0.7563052177429199,0.005703712347894907,0.004969539120793343,0.024856174364686012,0.02617933228611946,0.04545336589217186,0.006935650482773781,0.003327972488477826,0.8370824456214905,0.016634467989206314,0.028857331722974777
1594,1594,datasets/audios/eastern_sliced/jpop/jpop_031_002.wav,5,jpop,7,pop,0.8759729862213135,0.6104852557182312,0.0029629783239215612,0.0037257615476846695,0.017734643071889877,0.029943257570266724,0.019300539046525955,0.003906717523932457,0.002439537551254034,0.8759729862213135,0.01819051429629326,0.02582305297255516
1595,1595,datasets/audios/eastern_sliced/jpop/jpop_032_000.wav,5,jpop,7,pop,0.5235540270805359,1.275828242301941,0.0024469217751175165,0.0057914298959076405,0.034845996648073196,0.3072195053100586,0.007566938176751137,0.00233462848700583,0.025662988424301147,0.5235540270805359,0.02207961678504944,0.06849795579910278
1596,1596,datasets/audios/eastern_sliced/jpop/jpop_032_001.wav,5,jpop,7,pop,0.3909628689289093,1.4467270374298096,0.002917240373790264,0.00659917201846838,0.04024374485015869,0.37942400574684143,0.0103926882147789,0.0025031764525920153,0.058682896196842194,0.3909628689289093,0.028924258425831795,0.07934991270303726
1597,1597,datasets/audios/eastern_sliced/jpop/jpop_032_002.wav,5,jpop,3,disco,0.5573983788490295,1.2655280828475952,0.0020415682811290026,0.004155764821916819,0.04413898289203644,0.5573983788490295,0.006802522111684084,0.001499038771726191,0.043975118547677994,0.2698386609554291,0.02490248531103134,0.04524749517440796
1598,1598,datasets/audios/eastern_sliced/jpop/jpop_033_000.wav,5,jpop,7,pop,0.7468885183334351,0.9311712980270386,0.0031482474878430367,0.004224351141601801,0.07214977592229843,0.06147608533501625,0.0046616289764642715,0.0014813262969255447,0.00290098343975842,0.7468885183334351,0.006774187553673983,0.09629494696855545
1599,1599,datasets/audios/eastern_sliced/jpop/jpop_033_001.wav,5,jpop,7,pop,0.3805396258831024,1.641365885734558,0.010911302641034126,0.02826032228767872,0.14184582233428955,0.18042878806591034,0.010626601055264473,0.005353551357984543,0.014417341910302639,0.3805396258831024,0.018154945224523544,0.2094617635011673
1600,1600,datasets/audios/eastern_sliced/jpop/jpop_033_002.wav,5,jpop,7,pop,0.3224397599697113,1.7098909616470337,0.01119131501764059,0.032823748886585236,0.1667739897966385,0.21165256202220917,0.00943654216825962,0.006505082827061415,0.018694957718253136,0.3224397599697113,0.02157927304506302,0.1989026963710785
1601,1601,datasets/audios/eastern_sliced/jpop/jpop_034_000.wav,5,jpop,7,pop,0.4903319478034973,1.337541103363037,0.006359585095196962,0.014591858722269535,0.06464308500289917,0.06097403168678284,0.008001331239938736,0.0034463233314454556,0.015728985890746117,0.4903319478034973,0.013525999151170254,0.322396844625473
1602,1602,datasets/audios/eastern_sliced/jpop/jpop_034_001.wav,5,jpop,7,pop,0.7458895444869995,0.9379752278327942,0.0037597804330289364,0.008483958430588245,0.0898713767528534,0.032978467643260956,0.005075846798717976,0.002585425041615963,0.003060356481000781,0.7458895444869995,0.00783449038863182,0.10046078264713287
1603,1603,datasets/audios/eastern_sliced/jpop/jpop_034_002.wav,5,jpop,7,pop,0.7134724259376526,0.985836923122406,0.0038402637001127005,0.006909805815666914,0.1329856812953949,0.029023952782154083,0.0036543721798807383,0.002457576571032405,0.0030688259284943342,0.7134724259376526,0.008315012790262699,0.0962720736861229
1604,1604,datasets/audios/eastern_sliced/jpop/jpop_035_000.wav,5,jpop,7,pop,0.4411797821521759,1.5029208660125732,0.009320609271526337,0.013469419442117214,0.21445856988430023,0.1114426776766777,0.007349308580160141,0.0031993016600608826,0.008392873220145702,0.4411797821521759,0.015856031328439713,0.17533142864704132
1605,1605,datasets/audios/eastern_sliced/jpop/jpop_035_001.wav,5,jpop,7,pop,0.4830181300640106,1.4864325523376465,0.009506783448159695,0.014658479951322079,0.11943329870700836,0.12435051798820496,0.0097421919927001,0.00402564974501729,0.010063186287879944,0.4830181300640106,0.019541116431355476,0.2056606113910675
1606,1606,datasets/audios/eastern_sliced/jpop/jpop_035_002.wav,5,jpop,7,pop,0.5453107953071594,1.3663339614868164,0.010755974799394608,0.025130819529294968,0.08199640363454819,0.07554291188716888,0.009584842249751091,0.006704392842948437,0.006130445282906294,0.5453107953071594,0.010405176319181919,0.22843824326992035
1607,1607,datasets/audios/eastern_sliced/jpop/jpop_036_000.wav,5,jpop,7,pop,0.4641014635562897,1.569789171218872,0.014870739541947842,0.02591458335518837,0.07479005306959152,0.20364344120025635,0.009486211463809013,0.010904651135206223,0.016013801097869873,0.4641014635562897,0.023479167371988297,0.15679584443569183
1608,1608,datasets/audios/eastern_sliced/jpop/jpop_036_001.wav,5,jpop,7,pop,0.5319099426269531,1.4540650844573975,0.012692049145698547,0.02321225218474865,0.06465726345777512,0.16121017932891846,0.008004133589565754,0.00987531803548336,0.012427253648638725,0.5319099426269531,0.018738126382231712,0.15727344155311584
1609,1609,datasets/audios/eastern_sliced/jpop/jpop_036_002.wav,5,jpop,7,pop,0.8042550086975098,0.8126400113105774,0.004975744057446718,0.010212071239948273,0.031516727060079575,0.03987555205821991,0.0044444771483540535,0.006494299042969942,0.0031867180950939655,0.8042550086975098,0.008242645300924778,0.08679670840501785
1610,1610,datasets/audios/eastern_sliced/jpop/jpop_037_000.wav,5,jpop,7,pop,0.7994261980056763,0.8175525069236755,0.004389917943626642,0.0033006644807755947,0.08031313866376877,0.033944156020879745,0.005671624559909105,0.0031674306374043226,0.00311881210654974,0.7994261980056763,0.012679846957325935,0.05398820340633392
1611,1611,datasets/audios/eastern_sliced/jpop/jpop_037_001.wav,5,jpop,7,pop,0.6408635377883911,0.9588483572006226,0.00372728961519897,0.0032618241384625435,0.27649539709091187,0.022213319316506386,0.002633707830682397,0.0017104928847402334,0.001287064515054226,0.6408635377883911,0.003977515734732151,0.043829869478940964
1612,1612,datasets/audios/eastern_sliced/jpop/jpop_037_002.wav,5,jpop,7,pop,0.3528217375278473,1.666506290435791,0.02100864052772522,0.04061594977974892,0.2191621959209442,0.05830755829811096,0.010610337369143963,0.010314221493899822,0.011307107284665108,0.3528217375278473,0.026792151853442192,0.24906007945537567
1613,1613,datasets/audios/eastern_sliced/jpop/jpop_038_000.wav,5,jpop,3,disco,0.4967358112335205,1.4287911653518677,0.007537113036960363,0.017076129093766212,0.04862939566373825,0.4967358112335205,0.005370587110519409,0.010203511454164982,0.011440107598900795,0.2616649270057678,0.11023035645484924,0.031112046912312508
1614,1614,datasets/audios/eastern_sliced/jpop/jpop_038_001.wav,5,jpop,7,pop,0.6046329736709595,1.2063050270080566,0.0038763508200645447,0.00449719000607729,0.0557497963309288,0.22265125811100006,0.0046715815551579,0.002383152022957802,0.0072221821174025536,0.6046329736709595,0.036856163293123245,0.05745941400527954
1615,1615,datasets/audios/eastern_sliced/jpop/jpop_038_002.wav,5,jpop,7,pop,0.5778116583824158,1.2706191539764404,0.004709502682089806,0.005477010738104582,0.0681762620806694,0.22819264233112335,0.005274543538689613,0.002993910340592265,0.007559813093394041,0.5778116583824158,0.04124009236693382,0.05856458470225334
1616,1616,datasets/audios/eastern_sliced/jpop/jpop_039_000.wav,5,jpop,2,country,0.50271075963974,1.3025678396224976,0.013295531272888184,0.010181507095694542,0.50271075963974,0.026537779718637466,0.006584939081221819,0.005863310303539038,0.006128879729658365,0.29572638869285583,0.009170391596853733,0.12380058318376541
1617,1617,datasets/audios/eastern_sliced/jpop/jpop_039_001.wav,5,jpop,2,country,0.6134470701217651,1.3019033670425415,0.023302722722291946,0.050826508551836014,0.6134470701217651,0.016428660601377487,0.005492624826729298,0.011213559657335281,0.006719376426190138,0.12458407133817673,0.011662463657557964,0.13632294535636902
1618,1618,datasets/audios/eastern_sliced/jpop/jpop_039_002.wav,5,jpop,7,pop,0.4510274827480316,1.6816372871398926,0.03574267402291298,0.06650938093662262,0.033961161971092224,0.03422214835882187,0.021771708503365517,0.06260580569505692,0.019128918647766113,0.4510274827480316,0.03524322435259819,0.2397875040769577
1619,1619,datasets/audios/eastern_sliced/jpop/jpop_040_000.wav,5,jpop,3,disco,0.6793068647384644,1.1992229223251343,0.012404122389853,0.012296558357775211,0.028261445462703705,0.6793068647384644,0.0084822503849864,0.006126908585429192,0.02114950120449066,0.12289287149906158,0.04739363491535187,0.061685960739851
1620,1620,datasets/audios/eastern_sliced/jpop/jpop_040_001.wav,5,jpop,3,disco,0.665256917476654,1.2033329010009766,0.009302929043769836,0.01210989709943533,0.030278950929641724,0.665256917476654,0.007078307680785656,0.0048835850320756435,0.021946445107460022,0.14392651617527008,0.03755823150277138,0.06765822321176529
1621,1621,datasets/audios/eastern_sliced/jpop/jpop_040_002.wav,5,jpop,3,disco,0.7874700427055359,0.8742792010307312,0.0024606280494481325,0.024495720863342285,0.01593247428536415,0.7874700427055359,0.0032938397489488125,0.0026908237487077713,0.011268030852079391,0.09314296394586563,0.026430584490299225,0.032814886420965195
1622,1622,datasets/audios/eastern_sliced/jpop/jpop_041_000.wav,5,jpop,7,pop,0.40660858154296875,1.6306818723678589,0.0131459916010499,0.012779561802744865,0.07299226522445679,0.19866950809955597,0.023180389776825905,0.004366784822195768,0.02677926979959011,0.40660858154296875,0.02913655713200569,0.21234117448329926
1623,1623,datasets/audios/eastern_sliced/jpop/jpop_041_001.wav,5,jpop,7,pop,0.40253210067749023,1.6463887691497803,0.012716068886220455,0.011795018799602985,0.08225014805793762,0.21334151923656464,0.02345277927815914,0.004271915648132563,0.030273567885160446,0.40253210067749023,0.029814647510647774,0.18955214321613312
1624,1624,datasets/audios/eastern_sliced/jpop/jpop_041_002.wav,5,jpop,7,pop,0.43789568543434143,1.5943529605865479,0.011097117327153683,0.00992053747177124,0.08529617637395859,0.16937151551246643,0.019528774544596672,0.0038894095923751593,0.028979899361729622,0.43789568543434143,0.027835270389914513,0.20618563890457153
1625,1625,datasets/audios/eastern_sliced/jpop/jpop_042_000.wav,5,jpop,7,pop,0.412143737077713,1.6858845949172974,0.022729193791747093,0.01874662935733795,0.0683128833770752,0.2518720328807831,0.019205382093787193,0.031871601939201355,0.01381780207157135,0.412143737077713,0.12143924087285995,0.03986147791147232
1626,1626,datasets/audios/eastern_sliced/jpop/jpop_042_001.wav,5,jpop,7,pop,0.403438925743103,1.7312122583389282,0.024480264633893967,0.022631540894508362,0.06339413672685623,0.24089540541172028,0.0200551375746727,0.04414639249444008,0.014844285324215889,0.403438925743103,0.12417957931756973,0.041934359818696976
1627,1627,datasets/audios/eastern_sliced/jpop/jpop_042_002.wav,5,jpop,3,disco,0.22375765442848206,1.9913585186004639,0.04860467463731766,0.043175168335437775,0.05163302272558212,0.22375765442848206,0.022784339264035225,0.1801595389842987,0.01882418803870678,0.2011907994747162,0.17092901468276978,0.03894156590104103
1628,1628,datasets/audios/eastern_sliced/jpop/jpop_043_000.wav,5,jpop,1,classical,0.2625329792499542,1.6962542533874512,0.015672000125050545,0.2625329792499542,0.253945916891098,0.027536490932106972,0.0059700594283640385,0.014507071115076542,0.011525927111506462,0.13207249343395233,0.018114818260073662,0.2581222653388977
1629,1629,datasets/audios/eastern_sliced/jpop/jpop_043_001.wav,5,jpop,2,country,0.37051069736480713,1.7218517065048218,0.022202832624316216,0.04224001616239548,0.37051069736480713,0.07866058498620987,0.011790118180215359,0.008335655555129051,0.014888904988765717,0.199849471449852,0.04105684533715248,0.21046487987041473
1630,1630,datasets/audios/eastern_sliced/jpop/jpop_043_002.wav,5,jpop,2,country,0.36968231201171875,1.7075958251953125,0.02515384554862976,0.04147325083613396,0.36968231201171875,0.06767156720161438,0.010646176524460316,0.008760691620409489,0.015075497329235077,0.18603339791297913,0.03864192217588425,0.23686131834983826
1631,1631,datasets/audios/eastern_sliced/jpop/jpop_044_000.wav,5,jpop,3,disco,0.56254643201828,1.414461612701416,0.003602116834372282,0.004678949248045683,0.13244064152240753,0.56254643201828,0.004699130542576313,0.0010110940784215927,0.06185299903154373,0.10467173904180527,0.039525777101516724,0.08497115224599838
1632,1632,datasets/audios/eastern_sliced/jpop/jpop_044_001.wav,5,jpop,3,disco,0.4732585549354553,1.5585356950759888,0.004581743851304054,0.005210617557168007,0.1533818244934082,0.4732585549354553,0.005827889312058687,0.0013215765357017517,0.0717717707157135,0.13365212082862854,0.03572021797299385,0.11527372896671295
1633,1633,datasets/audios/eastern_sliced/jpop/jpop_044_002.wav,5,jpop,3,disco,0.3598637282848358,1.7465856075286865,0.007945612072944641,0.008528740145266056,0.17077429592609406,0.3598637282848358,0.014654607512056828,0.003479765495285392,0.06655428558588028,0.19600439071655273,0.06407420337200165,0.10812029242515564
1634,1634,datasets/audios/eastern_sliced/jpop/jpop_045_000.wav,5,jpop,3,disco,0.454662024974823,1.6650151014328003,0.016727115958929062,0.02204304002225399,0.06567328423261642,0.454662024974823,0.025904729962348938,0.00790348183363676,0.031813863664865494,0.21115413308143616,0.0599895678460598,0.10412881523370743
1635,1635,datasets/audios/eastern_sliced/jpop/jpop_045_001.wav,5,jpop,3,disco,0.505655825138092,1.634728193283081,0.01883143000304699,0.029112666845321655,0.06109381839632988,0.505655825138092,0.026739701628684998,0.008343396708369255,0.036681924015283585,0.15030249953269958,0.05265170335769653,0.1105869859457016
1636,1636,datasets/audios/eastern_sliced/jpop/jpop_045_002.wav,5,jpop,3,disco,0.6318770051002502,1.3443353176116943,0.011107335798442364,0.027632184326648712,0.06440911442041397,0.6318770051002502,0.011064284481108189,0.005480588413774967,0.02059600129723549,0.11554169654846191,0.04412417858839035,0.06816752254962921
1637,1637,datasets/audios/eastern_sliced/jpop/jpop_046_000.wav,5,jpop,2,country,0.5170531272888184,1.522099494934082,0.020719414576888084,0.010505407117307186,0.5170531272888184,0.06599406152963638,0.009184807538986206,0.005012611858546734,0.023911258205771446,0.1507931351661682,0.04803619161248207,0.14879000186920166
1638,1638,datasets/audios/eastern_sliced/jpop/jpop_046_001.wav,5,jpop,9,rock,0.424540251493454,1.6707847118377686,0.018267203122377396,0.01878672093153,0.18236343562602997,0.07058008760213852,0.013499215245246887,0.007379376795142889,0.04498282074928284,0.18535028398036957,0.034250643104314804,0.424540251493454
1639,1639,datasets/audios/eastern_sliced/jpop/jpop_046_002.wav,5,jpop,9,rock,0.6901372075080872,1.2011600732803345,0.013867815025150776,0.017502469941973686,0.08609253913164139,0.03651165962219238,0.007679860107600689,0.0042870924808084965,0.05986359715461731,0.06448353081941605,0.01957419514656067,0.6901372075080872
1640,1640,datasets/audios/eastern_sliced/jpop/jpop_047_000.wav,5,jpop,2,country,0.5185399055480957,1.4501771926879883,0.029294151812791824,0.011906029656529427,0.5185399055480957,0.04280071333050728,0.01995808072388172,0.013094921596348286,0.012046084739267826,0.25827768445014954,0.029429994523525238,0.06465239077806473
1641,1641,datasets/audios/eastern_sliced/jpop/jpop_047_001.wav,5,jpop,7,pop,0.46322038769721985,1.5500601530075073,0.02106350101530552,0.012901687063276768,0.2708677649497986,0.07777287065982819,0.023090321570634842,0.013423406518995762,0.011860168538987637,0.46322038769721985,0.037216294556856155,0.06858362257480621
1642,1642,datasets/audios/eastern_sliced/jpop/jpop_047_002.wav,5,jpop,7,pop,0.4880632162094116,1.4390138387680054,0.013790731318295002,0.02197483740746975,0.28148555755615234,0.055987171828746796,0.010911584831774235,0.008758142590522766,0.006812595296651125,0.4880632162094116,0.02342839166522026,0.08878783881664276
1643,1643,datasets/audios/eastern_sliced/jpop/jpop_048_000.wav,5,jpop,3,disco,0.4064301550388336,1.7866196632385254,0.01863492652773857,0.014101765118539333,0.12625212967395782,0.4064301550388336,0.02319050021469593,0.010441473685204983,0.05512005835771561,0.15724103152751923,0.11752058565616608,0.0710674300789833
1644,1644,datasets/audios/eastern_sliced/jpop/jpop_048_001.wav,5,jpop,7,pop,0.2985828220844269,1.899099349975586,0.02226051315665245,0.01245974563062191,0.13051901757717133,0.2054162621498108,0.03223687410354614,0.01104229036718607,0.05671994760632515,0.2985828220844269,0.07616040855646133,0.15460212528705597
1645,1645,datasets/audios/eastern_sliced/jpop/jpop_048_002.wav,5,jpop,7,pop,0.3809144198894501,1.8131237030029297,0.021276909857988358,0.010138158686459064,0.1442190408706665,0.13573698699474335,0.030352769419550896,0.011019982397556305,0.042713578790426254,0.3809144198894501,0.07303857803344727,0.15058952569961548
1646,1646,datasets/audios/eastern_sliced/jpop/jpop_049_000.wav,5,jpop,7,pop,0.6108574867248535,1.2128002643585205,0.003083448624238372,0.009866602718830109,0.08174502104520798,0.1291387528181076,0.00414131348952651,0.0013891705311834812,0.0037880814634263515,0.6108574867248535,0.009752243757247925,0.1462378203868866
1647,1647,datasets/audios/eastern_sliced/jpop/jpop_049_001.wav,5,jpop,7,pop,0.6124842166900635,1.2107542753219604,0.0034626189153641462,0.008807697333395481,0.07669147849082947,0.14593662321567535,0.004361787810921669,0.0015667314874008298,0.004035402555018663,0.6124842166900635,0.010510089807212353,0.13214342296123505
1648,1648,datasets/audios/eastern_sliced/jpop/jpop_049_002.wav,5,jpop,7,pop,0.7057168483734131,1.0511876344680786,0.0036229363176971674,0.012029338628053665,0.07263078540563583,0.08033528923988342,0.00440169544890523,0.0025994624011218548,0.0029205908067524433,0.7057168483734131,0.00942105520516634,0.10632205754518509
1649,1649,datasets/audios/eastern_sliced/jpop/jpop_050_000.wav,5,jpop,7,pop,0.5469719767570496,1.347550392150879,0.0046538240276277065,0.00934532843530178,0.12965378165245056,0.07085688412189484,0.004375324584543705,0.0027011847123503685,0.00983445905148983,0.5469719767570496,0.0246279314160347,0.19697938859462738
1650,1650,datasets/audios/eastern_sliced/jpop/jpop_050_001.wav,5,jpop,7,pop,0.4467722475528717,1.5560539960861206,0.014820079319179058,0.060452718287706375,0.051017019897699356,0.07508071511983871,0.00927830021828413,0.02057628147304058,0.012967703863978386,0.4467722475528717,0.02043803595006466,0.28859689831733704
1651,1651,datasets/audios/eastern_sliced/jpop/jpop_050_002.wav,5,jpop,9,rock,0.402107298374176,1.4611897468566895,0.009950480423867702,0.041213713586330414,0.0798228457570076,0.061080023646354675,0.0046552554704248905,0.007495099678635597,0.009973467327654362,0.3666250705718994,0.017076732590794563,0.402107298374176
1652,1652,datasets/audios/eastern_sliced/jpop/jpop_051_000.wav,5,jpop,7,pop,0.7858366370201111,0.776858925819397,0.0023174916859716177,0.003808812238276005,0.027779724448919296,0.03615463525056839,0.0029028772842139006,0.0012308986624702811,0.002791485982015729,0.7858366370201111,0.00411647604778409,0.1330610066652298
1653,1653,datasets/audios/eastern_sliced/jpop/jpop_051_001.wav,5,jpop,7,pop,0.9286322593688965,0.35233747959136963,0.0004498713824432343,0.0017568235052749515,0.006964608561247587,0.017444191500544548,0.0021278720814734697,0.00041061185766011477,0.0007681902498006821,0.9286322593688965,0.002708596410229802,0.038737017661333084
1654,1654,datasets/audios/eastern_sliced/jpop/jpop_051_002.wav,5,jpop,7,pop,0.9475345015525818,0.2714524269104004,0.00028215188649483025,0.0013001435436308384,0.0049591814167797565,0.011542776599526405,0.0015196448657661676,0.0002583461464382708,0.00036786895361728966,0.9475345015525818,0.0014789935667067766,0.03075646236538887
1655,1655,datasets/audios/eastern_sliced/jpop/jpop_052_000.wav,5,jpop,9,rock,0.2343449741601944,1.8041638135910034,0.004906937945634127,0.2229258418083191,0.040880121290683746,0.20558811724185944,0.005184423178434372,0.009886122308671474,0.05222194269299507,0.19560565054416656,0.028455913066864014,0.2343449741601944
1656,1656,datasets/audios/eastern_sliced/jpop/jpop_052_001.wav,5,jpop,9,rock,0.521800696849823,1.4210327863693237,0.004654514603316784,0.218790665268898,0.029971707612276077,0.036016274243593216,0.006095292046666145,0.005669526290148497,0.039400070905685425,0.12651371955871582,0.011087597347795963,0.521800696849823
1657,1657,datasets/audios/eastern_sliced/jpop/jpop_052_002.wav,5,jpop,9,rock,0.41727113723754883,1.4631869792938232,0.004504789598286152,0.33397817611694336,0.03282306715846062,0.042019933462142944,0.0053787194192409515,0.006805695593357086,0.027670342475175858,0.11904211342334747,0.010506047867238522,0.41727113723754883
1658,1658,datasets/audios/eastern_sliced/jpop/jpop_053_000.wav,5,jpop,7,pop,0.7531493306159973,0.8759679794311523,0.0022899589966982603,0.004331719595938921,0.05218757688999176,0.0407392755150795,0.0031757205724716187,0.0011129772756248713,0.0029298269655555487,0.7531493306159973,0.005193214863538742,0.13489042222499847
1659,1659,datasets/audios/eastern_sliced/jpop/jpop_053_001.wav,5,jpop,7,pop,0.7396793365478516,0.8746110200881958,0.0016351520316675305,0.007252000272274017,0.03701537847518921,0.0391431525349617,0.0025431932881474495,0.001000912394374609,0.002667613560333848,0.7396793365478516,0.0037697169464081526,0.16529352962970734
1660,1660,datasets/audios/eastern_sliced/jpop/jpop_053_002.wav,5,jpop,7,pop,0.6108077764511108,1.1084424257278442,0.0021137010771781206,0.02931513823568821,0.030773937702178955,0.049301501363515854,0.00320491474121809,0.001917023677378893,0.004682854749262333,0.6108077764511108,0.005534779280424118,0.26234832406044006
1661,1661,datasets/audios/eastern_sliced/jpop/jpop_054_000.wav,5,jpop,3,disco,0.36780187487602234,1.6800317764282227,0.00602470338344574,0.17889618873596191,0.05574047565460205,0.36780187487602234,0.005057000555098057,0.005338031332939863,0.016899460926651955,0.2132074385881424,0.02903706021606922,0.12199778854846954
1662,1662,datasets/audios/eastern_sliced/jpop/jpop_054_001.wav,5,jpop,3,disco,0.7345438003540039,1.0969467163085938,0.0044454182498157024,0.04413782060146332,0.030619611963629723,0.7345438003540039,0.004924546927213669,0.010406071320176125,0.04846761375665665,0.03888366371393204,0.062008365988731384,0.021563036367297173
1663,1663,datasets/audios/eastern_sliced/jpop/jpop_054_002.wav,5,jpop,3,disco,0.7266045212745667,1.1184219121932983,0.004025527276098728,0.04014066234230995,0.029180090874433517,0.7266045212745667,0.005027702543884516,0.009609059430658817,0.046560995280742645,0.05192841589450836,0.0621020533144474,0.02482091635465622
1664,1664,datasets/audios/eastern_sliced/jpop/jpop_055_000.wav,5,jpop,9,rock,0.479166716337204,1.5673171281814575,0.011209997348487377,0.17706763744354248,0.062252748757600784,0.03575605899095535,0.007227925583720207,0.010042142122983932,0.03797748312354088,0.16422849893569946,0.015070755034685135,0.479166716337204
1665,1665,datasets/audios/eastern_sliced/jpop/jpop_055_001.wav,5,jpop,9,rock,0.4966006577014923,1.5032354593276978,0.00834851898252964,0.2340264618396759,0.046440429985523224,0.02977256290614605,0.006949089467525482,0.009250931441783905,0.05613765865564346,0.09791920334100723,0.01455455832183361,0.4966006577014923
1666,1666,datasets/audios/eastern_sliced/jpop/jpop_055_002.wav,5,jpop,9,rock,0.48656633496284485,1.5569536685943604,0.007896349765360355,0.16790172457695007,0.0511137954890728,0.045878298580646515,0.007612433284521103,0.008464392274618149,0.04424189776182175,0.16565681993961334,0.014667990617454052,0.48656633496284485
1667,1667,datasets/audios/eastern_sliced/jpop/jpop_056_000.wav,5,jpop,3,disco,0.8614149689674377,0.6629851460456848,0.0024666606914252043,0.015659639611840248,0.012582183815538883,0.8614149689674377,0.0032019505742937326,0.0037343150470405817,0.028266657143831253,0.02385980263352394,0.0400870256125927,0.008726818487048149
1668,1668,datasets/audios/eastern_sliced/jpop/jpop_056_001.wav,5,jpop,3,disco,0.8699643015861511,0.6282006502151489,0.0022812557872384787,0.008639995940029621,0.012230606749653816,0.8699643015861511,0.00396419782191515,0.0030526272021234035,0.03005882538855076,0.024983039125800133,0.0362248495221138,0.008600441738963127
1669,1669,datasets/audios/eastern_sliced/jpop/jpop_056_002.wav,5,jpop,3,disco,0.7730082869529724,0.9594299793243408,0.004014940001070499,0.05829734355211258,0.025031056255102158,0.7730082869529724,0.002650313312187791,0.005367818288505077,0.02203529328107834,0.04033396393060684,0.052790574729442596,0.016470378264784813
1670,1670,datasets/audios/eastern_sliced/jpop/jpop_057_000.wav,5,jpop,7,pop,0.6043941974639893,1.1274925470352173,0.0012334692291915417,0.0072995685040950775,0.01814885251224041,0.23284368216991425,0.0034759424161165953,0.0011224872432649136,0.011011213064193726,0.6043941974639893,0.010213796980679035,0.11025682091712952
1671,1671,datasets/audios/eastern_sliced/jpop/jpop_057_001.wav,5,jpop,7,pop,0.5551722049713135,1.2037845849990845,0.0025258103851228952,0.023177940398454666,0.018391383811831474,0.09486300498247147,0.005182366818189621,0.002202242147177458,0.011065267026424408,0.5551722049713135,0.005922251380980015,0.2814975380897522
1672,1672,datasets/audios/eastern_sliced/jpop/jpop_057_002.wav,5,jpop,1,classical,0.36416468024253845,1.7138785123825073,0.022306673228740692,0.36416468024253845,0.04007425159215927,0.054435066878795624,0.015927430242300034,0.020671933889389038,0.05747927352786064,0.08533241599798203,0.024004649370908737,0.3156035840511322
1673,1673,datasets/audios/eastern_sliced/jpop/jpop_058_000.wav,5,jpop,9,rock,0.48934853076934814,1.516366720199585,0.004340467508882284,0.06654777377843857,0.030659284442663193,0.08011139184236526,0.007559737656265497,0.0032448263373225927,0.06599695235490799,0.231605663895607,0.02058546058833599,0.48934853076934814
1674,1674,datasets/audios/eastern_sliced/jpop/jpop_058_001.wav,5,jpop,9,rock,0.5346708297729492,1.3844363689422607,0.002271967241540551,0.03866490349173546,0.02586219646036625,0.10002409666776657,0.005086526740342379,0.001484860316850245,0.06056846305727959,0.2216751128435135,0.009691017679870129,0.5346708297729492
1675,1675,datasets/audios/eastern_sliced/jpop/jpop_058_002.wav,5,jpop,9,rock,0.41884952783584595,1.5196149349212646,0.0029389781411737204,0.029416395351290703,0.030525067821145058,0.16792358458042145,0.005751269403845072,0.001599796931259334,0.06601071357727051,0.2637515366077423,0.013233060948550701,0.41884952783584595
1676,1676,datasets/audios/eastern_sliced/jpop/jpop_059_000.wav,5,jpop,7,pop,0.2826671302318573,1.806357741355896,0.0077007003128528595,0.009698125533759594,0.12423212826251984,0.2431374043226242,0.01258320827037096,0.004757890943437815,0.04794115945696831,0.2826671302318573,0.1390124261379242,0.12826983630657196
1677,1677,datasets/audios/eastern_sliced/jpop/jpop_059_001.wav,5,jpop,7,pop,0.360946923494339,1.6094242334365845,0.003906255587935448,0.020025115460157394,0.04689067229628563,0.3290884494781494,0.007034864742308855,0.005283682141453028,0.04110652580857277,0.360946923494339,0.07687799632549286,0.10883946716785431
1678,1678,datasets/audios/eastern_sliced/jpop/jpop_059_002.wav,5,jpop,3,disco,0.5771229863166809,1.3993104696273804,0.0036325501278042793,0.013773891143500805,0.04107470065355301,0.5771229863166809,0.0061053023673594,0.004728501196950674,0.05289410054683685,0.16255974769592285,0.08730507642030716,0.05080314353108406
1679,1679,datasets/audios/eastern_sliced/jpop/jpop_060_000.wav,5,jpop,9,rock,0.5280370712280273,1.491194725036621,0.013810079544782639,0.07667598128318787,0.11689944565296173,0.02490973472595215,0.006981338374316692,0.007675024680793285,0.028611721470952034,0.17774073779582977,0.018658921122550964,0.5280370712280273
1680,1680,datasets/audios/eastern_sliced/jpop/jpop_060_001.wav,5,jpop,9,rock,0.5317899584770203,1.4485466480255127,0.010732513852417469,0.06658407300710678,0.08435267955064774,0.02658608742058277,0.006357436999678612,0.006530873943120241,0.029288403689861298,0.2177693247795105,0.020008735358715057,0.5317899584770203
1681,1681,datasets/audios/eastern_sliced/jpop/jpop_060_002.wav,5,jpop,9,rock,0.5955995917320251,1.3805400133132935,0.011945761740207672,0.07715924829244614,0.06924676150083542,0.02231655642390251,0.006910462863743305,0.007368945516645908,0.03471943736076355,0.15599212050437927,0.018741125240921974,0.5955995917320251
1682,1682,datasets/audios/eastern_sliced/jpop/jpop_061_000.wav,5,jpop,9,rock,0.31962457299232483,1.7814089059829712,0.004514105152338743,0.04764872044324875,0.13367047905921936,0.16457843780517578,0.005097802262753248,0.0025998021010309458,0.052705783396959305,0.2186741977930069,0.05088616907596588,0.31962457299232483
1683,1683,datasets/audios/eastern_sliced/jpop/jpop_061_001.wav,5,jpop,7,pop,0.2673293948173523,1.723244309425354,0.003531461348757148,0.04569375142455101,0.10078345239162445,0.24530796706676483,0.004807591903954744,0.0023236877750605345,0.0340229868888855,0.2673293948173523,0.040653906762599945,0.25554585456848145
1684,1684,datasets/audios/eastern_sliced/jpop/jpop_061_002.wav,5,jpop,9,rock,0.2573819160461426,1.8405439853668213,0.004248227458447218,0.16526125371456146,0.12440511584281921,0.21749001741409302,0.0038307809736579657,0.004669243935495615,0.04032554849982262,0.14447560906410217,0.03791232407093048,0.2573819160461426
1685,1685,datasets/audios/eastern_sliced/jpop/jpop_062_000.wav,5,jpop,9,rock,0.41343799233436584,1.524754285812378,0.008819689974188805,0.08148054778575897,0.028035558760166168,0.04067910462617874,0.007986459881067276,0.0058128987438976765,0.045902520418167114,0.337287038564682,0.030558239668607712,0.41343799233436584
1686,1686,datasets/audios/eastern_sliced/jpop/jpop_062_001.wav,5,jpop,9,rock,0.35018327832221985,1.491929531097412,0.00878755934536457,0.24084389209747314,0.034692224115133286,0.02400200068950653,0.004096564836800098,0.007702812552452087,0.010992181487381458,0.3039052188396454,0.014794322662055492,0.35018327832221985
1687,1687,datasets/audios/eastern_sliced/jpop/jpop_062_002.wav,5,jpop,9,rock,0.3446098566055298,1.4904738664627075,0.008975913748145103,0.2611096203327179,0.035280171781778336,0.02308838814496994,0.004104939289391041,0.007762603927403688,0.010042304173111916,0.29104095697402954,0.013985232450067997,0.3446098566055298
1688,1688,datasets/audios/eastern_sliced/jpop/jpop_063_000.wav,5,jpop,6,metal,0.5018467903137207,1.2397804260253906,0.0029830005951225758,0.025269756093621254,0.021063292399048805,0.026347415521740913,0.004505609627813101,0.0010622073896229267,0.5018467903137207,0.02470395900309086,0.03425920754671097,0.35795870423316956
1689,1689,datasets/audios/eastern_sliced/jpop/jpop_063_001.wav,5,jpop,6,metal,0.4174914062023163,1.3942549228668213,0.004892250988632441,0.03247493505477905,0.032414138317108154,0.034916069358587265,0.006781790871173143,0.002150259679183364,0.4174914062023163,0.03549179807305336,0.041159335523843765,0.39222806692123413
1690,1690,datasets/audios/eastern_sliced/jpop/jpop_063_002.wav,5,jpop,6,metal,0.4542270600795746,1.384186863899231,0.005585630889981985,0.005121626891195774,0.04255014285445213,0.059368934482336044,0.009703840129077435,0.0017862907843664289,0.4542270600795746,0.051403071731328964,0.02481352724134922,0.3454398810863495
1691,1691,datasets/audios/eastern_sliced/jpop/jpop_064_000.wav,5,jpop,7,pop,0.4290093183517456,1.5426502227783203,0.005407485645264387,0.08667366951704025,0.06444652378559113,0.10596901923418045,0.007416922133415937,0.0043821148574352264,0.008170477114617825,0.4290093183517456,0.017774226143956184,0.2707501947879791
1692,1692,datasets/audios/eastern_sliced/jpop/jpop_064_001.wav,5,jpop,9,rock,0.44056397676467896,1.4946621656417847,0.00583915738388896,0.04779466614127159,0.04443725571036339,0.08582284301519394,0.008030270226299763,0.002891245996579528,0.02873125486075878,0.3124579191207886,0.023431356996297836,0.44056397676467896
1693,1693,datasets/audios/eastern_sliced/jpop/jpop_064_002.wav,5,jpop,9,rock,0.38647767901420593,1.4571075439453125,0.004417145159095526,0.030037688091397285,0.04445228353142738,0.10604877024888992,0.006369694601744413,0.002189808990806341,0.025254512205719948,0.3749168813228607,0.01983550377190113,0.38647767901420593
1694,1694,datasets/audios/eastern_sliced/jpop/jpop_065_000.wav,5,jpop,7,pop,0.3420206904411316,1.6146111488342285,0.004451483488082886,0.015849051997065544,0.07233237475156784,0.2271638810634613,0.008365155197679996,0.0023308806121349335,0.03759380802512169,0.3420206904411316,0.02923164889216423,0.2606610655784607
1695,1695,datasets/audios/eastern_sliced/jpop/jpop_065_001.wav,5,jpop,3,disco,0.28436005115509033,1.7383642196655273,0.005437012296169996,0.06311318278312683,0.12980696558952332,0.28436005115509033,0.007066590711474419,0.0036493646912276745,0.02099233865737915,0.2604610323905945,0.03107777051627636,0.19403566420078278
1696,1696,datasets/audios/eastern_sliced/jpop/jpop_065_002.wav,5,jpop,3,disco,0.3854462206363678,1.761265516281128,0.007863784208893776,0.01364869438111782,0.13693886995315552,0.3854462206363678,0.01119273342192173,0.004100854974240065,0.07793603092432022,0.10574470460414886,0.1674029678106308,0.08972511440515518
1697,1697,datasets/audios/eastern_sliced/jpop/jpop_066_000.wav,5,jpop,9,rock,0.6408087611198425,1.2489008903503418,0.008548036217689514,0.0768776386976242,0.05722453072667122,0.015039792284369469,0.005268917419016361,0.006374788470566273,0.029810180887579918,0.14864112436771393,0.011406178586184978,0.6408087611198425
1698,1698,datasets/audios/eastern_sliced/jpop/jpop_066_001.wav,5,jpop,9,rock,0.5124979019165039,1.5247822999954224,0.011664108373224735,0.12371110171079636,0.14823979139328003,0.01804807223379612,0.006212642882019281,0.008174534887075424,0.03609275445342064,0.11638004332780838,0.018979037180542946,0.5124979019165039
1699,1699,datasets/audios/eastern_sliced/jpop/jpop_066_002.wav,5,jpop,1,classical,0.520734965801239,1.454591989517212,0.02234661765396595,0.520734965801239,0.08742545545101166,0.009905405342578888,0.004860726650804281,0.03021165356040001,0.021832332015037537,0.049100302159786224,0.016140909865498543,0.23744158446788788
1700,1700,datasets/audios/eastern_sliced/jpop/jpop_067_000.wav,5,jpop,7,pop,0.6266714334487915,1.0964287519454956,0.004789954982697964,0.06863794475793839,0.018420478329062462,0.028631452471017838,0.0027870554476976395,0.0034425912890583277,0.0029889249708503485,0.6266714334487915,0.004262041766196489,0.23936811089515686
1701,1701,datasets/audios/eastern_sliced/jpop/jpop_067_001.wav,5,jpop,7,pop,0.7565183043479919,0.8258626461029053,0.002551079262048006,0.026340864598751068,0.014111651107668877,0.02266254834830761,0.002490665065124631,0.0023478625807911158,0.0019678743556141853,0.7565183043479919,0.0028218438383191824,0.16818733513355255
1702,1702,datasets/audios/eastern_sliced/jpop/jpop_067_002.wav,5,jpop,7,pop,0.8422572016716003,0.6513872742652893,0.002053988166153431,0.014215361326932907,0.020518746227025986,0.020576294511556625,0.0033137944992631674,0.002048966009169817,0.0011281382758170366,0.8422572016716003,0.0028023156337440014,0.09108530730009079
1703,1703,datasets/audios/eastern_sliced/kpop/kpop_000_000.wav,6,kpop,7,pop,0.9244517087936401,0.3987511396408081,0.0009530526003800333,0.001847442938014865,0.011571206152439117,0.023346830159425735,0.01327483169734478,0.00087276182603091,0.0008561888826079667,0.9244517087936401,0.005591892637312412,0.01723414659500122
1704,1704,datasets/audios/eastern_sliced/kpop/kpop_000_001.wav,6,kpop,7,pop,0.9599399566650391,0.2380456030368805,0.000488931720610708,0.00084802380297333,0.007953495718538761,0.011358320713043213,0.005566763691604137,0.0005514051299542189,0.00034641099045984447,0.9599399566650391,0.0036425271537154913,0.009304082952439785
1705,1705,datasets/audios/eastern_sliced/kpop/kpop_000_002.wav,6,kpop,7,pop,0.8998070955276489,0.49394527077674866,0.0010869525140151381,0.002284337766468525,0.011126047931611538,0.033074960112571716,0.0238387119024992,0.0008686126093380153,0.001388228964060545,0.8998070955276489,0.006039463449269533,0.020485669374465942
1706,1706,datasets/audios/eastern_sliced/kpop/kpop_001_000.wav,6,kpop,7,pop,0.7396753430366516,0.743087887763977,0.0008120122365653515,0.0004440972988959402,0.006255162414163351,0.016752950847148895,0.22090519964694977,0.0006863013841211796,0.0009465080220252275,0.7396753430366516,0.010457907803356647,0.003064468502998352
1707,1707,datasets/audios/eastern_sliced/kpop/kpop_001_001.wav,6,kpop,4,hiphop,0.7161862850189209,0.8153724074363708,0.0024970704689621925,0.0005585288745351136,0.006245364900678396,0.025353604927659035,0.7161862850189209,0.001149953925050795,0.002625400200486183,0.23061621189117432,0.011051355861127377,0.003716319100931287
1708,1708,datasets/audios/eastern_sliced/kpop/kpop_001_002.wav,6,kpop,4,hiphop,0.8831086754798889,0.5445007681846619,0.006594759412109852,0.0006062050815671682,0.00644698878750205,0.02281269058585167,0.8831086754798889,0.0021126437932252884,0.004474450834095478,0.056979890912771225,0.01302922610193491,0.0038344981148838997
1709,1709,datasets/audios/eastern_sliced/kpop/kpop_002_000.wav,6,kpop,7,pop,0.9556304216384888,0.260457307100296,0.0005828754510730505,0.0008673752308823168,0.007699142210185528,0.011211222037672997,0.00975637137889862,0.0006216184701770544,0.0004011628043372184,0.9556304216384888,0.004851114936172962,0.00837865099310875
1710,1710,datasets/audios/eastern_sliced/kpop/kpop_002_001.wav,6,kpop,7,pop,0.9620994925498962,0.22318249940872192,0.000361938145942986,0.0013688874896615744,0.005014732945710421,0.009612973779439926,0.003329864237457514,0.00046192354056984186,0.00034306818270124495,0.9620994925498962,0.0024742688983678818,0.014932911843061447
1711,1711,datasets/audios/eastern_sliced/kpop/kpop_002_002.wav,6,kpop,7,pop,0.8459306359291077,0.6981232762336731,0.002049337839707732,0.002644211519509554,0.01944480650126934,0.025699438527226448,0.03450028598308563,0.004675751086324453,0.001574925845488906,0.8459306359291077,0.05127651244401932,0.012203963473439217
1712,1712,datasets/audios/eastern_sliced/kpop/kpop_003_000.wav,6,kpop,7,pop,0.8309677839279175,0.7641062140464783,0.0036400225944817066,0.004667999688535929,0.022205166518688202,0.033247776329517365,0.05281932279467583,0.004692228510975838,0.0028829555958509445,0.8309677839279175,0.026444170624017715,0.018432537093758583
1713,1713,datasets/audios/eastern_sliced/kpop/kpop_003_001.wav,6,kpop,7,pop,0.8921756744384766,0.5435782074928284,0.0024443769361823797,0.0030754266772419214,0.018667224794626236,0.022132406011223793,0.026620371267199516,0.0027530782390385866,0.0016352093080058694,0.8921756744384766,0.013596972450613976,0.016899215057492256
1714,1714,datasets/audios/eastern_sliced/kpop/kpop_003_002.wav,6,kpop,7,pop,0.7802029848098755,0.8667880296707153,0.0036262432113289833,0.0034172176383435726,0.018700480461120605,0.03309091925621033,0.11149861663579941,0.0043500931933522224,0.0027876808308064938,0.7802029848098755,0.027095889672636986,0.01522990595549345
1715,1715,datasets/audios/eastern_sliced/kpop/kpop_004_000.wav,6,kpop,7,pop,0.969092845916748,0.19437161087989807,0.0004278378910385072,0.0012176395393908024,0.004270418081432581,0.00729935709387064,0.0037893601693212986,0.0009145470685325563,0.0003266159037593752,0.969092845916748,0.0038480963557958603,0.008813316933810711
1716,1716,datasets/audios/eastern_sliced/kpop/kpop_004_001.wav,6,kpop,7,pop,0.99029141664505,0.07189059257507324,8.833658648654819e-05,0.0003059165319427848,0.0014432314783334732,0.0023023304529488087,0.001086468924768269,0.00025364127941429615,6.2026250816416e-05,0.99029141664505,0.001260129502043128,0.002906438196077943
1717,1717,datasets/audios/eastern_sliced/kpop/kpop_004_002.wav,6,kpop,7,pop,0.9470863342285156,0.30722618103027344,0.0009535990539006889,0.0022949674166738987,0.006751282140612602,0.01168789155781269,0.007020553573966026,0.002088943962007761,0.0007855953299440444,0.9470863342285156,0.00782496016472578,0.013505841605365276
1718,1718,datasets/audios/eastern_sliced/kpop/kpop_005_000.wav,6,kpop,7,pop,0.7290403246879578,1.023168683052063,0.0034526214003562927,0.0025794750545173883,0.03416438028216362,0.02974872663617134,0.08329392224550247,0.0068633779883384705,0.002725419821217656,0.7290403246879578,0.09495603293180466,0.01317569985985756
1719,1719,datasets/audios/eastern_sliced/kpop/kpop_005_001.wav,6,kpop,7,pop,0.7436103224754333,0.963806688785553,0.002574371639639139,0.001702657900750637,0.03457405045628548,0.02403443120419979,0.07750971615314484,0.005039180628955364,0.0018722969107329845,0.7436103224754333,0.09924367070198059,0.009839348495006561
1720,1720,datasets/audios/eastern_sliced/kpop/kpop_005_002.wav,6,kpop,7,pop,0.8388606905937195,0.6939914226531982,0.0015364832943305373,0.001170091680251062,0.020047560334205627,0.01814843900501728,0.054485660046339035,0.003502144478261471,0.0010449332185089588,0.8388606905937195,0.05451885610818863,0.0066851358860731125
1721,1721,datasets/audios/eastern_sliced/kpop/kpop_006_000.wav,6,kpop,4,hiphop,0.5292363166809082,1.200144648551941,0.003034876426681876,0.0009175043669529259,0.0059205214492976665,0.04472583159804344,0.5292363166809082,0.00368680153042078,0.0036120254080742598,0.2985621988773346,0.10369953513145447,0.0066043781116604805
1722,1722,datasets/audios/eastern_sliced/kpop/kpop_006_001.wav,6,kpop,7,pop,0.89072185754776,0.5105293989181519,0.0010547437705099583,0.001880727126263082,0.007954332046210766,0.014267582446336746,0.056077830493450165,0.002272422658279538,0.0007707028998993337,0.89072185754776,0.016236765310168266,0.008763130754232407
1723,1723,datasets/audios/eastern_sliced/kpop/kpop_006_002.wav,6,kpop,7,pop,0.9474095106124878,0.2978842854499817,0.0006119085010141134,0.001346861245110631,0.004628065973520279,0.011960478499531746,0.016838787123560905,0.0009299105731770396,0.000575581390876323,0.9474095106124878,0.006599955260753632,0.009099016897380352
1724,1724,datasets/audios/eastern_sliced/kpop/kpop_007_000.wav,6,kpop,7,pop,0.8228158950805664,0.7813575863838196,0.002543845446780324,0.0041756038554012775,0.016309386119246483,0.040643539279699326,0.05287403240799904,0.002478534122928977,0.0028982500080019236,0.8228158950805664,0.02894289791584015,0.02631797455251217
1725,1725,datasets/audios/eastern_sliced/kpop/kpop_007_001.wav,6,kpop,7,pop,0.8672048449516296,0.6199443936347961,0.0015434545930474997,0.0021743481047451496,0.01096862368285656,0.04062309116125107,0.02978380210697651,0.0018241654615849257,0.0017016336787492037,0.8672048449516296,0.028696324676275253,0.015479587018489838
1726,1726,datasets/audios/eastern_sliced/kpop/kpop_007_002.wav,6,kpop,7,pop,0.5329048037528992,1.5314273834228516,0.011389585211873055,0.010752449743449688,0.04252002015709877,0.06497678905725479,0.09690795838832855,0.03477025404572487,0.0093938447535038,0.5329048037528992,0.1697608083486557,0.026623548939824104
1727,1727,datasets/audios/eastern_sliced/kpop/kpop_008_000.wav,6,kpop,7,pop,0.28288140892982483,1.859937071800232,0.016442080959677696,0.017257243394851685,0.04011479765176773,0.1723397821187973,0.13121134042739868,0.04207257181406021,0.024076562374830246,0.28288140892982483,0.24622438848018646,0.027379879727959633
1728,1728,datasets/audios/eastern_sliced/kpop/kpop_008_001.wav,6,kpop,8,reggae,0.3161401152610779,1.8253493309020996,0.017983270809054375,0.014544111676514149,0.035638898611068726,0.2633850872516632,0.10136274993419647,0.038973402231931686,0.03932693973183632,0.14936646819114685,0.3161401152610779,0.02327895350754261
1729,1729,datasets/audios/eastern_sliced/kpop/kpop_008_002.wav,6,kpop,7,pop,0.287617564201355,1.8263667821884155,0.014881191775202751,0.016224021092057228,0.036161988973617554,0.14746956527233124,0.12592771649360657,0.044279906898736954,0.023227734491229057,0.287617564201355,0.27863970398902893,0.025570601224899292
1730,1730,datasets/audios/eastern_sliced/kpop/kpop_009_000.wav,6,kpop,7,pop,0.9757998585700989,0.15781356394290924,0.0002491680206730962,0.0008596341940574348,0.004345018416643143,0.006136273965239525,0.0037257925141602755,0.00044486598926596344,0.0001813313429011032,0.9757998585700989,0.0030593962874263525,0.00519872410222888
1731,1731,datasets/audios/eastern_sliced/kpop/kpop_009_001.wav,6,kpop,3,disco,0.2958192229270935,1.8489110469818115,0.015675870701670647,0.016311585903167725,0.09198464453220367,0.2958192229270935,0.03534623980522156,0.012340829707682133,0.0488981194794178,0.2797607183456421,0.12441663444042206,0.07944618165493011
1732,1732,datasets/audios/eastern_sliced/kpop/kpop_009_002.wav,6,kpop,7,pop,0.9424573183059692,0.2981458902359009,0.00034948342363350093,0.00040709489258006215,0.003650686237961054,0.01719254069030285,0.027141811326146126,0.00012862049334216863,0.00026877361233346164,0.9424573183059692,0.0019623180851340294,0.006441398989409208
1733,1733,datasets/audios/eastern_sliced/kpop/kpop_010_000.wav,6,kpop,7,pop,0.7582387924194336,0.9741525650024414,0.006235403474420309,0.007432309910655022,0.06893210858106613,0.06410413235425949,0.0158773772418499,0.003692012280225754,0.004321315325796604,0.7582387924194336,0.015796799212694168,0.055369745939970016
1734,1734,datasets/audios/eastern_sliced/kpop/kpop_010_001.wav,6,kpop,7,pop,0.9213395714759827,0.41510269045829773,0.0011825546389445662,0.001953068538568914,0.006825170014053583,0.015062186866998672,0.02761715091764927,0.0027392623014748096,0.0009499456500634551,0.9213395714759827,0.011854034848511219,0.010477089323103428
1735,1735,datasets/audios/eastern_sliced/kpop/kpop_010_002.wav,6,kpop,7,pop,0.9012566208839417,0.48100346326828003,0.0011646270286291838,0.0019642373081296682,0.0068547832779586315,0.01717294752597809,0.045618001371622086,0.0022960274945944548,0.0010510938009247184,0.9012566208839417,0.012629122473299503,0.009992583654820919
1736,1736,datasets/audios/eastern_sliced/kpop/kpop_011_000.wav,6,kpop,7,pop,0.40953800082206726,1.369498610496521,0.005561860278248787,0.0029885130934417248,0.014570406638085842,0.07017742842435837,0.38045236468315125,0.007459745742380619,0.007315205875784159,0.40953800082206726,0.09008146822452545,0.0118549894541502
1737,1737,datasets/audios/eastern_sliced/kpop/kpop_011_001.wav,6,kpop,7,pop,0.9388129115104675,0.34760329127311707,0.0010867215460166335,0.0045884475111961365,0.007962089963257313,0.01229600328952074,0.011828147806227207,0.0020650760270655155,0.0007817156729288399,0.9388129115104675,0.006556457839906216,0.01402238942682743
1738,1738,datasets/audios/eastern_sliced/kpop/kpop_011_002.wav,6,kpop,7,pop,0.510100781917572,1.3636677265167236,0.004035350400954485,0.0034498984459787607,0.013863570056855679,0.05732697620987892,0.24842043220996857,0.011112631298601627,0.007136843632906675,0.510100781917572,0.13122694194316864,0.013326549902558327
1739,1739,datasets/audios/eastern_sliced/kpop/kpop_012_000.wav,6,kpop,7,pop,0.9358227849006653,0.35348963737487793,0.0010154409101232886,0.002038736129179597,0.00811080913990736,0.015521791763603687,0.008207367733120918,0.0015162272611632943,0.0011217354331165552,0.9358227849006653,0.006330628879368305,0.020314352586865425
1740,1740,datasets/audios/eastern_sliced/kpop/kpop_012_001.wav,6,kpop,7,pop,0.9610543251037598,0.21981076896190643,0.00027429370675235987,0.001009128405712545,0.004346984438598156,0.0064854430966079235,0.0018751438474282622,0.0004486289690248668,0.0006865087198093534,0.9610543251037598,0.001994190039113164,0.021825382485985756
1741,1741,datasets/audios/eastern_sliced/kpop/kpop_012_002.wav,6,kpop,7,pop,0.9401105046272278,0.32868707180023193,0.0003712737816385925,0.0019396927673369646,0.0023118103854358196,0.015279922634363174,0.019015291705727577,0.0012312006438151002,0.0010133690666407347,0.9401105046272278,0.011280017904937267,0.0074468571692705154
1742,1742,datasets/audios/eastern_sliced/kpop/kpop_013_000.wav,6,kpop,7,pop,0.8402736186981201,0.6659980416297913,0.001382756745442748,0.0015315958298742771,0.007054363377392292,0.01965339109301567,0.08058952540159225,0.003379619214683771,0.0010634250938892365,0.8402736186981201,0.03811167553067207,0.006960043217986822
1743,1743,datasets/audios/eastern_sliced/kpop/kpop_013_001.wav,6,kpop,7,pop,0.8894930481910706,0.5528929829597473,0.0022150820586830378,0.0066873738542199135,0.01898263767361641,0.023940391838550568,0.012286503799259663,0.0028441103640943766,0.0012862932635471225,0.8894930481910706,0.010872965678572655,0.03139166906476021
1744,1744,datasets/audios/eastern_sliced/kpop/kpop_013_002.wav,6,kpop,7,pop,0.9184663891792297,0.4321501553058624,0.0012081194436177611,0.0026922377292066813,0.010138558223843575,0.01674073375761509,0.02306201681494713,0.0022910714615136385,0.0009238720522262156,0.9184663891792297,0.01100823376327753,0.013468797318637371
1745,1745,datasets/audios/eastern_sliced/kpop/kpop_014_000.wav,6,kpop,7,pop,0.9440125823020935,0.3108399510383606,0.0006584103684872389,0.0014165719039738178,0.008985638618469238,0.01717490702867508,0.006117323879152536,0.000674283190164715,0.0005785502726212144,0.9440125823020935,0.0042432015761733055,0.01613856479525566
1746,1746,datasets/audios/eastern_sliced/kpop/kpop_014_001.wav,6,kpop,7,pop,0.9585005640983582,0.23987194895744324,0.00043126309174112976,0.0009858154226094484,0.006519571412354708,0.01159292459487915,0.0033020649570971727,0.00045264826621860266,0.0003592637658584863,0.9585005640983582,0.0026597618125379086,0.015196213498711586
1747,1747,datasets/audios/eastern_sliced/kpop/kpop_014_002.wav,6,kpop,7,pop,0.9503986239433289,0.27993667125701904,0.0005833629402332008,0.0014000529190525413,0.008085120469331741,0.012869350612163544,0.004682439845055342,0.0005888501182198524,0.00045477302046492696,0.9503986239433289,0.003302751574665308,0.0176346804946661
1748,1748,datasets/audios/eastern_sliced/kpop/kpop_015_000.wav,6,kpop,3,disco,0.2613130807876587,1.8033233880996704,0.01503329910337925,0.007048504427075386,0.035764265805482864,0.2613130807876587,0.1655188798904419,0.018290508538484573,0.03556547313928604,0.23978950083255768,0.20064310729503632,0.02103343978524208
1749,1749,datasets/audios/eastern_sliced/kpop/kpop_015_001.wav,6,kpop,7,pop,0.9496795535087585,0.286324679851532,0.0005379248759709299,0.0009900011355057359,0.005407808814197779,0.010888985358178616,0.017382312566041946,0.0009742056136019528,0.0004980869125574827,0.9496795535087585,0.0075249094516038895,0.006116167642176151
1750,1750,datasets/audios/eastern_sliced/kpop/kpop_015_002.wav,6,kpop,7,pop,0.8824693560600281,0.5665450692176819,0.001623481628485024,0.0022354167886078358,0.012623460032045841,0.0240989588201046,0.04167592525482178,0.0026378801558166742,0.0017787733813747764,0.8824693560600281,0.01918293721973896,0.011673767119646072
1751,1751,datasets/audios/eastern_sliced/kpop/kpop_016_000.wav,6,kpop,7,pop,0.9426714777946472,0.3186205327510834,0.0005247879889793694,0.0013780425069853663,0.005864270497113466,0.019334275275468826,0.006423251703381538,0.0008808389538899064,0.0006815033266320825,0.9426714777946472,0.012419220060110092,0.009822370484471321
1752,1752,datasets/audios/eastern_sliced/kpop/kpop_016_001.wav,6,kpop,7,pop,0.36942028999328613,1.4838813543319702,0.00603904016315937,0.006353273056447506,0.019340794533491135,0.31782880425453186,0.03501150384545326,0.009018306620419025,0.011858421377837658,0.36942028999328613,0.20648698508739471,0.018642587587237358
1753,1753,datasets/audios/eastern_sliced/kpop/kpop_016_002.wav,6,kpop,3,disco,0.6220666766166687,1.208728551864624,0.004224265925586224,0.0048127612099051476,0.015615347772836685,0.6220666766166687,0.02208879217505455,0.00436861626803875,0.018264764919877052,0.16199447214603424,0.1342298537492752,0.012334427796304226
1754,1754,datasets/audios/eastern_sliced/kpop/kpop_017_000.wav,6,kpop,7,pop,0.9409226775169373,0.3330174386501312,0.0009327953448519111,0.0017353242728859186,0.011448455974459648,0.014196645468473434,0.008839445188641548,0.0011774118756875396,0.0007416154840029776,0.9409226775169373,0.007560879457741976,0.012444810010492802
1755,1755,datasets/audios/eastern_sliced/kpop/kpop_017_001.wav,6,kpop,7,pop,0.8259834051132202,0.7895140647888184,0.005205252673476934,0.0039324634708464146,0.04622970148921013,0.03542323783040047,0.023971453309059143,0.0052395653910934925,0.0033029771875590086,0.8259834051132202,0.023313628509640694,0.0273983683437109
1756,1756,datasets/audios/eastern_sliced/kpop/kpop_017_002.wav,6,kpop,7,pop,0.8012374043464661,0.8592011332511902,0.0072164335288107395,0.006768959574401379,0.05124017968773842,0.040069710463285446,0.015893463045358658,0.005459349136799574,0.0036017431411892176,0.8012374043464661,0.012727927416563034,0.05578479915857315
1757,1757,datasets/audios/eastern_sliced/kpop/kpop_018_000.wav,6,kpop,7,pop,0.6276870369911194,1.3285877704620361,0.005556116346269846,0.018957145512104034,0.07355315238237381,0.07149843126535416,0.016173653304576874,0.008011000230908394,0.019199086353182793,0.6276870369911194,0.030436629429459572,0.12892769277095795
1758,1758,datasets/audios/eastern_sliced/kpop/kpop_018_001.wav,6,kpop,7,pop,0.6173884868621826,1.3672938346862793,0.007398480083793402,0.021733945235610008,0.07901765406131744,0.06460809707641602,0.019785363227128983,0.011139826849102974,0.01879475638270378,0.6173884868621826,0.029677387326955795,0.13045606017112732
1759,1759,datasets/audios/eastern_sliced/kpop/kpop_018_002.wav,6,kpop,7,pop,0.6295888423919678,1.314663290977478,0.00555551890283823,0.016720015555620193,0.07770722359418869,0.06902730464935303,0.015727674588561058,0.007359214127063751,0.01946319080889225,0.6295888423919678,0.02716774307191372,0.13168329000473022
1760,1760,datasets/audios/eastern_sliced/kpop/kpop_019_000.wav,6,kpop,7,pop,0.6643280386924744,1.3019709587097168,0.025744900107383728,0.018118156120181084,0.0543840266764164,0.02881261333823204,0.02422511577606201,0.049172259867191315,0.010213798843324184,0.6643280386924744,0.021793903782963753,0.10320719331502914
1761,1761,datasets/audios/eastern_sliced/kpop/kpop_019_001.wav,6,kpop,7,pop,0.5944998860359192,1.4865412712097168,0.03560493513941765,0.020540311932563782,0.06720416992902756,0.032098256051540375,0.029991060495376587,0.06672704219818115,0.01319266576319933,0.5944998860359192,0.02700084261596203,0.11314088851213455
1762,1762,datasets/audios/eastern_sliced/kpop/kpop_019_002.wav,6,kpop,7,pop,0.6322581768035889,1.3908275365829468,0.03136405348777771,0.01750972867012024,0.07164201140403748,0.026982547715306282,0.029647858813405037,0.06234755367040634,0.0095527283847332,0.6322581768035889,0.024549461901187897,0.09414589405059814
1763,1763,datasets/audios/eastern_sliced/kpop/kpop_020_000.wav,6,kpop,7,pop,0.7938645482063293,0.8546598553657532,0.0039269281551241875,0.02857854962348938,0.03671729937195778,0.02066865563392639,0.008734267204999924,0.005748314317315817,0.0026146997697651386,0.7938645482063293,0.009268553927540779,0.08987808227539062
1764,1764,datasets/audios/eastern_sliced/kpop/kpop_020_001.wav,6,kpop,7,pop,0.8050282001495361,0.8069669604301453,0.003601809497922659,0.023445317521691322,0.04732530191540718,0.017763527110219002,0.005715248174965382,0.004501173738390207,0.0019102885853499174,0.8050282001495361,0.00699180131778121,0.0837172269821167
1765,1765,datasets/audios/eastern_sliced/kpop/kpop_020_002.wav,6,kpop,7,pop,0.7378270626068115,1.0358017683029175,0.0064947945065796375,0.03893190994858742,0.06234866380691528,0.02433760091662407,0.010467921383678913,0.009378347545862198,0.0035266606137156487,0.7378270626068115,0.01260420773178339,0.09408292174339294
1766,1766,datasets/audios/eastern_sliced/kpop/kpop_021_000.wav,6,kpop,7,pop,0.930081844329834,0.3832130432128906,0.001627929974347353,0.004829152952879667,0.0077496361918747425,0.013194202445447445,0.010687065310776234,0.002890349132940173,0.0008404070977121592,0.930081844329834,0.004960591904819012,0.02313881926238537
1767,1767,datasets/audios/eastern_sliced/kpop/kpop_021_001.wav,6,kpop,7,pop,0.9165143370628357,0.4378646910190582,0.001907786587253213,0.006453888490796089,0.008857043460011482,0.01574031449854374,0.00964291114360094,0.0032167613971978426,0.001063247094862163,0.9165143370628357,0.005052437540143728,0.031551312655210495
1768,1768,datasets/audios/eastern_sliced/kpop/kpop_021_002.wav,6,kpop,7,pop,0.7833787798881531,0.8741652369499207,0.005888000130653381,0.025147704407572746,0.02158498205244541,0.026314936578273773,0.00944462139159441,0.00955294445157051,0.0028600431978702545,0.7833787798881531,0.007078276481479406,0.10874971002340317
1769,1769,datasets/audios/eastern_sliced/kpop/kpop_022_000.wav,6,kpop,7,pop,0.8282795548439026,0.801377534866333,0.004889508709311485,0.008990760892629623,0.023534370586276054,0.030980926007032394,0.025214632973074913,0.010658733546733856,0.003477199235931039,0.8282795548439026,0.030814146623015404,0.03316011279821396
1770,1770,datasets/audios/eastern_sliced/kpop/kpop_022_001.wav,6,kpop,7,pop,0.8297170400619507,0.7884541749954224,0.00387001084163785,0.00729032838717103,0.021413125097751617,0.02664756029844284,0.03699726611375809,0.010533086955547333,0.0028290406335145235,0.8297170400619507,0.03683377429842949,0.0238687451928854
1771,1771,datasets/audios/eastern_sliced/kpop/kpop_022_002.wav,6,kpop,7,pop,0.86968594789505,0.6483452320098877,0.0037355455569922924,0.00704070134088397,0.01743507757782936,0.020095283165574074,0.019862445071339607,0.010777235962450504,0.002112004905939102,0.86968594789505,0.0231679268181324,0.02608787827193737
1772,1772,datasets/audios/eastern_sliced/kpop/kpop_023_000.wav,6,kpop,7,pop,0.5761933922767639,1.5211042165756226,0.008525962941348553,0.030785346403717995,0.032738782465457916,0.07286973297595978,0.05952370911836624,0.014877415262162685,0.023047173395752907,0.5761933922767639,0.0896366611123085,0.09180190414190292
1773,1773,datasets/audios/eastern_sliced/kpop/kpop_023_001.wav,6,kpop,7,pop,0.5013533234596252,1.7003639936447144,0.013202929869294167,0.058470629155635834,0.0282505601644516,0.07689449936151505,0.06385154277086258,0.020912405103445053,0.0317690335214138,0.5013533234596252,0.09604182839393616,0.1092531830072403
1774,1774,datasets/audios/eastern_sliced/kpop/kpop_023_002.wav,6,kpop,7,pop,0.7374686598777771,1.073992133140564,0.0055696493946015835,0.018959373235702515,0.014727571979165077,0.03598012775182724,0.0809287577867508,0.011528966017067432,0.0068317316472530365,0.7374686598777771,0.0403645858168602,0.047640610486269
1775,1775,datasets/audios/eastern_sliced/kpop/kpop_024_000.wav,6,kpop,7,pop,0.6797582507133484,1.231900930404663,0.007198099512606859,0.03814919292926788,0.06565515697002411,0.03963811323046684,0.009491442702710629,0.012842212803661823,0.005533524788916111,0.6797582507133484,0.060841724276542664,0.08089234679937363
1776,1776,datasets/audios/eastern_sliced/kpop/kpop_024_001.wav,6,kpop,7,pop,0.6245986223220825,1.3967915773391724,0.009965287521481514,0.056082576513290405,0.04965050145983696,0.05440343916416168,0.010718338191509247,0.03315652534365654,0.005670670885592699,0.6245986223220825,0.08482695370912552,0.07092706114053726
1777,1777,datasets/audios/eastern_sliced/kpop/kpop_024_002.wav,6,kpop,7,pop,0.622998833656311,1.3755302429199219,0.008577416650950909,0.06166493147611618,0.03505975380539894,0.05523831769824028,0.011210748925805092,0.03434024378657341,0.004565526265650988,0.622998833656311,0.11651036888360977,0.04983385279774666
1778,1778,datasets/audios/eastern_sliced/kpop/kpop_025_000.wav,6,kpop,1,classical,0.3221041262149811,1.7858400344848633,0.013945379294455051,0.3221041262149811,0.018269244581460953,0.05651140213012695,0.012285136617720127,0.07898595184087753,0.014473414048552513,0.29054370522499084,0.10113304108381271,0.09174852073192596
1779,1779,datasets/audios/eastern_sliced/kpop/kpop_025_001.wav,6,kpop,1,classical,0.38454702496528625,1.5656265020370483,0.11608588695526123,0.38454702496528625,0.01650644838809967,0.007567256223410368,0.006487535312771797,0.2956366240978241,0.01473604142665863,0.017720207571983337,0.011962249875068665,0.12875065207481384
1780,1780,datasets/audios/eastern_sliced/kpop/kpop_025_002.wav,6,kpop,9,rock,0.3917037546634674,1.7775812149047852,0.13970646262168884,0.10883176326751709,0.03151597082614899,0.014428721740841866,0.010265907272696495,0.1428826004266739,0.019684627652168274,0.12705516815185547,0.013924981467425823,0.3917037546634674
1781,1781,datasets/audios/eastern_sliced/kpop/kpop_026_000.wav,6,kpop,1,classical,0.5682722926139832,1.4488837718963623,0.00540426280349493,0.5682722926139832,0.12375698983669281,0.05641123279929161,0.002167524304240942,0.01897738315165043,0.01382873859256506,0.08376707881689072,0.02340833656489849,0.10400612652301788
1782,1782,datasets/audios/eastern_sliced/kpop/kpop_026_001.wav,6,kpop,2,country,0.30896323919296265,1.7956005334854126,0.02419348433613777,0.15825995802879333,0.30896323919296265,0.031631309539079666,0.009740989655256271,0.0357389822602272,0.011182342655956745,0.26637405157089233,0.0387469083070755,0.1151687502861023
1783,1783,datasets/audios/eastern_sliced/kpop/kpop_026_002.wav,6,kpop,1,classical,0.25452616810798645,1.887977123260498,0.034250129014253616,0.25452616810798645,0.18111145496368408,0.027073904871940613,0.011232540011405945,0.04371076077222824,0.014901562593877316,0.24809418618679047,0.051008861511945724,0.13409043848514557
1784,1784,datasets/audios/eastern_sliced/kpop/kpop_027_000.wav,6,kpop,7,pop,0.8912341594696045,0.5358901023864746,0.002049767877906561,0.003597482107579708,0.03427969664335251,0.021617693826556206,0.015112204477190971,0.00176960916724056,0.0010230339830741286,0.8912341594696045,0.007552121300250292,0.021764282137155533
1785,1785,datasets/audios/eastern_sliced/kpop/kpop_027_001.wav,6,kpop,7,pop,0.9214847087860107,0.4053199291229248,0.0011833817698061466,0.001756592420861125,0.031271059066057205,0.014300443232059479,0.010075685568153858,0.0009944116463884711,0.0005808757850900292,0.9214847087860107,0.00510802585631609,0.013244819827377796
1786,1786,datasets/audios/eastern_sliced/kpop/kpop_027_002.wav,6,kpop,7,pop,0.9000336527824402,0.49663832783699036,0.001648958888836205,0.00419875793159008,0.022318245843052864,0.02373266965150833,0.01025716308504343,0.0013237366219982505,0.0009321860852651298,0.9000336527824402,0.004637619946151972,0.03091702051460743
1787,1787,datasets/audios/eastern_sliced/kpop/kpop_028_000.wav,6,kpop,7,pop,0.7834430932998657,0.8722918629646301,0.005402661859989166,0.007648502942174673,0.09748851507902145,0.03398820757865906,0.013059844262897968,0.0033226131927222013,0.002001057378947735,0.7834430932998657,0.012172224931418896,0.04147327318787575
1788,1788,datasets/audios/eastern_sliced/kpop/kpop_028_001.wav,6,kpop,7,pop,0.8139688968658447,0.7878478765487671,0.003693679813295603,0.010818331502377987,0.0570678748190403,0.03371939808130264,0.007596711628139019,0.0025918115861713886,0.0015230596764013171,0.8139688968658447,0.008641608990728855,0.06037858873605728
1789,1789,datasets/audios/eastern_sliced/kpop/kpop_028_002.wav,6,kpop,7,pop,0.6807541251182556,1.1059399843215942,0.005004106089472771,0.022740313783288002,0.11333467066287994,0.046887509524822235,0.004744835197925568,0.0028541141655296087,0.002004715148359537,0.6807541251182556,0.008374112658202648,0.11330148577690125
1790,1790,datasets/audios/eastern_sliced/kpop/kpop_029_000.wav,6,kpop,3,disco,0.5558830499649048,1.245590329170227,0.005286687985062599,0.004412309266626835,0.035484474152326584,0.5558830499649048,0.009662401862442493,0.0033402619883418083,0.016731956973671913,0.2878950834274292,0.04989791288971901,0.031405940651893616
1791,1791,datasets/audios/eastern_sliced/kpop/kpop_029_001.wav,6,kpop,7,pop,0.7395330667495728,1.0374741554260254,0.00645474623888731,0.020144673064351082,0.038432247936725616,0.08484061807394028,0.009070735424757004,0.008744259364902973,0.004611538723111153,0.7395330667495728,0.01869373209774494,0.06947437673807144
1792,1792,datasets/audios/eastern_sliced/kpop/kpop_029_002.wav,6,kpop,3,disco,0.675543487071991,1.1115518808364868,0.00482538715004921,0.007392960134893656,0.024171674624085426,0.675543487071991,0.009197147563099861,0.00460341339930892,0.020569393411278725,0.1813216209411621,0.04657474905252457,0.02580013871192932
1793,1793,datasets/audios/eastern_sliced/kpop/kpop_030_000.wav,6,kpop,7,pop,0.9035694003105164,0.4881140887737274,0.0017366374377161264,0.003988457843661308,0.0137073565274477,0.02228117547929287,0.008516636677086353,0.0021060018334537745,0.0014312817947939038,0.9035694003105164,0.009276573546230793,0.03338649868965149
1794,1794,datasets/audios/eastern_sliced/kpop/kpop_030_001.wav,6,kpop,7,pop,0.7954555153846741,0.8807318210601807,0.005264807026833296,0.011985627934336662,0.04784020408987999,0.0383664034307003,0.013969141989946365,0.0059201354160904884,0.003928053192794323,0.7954555153846741,0.014904879033565521,0.06236528977751732
1795,1795,datasets/audios/eastern_sliced/kpop/kpop_030_002.wav,6,kpop,7,pop,0.8277254104614258,0.7745048403739929,0.002990161767229438,0.011346014216542244,0.023735087364912033,0.04614721238613129,0.013987707905471325,0.004165638238191605,0.0031836938578635454,0.8277254104614258,0.016743354499340057,0.049975745379924774
1796,1796,datasets/audios/eastern_sliced/kpop/kpop_031_000.wav,6,kpop,7,pop,0.6352347135543823,1.3560206890106201,0.011004420928657055,0.029793372377753258,0.05710016191005707,0.07326733320951462,0.026608368381857872,0.014553776942193508,0.010690847411751747,0.6352347135543823,0.031428977847099304,0.11031796783208847
1797,1797,datasets/audios/eastern_sliced/kpop/kpop_031_001.wav,6,kpop,1,classical,0.32379668951034546,1.87687349319458,0.027472825720906258,0.32379668951034546,0.08719701319932938,0.049167681485414505,0.03160759434103966,0.04519171640276909,0.01453972328454256,0.22359433770179749,0.03126619756221771,0.16616618633270264
1798,1798,datasets/audios/eastern_sliced/kpop/kpop_031_002.wav,6,kpop,7,pop,0.6716095805168152,1.2843598127365112,0.014979041181504726,0.01074560359120369,0.05164938420057297,0.06388658285140991,0.0616329163312912,0.014613410457968712,0.0077742040157318115,0.6716095805168152,0.05610341578722,0.04700580984354019
1799,1799,datasets/audios/eastern_sliced/kpop/kpop_032_000.wav,6,kpop,7,pop,0.7245760560035706,1.0881454944610596,0.0039400262758135796,0.02284843474626541,0.01754486933350563,0.09066557139158249,0.04639506712555885,0.0055590043775737286,0.006088544614613056,0.7245760560035706,0.024256091564893723,0.05812635272741318
1800,1800,datasets/audios/eastern_sliced/kpop/kpop_032_001.wav,6,kpop,7,pop,0.8728201985359192,0.6143243908882141,0.002616086509078741,0.014279003255069256,0.013392575085163116,0.024951567873358727,0.011888571083545685,0.0042822654359042645,0.0015584747307002544,0.8728201985359192,0.009643444791436195,0.04456770792603493
1801,1801,datasets/audios/eastern_sliced/kpop/kpop_032_002.wav,6,kpop,7,pop,0.9489006400108337,0.2964106798171997,0.0008408589055761695,0.0015049553476274014,0.009955751709640026,0.011442591436207294,0.00763619365170598,0.0013181902468204498,0.0006894052494317293,0.9489006400108337,0.006145938765257597,0.01156555488705635
1802,1802,datasets/audios/eastern_sliced/kpop/kpop_033_000.wav,6,kpop,1,classical,0.4111286401748657,1.5874254703521729,0.008265968412160873,0.4111286401748657,0.02648540399968624,0.022781841456890106,0.007183447480201721,0.022999431937932968,0.03267989307641983,0.1722232699394226,0.03259501978754997,0.2636570334434509
1803,1803,datasets/audios/eastern_sliced/kpop/kpop_033_001.wav,6,kpop,1,classical,0.4703156352043152,1.4609367847442627,0.006944764405488968,0.4703156352043152,0.028791241347789764,0.015402333810925484,0.005455699283629656,0.01966732181608677,0.021846212446689606,0.1445682793855667,0.022198917344212532,0.26480963826179504
1804,1804,datasets/audios/eastern_sliced/kpop/kpop_033_002.wav,6,kpop,1,classical,0.35776445269584656,1.503065586090088,0.005900749005377293,0.35776445269584656,0.029174454510211945,0.01633511297404766,0.005453157238662243,0.014585822820663452,0.020501531660556793,0.19301843643188477,0.020934313535690308,0.3363320827484131
1805,1805,datasets/audios/eastern_sliced/kpop/kpop_034_000.wav,6,kpop,7,pop,0.7209407091140747,0.9214085936546326,0.002045530593022704,0.0048774005845189095,0.026044104248285294,0.04032168537378311,0.004835188388824463,0.0015342958504334092,0.011082887649536133,0.7209407091140747,0.004805418662726879,0.18351271748542786
1806,1806,datasets/audios/eastern_sliced/kpop/kpop_034_001.wav,6,kpop,7,pop,0.9504674673080444,0.26697200536727905,0.0005560776335187256,0.0009429273195564747,0.00615426991134882,0.007868578657507896,0.002631200011819601,0.0007098093628883362,0.0008671879186294973,0.9504674673080444,0.0018405182054266334,0.027962032705545425
1807,1807,datasets/audios/eastern_sliced/kpop/kpop_034_002.wav,6,kpop,7,pop,0.7263613343238831,0.9437291026115417,0.0013901307247579098,0.00295666023157537,0.023501887917518616,0.051704153418540955,0.004746755585074425,0.0009082971373572946,0.023254510015249252,0.7263613343238831,0.006428757682442665,0.15874753892421722
1808,1808,datasets/audios/eastern_sliced/kpop/kpop_035_000.wav,6,kpop,7,pop,0.7737980484962463,0.9561256766319275,0.008596526458859444,0.005253635346889496,0.04294515773653984,0.02362973988056183,0.026809656992554665,0.00953352078795433,0.01107439212501049,0.7737980484962463,0.017583858221769333,0.0807754322886467
1809,1809,datasets/audios/eastern_sliced/kpop/kpop_035_001.wav,6,kpop,7,pop,0.8749172687530518,0.573777437210083,0.0022558236960321665,0.0065994649194180965,0.05216076970100403,0.01624526083469391,0.0035530063323676586,0.002601207932457328,0.0009274512412957847,0.8749172687530518,0.005767914932221174,0.034971825778484344
1810,1810,datasets/audios/eastern_sliced/kpop/kpop_035_002.wav,6,kpop,7,pop,0.9358962178230286,0.33736473321914673,0.0008936726371757686,0.0027154746931046247,0.022764189168810844,0.009335445240139961,0.0017540365224704146,0.001185675268061459,0.0004054544842801988,0.9358962178230286,0.0027456069365143776,0.02230432629585266
1811,1811,datasets/audios/eastern_sliced/kpop/kpop_036_000.wav,6,kpop,7,pop,0.6279377341270447,1.2463570833206177,0.005591217894107103,0.03901064768433571,0.05656243860721588,0.03605092689394951,0.017841164022684097,0.006639659870415926,0.007070028223097324,0.6279377341270447,0.014537009410560131,0.18875914812088013
1812,1812,datasets/audios/eastern_sliced/kpop/kpop_036_001.wav,6,kpop,3,disco,0.3166296184062958,1.9171918630599976,0.018039489164948463,0.02603524550795555,0.08726905286312103,0.3166296184062958,0.05155060067772865,0.025247739627957344,0.05203749239444733,0.2022232860326767,0.17235738039016724,0.04861011356115341
1813,1813,datasets/audios/eastern_sliced/kpop/kpop_036_002.wav,6,kpop,7,pop,0.3021460771560669,1.859691858291626,0.018963376060128212,0.01605161651968956,0.13125550746917725,0.2640552222728729,0.0518469512462616,0.01362332422286272,0.03680459037423134,0.3021460771560669,0.10673403739929199,0.05851921811699867
1814,1814,datasets/audios/eastern_sliced/kpop/kpop_037_000.wav,6,kpop,7,pop,0.7401255369186401,0.9988279342651367,0.005296363960951567,0.013398042879998684,0.10354948788881302,0.04159463569521904,0.010319744236767292,0.0044175866059958935,0.0037326496094465256,0.7401255369186401,0.011845610104501247,0.06572031229734421
1815,1815,datasets/audios/eastern_sliced/kpop/kpop_037_001.wav,6,kpop,7,pop,0.717812180519104,1.0051721334457397,0.004531919024884701,0.018622342497110367,0.14429014921188354,0.03182879090309143,0.006907141767442226,0.0036868895404040813,0.0022402352187782526,0.717812180519104,0.00781901367008686,0.06226130202412605
1816,1816,datasets/audios/eastern_sliced/kpop/kpop_037_002.wav,6,kpop,7,pop,0.7673235535621643,0.9294796586036682,0.003907494712620974,0.0073647950775921345,0.072228342294693,0.06825140118598938,0.009996834211051464,0.0027690152637660503,0.004439964424818754,0.7673235535621643,0.014000097289681435,0.04971860721707344
1817,1817,datasets/audios/eastern_sliced/kpop/kpop_038_000.wav,6,kpop,2,country,0.512269139289856,1.2463281154632568,0.014156517572700977,0.012985482811927795,0.512269139289856,0.025177553296089172,0.011203911155462265,0.006471814122051001,0.004505269229412079,0.3423008620738983,0.012069875374436378,0.05885949358344078
1818,1818,datasets/audios/eastern_sliced/kpop/kpop_038_001.wav,6,kpop,7,pop,0.7179655432701111,0.8622761964797974,0.003881486365571618,0.0031137652695178986,0.21280555427074432,0.020152179524302483,0.005650694482028484,0.0017944019054993987,0.0010737868724390864,0.7179655432701111,0.005541833583265543,0.02802073210477829
1819,1819,datasets/audios/eastern_sliced/kpop/kpop_038_002.wav,6,kpop,7,pop,0.4810870885848999,1.6695820093154907,0.03433991223573685,0.03650376573204994,0.18849097192287445,0.07364988327026367,0.035797543823719025,0.01633927971124649,0.008912233635783195,0.4810870885848999,0.05660008639097214,0.06827922910451889
1820,1820,datasets/audios/eastern_sliced/kpop/kpop_039_000.wav,6,kpop,1,classical,0.3220424950122833,1.9153180122375488,0.026875413954257965,0.3220424950122833,0.1073625236749649,0.03421664610505104,0.02927851490676403,0.06131114438176155,0.022846084088087082,0.17335084080696106,0.03628970682621002,0.18642671406269073
1821,1821,datasets/audios/eastern_sliced/kpop/kpop_039_001.wav,6,kpop,7,pop,0.34393271803855896,2.0235416889190674,0.02995259128510952,0.07673606276512146,0.06858209520578384,0.06596039235591888,0.12186219543218613,0.06374330818653107,0.02798498049378395,0.34393271803855896,0.08349011093378067,0.11775549501180649
1822,1822,datasets/audios/eastern_sliced/kpop/kpop_039_002.wav,6,kpop,1,classical,0.32548612356185913,1.9457991123199463,0.02912573516368866,0.32548612356185913,0.10043291747570038,0.03354620561003685,0.04593469202518463,0.06761470437049866,0.021399037912487984,0.16288822889328003,0.039018888026475906,0.17455346882343292
1823,1823,datasets/audios/eastern_sliced/kpop/kpop_040_000.wav,6,kpop,7,pop,0.4678279459476471,1.6509863138198853,0.016313014551997185,0.04687129333615303,0.026928121224045753,0.09748774021863937,0.022026993334293365,0.014637375250458717,0.05944056436419487,0.4678279459476471,0.03504384681582451,0.21342308819293976
1824,1824,datasets/audios/eastern_sliced/kpop/kpop_040_001.wav,6,kpop,7,pop,0.562933623790741,1.4626864194869995,0.00987324584275484,0.03769340366125107,0.020992184057831764,0.08835974335670471,0.015454188920557499,0.01149978768080473,0.044577457010746,0.562933623790741,0.03425418958067894,0.1743621826171875
1825,1825,datasets/audios/eastern_sliced/kpop/kpop_040_002.wav,6,kpop,7,pop,0.5893940329551697,1.3630070686340332,0.007433069404214621,0.044423919171094894,0.017524704337120056,0.07326105237007141,0.012711184099316597,0.01025155745446682,0.03218497708439827,0.5893940329551697,0.022562751546502113,0.19025279581546783
1826,1826,datasets/audios/eastern_sliced/kpop/kpop_041_000.wav,6,kpop,7,pop,0.37035471200942993,1.7917811870574951,0.026494888588786125,0.11574031412601471,0.10458942502737045,0.02858424000442028,0.04749050363898277,0.02868632599711418,0.01568443700671196,0.37035471200942993,0.02283831313252449,0.23953689634799957
1827,1827,datasets/audios/eastern_sliced/kpop/kpop_041_001.wav,6,kpop,7,pop,0.46329325437545776,1.529111623764038,0.01282521616667509,0.054470960050821304,0.12411458790302277,0.019842641428112984,0.03721943125128746,0.009869450703263283,0.010460831224918365,0.46329325437545776,0.013293871656060219,0.2546098530292511
1828,1828,datasets/audios/eastern_sliced/kpop/kpop_041_002.wav,6,kpop,9,rock,0.32475486397743225,1.8450112342834473,0.02896571159362793,0.1606731116771698,0.1395362913608551,0.024966098368167877,0.029137155041098595,0.02799396961927414,0.02680688537657261,0.21437261998653412,0.022793255746364594,0.32475486397743225
1829,1829,datasets/audios/eastern_sliced/kpop/kpop_042_000.wav,6,kpop,7,pop,0.7856693267822266,0.8823202848434448,0.004831905011087656,0.022034281864762306,0.018931886181235313,0.02442125231027603,0.02272462099790573,0.00731626246124506,0.00411986606195569,0.7856693267822266,0.008478397503495216,0.10147218406200409
1830,1830,datasets/audios/eastern_sliced/kpop/kpop_042_001.wav,6,kpop,7,pop,0.5796915292739868,1.4514451026916504,0.014258532784879208,0.026883793994784355,0.039212293922901154,0.033468060195446014,0.11512060463428497,0.014152957126498222,0.01638735458254814,0.5796915292739868,0.023250536993145943,0.13757441937923431
1831,1831,datasets/audios/eastern_sliced/kpop/kpop_042_002.wav,6,kpop,7,pop,0.5466569662094116,1.506369709968567,0.01569964550435543,0.028127040714025497,0.03778700903058052,0.03376494720578194,0.17321796715259552,0.016650011762976646,0.014463149942457676,0.5466569662094116,0.029291311278939247,0.10434193909168243
1832,1832,datasets/audios/eastern_sliced/kpop/kpop_043_000.wav,6,kpop,7,pop,0.8321076035499573,0.7850738167762756,0.007864394225180149,0.007705688010901213,0.04122227802872658,0.02238260768353939,0.022799735888838768,0.011293960735201836,0.0031893912237137556,0.8321076035499573,0.016459805890917778,0.03497450053691864
1833,1833,datasets/audios/eastern_sliced/kpop/kpop_043_001.wav,6,kpop,7,pop,0.7959722280502319,0.9154919385910034,0.010799674317240715,0.010557531379163265,0.04697130620479584,0.024920253083109856,0.024017198011279106,0.017150523141026497,0.004460053984075785,0.7959722280502319,0.019656263291835785,0.04549488425254822
1834,1834,datasets/audios/eastern_sliced/kpop/kpop_043_002.wav,6,kpop,7,pop,0.8179312348365784,0.8306193351745605,0.0073149302043020725,0.011772599071264267,0.044882580637931824,0.02608116716146469,0.01698521338403225,0.010866339318454266,0.0032716733403503895,0.8179312348365784,0.016996316611766815,0.04389795660972595
1835,1835,datasets/audios/eastern_sliced/kpop/kpop_044_000.wav,6,kpop,7,pop,0.41437000036239624,1.7444170713424683,0.012130244635045528,0.012161890976130962,0.06984519213438034,0.047055311501026154,0.11446056514978409,0.017066244035959244,0.02589264139533043,0.41437000036239624,0.20462556183338165,0.0823923796415329
1836,1836,datasets/audios/eastern_sliced/kpop/kpop_044_001.wav,6,kpop,7,pop,0.6357420086860657,1.2835811376571655,0.00549168698489666,0.006494011729955673,0.039152998477220535,0.046198520809412,0.05652749538421631,0.009284383617341518,0.008859587833285332,0.6357420086860657,0.15044790506362915,0.04180146008729935
1837,1837,datasets/audios/eastern_sliced/kpop/kpop_044_002.wav,6,kpop,7,pop,0.6500542759895325,1.2865192890167236,0.008584890514612198,0.021884942427277565,0.09654603898525238,0.04720287770032883,0.015457578003406525,0.009234103374183178,0.010362985543906689,0.6500542759895325,0.037198953330516815,0.10347331315279007
1838,1838,datasets/audios/eastern_sliced/kpop/kpop_045_000.wav,6,kpop,7,pop,0.3739934265613556,1.950520634651184,0.028218122199177742,0.02489004097878933,0.05091765150427818,0.09998764097690582,0.11756905168294907,0.038001637905836105,0.05604329705238342,0.3739934265613556,0.1228659376502037,0.08751319348812103
1839,1839,datasets/audios/eastern_sliced/kpop/kpop_045_001.wav,6,kpop,7,pop,0.358785480260849,1.9818267822265625,0.03168435022234917,0.02663542702794075,0.04966191202402115,0.08939670771360397,0.1250855177640915,0.04279882460832596,0.060899242758750916,0.358785480260849,0.12120632827281952,0.09384618699550629
1840,1840,datasets/audios/eastern_sliced/kpop/kpop_045_002.wav,6,kpop,7,pop,0.3400542140007019,2.032268762588501,0.051286160945892334,0.06137516349554062,0.11023478209972382,0.08038309961557388,0.036133602261543274,0.07854091376066208,0.031419917941093445,0.3400542140007019,0.07943323999643326,0.1311388611793518
1841,1841,datasets/audios/eastern_sliced/kpop/kpop_046_000.wav,6,kpop,7,pop,0.360897958278656,1.593092918395996,0.02164430171251297,0.031571511179208755,0.17790549993515015,0.029678434133529663,0.00692738639190793,0.020790942013263702,0.01593056693673134,0.360897958278656,0.019527385011315346,0.3151259124279022
1842,1842,datasets/audios/eastern_sliced/kpop/kpop_046_001.wav,6,kpop,9,rock,0.2618948519229889,1.8462133407592773,0.03736596554517746,0.05107608810067177,0.23517343401908875,0.048742640763521194,0.011231130920350552,0.028020864352583885,0.0227483119815588,0.25466927886009216,0.049077440053224564,0.2618948519229889
1843,1843,datasets/audios/eastern_sliced/kpop/kpop_046_002.wav,6,kpop,7,pop,0.5960553288459778,1.3158409595489502,0.010846994817256927,0.025610947981476784,0.10929496586322784,0.041154779493808746,0.006507207173854113,0.011788716539740562,0.006502433214336634,0.5960553288459778,0.01654600165784359,0.17569266259670258
1844,1844,datasets/audios/eastern_sliced/kpop/kpop_047_000.wav,6,kpop,7,pop,0.7466108798980713,1.0115296840667725,0.008677016012370586,0.014446410350501537,0.04627349227666855,0.03826482594013214,0.009374221786856651,0.009670006111264229,0.00687406538054347,0.7466108798980713,0.015843985602259636,0.10396503657102585
1845,1845,datasets/audios/eastern_sliced/kpop/kpop_047_001.wav,6,kpop,7,pop,0.7190181612968445,1.1036269664764404,0.010674054734408855,0.020216288045048714,0.047879576683044434,0.04204800724983215,0.01055398490279913,0.011311003938317299,0.008725474588572979,0.7190181612968445,0.01984361745417118,0.10972987115383148
1846,1846,datasets/audios/eastern_sliced/kpop/kpop_047_002.wav,6,kpop,7,pop,0.6887490153312683,1.134765625,0.005859853699803352,0.040102552622556686,0.04380553960800171,0.04869461432099342,0.004752093460410833,0.007660510018467903,0.006128652952611446,0.6887490153312683,0.016458207741379738,0.1377890408039093
1847,1847,datasets/audios/eastern_sliced/kpop/kpop_048_000.wav,6,kpop,7,pop,0.822284996509552,0.796440601348877,0.003307274542748928,0.019873114302754402,0.05624455213546753,0.020694950595498085,0.00852540135383606,0.006619831081479788,0.0016178598161786795,0.822284996509552,0.03164469823241234,0.029187390580773354
1848,1848,datasets/audios/eastern_sliced/kpop/kpop_048_001.wav,6,kpop,7,pop,0.5669795274734497,1.5651394128799438,0.017613383010029793,0.06247853487730026,0.06478197872638702,0.0493696965277195,0.02804763987660408,0.032719891518354416,0.009504161775112152,0.5669795274734497,0.08231289684772491,0.08619239926338196
1849,1849,datasets/audios/eastern_sliced/kpop/kpop_048_002.wav,6,kpop,7,pop,0.599349319934845,1.471656084060669,0.012798231095075607,0.07197296619415283,0.040753405541181564,0.04713233560323715,0.019251177087426186,0.03686844930052757,0.0075481850653886795,0.599349319934845,0.08201603591442108,0.08230994641780853
1850,1850,datasets/audios/eastern_sliced/kpop/kpop_049_000.wav,6,kpop,7,pop,0.6005961298942566,1.4076454639434814,0.009353493340313435,0.01483535673469305,0.048574574291706085,0.06814268976449966,0.1387091726064682,0.00914823729544878,0.010973164811730385,0.6005961298942566,0.04814085364341736,0.05152633786201477
1851,1851,datasets/audios/eastern_sliced/kpop/kpop_049_001.wav,6,kpop,7,pop,0.5564737319946289,1.515707015991211,0.011881263926625252,0.016848254948854446,0.051149167120456696,0.06220211461186409,0.15269558131694794,0.013291602022945881,0.013267012313008308,0.5564737319946289,0.05928920581936836,0.06290196627378464
1852,1852,datasets/audios/eastern_sliced/kpop/kpop_049_002.wav,6,kpop,7,pop,0.6022730469703674,1.2933628559112549,0.005147811025381088,0.07500063627958298,0.04259563237428665,0.04532609507441521,0.009409013204276562,0.00801826547831297,0.0055594900622963905,0.6022730469703674,0.015325780026614666,0.1913442462682724
1853,1853,datasets/audios/eastern_sliced/kpop/kpop_050_000.wav,6,kpop,7,pop,0.6200931668281555,1.439415693283081,0.017831197008490562,0.03489098697900772,0.058844007551670074,0.03665519505739212,0.07373630255460739,0.03220067173242569,0.009553764015436172,0.6200931668281555,0.03252703696489334,0.08366764336824417
1854,1854,datasets/audios/eastern_sliced/kpop/kpop_050_001.wav,6,kpop,7,pop,0.6493831276893616,1.3547414541244507,0.013724761083722115,0.03632877394556999,0.0424577035009861,0.03679589927196503,0.07128088176250458,0.02572876401245594,0.008714220486581326,0.6493831276893616,0.03008553571999073,0.08550037443637848
1855,1855,datasets/audios/eastern_sliced/kpop/kpop_050_002.wav,6,kpop,7,pop,0.6145903468132019,1.4375982284545898,0.01576036959886551,0.034979648888111115,0.04689101502299309,0.03846314176917076,0.08965127170085907,0.02680106647312641,0.01033046841621399,0.6145903468132019,0.03091926872730255,0.09161344170570374
1856,1856,datasets/audios/eastern_sliced/kpop/kpop_051_000.wav,6,kpop,7,pop,0.6989668011665344,1.1579159498214722,0.00969685148447752,0.051136404275894165,0.021966751664876938,0.027795705944299698,0.036436352878808975,0.01932505890727043,0.004086238797754049,0.6989668011665344,0.012789691798388958,0.11780022084712982
1857,1857,datasets/audios/eastern_sliced/kpop/kpop_051_001.wav,6,kpop,7,pop,0.4226207137107849,1.643180012702942,0.021012691780924797,0.15243516862392426,0.041478656232357025,0.02333671599626541,0.03128882125020027,0.04822859913110733,0.006427455227822065,0.4226207137107849,0.014931531623005867,0.2382396161556244
1858,1858,datasets/audios/eastern_sliced/kpop/kpop_051_002.wav,6,kpop,7,pop,0.4473210871219635,1.582970142364502,0.01999923773109913,0.12202072888612747,0.041237831115722656,0.02122184820473194,0.026651786640286446,0.04350315406918526,0.006638693157583475,0.4473210871219635,0.01385603565722704,0.257549524307251
1859,1859,datasets/audios/eastern_sliced/kpop/kpop_052_000.wav,6,kpop,2,country,0.3205758035182953,1.776627540588379,0.027702271938323975,0.024163872003555298,0.3205758035182953,0.03621036931872368,0.04951443895697594,0.017953190952539444,0.015747489407658577,0.3132903277873993,0.08644839376211166,0.1083938404917717
1860,1860,datasets/audios/eastern_sliced/kpop/kpop_052_001.wav,6,kpop,7,pop,0.4111012816429138,1.6407688856124878,0.019869379699230194,0.039642173796892166,0.2811732590198517,0.04059445112943649,0.021988634020090103,0.015467224642634392,0.01029207743704319,0.4111012816429138,0.04400647431612015,0.11586510390043259
1861,1861,datasets/audios/eastern_sliced/kpop/kpop_052_002.wav,6,kpop,9,rock,0.21819835901260376,2.000072956085205,0.042928196489810944,0.1554253101348877,0.20106902718544006,0.04441389441490173,0.015066472813487053,0.03496070206165314,0.016095822677016258,0.1663288176059723,0.10551345348358154,0.21819835901260376
1862,1862,datasets/audios/eastern_sliced/kpop/kpop_053_000.wav,6,kpop,9,rock,0.23685847222805023,2.0954582691192627,0.018192702904343605,0.11493031680583954,0.11842478811740875,0.07355620712041855,0.031011736020445824,0.02888786792755127,0.13491477072238922,0.09791635721921921,0.14530672132968903,0.23685847222805023
1863,1863,datasets/audios/eastern_sliced/kpop/kpop_053_001.wav,6,kpop,1,classical,0.3646199107170105,1.788246989250183,0.019834870472550392,0.3646199107170105,0.03086126409471035,0.04049212485551834,0.02382894791662693,0.08561616390943527,0.013370697386562824,0.21924278140068054,0.0345030203461647,0.1676301658153534
1864,1864,datasets/audios/eastern_sliced/kpop/kpop_053_002.wav,6,kpop,7,pop,0.5503855347633362,1.562158465385437,0.02106885425746441,0.07322803139686584,0.028998591005802155,0.030289122834801674,0.08375629037618637,0.05135054513812065,0.008122403174638748,0.5503855347633362,0.02364986389875412,0.1291506290435791
1865,1865,datasets/audios/eastern_sliced/kpop/kpop_054_000.wav,6,kpop,1,classical,0.4080919027328491,1.5697497129440308,0.013605732470750809,0.4080919027328491,0.016146067529916763,0.017368152737617493,0.016339818015694618,0.07687511295080185,0.004648592788726091,0.24644610285758972,0.014377305284142494,0.18610124289989471
1866,1866,datasets/audios/eastern_sliced/kpop/kpop_054_001.wav,6,kpop,7,pop,0.8319962620735168,0.7897696495056152,0.006537528708577156,0.015539837069809437,0.015526846051216125,0.02544054575264454,0.03432225063443184,0.01189009565860033,0.003006517654284835,0.8319962620735168,0.01696751080453396,0.03877266123890877
1867,1867,datasets/audios/eastern_sliced/kpop/kpop_054_002.wav,6,kpop,7,pop,0.9003484845161438,0.5074397921562195,0.0026680934242904186,0.003898458555340767,0.03144507855176926,0.017990218475461006,0.00895977858453989,0.0030004559084773064,0.0010616707149893045,0.9003484845161438,0.012508179061114788,0.018119551241397858
1868,1868,datasets/audios/eastern_sliced/kpop/kpop_055_000.wav,6,kpop,7,pop,0.6791619658470154,1.2069330215454102,0.008671008050441742,0.10492675751447678,0.06954407691955566,0.024158164858818054,0.008438574150204659,0.02167860046029091,0.0024143648333847523,0.6791619658470154,0.02446133829653263,0.05654517188668251
1869,1869,datasets/audios/eastern_sliced/kpop/kpop_055_001.wav,6,kpop,7,pop,0.6582025289535522,1.3411200046539307,0.017245786264538765,0.06802795827388763,0.03866192325949669,0.03288956731557846,0.034198097884655,0.024707993492484093,0.005931966006755829,0.6582025289535522,0.05621319264173508,0.06392108649015427
1870,1870,datasets/audios/eastern_sliced/kpop/kpop_055_002.wav,6,kpop,7,pop,0.44063258171081543,1.7843273878097534,0.021954871714115143,0.01939123496413231,0.0751827210187912,0.053240835666656494,0.08383289724588394,0.03942151367664337,0.021731862798333168,0.44063258171081543,0.1714084893465042,0.07320307195186615
1871,1871,datasets/audios/eastern_sliced/kpop/kpop_056_000.wav,6,kpop,7,pop,0.813401997089386,0.7926644086837769,0.004013757221400738,0.009545695967972279,0.03103126958012581,0.03492146357893944,0.010031837970018387,0.0038050629664212465,0.0031421331223100424,0.813401997089386,0.009742800146341324,0.08036399632692337
1872,1872,datasets/audios/eastern_sliced/kpop/kpop_056_001.wav,6,kpop,7,pop,0.8319435119628906,0.7503607273101807,0.0031091042328625917,0.009510448202490807,0.025309301912784576,0.03994161635637283,0.010364827699959278,0.003618762129917741,0.003086579032242298,0.8319435119628906,0.014627061784267426,0.05848877504467964
1873,1873,datasets/audios/eastern_sliced/kpop/kpop_056_002.wav,6,kpop,7,pop,0.7857111096382141,0.9020183086395264,0.00477856257930398,0.012018770910799503,0.029906895011663437,0.04891849309206009,0.015111120417714119,0.004966519307345152,0.004446784500032663,0.7857111096382141,0.017390811815857887,0.07675084471702576
1874,1874,datasets/audios/eastern_sliced/kpop/kpop_057_000.wav,6,kpop,7,pop,0.8591092228889465,0.6760122776031494,0.004543371964246035,0.0060682171024382114,0.028992418199777603,0.02904251590371132,0.011515551246702671,0.006494508124887943,0.002168719656765461,0.8591092228889465,0.017653506249189377,0.03441188856959343
1875,1875,datasets/audios/eastern_sliced/kpop/kpop_057_001.wav,6,kpop,7,pop,0.7694700956344604,0.9595428705215454,0.007587212137877941,0.013449840247631073,0.07264421135187149,0.033820997923612595,0.010422988794744015,0.009013282135128975,0.004213397391140461,0.7694700956344604,0.019031953066587448,0.060346052050590515
1876,1876,datasets/audios/eastern_sliced/kpop/kpop_057_002.wav,6,kpop,7,pop,0.8263447284698486,0.7788087129592896,0.005552574060857296,0.007145741954445839,0.052748776972293854,0.03167496621608734,0.009653860703110695,0.006050231866538525,0.0027265967801213264,0.8263447284698486,0.017277531325817108,0.040825050324201584
1877,1877,datasets/audios/eastern_sliced/kpop/kpop_058_000.wav,6,kpop,7,pop,0.7751252055168152,0.969954252243042,0.008287610486149788,0.030816569924354553,0.03241494297981262,0.03044860251247883,0.022304462268948555,0.011405935510993004,0.00370581797324121,0.7751252055168152,0.016013706102967262,0.06947720050811768
1878,1878,datasets/audios/eastern_sliced/kpop/kpop_058_001.wav,6,kpop,7,pop,0.7762678861618042,0.9749811887741089,0.007131835445761681,0.020192572847008705,0.025120999664068222,0.028638141229748726,0.055006079375743866,0.012123403139412403,0.0038209278136491776,0.7762678861618042,0.025699196383357048,0.04599899426102638
1879,1879,datasets/audios/eastern_sliced/kpop/kpop_058_002.wav,6,kpop,7,pop,0.7198671698570251,1.1544034481048584,0.010930860415101051,0.0386812649667263,0.04047026485204697,0.031661029905080795,0.03789958357810974,0.016356946900486946,0.005458411760628223,0.7198671698570251,0.02443268708884716,0.07424164563417435
1880,1880,datasets/audios/eastern_sliced/kpop/kpop_059_000.wav,6,kpop,7,pop,0.545604407787323,1.4588552713394165,0.0122770881280303,0.07465972006320953,0.078599713742733,0.022766288369894028,0.02227240987122059,0.017738355323672295,0.00966654159128666,0.545604407787323,0.018082423135638237,0.19833305478096008
1881,1881,datasets/audios/eastern_sliced/kpop/kpop_059_001.wav,6,kpop,7,pop,0.43197375535964966,1.7956691980361938,0.03204545006155968,0.03007666766643524,0.08318495750427246,0.03219141811132431,0.10522293299436569,0.03676239773631096,0.031534772366285324,0.43197375535964966,0.03824321925640106,0.1787644773721695
1882,1882,datasets/audios/eastern_sliced/kpop/kpop_059_002.wav,6,kpop,7,pop,0.4562474191188812,1.7007538080215454,0.021795986220240593,0.044783130288124084,0.10802756249904633,0.02992018684744835,0.056668736040592194,0.023954469710588455,0.023094655945897102,0.4562474191188812,0.03288481384515762,0.20262305438518524
1883,1883,datasets/audios/eastern_sliced/kpop/kpop_060_000.wav,6,kpop,7,pop,0.6434866189956665,1.3706855773925781,0.01376285683363676,0.02667926251888275,0.03085808828473091,0.04255232587456703,0.07968096435070038,0.022727640345692635,0.015309789218008518,0.6434866189956665,0.03986336290836334,0.085079126060009
1884,1884,datasets/audios/eastern_sliced/kpop/kpop_060_001.wav,6,kpop,7,pop,0.7052150368690491,1.1479885578155518,0.01067619863897562,0.018531372770667076,0.03383557125926018,0.03015565499663353,0.026561642065644264,0.01735467091202736,0.0121346116065979,0.7052150368690491,0.02007855288684368,0.12545672059059143
1885,1885,datasets/audios/eastern_sliced/kpop/kpop_060_002.wav,6,kpop,7,pop,0.6779817342758179,1.2690140008926392,0.010211218148469925,0.03160842880606651,0.02093372493982315,0.03452597185969353,0.07931897044181824,0.02322446182370186,0.01033817883580923,0.6779817342758179,0.038000818341970444,0.07385651022195816
1886,1886,datasets/audios/eastern_sliced/kpop/kpop_061_000.wav,6,kpop,7,pop,0.543194591999054,1.4717737436294556,0.017491264268755913,0.12395545840263367,0.03177313134074211,0.03174441680312157,0.034890200942754745,0.02313544601202011,0.0043959422037005424,0.543194591999054,0.0133840786293149,0.17603550851345062
1887,1887,datasets/audios/eastern_sliced/kpop/kpop_061_001.wav,6,kpop,7,pop,0.6916207075119019,1.0941224098205566,0.008379911072552204,0.03829009458422661,0.02660466730594635,0.03008044697344303,0.012702448293566704,0.012696574442088604,0.004611811600625515,0.6916207075119019,0.007672404870390892,0.167340949177742
1888,1888,datasets/audios/eastern_sliced/kpop/kpop_061_002.wav,6,kpop,7,pop,0.7850320935249329,0.929302453994751,0.008201045915484428,0.02209884114563465,0.03153584897518158,0.022824427112936974,0.03765876963734627,0.008864722214639187,0.0030292693991214037,0.7850320935249329,0.01216302439570427,0.06859190762042999
1889,1889,datasets/audios/eastern_sliced/kpop/kpop_062_000.wav,6,kpop,1,classical,0.4600794315338135,1.6576330661773682,0.04818260669708252,0.4600794315338135,0.021929927170276642,0.017984986305236816,0.01945582590997219,0.07605740427970886,0.01493755355477333,0.10067686438560486,0.02920389734208584,0.21149149537086487
1890,1890,datasets/audios/eastern_sliced/kpop/kpop_062_001.wav,6,kpop,7,pop,0.2635689079761505,2.12662410736084,0.07315059751272202,0.08631861209869385,0.06259675323963165,0.049013130366802216,0.08220966905355453,0.07234272360801697,0.03552631288766861,0.2635689079761505,0.10316582769155502,0.17210741341114044
1891,1891,datasets/audios/eastern_sliced/kpop/kpop_062_002.wav,6,kpop,7,pop,0.6317447423934937,1.423281192779541,0.019908353686332703,0.040223222225904465,0.05853157117962837,0.052581217139959335,0.047391097992658615,0.024059893563389778,0.009112684056162834,0.6317447423934937,0.04465341195464134,0.07179387658834457
1892,1892,datasets/audios/eastern_sliced/kpop/kpop_063_000.wav,6,kpop,7,pop,0.3814937472343445,1.4294558763504028,0.009098255075514317,0.21450819075107574,0.022863944992423058,0.010402561165392399,0.007102989591658115,0.032912347465753555,0.0031330594792962074,0.3814937472343445,0.004824820905923843,0.31366002559661865
1893,1893,datasets/audios/eastern_sliced/kpop/kpop_063_001.wav,6,kpop,7,pop,0.5102863907814026,1.3207323551177979,0.01015976071357727,0.10290008038282394,0.02031772769987583,0.013545203022658825,0.016500230878591537,0.021595878526568413,0.004220094531774521,0.5102863907814026,0.004760839510709047,0.2957138419151306
1894,1894,datasets/audios/eastern_sliced/kpop/kpop_063_002.wav,6,kpop,7,pop,0.5127835869789124,1.2955152988433838,0.009512612596154213,0.08522133529186249,0.01806335709989071,0.013144351541996002,0.016674943268299103,0.02262893319129944,0.004903469234704971,0.5127835869789124,0.004871657118201256,0.3121958076953888
1895,1895,datasets/audios/eastern_sliced/kpop/kpop_064_000.wav,6,kpop,4,hiphop,0.2715417146682739,2.01432466506958,0.03506310656666756,0.017122050747275352,0.06783221662044525,0.14809410274028778,0.2715417146682739,0.03655330464243889,0.06620477885007858,0.11725250631570816,0.1971563994884491,0.04317985847592354
1896,1896,datasets/audios/eastern_sliced/kpop/kpop_064_001.wav,6,kpop,4,hiphop,0.33028513193130493,1.9842997789382935,0.04638896510004997,0.01588692143559456,0.07700786739587784,0.11054117232561111,0.33028513193130493,0.037035562098026276,0.05698689445853233,0.10273335129022598,0.1756846159696579,0.047449517995119095
1897,1897,datasets/audios/eastern_sliced/kpop/kpop_064_002.wav,6,kpop,4,hiphop,0.3470717668533325,1.922379732131958,0.03954416513442993,0.014243721961975098,0.0646355003118515,0.13095860183238983,0.3470717668533325,0.02971344254910946,0.07986947894096375,0.06397545337677002,0.1918550729751587,0.03813280165195465
1898,1898,datasets/audios/eastern_sliced/kpop/kpop_065_000.wav,6,kpop,7,pop,0.5980517268180847,1.3714364767074585,0.008581236936151981,0.020984752103686333,0.11563078314065933,0.048812687397003174,0.014562912285327911,0.008113158866763115,0.018322838470339775,0.5980517268180847,0.026137031614780426,0.14080286026000977
1899,1899,datasets/audios/eastern_sliced/kpop/kpop_065_001.wav,6,kpop,7,pop,0.5896262526512146,1.381707787513733,0.007377247326076031,0.038437798619270325,0.1142604723572731,0.042584266513586044,0.010268975049257278,0.008342059329152107,0.015419409610331059,0.5896262526512146,0.02477714791893959,0.14890633523464203
1900,1900,datasets/audios/eastern_sliced/kpop/kpop_065_002.wav,6,kpop,7,pop,0.5167424082756042,1.4882041215896606,0.006772563327103853,0.037858862429857254,0.16634763777256012,0.05458202213048935,0.00879829004406929,0.007680825423449278,0.01726583018898964,0.5167424082756042,0.02419038489460945,0.15976107120513916
1901,1901,datasets/audios/eastern_sliced/kpop/kpop_066_000.wav,6,kpop,7,pop,0.7791492342948914,0.8838722705841064,0.0033943785820156336,0.02435883693397045,0.02075132168829441,0.025847358629107475,0.014546007849276066,0.004465604200959206,0.0035109762102365494,0.7791492342948914,0.012432247400283813,0.11154405027627945
1902,1902,datasets/audios/eastern_sliced/kpop/kpop_066_001.wav,6,kpop,7,pop,0.7728506326675415,0.9671742916107178,0.005103458650410175,0.03527050465345383,0.015472320839762688,0.022049853578209877,0.06356703490018845,0.012342946603894234,0.0027918624691665173,0.7728506326675415,0.019540010020136833,0.05101138725876808
1903,1903,datasets/audios/eastern_sliced/kpop/kpop_066_002.wav,6,kpop,7,pop,0.7434428930282593,1.0462521314620972,0.00539912236854434,0.05012955516576767,0.01471493300050497,0.02175607904791832,0.06847009807825089,0.013254819437861443,0.0029300206806510687,0.7434428930282593,0.017779245972633362,0.06212325394153595
1904,1904,datasets/audios/eastern_sliced/kpop/kpop_067_000.wav,6,kpop,7,pop,0.542934000492096,1.3194154500961304,0.0047294930554926395,0.14295795559883118,0.027151670306921005,0.026046494022011757,0.005776284262537956,0.010923228226602077,0.005425581708550453,0.542934000492096,0.01093166135251522,0.22312361001968384
1905,1905,datasets/audios/eastern_sliced/kpop/kpop_067_001.wav,6,kpop,9,rock,0.40556690096855164,1.554980993270874,0.025510242208838463,0.32865503430366516,0.04730011150240898,0.008891568519175053,0.006741277873516083,0.05616099014878273,0.016482919454574585,0.08913077414035797,0.01556019764393568,0.40556690096855164
1906,1906,datasets/audios/eastern_sliced/kpop/kpop_067_002.wav,6,kpop,9,rock,0.6695618033409119,1.2167831659317017,0.01733720302581787,0.03891638293862343,0.07719553261995316,0.014056018553674221,0.005891587119549513,0.012007185257971287,0.02960202656686306,0.1254725158214569,0.009959681890904903,0.6695618033409119
1907,1907,datasets/audios/eastern_sliced/kpop/kpop_068_000.wav,6,kpop,7,pop,0.858323872089386,0.6850895285606384,0.0031382543966174126,0.009034932591021061,0.019012687727808952,0.021867847070097923,0.019257251173257828,0.0059971739538013935,0.0028022367041558027,0.858323872089386,0.025973113253712654,0.034592583775520325
1908,1908,datasets/audios/eastern_sliced/kpop/kpop_068_001.wav,6,kpop,7,pop,0.8957264423370361,0.5405451059341431,0.0022881189361214638,0.0077131991274654865,0.019458772614598274,0.014494896866381168,0.013271222822368145,0.006285535637289286,0.0011810363503172994,0.8957264423370361,0.019752508029341698,0.019828272983431816
1909,1909,datasets/audios/eastern_sliced/kpop/kpop_068_002.wav,6,kpop,7,pop,0.7405336499214172,1.0649192333221436,0.005390215199440718,0.01746625453233719,0.040985073894262314,0.036062221974134445,0.025484593585133553,0.008193341083824635,0.008752971887588501,0.7405336499214172,0.030659757554531097,0.08647198975086212
1910,1910,datasets/audios/eastern_sliced/kpop/kpop_069_000.wav,6,kpop,4,hiphop,0.49620625376701355,1.3294154405593872,0.00909808836877346,0.005878382828086615,0.010762915946543217,0.03874913975596428,0.49620625376701355,0.014229480177164078,0.006468034815043211,0.3185388743877411,0.08273202180862427,0.017336741089820862
1911,1911,datasets/audios/eastern_sliced/kpop/kpop_070_000.wav,6,kpop,7,pop,0.8186809420585632,0.7970254421234131,0.002167741535231471,0.0265506524592638,0.01460595428943634,0.05137506127357483,0.014603628776967525,0.0031305807642638683,0.0017644499894231558,0.8186809420585632,0.016191821545362473,0.05092913284897804
1912,1912,datasets/audios/eastern_sliced/kpop/kpop_070_001.wav,6,kpop,7,pop,0.854344367980957,0.6819770336151123,0.002535737119615078,0.01103168074041605,0.013184715993702412,0.03770311549305916,0.019010396674275398,0.0028848738875240088,0.0016260568518191576,0.854344367980957,0.016744395717978477,0.04093477502465248
1913,1913,datasets/audios/eastern_sliced/kpop/kpop_070_002.wav,6,kpop,7,pop,0.9597299695014954,0.24105191230773926,0.0004505247052293271,0.0019891110714524984,0.004825521260499954,0.010565197095274925,0.0076833548955619335,0.0006084276828914881,0.00026793868164531887,0.9597299695014954,0.004144068341702223,0.009735985659062862
1914,1914,datasets/audios/eastern_sliced/kpop/kpop_071_000.wav,6,kpop,7,pop,0.9324085116386414,0.36712682247161865,0.0011143424781039357,0.0018906154436990619,0.0153122553601861,0.016453860327601433,0.005420269910246134,0.0013566649286076427,0.0007228477043099701,0.9324085116386414,0.007426877971738577,0.017893658950924873
1915,1915,datasets/audios/eastern_sliced/kpop/kpop_071_001.wav,6,kpop,7,pop,0.8958451747894287,0.526025652885437,0.0023786481469869614,0.003006802638992667,0.02346912771463394,0.02424916811287403,0.009049083106219769,0.0028750384226441383,0.0016780132427811623,0.8958451747894287,0.013160883449018002,0.024288080632686615
1916,1916,datasets/audios/eastern_sliced/kpop/kpop_071_002.wav,6,kpop,7,pop,0.9572330117225647,0.2549961507320404,0.000707857427187264,0.0012606257805600762,0.007928913459181786,0.00988085102289915,0.004459454212337732,0.0012180504854768515,0.0005091649945825338,0.9572330117225647,0.005758848041296005,0.01104325708001852
1917,1917,datasets/audios/eastern_sliced/kpop/kpop_072_000.wav,6,kpop,7,pop,0.9895833730697632,0.07641591131687164,7.506464316975325e-05,0.0006518511800095439,0.001184801454655826,0.00237258430570364,0.0016883660573512316,0.0001968839787878096,4.74284533993341e-05,0.9895833730697632,0.001014107489027083,0.003185635432600975
1918,1918,datasets/audios/eastern_sliced/kpop/kpop_072_001.wav,6,kpop,7,pop,0.9588462114334106,0.24633215367794037,0.0004756676498800516,0.004681980237364769,0.005429633427411318,0.00885460153222084,0.004011410288512707,0.000783701310865581,0.0002535123785492033,0.9588462114334106,0.003876881208270788,0.01278639491647482
1919,1919,datasets/audios/eastern_sliced/kpop/kpop_072_002.wav,6,kpop,7,pop,0.9725090265274048,0.17322951555252075,0.00021984655177220702,0.0015375128714367747,0.0022788571659475565,0.007114216685295105,0.00502006197348237,0.0003997802850790322,0.0001824664941523224,0.9725090265274048,0.0020927791483700275,0.008645409718155861
1920,1920,datasets/audios/eastern_sliced/kpop/kpop_073_000.wav,6,kpop,7,pop,0.9056057333946228,0.4940064251422882,0.0025596478953957558,0.003217315999791026,0.017299143597483635,0.01864110864698887,0.013462129049003124,0.003832354908809066,0.0015968281077221036,0.9056057333946228,0.012025929056107998,0.021759895607829094
1921,1921,datasets/audios/eastern_sliced/kpop/kpop_073_001.wav,6,kpop,7,pop,0.968475341796875,0.19439102709293365,0.0003825031453743577,0.0019319583661854267,0.010923082940280437,0.005810827016830444,0.0024545632768422365,0.0005800959770567715,0.0001707945775706321,0.968475341796875,0.002200842835009098,0.007070031948387623
1922,1922,datasets/audios/eastern_sliced/kpop/kpop_073_002.wav,6,kpop,7,pop,0.9571051001548767,0.2543439269065857,0.000605412817094475,0.0024277789052575827,0.012106021866202354,0.00882650725543499,0.004447432234883308,0.0008355943136848509,0.00033423167769797146,0.9571051001548767,0.0037513296119868755,0.009560637176036835
1923,1923,datasets/audios/eastern_sliced/kpop/kpop_074_000.wav,6,kpop,7,pop,0.9710955619812012,0.178931325674057,0.00033862897544167936,0.001161383232101798,0.00686230743303895,0.005878163035959005,0.0015994374407455325,0.0005402329261414707,0.000189548110938631,0.9710955619812012,0.001907734083943069,0.010427100583910942
1924,1924,datasets/audios/eastern_sliced/kpop/kpop_074_001.wav,6,kpop,7,pop,0.9666579961776733,0.20047207176685333,0.00029021245427429676,0.0017450734740123153,0.006034745369106531,0.006791785825043917,0.001307722763158381,0.0006462427554652095,0.0002452729968354106,0.9666579961776733,0.002506769960746169,0.013774099759757519
1925,1925,datasets/audios/eastern_sliced/kpop/kpop_074_002.wav,6,kpop,7,pop,0.5397667288780212,1.4098236560821533,0.005385686177760363,0.013182097114622593,0.04397159814834595,0.036919642239809036,0.043688658624887466,0.008254371583461761,0.010532381013035774,0.5397667288780212,0.23993726074695587,0.058361515402793884
1926,1926,datasets/audios/eastern_sliced/kpop/kpop_075_000.wav,6,kpop,7,pop,0.9531444311141968,0.26550835371017456,0.0005737182800658047,0.002951612463220954,0.011467506177723408,0.009608650580048561,0.0019350650254637003,0.0006775265210308135,0.0002209098165621981,0.9531444311141968,0.0022587135899811983,0.017161810770630836
1927,1927,datasets/audios/eastern_sliced/kpop/kpop_075_001.wav,6,kpop,7,pop,0.9476897716522217,0.286776602268219,0.0005706438678316772,0.003632974810898304,0.010095544159412384,0.010838015004992485,0.0018394015496596694,0.0006316587678156793,0.00022664880088996142,0.9476897716522217,0.001951595419086516,0.022523749619722366
1928,1928,datasets/audios/eastern_sliced/kpop/kpop_075_002.wav,6,kpop,7,pop,0.9302211403846741,0.3808837831020355,0.0013975522015243769,0.005431251134723425,0.012507057748734951,0.01390150934457779,0.0070615531876683235,0.0020542433485388756,0.0006039072759449482,0.9302211403846741,0.004816559609025717,0.0220052320510149
1929,1929,datasets/audios/eastern_sliced/kpop/kpop_076_000.wav,6,kpop,7,pop,0.9821382761001587,0.11925168335437775,0.00020493580086622387,0.0006267272401601076,0.003464235458523035,0.0035830943379551172,0.001565517159178853,0.0003480972663965076,0.00011531312338775024,0.9821382761001587,0.0009978801244869828,0.006955996155738831
1930,1930,datasets/audios/eastern_sliced/kpop/kpop_076_001.wav,6,kpop,7,pop,0.9876733422279358,0.08578304946422577,9.615283488528803e-05,0.0005246521322987974,0.0015657080803066492,0.0025901792105287313,0.0012413179501891136,0.0001744283945299685,5.974998930469155e-05,0.9876733422279358,0.0005057620001025498,0.005568629130721092
1931,1931,datasets/audios/eastern_sliced/kpop/kpop_076_002.wav,6,kpop,7,pop,0.9805746078491211,0.12681201100349426,0.0001825581566663459,0.0010510837892070413,0.0024633791763335466,0.003894373308867216,0.0018396427622064948,0.00032127188751474023,0.00010984301479766145,0.9805746078491211,0.0008021214161999524,0.008760983124375343
1932,1932,datasets/audios/eastern_sliced/kpop/kpop_077_000.wav,6,kpop,7,pop,0.9753868579864502,0.15738186240196228,0.0003530385729391128,0.0010885745286941528,0.005198546219617128,0.004506855737417936,0.002112927148118615,0.0005625318153761327,0.00015032122610136867,0.9753868579864502,0.0014656496932730079,0.009174641221761703
1933,1933,datasets/audios/eastern_sliced/kpop/kpop_077_001.wav,6,kpop,7,pop,0.8422539234161377,0.7287240028381348,0.004433001857250929,0.01052079163491726,0.02862091176211834,0.02916260063648224,0.01579303666949272,0.00511533347889781,0.002311726100742817,0.8422539234161377,0.010939689353108406,0.05084896832704544
1934,1934,datasets/audios/eastern_sliced/kpop/kpop_077_002.wav,6,kpop,7,pop,0.8149616718292236,0.8238372802734375,0.0058504268527030945,0.012602549977600574,0.03904883936047554,0.0321250781416893,0.01781793311238289,0.005883326288312674,0.0027097193524241447,0.8149616718292236,0.012287816032767296,0.056712571531534195
1935,1935,datasets/audios/eastern_sliced/kpop/kpop_078_000.wav,6,kpop,7,pop,0.957974374294281,0.24673967063426971,0.00040062880725599825,0.0007368329097516835,0.005155658349394798,0.01298972312361002,0.009356534108519554,0.00047355532296933234,0.00044798903400078416,0.957974374294281,0.004469258710741997,0.00799549650400877
1936,1936,datasets/audios/eastern_sliced/kpop/kpop_078_001.wav,6,kpop,7,pop,0.6683807373046875,1.1285744905471802,0.004123535007238388,0.004290010780096054,0.027610082179307938,0.17818890511989594,0.047366876155138016,0.0026687043718993664,0.007368750404566526,0.6683807373046875,0.03147311508655548,0.02852933295071125
1937,1937,datasets/audios/eastern_sliced/kpop/kpop_078_002.wav,6,kpop,7,pop,0.587624728679657,1.5087182521820068,0.014636348001658916,0.072843536734581,0.027612896636128426,0.038409728556871414,0.0763351246714592,0.033270251005887985,0.007764284033328295,0.587624728679657,0.08466877788305283,0.05683431774377823
1938,1938,datasets/audios/eastern_sliced/kpop/kpop_079_000.wav,6,kpop,7,pop,0.9773069620132446,0.1388145089149475,7.986334821907803e-05,0.00026208217605017126,0.0008898157393559813,0.003689003409817815,0.012748394161462784,0.0002181183226639405,6.770317122573033e-05,0.9773069620132446,0.0030465933959931135,0.0016914933221414685
1939,1939,datasets/audios/eastern_sliced/kpop/kpop_079_001.wav,6,kpop,7,pop,0.9887054562568665,0.08165155351161957,7.41854018997401e-05,0.00037760386476293206,0.0008931139600463212,0.0026840143837034702,0.003041950985789299,0.00023454792972188443,5.857929863850586e-05,0.9887054562568665,0.0015752676408737898,0.002355423988774419
1940,1940,datasets/audios/eastern_sliced/kpop/kpop_079_002.wav,6,kpop,7,pop,0.9921398758888245,0.059582099318504333,5.013076952309348e-05,0.00023160234559327364,0.0007667360478080809,0.0020814971067011356,0.0015815403312444687,0.0001380939211230725,3.992225174442865e-05,0.9921398758888245,0.0009316162904724479,0.0020390350837260485
1941,1941,datasets/audios/eastern_sliced/kpop/kpop_080_000.wav,6,kpop,7,pop,0.6940621137619019,1.161306619644165,0.005767950788140297,0.007442421745508909,0.0207960344851017,0.05824901908636093,0.09961865842342377,0.010825118981301785,0.006834532134234905,0.6940621137619019,0.06942964345216751,0.02697455883026123
1942,1942,datasets/audios/eastern_sliced/kpop/kpop_080_001.wav,6,kpop,7,pop,0.8878829479217529,0.5531668066978455,0.002336745848879218,0.0021479104179888964,0.02347753196954727,0.0281840767711401,0.02318158745765686,0.001919460017234087,0.0017535716760903597,0.8878829479217529,0.009237973019480705,0.019878137856721878
1943,1943,datasets/audios/eastern_sliced/kpop/kpop_080_002.wav,6,kpop,7,pop,0.9032598733901978,0.4850243926048279,0.0014181447913870215,0.004555725026875734,0.014259571209549904,0.026590032503008842,0.01048354897648096,0.0012096331920474768,0.0009583593928255141,0.9032598733901978,0.0063696191646158695,0.030895452946424484
1944,1944,datasets/audios/eastern_sliced/kpop/kpop_081_000.wav,6,kpop,7,pop,0.9630710482597351,0.22532109916210175,0.0004793261759914458,0.0010374507401138544,0.005269770044833422,0.007417498156428337,0.009084106422960758,0.0008710728725418448,0.0003072031831834465,0.9630710482597351,0.004774845205247402,0.007687704637646675
1945,1945,datasets/audios/eastern_sliced/kpop/kpop_081_001.wav,6,kpop,7,pop,0.9812688231468201,0.12234459817409515,0.00016619099187664688,0.000915992131922394,0.003283705562353134,0.0036421737167984247,0.000994168221950531,0.00027226703241467476,8.68295319378376e-05,0.9812688231468201,0.0009278109646402299,0.008442036807537079
1946,1946,datasets/audios/eastern_sliced/kpop/kpop_081_002.wav,6,kpop,7,pop,0.9879059791564941,0.08472952246665955,0.00010266592289553955,0.0005941842100583017,0.001965525094419718,0.0024472635705024004,0.0007592208567075431,0.0002048757887678221,5.074151704320684e-05,0.9879059791564941,0.0006826334283687174,0.005286898463964462
1947,1947,datasets/audios/eastern_sliced/kpop/kpop_082_000.wav,6,kpop,7,pop,0.923535943031311,0.376182496547699,0.001073803286999464,0.0018335613422095776,0.03676772862672806,0.009782075881958008,0.0014862261014059186,0.0010178324300795794,0.0004186467849649489,0.923535943031311,0.002226621378213167,0.021857570856809616
1948,1948,datasets/audios/eastern_sliced/kpop/kpop_082_001.wav,6,kpop,7,pop,0.718338668346405,1.0261739492416382,0.00695391558110714,0.008737992495298386,0.1290644109249115,0.040526095777750015,0.007123203482478857,0.005163080990314484,0.0037704678252339363,0.718338668346405,0.011173312552273273,0.06914890557527542
1949,1949,datasets/audios/eastern_sliced/kpop/kpop_082_002.wav,6,kpop,7,pop,0.6731951236724854,1.1019948720932007,0.008144227787852287,0.026844924315810204,0.15871937572956085,0.03177362680435181,0.0018510216614231467,0.008139689452946186,0.0016554644098505378,0.6731951236724854,0.005218457896262407,0.08445803821086884
1950,1950,datasets/audios/eastern_sliced/kpop/kpop_083_000.wav,6,kpop,7,pop,0.9109066724777222,0.4715902507305145,0.0020461292006075382,0.009729164652526379,0.02207227796316147,0.01400621049106121,0.009348887950181961,0.002995232120156288,0.0008000844391062856,0.9109066724777222,0.00916576012969017,0.018929634243249893
1951,1951,datasets/audios/eastern_sliced/kpop/kpop_083_001.wav,6,kpop,1,classical,0.5174499154090881,1.5459742546081543,0.02995961345732212,0.5174499154090881,0.19620148837566376,0.009936999529600143,0.009342948906123638,0.041638780385255814,0.009684383869171143,0.05157511681318283,0.05613245815038681,0.0780782401561737
1952,1952,datasets/audios/eastern_sliced/kpop/kpop_083_002.wav,6,kpop,1,classical,0.513129472732544,1.415360927581787,0.02301725558936596,0.513129472732544,0.2678033411502838,0.006435597315430641,0.009747450239956379,0.03754072263836861,0.009838653728365898,0.025300873443484306,0.02217836119234562,0.08500825613737106
1953,1953,datasets/audios/eastern_sliced/kpop/kpop_084_000.wav,6,kpop,7,pop,0.9419718384742737,0.3336866497993469,0.0012867450714111328,0.0049135880544781685,0.011253832839429379,0.010515782982110977,0.00479351170361042,0.0031081305351108313,0.0007000843761488795,0.9419718384742737,0.006593530531972647,0.01486288197338581
1954,1954,datasets/audios/eastern_sliced/kpop/kpop_084_001.wav,6,kpop,7,pop,0.9446593523025513,0.32061871886253357,0.001329569611698389,0.00414452888071537,0.011484234593808651,0.009817302227020264,0.004774208180606365,0.0029519181698560715,0.0006554971332661808,0.9446593523025513,0.006040321197360754,0.01414310373365879
1955,1955,datasets/audios/eastern_sliced/kpop/kpop_084_002.wav,6,kpop,7,pop,0.761096179485321,0.9645892977714539,0.0065720053389668465,0.052731771022081375,0.027476726099848747,0.030262673273682594,0.006412080023437738,0.012271794490516186,0.0024593097623437643,0.761096179485321,0.009586499072611332,0.09113099426031113
1956,1956,datasets/audios/eastern_sliced/kpop/kpop_085_000.wav,6,kpop,7,pop,0.9674264788627625,0.20039616525173187,0.0004498409980442375,0.0027223832439631224,0.009419356472790241,0.005743981804698706,0.002961585531011224,0.0005464872810989618,0.00012333915219642222,0.9674264788627625,0.0016338169807568192,0.008972754701972008
1957,1957,datasets/audios/eastern_sliced/kpop/kpop_085_001.wav,6,kpop,7,pop,0.9717004299163818,0.17978009581565857,0.00040475043351761997,0.0019275782397016883,0.005902148317545652,0.006008123513311148,0.0034464672207832336,0.00053813261911273,0.000141762982821092,0.9717004299163818,0.002007955452427268,0.007922706194221973
1958,1958,datasets/audios/eastern_sliced/kpop/kpop_085_002.wav,6,kpop,7,pop,0.971897542476654,0.17866873741149902,0.0004021954082418233,0.0016706312308087945,0.005544558633118868,0.006150993052870035,0.003445514477789402,0.0005482416599988937,0.0001525343395769596,0.971897542476654,0.0021848129108548164,0.008002989925444126
1959,1959,datasets/audios/eastern_sliced/kpop/kpop_086_000.wav,6,kpop,7,pop,0.9833419322967529,0.11253326386213303,0.00012997900194022804,0.0004814090207219124,0.002241664333269,0.004095125012099743,0.003866571933031082,0.00015656137838959694,7.665858720429242e-05,0.9833419322967529,0.0008163241436704993,0.004793787840753794
1960,1960,datasets/audios/eastern_sliced/kpop/kpop_086_001.wav,6,kpop,7,pop,0.624675989151001,1.3555841445922852,0.006619908381253481,0.023956481367349625,0.01622343435883522,0.06744358688592911,0.03295855224132538,0.009815889410674572,0.046339958906173706,0.624675989151001,0.035368598997592926,0.1365976780653
1961,1961,datasets/audios/eastern_sliced/kpop/kpop_086_002.wav,6,kpop,7,pop,0.8665273785591125,0.6074973940849304,0.0018710725707933307,0.0012410281924530864,0.03063754178583622,0.04756622761487961,0.0070411632768809795,0.0011159527348354459,0.002938071032986045,0.8665273785591125,0.0084962984547019,0.03256530687212944
1962,1962,datasets/audios/eastern_sliced/kpop/kpop_087_000.wav,6,kpop,7,pop,0.8484272360801697,0.7075128555297852,0.004401573445647955,0.004864836577326059,0.02041962929069996,0.029893018305301666,0.04367934167385101,0.004274871200323105,0.0026841284707188606,0.8484272360801697,0.013573093339800835,0.027782248333096504
1963,1963,datasets/audios/eastern_sliced/kpop/kpop_087_001.wav,6,kpop,7,pop,0.9607217311859131,0.2360755056142807,0.0006300999084487557,0.0012109847739338875,0.0072650914080441,0.008612173609435558,0.006244095973670483,0.000762956973630935,0.0003284456906840205,0.9607217311859131,0.0033598660957068205,0.01086453441530466
1964,1964,datasets/audios/eastern_sliced/kpop/kpop_087_002.wav,6,kpop,7,pop,0.9596898555755615,0.24192337691783905,0.0006734735798090696,0.001456005615182221,0.006913032382726669,0.008603128604590893,0.006639480125159025,0.0008941108826547861,0.0003509113739710301,0.9596898555755615,0.0034692008048295975,0.011310691945254803
1965,1965,datasets/audios/eastern_sliced/kpop/kpop_088_000.wav,6,kpop,7,pop,0.5221927762031555,1.3679739236831665,0.004036778584122658,0.013094582594931126,0.012908436357975006,0.048939213156700134,0.0809779241681099,0.02793598175048828,0.004765472840517759,0.5221927762031555,0.2700349986553192,0.01511386688798666
1966,1966,datasets/audios/eastern_sliced/kpop/kpop_088_001.wav,6,kpop,7,pop,0.8814584016799927,0.5595980882644653,0.002566002309322357,0.0022317362017929554,0.016700154170393944,0.01778857223689556,0.05295255780220032,0.002523662755265832,0.0010034465231001377,0.8814584016799927,0.010248501785099506,0.012527021579444408
1967,1967,datasets/audios/eastern_sliced/kpop/kpop_088_002.wav,6,kpop,7,pop,0.9015540480613708,0.4907514750957489,0.0020481813699007034,0.0024787818547338247,0.018944978713989258,0.015365558676421642,0.03712225705385208,0.0019554956816136837,0.0006815509404987097,0.9015540480613708,0.007656823378056288,0.012192221358418465
1968,1968,datasets/audios/eastern_sliced/kpop/kpop_089_000.wav,6,kpop,9,rock,0.28860360383987427,2.0718605518341064,0.1785152107477188,0.08147047460079193,0.09307582676410675,0.04540065675973892,0.03809336945414543,0.09565677493810654,0.04290922358632088,0.0941794216632843,0.04209539666771889,0.28860360383987427
1969,1969,datasets/audios/eastern_sliced/kpop/kpop_089_001.wav,6,kpop,7,pop,0.4633685350418091,1.6574217081069946,0.033250678330659866,0.029525630176067352,0.19884134829044342,0.05429477617144585,0.017301281914114952,0.028905492275953293,0.015012258663773537,0.4633685350418091,0.029245754703879356,0.13025431334972382
1970,1970,datasets/audios/eastern_sliced/kpop/kpop_089_002.wav,6,kpop,7,pop,0.4851851165294647,1.6294889450073242,0.032002680003643036,0.029838647693395615,0.1900004744529724,0.053291529417037964,0.01788681373000145,0.029281843453645706,0.01396518386900425,0.4851851165294647,0.029180407524108887,0.1193673312664032
1971,1971,datasets/audios/eastern_sliced/kpop/kpop_090_000.wav,6,kpop,7,pop,0.5676981210708618,1.428745985031128,0.014161983504891396,0.07226762920618057,0.046379294246435165,0.03188595175743103,0.025189397856593132,0.027828942984342575,0.00785471685230732,0.5676981210708618,0.012991857714951038,0.19374212622642517
1972,1972,datasets/audios/eastern_sliced/kpop/kpop_090_001.wav,6,kpop,7,pop,0.3755543828010559,1.9184260368347168,0.038956884294748306,0.03662092983722687,0.040554359555244446,0.0643421858549118,0.17940714955329895,0.04831109195947647,0.02781374752521515,0.3755543828010559,0.11041121929883957,0.07802803814411163
1973,1973,datasets/audios/eastern_sliced/kpop/kpop_090_002.wav,6,kpop,7,pop,0.5996768474578857,1.5085136890411377,0.030561955645680428,0.027286125347018242,0.07563215494155884,0.053721439093351364,0.03927808254957199,0.03703119978308678,0.014717157930135727,0.5996768474578857,0.039142485707998276,0.08295248448848724
1974,1974,datasets/audios/eastern_sliced/kpop/kpop_091_000.wav,6,kpop,7,pop,0.8269771337509155,0.7905330657958984,0.005149624776095152,0.02439206838607788,0.04474495351314545,0.02308373898267746,0.012933000922203064,0.00771286990493536,0.0019816942512989044,0.8269771337509155,0.011622496880590916,0.04140232503414154
1975,1975,datasets/audios/eastern_sliced/kpop/kpop_091_001.wav,6,kpop,7,pop,0.8138055801391602,0.826641857624054,0.005328733939677477,0.028262795880436897,0.050395380705595016,0.022903025150299072,0.0092890290543437,0.008227257989346981,0.001997597748413682,0.8138055801391602,0.011603531427681446,0.04818703234195709
1976,1976,datasets/audios/eastern_sliced/kpop/kpop_091_002.wav,6,kpop,7,pop,0.8173322677612305,0.820423424243927,0.00532938027754426,0.030240366235375404,0.046025365591049194,0.022317595779895782,0.009739941917359829,0.008972513489425182,0.001962126698344946,0.8173322677612305,0.012606562115252018,0.04547397419810295
1977,1977,datasets/audios/eastern_sliced/kpop/kpop_092_000.wav,6,kpop,7,pop,0.8767082691192627,0.6029481291770935,0.0024201320484280586,0.003401472931727767,0.019004004076123238,0.03250362351536751,0.017219383269548416,0.0027777531649917364,0.002199545269832015,0.8767082691192627,0.02272263541817665,0.021043159067630768
1978,1978,datasets/audios/eastern_sliced/kpop/kpop_092_001.wav,6,kpop,7,pop,0.6577943563461304,1.1012755632400513,0.0033352563623338938,0.006507467944175005,0.0336206778883934,0.20625874400138855,0.007669985294342041,0.0030238775070756674,0.007507605943828821,0.6577943563461304,0.02868952788412571,0.045592453330755234
1979,1979,datasets/audios/eastern_sliced/kpop/kpop_092_002.wav,6,kpop,7,pop,0.856071412563324,0.6527055501937866,0.0018714828183874488,0.004057001788169146,0.017583142966032028,0.05939995497465134,0.007332688197493553,0.0026125763542950153,0.003001627279445529,0.856071412563324,0.018213478848338127,0.029856525361537933
1980,1980,datasets/audios/eastern_sliced/kpop/kpop_093_000.wav,6,kpop,7,pop,0.9759649634361267,0.1571705937385559,0.00040040398016572,0.0009734666673466563,0.004902522079646587,0.004547770135104656,0.00428332295268774,0.0006024379981681705,0.00017173041123896837,0.9759649634361267,0.001894738874398172,0.00625868234783411
1981,1981,datasets/audios/eastern_sliced/kpop/kpop_093_001.wav,6,kpop,7,pop,0.9764742255210876,0.15439674258232117,0.00039054197259247303,0.0009328352753072977,0.004504519049078226,0.004324383568018675,0.005051933228969574,0.0005973155493848026,0.00016307979240082204,0.9764742255210876,0.0018398727988824248,0.0057211765088140965
1982,1982,datasets/audios/eastern_sliced/kpop/kpop_093_002.wav,6,kpop,7,pop,0.9786689281463623,0.13518869876861572,0.0001433663273928687,0.0009757978841662407,0.003603189717978239,0.0045379227958619595,0.0012795735383406281,0.00015901337610557675,8.282235648948699e-05,0.9786689281463623,0.0007051927968859673,0.00984408799558878
1983,1983,datasets/audios/eastern_sliced/kpop/kpop_094_000.wav,6,kpop,7,pop,0.9810978174209595,0.12740950286388397,0.00013761241280008107,0.0006363927968777716,0.002007444389164448,0.005071069113910198,0.003323144046589732,0.00034727316233329475,0.00010111537267221138,0.9810978174209595,0.0033717486076056957,0.003906333819031715
1984,1984,datasets/audios/eastern_sliced/kpop/kpop_094_001.wav,6,kpop,7,pop,0.6849277019500732,1.1717965602874756,0.0046507189981639385,0.022482480853796005,0.09172692894935608,0.022137640044093132,0.015213321894407272,0.006624974310398102,0.0037095530424267054,0.6849277019500732,0.09353403002023697,0.05499270185828209
1985,1985,datasets/audios/eastern_sliced/kpop/kpop_094_002.wav,6,kpop,7,pop,0.7424123287200928,1.027037262916565,0.003976253792643547,0.02769889496266842,0.08044607192277908,0.019269581884145737,0.010634747333824635,0.005195205099880695,0.0026255655102431774,0.7424123287200928,0.0503883957862854,0.05735297128558159
1986,1986,datasets/audios/eastern_sliced/kpop/kpop_095_000.wav,6,kpop,7,pop,0.9926779270172119,0.05579173564910889,5.646632780553773e-05,0.00019930377311538905,0.0014543392462655902,0.001574342604726553,0.0010964343091472983,9.736503852764145e-05,2.4176377337425947e-05,0.9926779270172119,0.0005558716366067529,0.0022638191003352404
1987,1987,datasets/audios/eastern_sliced/kpop/kpop_095_001.wav,6,kpop,7,pop,0.9845795631408691,0.10463736951351166,0.0001273727393709123,0.000728362356312573,0.005165810696780682,0.0029567116871476173,0.0011658517178148031,0.00015661751967854798,4.087888009962626e-05,0.9845795631408691,0.0006918947328813374,0.00438695028424263
1988,1988,datasets/audios/eastern_sliced/kpop/kpop_095_002.wav,6,kpop,7,pop,0.9905232787132263,0.06852449476718903,6.327346636680886e-05,0.0004299931169953197,0.003194555640220642,0.0017273119883611798,0.0006243700045160949,8.029943273868412e-05,1.8359918612986803e-05,0.9905232787132263,0.00038878145278431475,0.002949849469587207
1989,1989,datasets/audios/eastern_sliced/kpop/kpop_096_000.wav,6,kpop,7,pop,0.9022194147109985,0.5019170045852661,0.001687622512690723,0.00287223351188004,0.015797322615981102,0.024640560150146484,0.01879727654159069,0.002265348332002759,0.0014607056509703398,0.9022194147109985,0.013691739179193974,0.016567721962928772
1990,1990,datasets/audios/eastern_sliced/kpop/kpop_096_001.wav,6,kpop,7,pop,0.925137460231781,0.40530887246131897,0.0012278371723368764,0.002065441105514765,0.014137482270598412,0.016944928094744682,0.014512422494590282,0.0018927082419395447,0.0009315373608842492,0.925137460231781,0.011324669234454632,0.011825467459857464
1991,1991,datasets/audios/eastern_sliced/kpop/kpop_096_002.wav,6,kpop,7,pop,0.9063671827316284,0.47786566615104675,0.0014885697746649384,0.0028472794219851494,0.013278218917548656,0.02917596511542797,0.012051304802298546,0.0017297692829743028,0.0014718336751684546,0.9063671827316284,0.009013189934194088,0.02257671020925045
1992,1992,datasets/audios/eastern_sliced/kpop/kpop_097_000.wav,6,kpop,7,pop,0.9736586809158325,0.1680523157119751,0.0003272509202361107,0.0006952981348149478,0.0044434554874897,0.006605455186218023,0.0035655410028994083,0.00043430490768514574,0.00018873944645747542,0.9736586809158325,0.002578225452452898,0.0075029851868748665
1993,1993,datasets/audios/eastern_sliced/kpop/kpop_097_001.wav,6,kpop,7,pop,0.9735410809516907,0.1686362475156784,0.0003265530103817582,0.0006880898145027459,0.004423703067004681,0.006713808048516512,0.0035185890737921,0.00043470843229442835,0.00019138675997965038,0.9735410809516907,0.002627788810059428,0.0075343577191233635
1994,1994,datasets/audios/eastern_sliced/kpop/kpop_097_002.wav,6,kpop,7,pop,0.8739532828330994,0.5884068012237549,0.0018117738654837012,0.013011344708502293,0.01696779578924179,0.031990814954042435,0.004179260693490505,0.002595058409497142,0.0010063822846859694,0.8739532828330994,0.006346837617456913,0.048137445002794266
1995,1995,datasets/audios/eastern_sliced/kpop/kpop_098_000.wav,6,kpop,7,pop,0.8490294814109802,0.5471787452697754,0.0007667551399208605,0.0010328524513170123,0.11535460501909256,0.011142505332827568,0.0007297362899407744,0.00030108742066659033,0.0002480996772646904,0.8490294814109802,0.0011060237884521484,0.020288823172450066
1996,1996,datasets/audios/eastern_sliced/kpop/kpop_098_001.wav,6,kpop,7,pop,0.8712241649627686,0.4979456067085266,0.000591192627325654,0.0010949536226689816,0.09397315979003906,0.010980437509715557,0.0006842624861747026,0.00024303868121933192,0.00022086968237999827,0.8712241649627686,0.0010810736566781998,0.019906871020793915
1997,1997,datasets/audios/eastern_sliced/kpop/kpop_098_002.wav,6,kpop,7,pop,0.5611395239830017,1.4000465869903564,0.00664092693477869,0.023272119462490082,0.15023139119148254,0.08657597005367279,0.0049202702939510345,0.006070652510970831,0.008676432073116302,0.5611395239830017,0.028411846607923508,0.12406080961227417
1998,1998,datasets/audios/eastern_sliced/kpop/kpop_099_000.wav,6,kpop,7,pop,0.932676374912262,0.32108497619628906,0.0005351452273316681,0.0013977288035675883,0.045118384063243866,0.005974441766738892,0.001003203564323485,0.0005234961863607168,0.00021326726709958166,0.932676374912262,0.001614369684830308,0.010943636298179626
1999,1999,datasets/audios/eastern_sliced/kpop/kpop_099_001.wav,6,kpop,7,pop,0.9055715203285217,0.4627406597137451,0.0014261448523029685,0.011269244365394115,0.03823680430650711,0.009556097909808159,0.001901485724374652,0.0024756425991654396,0.00048173213144764304,0.9055715203285217,0.0033792585600167513,0.02570207417011261
2000,2000,datasets/audios/eastern_sliced/kpop/kpop_099_002.wav,6,kpop,7,pop,0.7744944095611572,0.9729129672050476,0.007809492759406567,0.04165676608681679,0.03247927874326706,0.02731391228735447,0.02476489543914795,0.011228743009269238,0.0031812675297260284,0.7744944095611572,0.01447244081646204,0.06259872764348984
2001,2001,datasets/audios/eastern_sliced/sitar/sitar_000_000.wav,7,sitar,1,classical,0.44477957487106323,1.7554482221603394,0.0362217053771019,0.44477957487106323,0.08491206169128418,0.029066791757941246,0.01921745389699936,0.07921651750802994,0.00905085913836956,0.16188086569309235,0.035060640424489975,0.10059351474046707
2002,2002,datasets/audios/eastern_sliced/sitar/sitar_000_001.wav,7,sitar,1,classical,0.28387120366096497,1.9678609371185303,0.06849886476993561,0.28387120366096497,0.038190003484487534,0.028657855466008186,0.0412757508456707,0.22038374841213226,0.011772713623940945,0.14578081667423248,0.06259533762931824,0.09897372126579285
2003,2003,datasets/audios/eastern_sliced/sitar/sitar_001_000.wav,7,sitar,7,pop,0.46218907833099365,1.77731454372406,0.02636563591659069,0.04744362086057663,0.02621310018002987,0.09851327538490295,0.10729622095823288,0.08188826590776443,0.010279604233801365,0.46218907833099365,0.09198412299156189,0.04782695323228836
2004,2004,datasets/audios/eastern_sliced/sitar/sitar_001_001.wav,7,sitar,7,pop,0.5845758318901062,1.5037720203399658,0.015590575523674488,0.043639302253723145,0.019002657383680344,0.050301384180784225,0.11100892722606659,0.06720184534788132,0.006791883613914251,0.5845758318901062,0.05094651132822037,0.05094103515148163
2005,2005,datasets/audios/eastern_sliced/sitar/sitar_002_000.wav,7,sitar,4,hiphop,0.2496725469827652,2.0302135944366455,0.035428136587142944,0.03778475150465965,0.04578226059675217,0.03364897146821022,0.2496725469827652,0.10222799330949783,0.04364810138940811,0.23716413974761963,0.1275525987148285,0.08709052205085754
2006,2006,datasets/audios/eastern_sliced/sitar/sitar_002_001.wav,7,sitar,4,hiphop,0.2507106363773346,2.051713466644287,0.03347695991396904,0.032325707376003265,0.04388686642050743,0.03082580491900444,0.2507106363773346,0.09510474652051926,0.06327323615550995,0.18784932792186737,0.16701321303844452,0.09553355723619461
2007,2007,datasets/audios/eastern_sliced/sitar/sitar_003_000.wav,7,sitar,5,jazz,0.40920716524124146,1.8274306058883667,0.1327172815799713,0.15200383961200714,0.012865472584962845,0.05793968588113785,0.03398586064577103,0.40920716524124146,0.012454508803784847,0.053379304707050323,0.08463631570339203,0.05081050097942352
2008,2008,datasets/audios/eastern_sliced/sitar/sitar_003_001.wav,7,sitar,0,blues,0.24599520862102509,2.030017614364624,0.24599520862102509,0.10175584256649017,0.016129691153764725,0.07935290038585663,0.08710107952356339,0.1968381106853485,0.016668830066919327,0.034987252205610275,0.1571444571018219,0.06402651220560074
2009,2009,datasets/audios/eastern_sliced/sitar/sitar_004_000.wav,7,sitar,2,country,0.22981588542461395,2.0900745391845703,0.15561047196388245,0.07339455187320709,0.22981588542461395,0.04062453657388687,0.1010260060429573,0.06576831638813019,0.024416550993919373,0.18259166181087494,0.028264809399843216,0.09848715364933014
2010,2010,datasets/audios/eastern_sliced/sitar/sitar_004_001.wav,7,sitar,2,country,0.1915714293718338,2.133486270904541,0.13528281450271606,0.06004263833165169,0.1915714293718338,0.0476531907916069,0.1641494333744049,0.07253595441579819,0.02805391140282154,0.1746365875005722,0.04077676683664322,0.08529718220233917
2011,2011,datasets/audios/eastern_sliced/sitar/sitar_005_000.wav,7,sitar,7,pop,0.5016071200370789,1.6741451025009155,0.01219948474317789,0.037715546786785126,0.025304071605205536,0.06387832760810852,0.14804445207118988,0.0534709095954895,0.01919952966272831,0.5016071200370789,0.08431551605463028,0.054265011101961136
2012,2012,datasets/audios/eastern_sliced/sitar/sitar_005_001.wav,7,sitar,7,pop,0.5937493443489075,1.492833137512207,0.007253839634358883,0.03758644312620163,0.024480139836668968,0.07446523010730743,0.0843450203537941,0.036269959062337875,0.015393438749015331,0.5937493443489075,0.07511978596448898,0.05133672058582306
2013,2013,datasets/audios/eastern_sliced/sitar/sitar_006_000.wav,7,sitar,7,pop,0.6295896172523499,1.4124183654785156,0.016560668125748634,0.06099782884120941,0.039839524775743484,0.06507793813943863,0.03134286031126976,0.03940855339169502,0.0074770390056073666,0.6295896172523499,0.02713858149945736,0.08256731182336807
2014,2014,datasets/audios/eastern_sliced/sitar/sitar_006_001.wav,7,sitar,7,pop,0.7726009488105774,0.981452226638794,0.007632794789969921,0.0440998412668705,0.024551814422011375,0.04029349982738495,0.015071784146130085,0.01959371753036976,0.003032226813957095,0.7726009488105774,0.015464331023395061,0.057659000158309937
2015,2015,datasets/audios/eastern_sliced/sitar/sitar_007_000.wav,7,sitar,5,jazz,0.28847771883010864,2.0148463249206543,0.06697236001491547,0.11302357167005539,0.02643507346510887,0.08429907262325287,0.06477963179349899,0.28847771883010864,0.011771888472139835,0.20374350249767303,0.08376165479421616,0.056735631078481674
2016,2016,datasets/audios/eastern_sliced/sitar/sitar_007_001.wav,7,sitar,7,pop,0.2492242455482483,2.0503056049346924,0.05915960296988487,0.08928884565830231,0.028740640729665756,0.11158735305070877,0.0652146115899086,0.21484807133674622,0.014541669748723507,0.2492242455482483,0.11352021247148514,0.05387474223971367
2017,2017,datasets/audios/eastern_sliced/sitar/sitar_008_000.wav,7,sitar,4,hiphop,0.23998503386974335,2.1447911262512207,0.10020893812179565,0.06154552102088928,0.06039854884147644,0.03128499910235405,0.23998503386974335,0.1274053156375885,0.043600115925073624,0.09409059584140778,0.15479257702827454,0.08668830245733261
2018,2018,datasets/audios/eastern_sliced/sitar/sitar_008_001.wav,7,sitar,4,hiphop,0.19430634379386902,2.1421053409576416,0.06834971159696579,0.07674195617437363,0.04832415282726288,0.03200250864028931,0.19430634379386902,0.1768202781677246,0.03349323198199272,0.1573893427848816,0.11578229814767838,0.09679020196199417
2019,2019,datasets/audios/eastern_sliced/sitar/sitar_009_000.wav,7,sitar,1,classical,0.6168625950813293,1.301867127418518,0.13673259317874908,0.6168625950813293,0.024312211200594902,0.006896105129271746,0.005095290951430798,0.09009558707475662,0.0056824516505002975,0.011257437989115715,0.01900588721036911,0.08405986428260803
2020,2020,datasets/audios/eastern_sliced/sitar/sitar_009_001.wav,7,sitar,1,classical,0.4744069576263428,1.5761927366256714,0.1842229813337326,0.4744069576263428,0.03845587000250816,0.00987393967807293,0.00755753368139267,0.11548454314470291,0.00903573539108038,0.01636582985520363,0.023540494963526726,0.12105610221624374
2021,2021,datasets/audios/eastern_sliced/sitar/sitar_010_000.wav,7,sitar,4,hiphop,0.3685094118118286,1.9125579595565796,0.06631390750408173,0.05053277686238289,0.016858167946338654,0.06679223477840424,0.3685094118118286,0.1288144290447235,0.011462749913334846,0.10769642889499664,0.14124369621276855,0.04177624732255936
2022,2022,datasets/audios/eastern_sliced/sitar/sitar_010_001.wav,7,sitar,1,classical,0.6016520261764526,1.430801272392273,0.09334108233451843,0.6016520261764526,0.06307443231344223,0.010825109668076038,0.01004289835691452,0.08839451521635056,0.010419841855764389,0.025212090462446213,0.022976331412792206,0.07406164705753326
2023,2023,datasets/audios/eastern_sliced/sitar/sitar_011_000.wav,7,sitar,7,pop,0.21053162217140198,2.2008566856384277,0.06374351680278778,0.1167498230934143,0.04547561705112457,0.05861347168684006,0.11798449605703354,0.12822827696800232,0.054203301668167114,0.21053162217140198,0.10008441656827927,0.10438545793294907
2024,2024,datasets/audios/eastern_sliced/sitar/sitar_011_001.wav,7,sitar,7,pop,0.2992055416107178,2.028559446334839,0.028404396027326584,0.061704229563474655,0.03605281561613083,0.06283610314130783,0.17060595750808716,0.1280505508184433,0.029973967000842094,0.2992055416107178,0.11682716012001038,0.06633929163217545
2025,2025,datasets/audios/eastern_sliced/sitar/sitar_012_000.wav,7,sitar,7,pop,0.590141236782074,1.440638542175293,0.023681433871388435,0.09820686280727386,0.02099965326488018,0.046730637550354004,0.013826885260641575,0.09248179942369461,0.0038434965535998344,0.590141236782074,0.015601063147187233,0.09448698163032532
2026,2026,datasets/audios/eastern_sliced/sitar/sitar_012_001.wav,7,sitar,7,pop,0.5938796997070312,1.4560937881469727,0.019200466573238373,0.10136176645755768,0.028718719258904457,0.05957235395908356,0.02292690984904766,0.05752769857645035,0.004691191948950291,0.5938796997070312,0.016825564205646515,0.09529566019773483
2027,2027,datasets/audios/eastern_sliced/sitar/sitar_013_000.wav,7,sitar,1,classical,0.46858108043670654,1.7277950048446655,0.04018643870949745,0.46858108043670654,0.08076070249080658,0.022256484255194664,0.019629361107945442,0.08993661403656006,0.008799131028354168,0.14024433493614197,0.03960689529776573,0.08999890834093094
2028,2028,datasets/audios/eastern_sliced/sitar/sitar_013_001.wav,7,sitar,7,pop,0.33707165718078613,1.9427555799484253,0.05794825404882431,0.11034373939037323,0.033543702214956284,0.06866790354251862,0.04475992172956467,0.20578500628471375,0.010625438764691353,0.33707165718078613,0.06421774625778198,0.06703665107488632
2029,2029,datasets/audios/eastern_sliced/sitar/sitar_014_000.wav,7,sitar,7,pop,0.6030294895172119,1.479867696762085,0.016016704961657524,0.048554591834545135,0.020672032609581947,0.05913211405277252,0.08374367654323578,0.058825794607400894,0.007025647442787886,0.6030294895172119,0.04730157181620598,0.055698368698358536
2030,2030,datasets/audios/eastern_sliced/sitar/sitar_014_001.wav,7,sitar,7,pop,0.4816495478153229,1.7194056510925293,0.02210300974547863,0.04594249278306961,0.01899850368499756,0.08187676966190338,0.12528514862060547,0.08576256036758423,0.00891921017318964,0.4816495478153229,0.08399239182472229,0.04547036066651344
2031,2031,datasets/audios/eastern_sliced/sitar/sitar_015_000.wav,7,sitar,4,hiphop,0.28100717067718506,2.024467706680298,0.03488919138908386,0.03057580627501011,0.04434456676244736,0.031201235949993134,0.28100717067718506,0.09139490127563477,0.05758408084511757,0.1885325163602829,0.15344160795211792,0.08702897280454636
2032,2032,datasets/audios/eastern_sliced/sitar/sitar_015_001.wav,7,sitar,7,pop,0.272880494594574,2.055622100830078,0.032262835651636124,0.06616101413965225,0.034955739974975586,0.028766898438334465,0.13704445958137512,0.14969855546951294,0.03973295912146568,0.272880494594574,0.11120406538248062,0.1272929608821869
2033,2033,datasets/audios/eastern_sliced/sitar/sitar_016_000.wav,7,sitar,5,jazz,0.20609968900680542,2.053633451461792,0.19506476819515228,0.09747590124607086,0.016936717554926872,0.09352226555347443,0.09005048125982285,0.20609968900680542,0.01694944128394127,0.041858285665512085,0.1871514618396759,0.054890893399715424
2034,2034,datasets/audios/eastern_sliced/sitar/sitar_016_001.wav,7,sitar,8,reggae,0.2314460426568985,2.0746779441833496,0.08360550552606583,0.0973452776670456,0.016974659636616707,0.1584869772195816,0.08478127419948578,0.17034082114696503,0.01597195863723755,0.09703542292118073,0.2314460426568985,0.04401204362511635
2035,2035,datasets/audios/eastern_sliced/sitar/sitar_017_000.wav,7,sitar,1,classical,0.31314581632614136,1.8473665714263916,0.018929854035377502,0.31314581632614136,0.058353908360004425,0.023339875042438507,0.022316956892609596,0.2252245992422104,0.0070528797805309296,0.17982466518878937,0.07115516066551208,0.08065629750490189
2036,2036,datasets/audios/eastern_sliced/sitar/sitar_017_001.wav,7,sitar,7,pop,0.3918643891811371,1.838058352470398,0.023070266470313072,0.1622416228055954,0.1277248114347458,0.02861873060464859,0.030185094103217125,0.08502599596977234,0.00739506259560585,0.3918643891811371,0.05163053423166275,0.09224354475736618
2037,2037,datasets/audios/eastern_sliced/sitar/sitar_018_000.wav,7,sitar,5,jazz,0.43689146637916565,1.7591880559921265,0.07016641646623611,0.10691139101982117,0.04072600603103638,0.01723659038543701,0.033404286950826645,0.43689146637916565,0.009537973441183567,0.1571485698223114,0.022667834535241127,0.10530947893857956
2038,2038,datasets/audios/eastern_sliced/sitar/sitar_018_001.wav,7,sitar,7,pop,0.6278578639030457,1.337073564529419,0.022612670436501503,0.03109174221754074,0.036712467670440674,0.018561681732535362,0.02313016913831234,0.15341830253601074,0.005100978538393974,0.6278578639030457,0.024611055850982666,0.05690300464630127
2039,2039,datasets/audios/eastern_sliced/sitar/sitar_019_000.wav,7,sitar,5,jazz,0.3042437732219696,1.8906899690628052,0.06305187195539474,0.16409596800804138,0.0368632897734642,0.02177090011537075,0.03293387219309807,0.3042437732219696,0.011488441377878189,0.19420841336250305,0.0235440731048584,0.14779949188232422
2040,2040,datasets/audios/eastern_sliced/sitar/sitar_019_001.wav,7,sitar,7,pop,0.3873251676559448,1.7526347637176514,0.03757176175713539,0.19438275694847107,0.03097057342529297,0.03052067756652832,0.019370676949620247,0.1113547682762146,0.007313828449696302,0.3873251676559448,0.020114386454224586,0.16107547283172607
2041,2041,datasets/audios/eastern_sliced/sitar/sitar_020_000.wav,7,sitar,7,pop,0.2020910382270813,2.132997751235962,0.06169905513525009,0.08851948380470276,0.10385751724243164,0.046216074377298355,0.17936132848262787,0.09891507774591446,0.026096990332007408,0.2020910382270813,0.03830466791987419,0.15493881702423096
2042,2042,datasets/audios/eastern_sliced/sitar/sitar_020_001.wav,7,sitar,5,jazz,0.1993204802274704,2.127122163772583,0.04859057068824768,0.10425868630409241,0.10014905035495758,0.025559626519680023,0.17042343318462372,0.1993204802274704,0.020728491246700287,0.152142733335495,0.07843676209449768,0.10039027780294418
2043,2043,datasets/audios/eastern_sliced/sitar/sitar_021_000.wav,7,sitar,5,jazz,0.3456557095050812,1.9093669652938843,0.14222070574760437,0.08875694870948792,0.04920979216694832,0.022055385634303093,0.0459304116666317,0.3456557095050812,0.016853196546435356,0.15105335414409637,0.015308588743209839,0.12295585125684738
2044,2044,datasets/audios/eastern_sliced/sitar/sitar_021_001.wav,7,sitar,1,classical,0.335418701171875,1.7992502450942993,0.043741971254348755,0.335418701171875,0.16239000856876373,0.01806163229048252,0.02068047598004341,0.0489518977701664,0.008342093788087368,0.22539953887462616,0.017474064603447914,0.11953958868980408
2045,2045,datasets/audios/eastern_sliced/sitar/sitar_022_000.wav,7,sitar,5,jazz,0.39881569147109985,1.8812618255615234,0.04638507217168808,0.1310911774635315,0.031183844432234764,0.024530543014407158,0.0788159966468811,0.39881569147109985,0.01656266115605831,0.12591630220413208,0.05325651168823242,0.09344219416379929
2046,2046,datasets/audios/eastern_sliced/sitar/sitar_022_001.wav,7,sitar,7,pop,0.25894156098365784,2.058340072631836,0.0443095900118351,0.12177908420562744,0.04409453272819519,0.04271253943443298,0.07510890811681747,0.1844218522310257,0.02768847532570362,0.25894156098365784,0.050842296332120895,0.15010111033916473
2047,2047,datasets/audios/eastern_sliced/sitar/sitar_023_000.wav,7,sitar,5,jazz,0.6701424717903137,1.2771116495132446,0.03541642054915428,0.09290015697479248,0.013378549367189407,0.0155337480828166,0.030926041305065155,0.6701424717903137,0.005049386061728001,0.06939314305782318,0.03169338032603264,0.03556663542985916
2048,2048,datasets/audios/eastern_sliced/sitar/sitar_023_001.wav,7,sitar,5,jazz,0.44543981552124023,1.8109169006347656,0.09430137276649475,0.07994574308395386,0.03569239005446434,0.03225521370768547,0.06605499237775803,0.44543981552124023,0.01105815451592207,0.1345522403717041,0.03655141964554787,0.06414861977100372
2049,2049,datasets/audios/eastern_sliced/sitar/sitar_024_000.wav,7,sitar,7,pop,0.6807165741920471,1.270493507385254,0.008536978624761105,0.02423006482422352,0.029631873592734337,0.04971081018447876,0.036604370921850204,0.054759301245212555,0.00592689448967576,0.6807165741920471,0.07131974399089813,0.03856336697936058
2050,2050,datasets/audios/eastern_sliced/sitar/sitar_024_001.wav,7,sitar,7,pop,0.5739432573318481,1.5033551454544067,0.010452707298099995,0.0258075762540102,0.028223007917404175,0.03858708590269089,0.08356892317533493,0.09104932099580765,0.00674519082531333,0.5739432573318481,0.10569772124290466,0.03592526912689209
2051,2051,datasets/audios/eastern_sliced/sitar/sitar_025_000.wav,7,sitar,7,pop,0.20742949843406677,2.1569533348083496,0.08079003542661667,0.13270193338394165,0.03275079280138016,0.12664549052715302,0.07481952756643295,0.16650515794754028,0.03329063206911087,0.20742949843406677,0.06579438596963882,0.0792725458741188
2052,2052,datasets/audios/eastern_sliced/sitar/sitar_025_001.wav,7,sitar,5,jazz,0.5065728425979614,1.619551658630371,0.09429757297039032,0.16681720316410065,0.022985117509961128,0.018226319923996925,0.029808122664690018,0.5065728425979614,0.010246445424854755,0.05663895234465599,0.027360763400793076,0.06704666465520859
2053,2053,datasets/audios/eastern_sliced/sitar/sitar_026_000.wav,7,sitar,5,jazz,0.4297238290309906,1.8571686744689941,0.09740756452083588,0.0873396247625351,0.015733662992715836,0.07755573838949203,0.04651757329702377,0.4297238290309906,0.015642628073692322,0.07427223771810532,0.1021905317902565,0.05361658334732056
2054,2054,datasets/audios/eastern_sliced/sitar/sitar_026_001.wav,7,sitar,5,jazz,0.2892485558986664,1.8354369401931763,0.036894649267196655,0.047176286578178406,0.014951124787330627,0.08782826364040375,0.14360125362873077,0.2892485558986664,0.01149098202586174,0.06395871937274933,0.2875823676586151,0.017267735674977303
2055,2055,datasets/audios/eastern_sliced/sitar/sitar_027_000.wav,7,sitar,7,pop,0.5572088956832886,1.4578138589859009,0.0058186911046504974,0.1865948885679245,0.03514346107840538,0.02224021404981613,0.026367615908384323,0.05240771546959877,0.0033574444241821766,0.5572088956832886,0.04105173423886299,0.06980935484170914
2056,2056,datasets/audios/eastern_sliced/sitar/sitar_027_001.wav,7,sitar,1,classical,0.24253638088703156,2.1097238063812256,0.0700521394610405,0.24253638088703156,0.08858221769332886,0.025838689878582954,0.05144099146127701,0.15131185948848724,0.040941447019577026,0.08980976045131683,0.06789694726467133,0.17158950865268707
2057,2057,datasets/audios/eastern_sliced/sitar/sitar_028_000.wav,7,sitar,5,jazz,0.2907838523387909,1.9504845142364502,0.04054463282227516,0.23699840903282166,0.07244537025690079,0.027730902656912804,0.036511678248643875,0.2907838523387909,0.01207964587956667,0.12874208390712738,0.0628085806965828,0.09135480225086212
2058,2058,datasets/audios/eastern_sliced/sitar/sitar_028_001.wav,7,sitar,7,pop,0.29647886753082275,2.0707669258117676,0.05361770838499069,0.1265379935503006,0.07133170962333679,0.061474818736314774,0.06759235262870789,0.1276533454656601,0.016166118904948235,0.29647886753082275,0.05750509724020958,0.12164197117090225
2059,2059,datasets/audios/eastern_sliced/sitar/sitar_029_000.wav,7,sitar,7,pop,0.5066767334938049,1.6431692838668823,0.02384023554623127,0.06417260318994522,0.1619301736354828,0.025134120136499405,0.03387005999684334,0.06784242391586304,0.006316782906651497,0.5066767334938049,0.043072737753391266,0.06714408844709396
2060,2060,datasets/audios/eastern_sliced/sitar/sitar_029_001.wav,7,sitar,7,pop,0.386404812335968,1.8428573608398438,0.03274688497185707,0.10627217590808868,0.17878851294517517,0.02420935593545437,0.03092414140701294,0.10073298960924149,0.007484789472073317,0.386404812335968,0.04411523416638374,0.08832116425037384
2061,2061,datasets/audios/eastern_sliced/sitar/sitar_030_000.wav,7,sitar,1,classical,0.7327824234962463,1.0692105293273926,0.045649267733097076,0.7327824234962463,0.020772643387317657,0.010974667966365814,0.004780093673616648,0.08923563361167908,0.004845604300498962,0.017809227108955383,0.01766357570886612,0.05548689886927605
2062,2062,datasets/audios/eastern_sliced/sitar/sitar_030_001.wav,7,sitar,1,classical,0.4295889437198639,1.7231528759002686,0.0765865296125412,0.4295889437198639,0.03543996438384056,0.0184936486184597,0.026942340657114983,0.2333085834980011,0.013675064779818058,0.042125582695007324,0.05000649020075798,0.07383295893669128
2063,2063,datasets/audios/eastern_sliced/sitar/sitar_031_000.wav,7,sitar,1,classical,0.39335697889328003,1.8035504817962646,0.07780441641807556,0.39335697889328003,0.08203055709600449,0.014754808507859707,0.0152521887794137,0.11943550407886505,0.008038295432925224,0.15252329409122467,0.01904355362057686,0.11776041239500046
2064,2064,datasets/audios/eastern_sliced/sitar/sitar_031_001.wav,7,sitar,1,classical,0.43250226974487305,1.7450631856918335,0.06327176094055176,0.43250226974487305,0.06125389412045479,0.013993548229336739,0.020029431208968163,0.16702108085155487,0.007940947078168392,0.11000830680131912,0.023246752098202705,0.1007319912314415
2065,2065,datasets/audios/eastern_sliced/sitar/sitar_032_000.wav,7,sitar,1,classical,0.5807428359985352,1.363581657409668,0.04819187521934509,0.5807428359985352,0.01392674632370472,0.006402906961739063,0.005791919305920601,0.10569853335618973,0.007027397397905588,0.047832198441028595,0.014429709874093533,0.16995596885681152
2066,2066,datasets/audios/eastern_sliced/sitar/sitar_032_001.wav,7,sitar,1,classical,0.5308108925819397,1.5600494146347046,0.03340240195393562,0.5308108925819397,0.04377337172627449,0.0135906171053648,0.011022072285413742,0.15009045600891113,0.011989457532763481,0.06832509487867355,0.029920239001512527,0.10707548260688782
2067,2067,datasets/audios/eastern_sliced/sitar/sitar_033_000.wav,7,sitar,7,pop,0.6679813265800476,1.2796897888183594,0.011147921904921532,0.06000702083110809,0.020836640149354935,0.0211777426302433,0.034287575632333755,0.061634231358766556,0.0052089206874370575,0.6679813265800476,0.02610396407544613,0.0916147381067276
2068,2068,datasets/audios/eastern_sliced/sitar/sitar_033_001.wav,7,sitar,7,pop,0.6505978107452393,1.3568181991577148,0.009263133630156517,0.04602532833814621,0.023857738822698593,0.03126461058855057,0.06050730496644974,0.05820745229721069,0.006777389906346798,0.6505978107452393,0.054232485592365265,0.059266649186611176
2069,2069,datasets/audios/eastern_sliced/sitar/sitar_034_000.wav,7,sitar,4,hiphop,0.26694831252098083,1.869136095046997,0.06995370239019394,0.026015378534793854,0.016268448904156685,0.08162349462509155,0.26694831252098083,0.23928727209568024,0.014708118513226509,0.05220997706055641,0.213816836476326,0.019168483093380928
2070,2070,datasets/audios/eastern_sliced/sitar/sitar_034_001.wav,7,sitar,1,classical,0.2907905876636505,1.9644429683685303,0.11165805160999298,0.2907905876636505,0.040299657732248306,0.02529553323984146,0.03509777411818504,0.2285294085741043,0.01874937117099762,0.060499463230371475,0.06879342347383499,0.12028667330741882
2071,2071,datasets/audios/eastern_sliced/sitar/sitar_035_000.wav,7,sitar,0,blues,0.2594693601131439,1.8731880187988281,0.2594693601131439,0.14679692685604095,0.03762027621269226,0.023415906354784966,0.01652100682258606,0.25902777910232544,0.01934228464961052,0.02056884951889515,0.16065140068531036,0.056586164981126785
2072,2072,datasets/audios/eastern_sliced/sitar/sitar_035_001.wav,7,sitar,5,jazz,0.39416298270225525,1.811841607093811,0.1766989380121231,0.12745401263237,0.0262165367603302,0.029946262016892433,0.015455495566129684,0.39416298270225525,0.014710487797856331,0.043497465550899506,0.11369417607784271,0.05816371738910675
2073,2073,datasets/audios/eastern_sliced/sitar/sitar_036_000.wav,7,sitar,8,reggae,0.205911323428154,2.101916790008545,0.07202129811048508,0.09489250183105469,0.033522460609674454,0.09363823384046555,0.20370922982692719,0.12679147720336914,0.012973115779459476,0.10990266501903534,0.205911323428154,0.04663778841495514
2074,2074,datasets/audios/eastern_sliced/sitar/sitar_036_001.wav,7,sitar,8,reggae,0.29968029260635376,2.0085997581481934,0.05163200572133064,0.05541005730628967,0.055418580770492554,0.07621153444051743,0.19271758198738098,0.08389052748680115,0.014125949703156948,0.13309763371944427,0.29968029260635376,0.03781573846936226
2075,2075,datasets/audios/eastern_sliced/sitar/sitar_037_000.wav,7,sitar,7,pop,0.21815401315689087,2.1062395572662354,0.04678383842110634,0.08925697207450867,0.05198858305811882,0.09509776532649994,0.13882538676261902,0.1109132394194603,0.01701194979250431,0.21815401315689087,0.18882112205028534,0.043147213757038116
2076,2076,datasets/audios/eastern_sliced/sitar/sitar_037_001.wav,7,sitar,7,pop,0.2373313009738922,2.1342926025390625,0.07946199178695679,0.11481871455907822,0.08040275424718857,0.07531844824552536,0.06371209025382996,0.11021210998296738,0.016368091106414795,0.2373313009738922,0.16624528169631958,0.05612925440073013
2077,2077,datasets/audios/eastern_sliced/sitar/sitar_038_000.wav,7,sitar,7,pop,0.16680514812469482,2.1625468730926514,0.08939755707979202,0.15087753534317017,0.04097343236207962,0.03797559440135956,0.1415475755929947,0.13922551274299622,0.0406181737780571,0.16680514812469482,0.04868457838892937,0.14389494061470032
2078,2078,datasets/audios/eastern_sliced/sitar/sitar_038_001.wav,7,sitar,1,classical,0.17670872807502747,2.1468088626861572,0.11443956196308136,0.17670872807502747,0.040055129677057266,0.03548166900873184,0.11226803064346313,0.13108712434768677,0.041288699954748154,0.13993839919567108,0.038261424750089645,0.1704711765050888
2079,2079,datasets/audios/eastern_sliced/sitar/sitar_039_000.wav,7,sitar,5,jazz,0.28479495644569397,2.028508186340332,0.06256120651960373,0.14082063734531403,0.013680629432201385,0.09363912045955658,0.09070630371570587,0.28479495644569397,0.010184280574321747,0.14518404006958008,0.09980467706918716,0.05862411484122276
2080,2080,datasets/audios/eastern_sliced/sitar/sitar_039_001.wav,7,sitar,5,jazz,0.2532700300216675,2.0744197368621826,0.08523797243833542,0.1112341582775116,0.017369532957673073,0.07348259538412094,0.162362203001976,0.2532700300216675,0.013841072097420692,0.1349780410528183,0.0781916007399559,0.07003277540206909
2081,2081,datasets/audios/eastern_sliced/sitar/sitar_040_000.wav,7,sitar,7,pop,0.5957592725753784,1.485144853591919,0.01517560612410307,0.06124506890773773,0.02105965092778206,0.05982488393783569,0.05629228428006172,0.04420788586139679,0.00647140946239233,0.5957592725753784,0.09910731017589569,0.04085661843419075
2082,2082,datasets/audios/eastern_sliced/sitar/sitar_040_001.wav,7,sitar,7,pop,0.4380421042442322,1.7407395839691162,0.018676137551665306,0.044080689549446106,0.02454967051744461,0.06334827840328217,0.12296224385499954,0.06939353048801422,0.00820072926580906,0.4380421042442322,0.17800372838974,0.0327429324388504
2083,2083,datasets/audios/eastern_sliced/sitar/sitar_041_000.wav,7,sitar,7,pop,0.560939371585846,1.531945824623108,0.01863340102136135,0.09321215748786926,0.02623448148369789,0.023206666111946106,0.03738047927618027,0.08538330346345901,0.008798851631581783,0.560939371585846,0.029621388763189316,0.11658985167741776
2084,2084,datasets/audios/eastern_sliced/sitar/sitar_041_001.wav,7,sitar,7,pop,0.5085707306861877,1.69244384765625,0.019398145377635956,0.09591615200042725,0.029959822073578835,0.038956791162490845,0.05888763442635536,0.0754745826125145,0.015708565711975098,0.5085707306861877,0.04946709796786308,0.1076604425907135
2085,2085,datasets/audios/eastern_sliced/sitar/sitar_042_000.wav,7,sitar,8,reggae,0.33198291063308716,1.6938122510910034,0.07009812444448471,0.13351628184318542,0.017426306381821632,0.03062025085091591,0.03232698515057564,0.3277401924133301,0.008308612741529942,0.025027457624673843,0.33198291063308716,0.02295290119946003
2086,2086,datasets/audios/eastern_sliced/sitar/sitar_042_001.wav,7,sitar,8,reggae,0.3047221899032593,1.8933128118515015,0.05341996252536774,0.03724268451333046,0.016083961352705956,0.10864618420600891,0.13705627620220184,0.2304643839597702,0.012737004086375237,0.08058590441942215,0.3047221899032593,0.019041527062654495
2087,2087,datasets/audios/eastern_sliced/sitar/sitar_043_000.wav,7,sitar,5,jazz,0.32666251063346863,2.0359294414520264,0.08966923505067825,0.10424739867448807,0.03378766402602196,0.048224303871393204,0.1276024878025055,0.32666251063346863,0.02397998794913292,0.07811345160007477,0.11137839406728745,0.05633465573191643
2088,2088,datasets/audios/eastern_sliced/sitar/sitar_043_001.wav,7,sitar,5,jazz,0.23186463117599487,2.1219046115875244,0.07877814769744873,0.09291846305131912,0.04149238392710686,0.056097980588674545,0.1888519674539566,0.23186463117599487,0.023168127983808517,0.11582287400960922,0.10348387062549591,0.0675216093659401
2089,2089,datasets/audios/eastern_sliced/sitar/sitar_044_000.wav,7,sitar,8,reggae,0.19421307742595673,2.1463510990142822,0.08462998270988464,0.0842994824051857,0.06630698591470718,0.07332637906074524,0.051032375544309616,0.16211901605129242,0.02074860967695713,0.1847558468580246,0.19421307742595673,0.07856830209493637
2090,2090,datasets/audios/eastern_sliced/sitar/sitar_044_001.wav,7,sitar,1,classical,0.6203423142433167,1.3103512525558472,0.036957379430532455,0.6203423142433167,0.015719851478934288,0.00894959457218647,0.004711652174592018,0.11303744465112686,0.003963898867368698,0.080839604139328,0.012019922025501728,0.10345829278230667
2091,2091,datasets/audios/eastern_sliced/sitar/sitar_045_000.wav,7,sitar,5,jazz,0.20613177120685577,2.092284917831421,0.0553751140832901,0.16655035316944122,0.041212353855371475,0.054420292377471924,0.0855315625667572,0.20613177120685577,0.011556687764823437,0.18869934976100922,0.1196984052658081,0.07082413882017136
2092,2092,datasets/audios/eastern_sliced/sitar/sitar_045_001.wav,7,sitar,7,pop,0.20367762446403503,2.094752073287964,0.05350906774401665,0.08807841688394547,0.03731376677751541,0.1265307068824768,0.14816531538963318,0.08330459147691727,0.012190867215394974,0.20367762446403503,0.19568738341331482,0.05154219642281532
2093,2093,datasets/audios/eastern_sliced/sitar/sitar_046_000.wav,7,sitar,1,classical,0.25642210245132446,2.0525686740875244,0.14461781084537506,0.25642210245132446,0.07887394726276398,0.02230389043688774,0.04384965822100639,0.15568113327026367,0.030995763838291168,0.07988497614860535,0.03402906656265259,0.15334166586399078
2094,2094,datasets/audios/eastern_sliced/sitar/sitar_046_001.wav,7,sitar,1,classical,0.17567037045955658,2.171220064163208,0.11453133821487427,0.17567037045955658,0.07672224193811417,0.026262672618031502,0.08186634629964828,0.1752978265285492,0.049288809299468994,0.09393151849508286,0.05395744368433952,0.15247146785259247
2095,2095,datasets/audios/eastern_sliced/sitar/sitar_047_000.wav,7,sitar,7,pop,0.31481000781059265,1.9297900199890137,0.03766082227230072,0.1772388517856598,0.022451722994446754,0.034499432891607285,0.08795074373483658,0.10186229646205902,0.01760675199329853,0.31481000781059265,0.03345920145511627,0.17246019840240479
2096,2096,datasets/audios/eastern_sliced/sitar/sitar_047_001.wav,7,sitar,1,classical,0.6918953061103821,1.1744369268417358,0.05698032304644585,0.6918953061103821,0.023435205221176147,0.011075365357100964,0.006549546029418707,0.10276022553443909,0.005342586897313595,0.018855614587664604,0.017065193504095078,0.06604070961475372
2097,2097,datasets/audios/eastern_sliced/sitar/sitar_048_000.wav,7,sitar,1,classical,0.4167231023311615,1.8142777681350708,0.07722951471805573,0.4167231023311615,0.08108648657798767,0.01459084264934063,0.02478726953268051,0.09211589395999908,0.011440431699156761,0.13534459471702576,0.02808808535337448,0.11859366297721863
2098,2098,datasets/audios/eastern_sliced/sitar/sitar_048_001.wav,7,sitar,1,classical,0.3927615284919739,1.8173375129699707,0.09276807308197021,0.3927615284919739,0.08260536938905716,0.015130854211747646,0.014677489176392555,0.14116843044757843,0.00950117502361536,0.11455824226140976,0.020249005407094955,0.11657984554767609
2099,2099,datasets/audios/eastern_sliced/sitar/sitar_049_000.wav,7,sitar,7,pop,0.5086501836776733,1.5427030324935913,0.012258082628250122,0.0255049429833889,0.022158820182085037,0.07156351208686829,0.0837380513548851,0.04047251120209694,0.006179059389978647,0.5086501836776733,0.20791389048099518,0.0215609073638916
2100,2100,datasets/audios/eastern_sliced/sitar/sitar_049_001.wav,7,sitar,1,classical,0.6977924108505249,1.102547526359558,0.02876911126077175,0.6977924108505249,0.01228068396449089,0.005105579271912575,0.0035465219989418983,0.1108466312289238,0.004328057635575533,0.03281869366765022,0.009942449629306793,0.09456983953714371
2101,2101,datasets/audios/eastern_sliced/sitar/sitar_050_000.wav,7,sitar,7,pop,0.625679612159729,1.4071208238601685,0.0112612871453166,0.06379695236682892,0.02339964546263218,0.026622388511896133,0.054256293922662735,0.06627914309501648,0.006582073401659727,0.625679612159729,0.03760351613163948,0.08451904356479645
2102,2102,datasets/audios/eastern_sliced/sitar/sitar_050_001.wav,7,sitar,7,pop,0.6951380968093872,1.2067582607269287,0.010984205640852451,0.05226901173591614,0.02051917277276516,0.02066742815077305,0.031478770077228546,0.05253627896308899,0.005064481403678656,0.6951380968093872,0.02204536646604538,0.08929719775915146
2103,2103,datasets/audios/eastern_sliced/sitar/sitar_051_000.wav,7,sitar,4,hiphop,0.302996963262558,1.7918593883514404,0.056929826736450195,0.019511621445417404,0.014656530693173409,0.07650843262672424,0.302996963262558,0.19906501471996307,0.011875110678374767,0.049709707498550415,0.2546560764312744,0.014090743847191334
2104,2104,datasets/audios/eastern_sliced/sitar/sitar_051_001.wav,7,sitar,5,jazz,0.2590095102787018,1.8748140335083008,0.07143881916999817,0.03413214534521103,0.018622148782014847,0.06826683133840561,0.21959315240383148,0.2590095102787018,0.014242280274629593,0.04669485241174698,0.24674230813980103,0.02125793695449829
2105,2105,datasets/audios/eastern_sliced/sitar/sitar_052_000.wav,7,sitar,1,classical,0.34344905614852905,1.8372180461883545,0.23535893857479095,0.34344905614852905,0.042532242834568024,0.03011668287217617,0.01780792511999607,0.11723624914884567,0.01664499193429947,0.030657878145575523,0.041682276874780655,0.12451374530792236
2106,2106,datasets/audios/eastern_sliced/sitar/sitar_052_001.wav,7,sitar,5,jazz,0.29818278551101685,1.8408582210540771,0.22904475033283234,0.12291800230741501,0.029975492507219315,0.025206148624420166,0.017697151750326157,0.29818278551101685,0.01799882762134075,0.02188403159379959,0.18992260098457336,0.04717019945383072
2107,2107,datasets/audios/eastern_sliced/sitar/sitar_053_000.wav,7,sitar,8,reggae,0.26250314712524414,2.0394704341888428,0.09754996746778488,0.136738583445549,0.032875560224056244,0.07329841703176498,0.09114077687263489,0.19598545134067535,0.012046285904943943,0.055078599601984024,0.26250314712524414,0.04278320446610451
2108,2108,datasets/audios/eastern_sliced/sitar/sitar_053_001.wav,7,sitar,8,reggae,0.22300198674201965,2.074573516845703,0.08014804869890213,0.07949736714363098,0.03318328410387039,0.09246104955673218,0.22258272767066956,0.1155732199549675,0.01384720765054226,0.0979984849691391,0.22300198674201965,0.04170657694339752
2109,2109,datasets/audios/eastern_sliced/sitar/sitar_054_000.wav,7,sitar,7,pop,0.27223968505859375,2.1212592124938965,0.05509345233440399,0.10012254118919373,0.08140601217746735,0.06981435418128967,0.12034118920564651,0.0896141454577446,0.020026765763759613,0.27223968505859375,0.12842796742916107,0.06291387230157852
2110,2110,datasets/audios/eastern_sliced/sitar/sitar_054_001.wav,7,sitar,7,pop,0.22319625318050385,2.097912549972534,0.04759879410266876,0.08144693076610565,0.05084288492798805,0.09935634583234787,0.1424957662820816,0.10642296820878983,0.016837123781442642,0.22319625318050385,0.189981609582901,0.041821353137493134
