feature_index,path,label,label_id,duration_seconds,processed_seconds,skipped_tail_seconds,source_sample_rate,target_sample_rate,num_chunks
0,/home/dt2119/dt2119/music_classification/datasets/audios/western_data/genres_original/blues/blues.00000.wav,blues,0,30.013333333333332,30.0,0.013333333333333334,22050,24000,1
1,/home/dt2119/dt2119/music_classification/datasets/audios/western_data/genres_original/blues/blues.00001.wav,blues,0,30.013333333333332,30.0,0.013333333333333334,22050,24000,1
2,/home/dt2119/dt2119/music_classification/datasets/audios/western_data/genres_original/blues/blues.00002.wav,blues,0,30.013333333333332,30.0,0.013333333333333334,22050,24000,1
3,/home/dt2119/dt2119/music_classification/datasets/audios/western_data/genres_original/blues/blues.00003.wav,blues,0,30.013333333333332,30.0,0.013333333333333334,22050,24000,1
4,/home/dt2119/dt2119/music_classification/datasets/audios/western_data/genres_original/blues/blues.00004.wav,blues,0,30.013333333333332,30.0,0.013333333333333334,22050,24000,1
5,/home/dt2119/dt2119/music_classification/datasets/audios/western_data/genres_original/blues/blues.00005.wav,blues,0,30.013333333333332,30.0,0.013333333333333334,22050,24000,1
6,/home/dt2119/dt2119/music_classification/datasets/audios/western_data/genres_original/blues/blues.00006.wav,blues,0,30.013333333333332,30.0,0.013333333333333334,22050,24000,1
7,/home/dt2119/dt2119/music_classification/datasets/audios/western_data/genres_original/blues/blues.00007.wav,blues,0,30.013333333333332,30.0,0.013333333333333334,22050,24000,1
8,/home/dt2119/dt2119/music_classification/datasets/audios/western_data/genres_original/blues/blues.00008.wav,blues,0,30.013333333333332,30.0,0.013333333333333334,22050,24000,1
9,/home/dt2119/dt2119/music_classification/datasets/audios/western_data/genres_original/blues/blues.00009.wav,blues,0,30.013333333333332,30.0,0.013333333333333334,22050,24000,1
10,/home/dt2119/dt2119/music_classification/datasets/audios/western_data/genres_original/blues/blues.00010.wav,blues,0,30.013333333333332,30.0,0.013333333333333334,22050,24000,1
11,/home/dt2119/dt2119/music_classification/datasets/audios/western_data/genres_original/blues/blues.00011.wav,blues,0,30.013333333333332,30.0,0.013333333333333334,22050,24000,1
12,/home/dt2119/dt2119/music_classification/datasets/audios/western_data/genres_original/blues/blues.00012.wav,blues,0,30.013333333333332,30.0,0.013333333333333334,22050,24000,1
13,/home/dt2119/dt2119/music_classification/datasets/audios/western_data/genres_original/blues/blues.00013.wav,blues,0,30.013333333333332,30.0,0.013333333333333334,22050,24000,1
14,/home/dt2119/dt2119/music_classification/datasets/audios/western_data/genres_original/blues/blues.00014.wav,blues,0,30.013333333333332,30.0,0.013333333333333334,22050,24000,1
15,/home/dt2119/dt2119/music_classification/datasets/audios/western_data/genres_original/blues/blues.00015.wav,blues,0,30.013333333333332,30.0,0.013333333333333334,22050,24000,1
16,/home/dt2119/dt2119/music_classification/datasets/audios/western_data/genres_original/blues/blues.00016.wav,blues,0,30.013333333333332,30.0,0.013333333333333334,22050,24000,1
17,/home/dt2119/dt2119/music_classification/datasets/audios/western_data/genres_original/blues/blues.00017.wav,blues,0,30.013333333333332,30.0,0.013333333333333334,22050,24000,1
18,/home/dt2119/dt2119/music_classification/datasets/audios/western_data/genres_original/blues/blues.00018.wav,blues,0,30.013333333333332,30.0,0.013333333333333334,22050,24000,1
19,/home/dt2119/dt2119/music_classification/datasets/audios/western_data/genres_original/blues/blues.00019.wav,blues,0,30.013333333333332,30.0,0.013333333333333334,22050,24000,1
20,/home/dt2119/dt2119/music_classification/datasets/audios/western_data/genres_original/blues/blues.00020.wav,blues,0,30.013333333333332,30.0,0.013333333333333334,22050,24000,1
21,/home/dt2119/dt2119/music_classification/datasets/audios/western_data/genres_original/blues/blues.00021.wav,blues,0,30.013333333333332,30.0,0.013333333333333334,22050,24000,1
22,/home/dt2119/dt2119/music_classification/datasets/audios/western_data/genres_original/blues/blues.00022.wav,blues,0,30.013333333333332,30.0,0.013333333333333334,22050,24000,1
23,/home/dt2119/dt2119/music_classification/datasets/audios/western_data/genres_original/blues/blues.00023.wav,blues,0,30.013333333333332,30.0,0.013333333333333334,22050,24000,1
24,/home/dt2119/dt2119/music_classification/datasets/audios/western_data/genres_original/blues/blues.00024.wav,blues,0,30.013333333333332,30.0,0.013333333333333334,22050,24000,1
25,/home/dt2119/dt2119/music_classification/datasets/audios/western_data/genres_original/blues/blues.00025.wav,blues,0,30.013333333333332,30.0,0.013333333333333334,22050,24000,1
26,/home/dt2119/dt2119/music_classification/datasets/audios/western_data/genres_original/blues/blues.00026.wav,blues,0,30.013333333333332,30.0,0.013333333333333334,22050,24000,1
27,/home/dt2119/dt2119/music_classification/datasets/audios/western_data/genres_original/blues/blues.00027.wav,blues,0,30.013333333333332,30.0,0.013333333333333334,22050,24000,1
28,/home/dt2119/dt2119/music_classification/datasets/audios/western_data/genres_original/blues/blues.00028.wav,blues,0,30.013333333333332,30.0,0.013333333333333334,22050,24000,1
29,/home/dt2119/dt2119/music_classification/datasets/audios/western_data/genres_original/blues/blues.00029.wav,blues,0,30.013333333333332,30.0,0.013333333333333334,22050,24000,1
30,/home/dt2119/dt2119/music_classification/datasets/audios/western_data/genres_original/blues/blues.00030.wav,blues,0,30.013333333333332,30.0,0.013333333333333334,22050,24000,1
31,/home/dt2119/dt2119/music_classification/datasets/audios/western_data/genres_original/blues/blues.00031.wav,blues,0,30.013333333333332,30.0,0.013333333333333334,22050,24000,1
32,/home/dt2119/dt2119/music_classification/datasets/audios/western_data/genres_original/blues/blues.00032.wav,blues,0,30.013333333333332,30.0,0.013333333333333334,22050,24000,1
33,/home/dt2119/dt2119/music_classification/datasets/audios/western_data/genres_original/blues/blues.00033.wav,blues,0,30.013333333333332,30.0,0.013333333333333334,22050,24000,1
34,/home/dt2119/dt2119/music_classification/datasets/audios/western_data/genres_original/blues/blues.00034.wav,blues,0,30.013333333333332,30.0,0.013333333333333334,22050,24000,1
35,/home/dt2119/dt2119/music_classification/datasets/audios/western_data/genres_original/blues/blues.00035.wav,blues,0,30.013333333333332,30.0,0.013333333333333334,22050,24000,1
36,/home/dt2119/dt2119/music_classification/datasets/audios/western_data/genres_original/blues/blues.00036.wav,blues,0,30.013333333333332,30.0,0.013333333333333334,22050,24000,1
37,/home/dt2119/dt2119/music_classification/datasets/audios/western_data/genres_original/blues/blues.00037.wav,blues,0,30.013333333333332,30.0,0.013333333333333334,22050,24000,1
38,/home/dt2119/dt2119/music_classification/datasets/audios/western_data/genres_original/blues/blues.00038.wav,blues,0,30.013333333333332,30.0,0.013333333333333334,22050,24000,1
39,/home/dt2119/dt2119/music_classification/datasets/audios/western_data/genres_original/blues/blues.00039.wav,blues,0,30.013333333333332,30.0,0.013333333333333334,22050,24000,1
40,/home/dt2119/dt2119/music_classification/datasets/audios/western_data/genres_original/blues/blues.00040.wav,blues,0,30.013333333333332,30.0,0.013333333333333334,22050,24000,1
41,/home/dt2119/dt2119/music_classification/datasets/audios/western_data/genres_original/blues/blues.00041.wav,blues,0,30.013333333333332,30.0,0.013333333333333334,22050,24000,1
42,/home/dt2119/dt2119/music_classification/datasets/audios/western_data/genres_original/blues/blues.00042.wav,blues,0,30.013333333333332,30.0,0.013333333333333334,22050,24000,1
43,/home/dt2119/dt2119/music_classification/datasets/audios/western_data/genres_original/blues/blues.00043.wav,blues,0,30.013333333333332,30.0,0.013333333333333334,22050,24000,1
44,/home/dt2119/dt2119/music_classification/datasets/audios/western_data/genres_original/blues/blues.00044.wav,blues,0,30.013333333333332,30.0,0.013333333333333334,22050,24000,1
45,/home/dt2119/dt2119/music_classification/datasets/audios/western_data/genres_original/blues/blues.00045.wav,blues,0,30.013333333333332,30.0,0.013333333333333334,22050,24000,1
46,/home/dt2119/dt2119/music_classification/datasets/audios/western_data/genres_original/blues/blues.00046.wav,blues,0,30.013333333333332,30.0,0.013333333333333334,22050,24000,1
47,/home/dt2119/dt2119/music_classification/datasets/audios/western_data/genres_original/blues/blues.00047.wav,blues,0,30.013333333333332,30.0,0.013333333333333334,22050,24000,1
48,/home/dt2119/dt2119/music_classification/datasets/audios/western_data/genres_original/blues/blues.00048.wav,blues,0,30.013333333333332,30.0,0.013333333333333334,22050,24000,1
49,/home/dt2119/dt2119/music_classification/datasets/audios/western_data/genres_original/blues/blues.00049.wav,blues,0,30.013333333333332,30.0,0.013333333333333334,22050,24000,1
50,/home/dt2119/dt2119/music_classification/datasets/audios/western_data/genres_original/blues/blues.00050.wav,blues,0,30.013333333333332,30.0,0.013333333333333334,22050,24000,1
51,/home/dt2119/dt2119/music_classification/datasets/audios/western_data/genres_original/blues/blues.00051.wav,blues,0,30.013333333333332,30.0,0.013333333333333334,22050,24000,1
52,/home/dt2119/dt2119/music_classification/datasets/audios/western_data/genres_original/blues/blues.00052.wav,blues,0,30.013333333333332,30.0,0.013333333333333334,22050,24000,1
53,/home/dt2119/dt2119/music_classification/datasets/audios/western_data/genres_original/blues/blues.00053.wav,blues,0,30.013333333333332,30.0,0.013333333333333334,22050,24000,1
54,/home/dt2119/dt2119/music_classification/datasets/audios/western_data/genres_original/blues/blues.00054.wav,blues,0,30.013333333333332,30.0,0.013333333333333334,22050,24000,1
55,/home/dt2119/dt2119/music_classification/datasets/audios/western_data/genres_original/blues/blues.00055.wav,blues,0,30.013333333333332,30.0,0.013333333333333334,22050,24000,1
56,/home/dt2119/dt2119/music_classification/datasets/audios/western_data/genres_original/blues/blues.00056.wav,blues,0,30.013333333333332,30.0,0.013333333333333334,22050,24000,1
57,/home/dt2119/dt2119/music_classification/datasets/audios/western_data/genres_original/blues/blues.00057.wav,blues,0,30.013333333333332,30.0,0.013333333333333334,22050,24000,1
58,/home/dt2119/dt2119/music_classification/datasets/audios/western_data/genres_original/blues/blues.00058.wav,blues,0,30.013333333333332,30.0,0.013333333333333334,22050,24000,1
59,/home/dt2119/dt2119/music_classification/datasets/audios/western_data/genres_original/blues/blues.00059.wav,blues,0,30.013333333333332,30.0,0.013333333333333334,22050,24000,1
60,/home/dt2119/dt2119/music_classification/datasets/audios/western_data/genres_original/blues/blues.00060.wav,blues,0,30.013333333333332,30.0,0.013333333333333334,22050,24000,1
61,/home/dt2119/dt2119/music_classification/datasets/audios/western_data/genres_original/blues/blues.00061.wav,blues,0,30.013333333333332,30.0,0.013333333333333334,22050,24000,1
62,/home/dt2119/dt2119/music_classification/datasets/audios/western_data/genres_original/blues/blues.00062.wav,blues,0,30.013333333333332,30.0,0.013333333333333334,22050,24000,1
63,/home/dt2119/dt2119/music_classification/datasets/audios/western_data/genres_original/blues/blues.00063.wav,blues,0,30.013333333333332,30.0,0.013333333333333334,22050,24000,1
64,/home/dt2119/dt2119/music_classification/datasets/audios/western_data/genres_original/blues/blues.00064.wav,blues,0,30.013333333333332,30.0,0.013333333333333334,22050,24000,1
65,/home/dt2119/dt2119/music_classification/datasets/audios/western_data/genres_original/blues/blues.00065.wav,blues,0,30.013333333333332,30.0,0.013333333333333334,22050,24000,1
66,/home/dt2119/dt2119/music_classification/datasets/audios/western_data/genres_original/blues/blues.00066.wav,blues,0,30.013333333333332,30.0,0.013333333333333334,22050,24000,1
67,/home/dt2119/dt2119/music_classification/datasets/audios/western_data/genres_original/blues/blues.00067.wav,blues,0,30.013333333333332,30.0,0.013333333333333334,22050,24000,1
68,/home/dt2119/dt2119/music_classification/datasets/audios/western_data/genres_original/blues/blues.00068.wav,blues,0,30.013333333333332,30.0,0.013333333333333334,22050,24000,1
69,/home/dt2119/dt2119/music_classification/datasets/audios/western_data/genres_original/blues/blues.00069.wav,blues,0,30.013333333333332,30.0,0.013333333333333334,22050,24000,1
70,/home/dt2119/dt2119/music_classification/datasets/audios/western_data/genres_original/blues/blues.00070.wav,blues,0,30.013333333333332,30.0,0.013333333333333334,22050,24000,1
71,/home/dt2119/dt2119/music_classification/datasets/audios/western_data/genres_original/blues/blues.00071.wav,blues,0,30.013333333333332,30.0,0.013333333333333334,22050,24000,1
72,/home/dt2119/dt2119/music_classification/datasets/audios/western_data/genres_original/blues/blues.00072.wav,blues,0,30.013333333333332,30.0,0.013333333333333334,22050,24000,1
73,/home/dt2119/dt2119/music_classification/datasets/audios/western_data/genres_original/blues/blues.00073.wav,blues,0,30.013333333333332,30.0,0.013333333333333334,22050,24000,1
74,/home/dt2119/dt2119/music_classification/datasets/audios/western_data/genres_original/blues/blues.00074.wav,blues,0,30.013333333333332,30.0,0.013333333333333334,22050,24000,1
75,/home/dt2119/dt2119/music_classification/datasets/audios/western_data/genres_original/blues/blues.00075.wav,blues,0,30.013333333333332,30.0,0.013333333333333334,22050,24000,1
76,/home/dt2119/dt2119/music_classification/datasets/audios/western_data/genres_original/blues/blues.00076.wav,blues,0,30.013333333333332,30.0,0.013333333333333334,22050,24000,1
77,/home/dt2119/dt2119/music_classification/datasets/audios/western_data/genres_original/blues/blues.00077.wav,blues,0,30.013333333333332,30.0,0.013333333333333334,22050,24000,1
78,/home/dt2119/dt2119/music_classification/datasets/audios/western_data/genres_original/blues/blues.00078.wav,blues,0,30.013333333333332,30.0,0.013333333333333334,22050,24000,1
79,/home/dt2119/dt2119/music_classification/datasets/audios/western_data/genres_original/blues/blues.00079.wav,blues,0,30.013333333333332,30.0,0.013333333333333334,22050,24000,1
80,/home/dt2119/dt2119/music_classification/datasets/audios/western_data/genres_original/blues/blues.00080.wav,blues,0,30.013333333333332,30.0,0.013333333333333334,22050,24000,1
81,/home/dt2119/dt2119/music_classification/datasets/audios/western_data/genres_original/blues/blues.00081.wav,blues,0,30.013333333333332,30.0,0.013333333333333334,22050,24000,1
82,/home/dt2119/dt2119/music_classification/datasets/audios/western_data/genres_original/blues/blues.00082.wav,blues,0,30.013333333333332,30.0,0.013333333333333334,22050,24000,1
83,/home/dt2119/dt2119/music_classification/datasets/audios/western_data/genres_original/blues/blues.00083.wav,blues,0,30.013333333333332,30.0,0.013333333333333334,22050,24000,1
84,/home/dt2119/dt2119/music_classification/datasets/audios/western_data/genres_original/blues/blues.00084.wav,blues,0,30.013333333333332,30.0,0.013333333333333334,22050,24000,1
85,/home/dt2119/dt2119/music_classification/datasets/audios/western_data/genres_original/blues/blues.00085.wav,blues,0,30.013333333333332,30.0,0.013333333333333334,22050,24000,1
86,/home/dt2119/dt2119/music_classification/datasets/audios/western_data/genres_original/blues/blues.00086.wav,blues,0,30.013333333333332,30.0,0.013333333333333334,22050,24000,1
87,/home/dt2119/dt2119/music_classification/datasets/audios/western_data/genres_original/blues/blues.00087.wav,blues,0,30.013333333333332,30.0,0.013333333333333334,22050,24000,1
88,/home/dt2119/dt2119/music_classification/datasets/audios/western_data/genres_original/blues/blues.00088.wav,blues,0,30.013333333333332,30.0,0.013333333333333334,22050,24000,1
89,/home/dt2119/dt2119/music_classification/datasets/audios/western_data/genres_original/blues/blues.00089.wav,blues,0,30.013333333333332,30.0,0.013333333333333334,22050,24000,1
90,/home/dt2119/dt2119/music_classification/datasets/audios/western_data/genres_original/blues/blues.00090.wav,blues,0,30.013333333333332,30.0,0.013333333333333334,22050,24000,1
91,/home/dt2119/dt2119/music_classification/datasets/audios/western_data/genres_original/blues/blues.00091.wav,blues,0,30.013333333333332,30.0,0.013333333333333334,22050,24000,1
92,/home/dt2119/dt2119/music_classification/datasets/audios/western_data/genres_original/blues/blues.00092.wav,blues,0,30.013333333333332,30.0,0.013333333333333334,22050,24000,1
93,/home/dt2119/dt2119/music_classification/datasets/audios/western_data/genres_original/blues/blues.00093.wav,blues,0,30.013333333333332,30.0,0.013333333333333334,22050,24000,1
94,/home/dt2119/dt2119/music_classification/datasets/audios/western_data/genres_original/blues/blues.00094.wav,blues,0,30.013333333333332,30.0,0.013333333333333334,22050,24000,1
95,/home/dt2119/dt2119/music_classification/datasets/audios/western_data/genres_original/blues/blues.00095.wav,blues,0,30.013333333333332,30.0,0.013333333333333334,22050,24000,1
96,/home/dt2119/dt2119/music_classification/datasets/audios/western_data/genres_original/blues/blues.00096.wav,blues,0,30.013333333333332,30.0,0.013333333333333334,22050,24000,1
97,/home/dt2119/dt2119/music_classification/datasets/audios/western_data/genres_original/blues/blues.00097.wav,blues,0,30.013333333333332,30.0,0.013333333333333334,22050,24000,1
98,/home/dt2119/dt2119/music_classification/datasets/audios/western_data/genres_original/blues/blues.00098.wav,blues,0,30.013333333333332,30.0,0.013333333333333334,22050,24000,1
99,/home/dt2119/dt2119/music_classification/datasets/audios/western_data/genres_original/blues/blues.00099.wav,blues,0,30.013333333333332,30.0,0.013333333333333334,22050,24000,1
100,/home/dt2119/dt2119/music_classification/datasets/audios/western_data/genres_original/classical/classical.00000.wav,classical,1,30.013333333333332,30.0,0.013333333333333334,22050,24000,1
101,/home/dt2119/dt2119/music_classification/datasets/audios/western_data/genres_original/classical/classical.00001.wav,classical,1,30.013333333333332,30.0,0.013333333333333334,22050,24000,1
102,/home/dt2119/dt2119/music_classification/datasets/audios/western_data/genres_original/classical/classical.00002.wav,classical,1,30.013333333333332,30.0,0.013333333333333334,22050,24000,1
103,/home/dt2119/dt2119/music_classification/datasets/audios/western_data/genres_original/classical/classical.00003.wav,classical,1,30.013333333333332,30.0,0.013333333333333334,22050,24000,1
104,/home/dt2119/dt2119/music_classification/datasets/audios/western_data/genres_original/classical/classical.00004.wav,classical,1,30.013333333333332,30.0,0.013333333333333334,22050,24000,1
105,/home/dt2119/dt2119/music_classification/datasets/audios/western_data/genres_original/classical/classical.00005.wav,classical,1,30.013333333333332,30.0,0.013333333333333334,22050,24000,1
106,/home/dt2119/dt2119/music_classification/datasets/audios/western_data/genres_original/classical/classical.00006.wav,classical,1,30.013333333333332,30.0,0.013333333333333334,22050,24000,1
107,/home/dt2119/dt2119/music_classification/datasets/audios/western_data/genres_original/classical/classical.00007.wav,classical,1,30.013333333333332,30.0,0.013333333333333334,22050,24000,1
108,/home/dt2119/dt2119/music_classification/datasets/audios/western_data/genres_original/classical/classical.00008.wav,classical,1,30.013333333333332,30.0,0.013333333333333334,22050,24000,1
109,/home/dt2119/dt2119/music_classification/datasets/audios/western_data/genres_original/classical/classical.00009.wav,classical,1,30.013333333333332,30.0,0.013333333333333334,22050,24000,1
110,/home/dt2119/dt2119/music_classification/datasets/audios/western_data/genres_original/classical/classical.00010.wav,classical,1,30.013333333333332,30.0,0.013333333333333334,22050,24000,1
111,/home/dt2119/dt2119/music_classification/datasets/audios/western_data/genres_original/classical/classical.00011.wav,classical,1,30.013333333333332,30.0,0.013333333333333334,22050,24000,1
112,/home/dt2119/dt2119/music_classification/datasets/audios/western_data/genres_original/classical/classical.00012.wav,classical,1,30.013333333333332,30.0,0.013333333333333334,22050,24000,1
113,/home/dt2119/dt2119/music_classification/datasets/audios/western_data/genres_original/classical/classical.00013.wav,classical,1,30.013333333333332,30.0,0.013333333333333334,22050,24000,1
114,/home/dt2119/dt2119/music_classification/datasets/audios/western_data/genres_original/classical/classical.00014.wav,classical,1,30.013333333333332,30.0,0.013333333333333334,22050,24000,1
115,/home/dt2119/dt2119/music_classification/datasets/audios/western_data/genres_original/classical/classical.00015.wav,classical,1,30.013333333333332,30.0,0.013333333333333334,22050,24000,1
116,/home/dt2119/dt2119/music_classification/datasets/audios/western_data/genres_original/classical/classical.00016.wav,classical,1,30.013333333333332,30.0,0.013333333333333334,22050,24000,1
117,/home/dt2119/dt2119/music_classification/datasets/audios/western_data/genres_original/classical/classical.00017.wav,classical,1,30.013333333333332,30.0,0.013333333333333334,22050,24000,1
118,/home/dt2119/dt2119/music_classification/datasets/audios/western_data/genres_original/classical/classical.00018.wav,classical,1,30.013333333333332,30.0,0.013333333333333334,22050,24000,1
119,/home/dt2119/dt2119/music_classification/datasets/audios/western_data/genres_original/classical/classical.00019.wav,classical,1,30.013333333333332,30.0,0.013333333333333334,22050,24000,1
120,/home/dt2119/dt2119/music_classification/datasets/audios/western_data/genres_original/classical/classical.00020.wav,classical,1,30.013333333333332,30.0,0.013333333333333334,22050,24000,1
121,/home/dt2119/dt2119/music_classification/datasets/audios/western_data/genres_original/classical/classical.00021.wav,classical,1,30.013333333333332,30.0,0.013333333333333334,22050,24000,1
122,/home/dt2119/dt2119/music_classification/datasets/audios/western_data/genres_original/classical/classical.00022.wav,classical,1,30.013333333333332,30.0,0.013333333333333334,22050,24000,1
123,/home/dt2119/dt2119/music_classification/datasets/audios/western_data/genres_original/classical/classical.00023.wav,classical,1,30.013333333333332,30.0,0.013333333333333334,22050,24000,1
124,/home/dt2119/dt2119/music_classification/datasets/audios/western_data/genres_original/classical/classical.00024.wav,classical,1,30.013333333333332,30.0,0.013333333333333334,22050,24000,1
125,/home/dt2119/dt2119/music_classification/datasets/audios/western_data/genres_original/classical/classical.00025.wav,classical,1,30.013333333333332,30.0,0.013333333333333334,22050,24000,1
126,/home/dt2119/dt2119/music_classification/datasets/audios/western_data/genres_original/classical/classical.00026.wav,classical,1,30.013333333333332,30.0,0.013333333333333334,22050,24000,1
127,/home/dt2119/dt2119/music_classification/datasets/audios/western_data/genres_original/classical/classical.00027.wav,classical,1,30.013333333333332,30.0,0.013333333333333334,22050,24000,1
128,/home/dt2119/dt2119/music_classification/datasets/audios/western_data/genres_original/classical/classical.00028.wav,classical,1,30.013333333333332,30.0,0.013333333333333334,22050,24000,1
129,/home/dt2119/dt2119/music_classification/datasets/audios/western_data/genres_original/classical/classical.00029.wav,classical,1,30.013333333333332,30.0,0.013333333333333334,22050,24000,1
130,/home/dt2119/dt2119/music_classification/datasets/audios/western_data/genres_original/classical/classical.00030.wav,classical,1,30.013333333333332,30.0,0.013333333333333334,22050,24000,1
131,/home/dt2119/dt2119/music_classification/datasets/audios/western_data/genres_original/classical/classical.00031.wav,classical,1,30.013333333333332,30.0,0.013333333333333334,22050,24000,1
132,/home/dt2119/dt2119/music_classification/datasets/audios/western_data/genres_original/classical/classical.00032.wav,classical,1,30.013333333333332,30.0,0.013333333333333334,22050,24000,1
133,/home/dt2119/dt2119/music_classification/datasets/audios/western_data/genres_original/classical/classical.00033.wav,classical,1,30.013333333333332,30.0,0.013333333333333334,22050,24000,1
134,/home/dt2119/dt2119/music_classification/datasets/audios/western_data/genres_original/classical/classical.00034.wav,classical,1,30.013333333333332,30.0,0.013333333333333334,22050,24000,1
135,/home/dt2119/dt2119/music_classification/datasets/audios/western_data/genres_original/classical/classical.00035.wav,classical,1,30.013333333333332,30.0,0.013333333333333334,22050,24000,1
136,/home/dt2119/dt2119/music_classification/datasets/audios/western_data/genres_original/classical/classical.00036.wav,classical,1,30.013333333333332,30.0,0.013333333333333334,22050,24000,1
137,/home/dt2119/dt2119/music_classification/datasets/audios/western_data/genres_original/classical/classical.00037.wav,classical,1,30.013333333333332,30.0,0.013333333333333334,22050,24000,1
138,/home/dt2119/dt2119/music_classification/datasets/audios/western_data/genres_original/classical/classical.00038.wav,classical,1,30.013333333333332,30.0,0.013333333333333334,22050,24000,1
139,/home/dt2119/dt2119/music_classification/datasets/audios/western_data/genres_original/classical/classical.00039.wav,classical,1,30.013333333333332,30.0,0.013333333333333334,22050,24000,1
140,/home/dt2119/dt2119/music_classification/datasets/audios/western_data/genres_original/classical/classical.00040.wav,classical,1,30.013333333333332,30.0,0.013333333333333334,22050,24000,1
141,/home/dt2119/dt2119/music_classification/datasets/audios/western_data/genres_original/classical/classical.00041.wav,classical,1,30.013333333333332,30.0,0.013333333333333334,22050,24000,1
142,/home/dt2119/dt2119/music_classification/datasets/audios/western_data/genres_original/classical/classical.00042.wav,classical,1,30.371,30.0,0.371,22050,24000,1
143,/home/dt2119/dt2119/music_classification/datasets/audios/western_data/genres_original/classical/classical.00043.wav,classical,1,30.008,30.0,0.008,22050,24000,1
144,/home/dt2119/dt2119/music_classification/datasets/audios/western_data/genres_original/classical/classical.00044.wav,classical,1,30.013333333333332,30.0,0.013333333333333334,22050,24000,1
145,/home/dt2119/dt2119/music_classification/datasets/audios/western_data/genres_original/classical/classical.00045.wav,classical,1,30.171458333333334,30.0,0.17145833333333332,22050,24000,1
146,/home/dt2119/dt2119/music_classification/datasets/audios/western_data/genres_original/classical/classical.00046.wav,classical,1,30.011791666666667,30.0,0.011791666666666667,22050,24000,1
147,/home/dt2119/dt2119/music_classification/datasets/audios/western_data/genres_original/classical/classical.00047.wav,classical,1,30.013333333333332,30.0,0.013333333333333334,22050,24000,1
148,/home/dt2119/dt2119/music_classification/datasets/audios/western_data/genres_original/classical/classical.00048.wav,classical,1,30.091625,30.0,0.091625,22050,24000,1
149,/home/dt2119/dt2119/music_classification/datasets/audios/western_data/genres_original/classical/classical.00049.wav,classical,1,29.995833333333334,29.995833333333334,0.0,22050,24000,1
150,/home/dt2119/dt2119/music_classification/datasets/audios/western_data/genres_original/classical/classical.00050.wav,classical,1,30.013333333333332,30.0,0.013333333333333334,22050,24000,1
151,/home/dt2119/dt2119/music_classification/datasets/audios/western_data/genres_original/classical/classical.00051.wav,classical,1,29.992958333333334,29.992958333333334,0.0,22050,24000,1
152,/home/dt2119/dt2119/music_classification/datasets/audios/western_data/genres_original/classical/classical.00052.wav,classical,1,30.013333333333332,30.0,0.013333333333333334,22050,24000,1
153,/home/dt2119/dt2119/music_classification/datasets/audios/western_data/genres_original/classical/classical.00053.wav,classical,1,30.390958333333334,30.0,0.39095833333333335,22050,24000,1
154,/home/dt2119/dt2119/music_classification/datasets/audios/western_data/genres_original/classical/classical.00054.wav,classical,1,30.489,30.0,0.489,22050,24000,1
155,/home/dt2119/dt2119/music_classification/datasets/audios/western_data/genres_original/classical/classical.00055.wav,classical,1,30.013333333333332,30.0,0.013333333333333334,22050,24000,1
156,/home/dt2119/dt2119/music_classification/datasets/audios/western_data/genres_original/classical/classical.00056.wav,classical,1,30.071666666666665,30.0,0.07166666666666667,22050,24000,1
157,/home/dt2119/dt2119/music_classification/datasets/audios/western_data/genres_original/classical/classical.00057.wav,classical,1,30.013333333333332,30.0,0.013333333333333334,22050,24000,1
158,/home/dt2119/dt2119/music_classification/datasets/audios/western_data/genres_original/classical/classical.00058.wav,classical,1,30.013333333333332,30.0,0.013333333333333334,22050,24000,1
159,/home/dt2119/dt2119/music_classification/datasets/audios/western_data/genres_original/classical/classical.00059.wav,classical,1,30.013333333333332,30.0,0.013333333333333334,22050,24000,1
160,/home/dt2119/dt2119/music_classification/datasets/audios/western_data/genres_original/classical/classical.00060.wav,classical,1,30.013333333333332,30.0,0.013333333333333334,22050,24000,1
161,/home/dt2119/dt2119/music_classification/datasets/audios/western_data/genres_original/classical/classical.00061.wav,classical,1,30.013333333333332,30.0,0.013333333333333334,22050,24000,1
162,/home/dt2119/dt2119/music_classification/datasets/audios/western_data/genres_original/classical/classical.00062.wav,classical,1,30.013333333333332,30.0,0.013333333333333334,22050,24000,1
163,/home/dt2119/dt2119/music_classification/datasets/audios/western_data/genres_original/classical/classical.00063.wav,classical,1,30.013333333333332,30.0,0.013333333333333334,22050,24000,1
164,/home/dt2119/dt2119/music_classification/datasets/audios/western_data/genres_original/classical/classical.00064.wav,classical,1,30.013333333333332,30.0,0.013333333333333334,22050,24000,1
165,/home/dt2119/dt2119/music_classification/datasets/audios/western_data/genres_original/classical/classical.00065.wav,classical,1,30.013333333333332,30.0,0.013333333333333334,22050,24000,1
166,/home/dt2119/dt2119/music_classification/datasets/audios/western_data/genres_original/classical/classical.00066.wav,classical,1,30.013333333333332,30.0,0.013333333333333334,22050,24000,1
167,/home/dt2119/dt2119/music_classification/datasets/audios/western_data/genres_original/classical/classical.00067.wav,classical,1,30.013333333333332,30.0,0.013333333333333334,22050,24000,1
168,/home/dt2119/dt2119/music_classification/datasets/audios/western_data/genres_original/classical/classical.00068.wav,classical,1,30.013333333333332,30.0,0.013333333333333334,22050,24000,1
169,/home/dt2119/dt2119/music_classification/datasets/audios/western_data/genres_original/classical/classical.00069.wav,classical,1,30.013333333333332,30.0,0.013333333333333334,22050,24000,1
170,/home/dt2119/dt2119/music_classification/datasets/audios/western_data/genres_original/classical/classical.00070.wav,classical,1,30.013333333333332,30.0,0.013333333333333334,22050,24000,1
171,/home/dt2119/dt2119/music_classification/datasets/audios/western_data/genres_original/classical/classical.00071.wav,classical,1,30.013333333333332,30.0,0.013333333333333334,22050,24000,1
172,/home/dt2119/dt2119/music_classification/datasets/audios/western_data/genres_original/classical/classical.00072.wav,classical,1,30.013333333333332,30.0,0.013333333333333334,22050,24000,1
173,/home/dt2119/dt2119/music_classification/datasets/audios/western_data/genres_original/classical/classical.00073.wav,classical,1,30.013333333333332,30.0,0.013333333333333334,22050,24000,1
174,/home/dt2119/dt2119/music_classification/datasets/audios/western_data/genres_original/classical/classical.00074.wav,classical,1,30.013333333333332,30.0,0.013333333333333334,22050,24000,1
175,/home/dt2119/dt2119/music_classification/datasets/audios/western_data/genres_original/classical/classical.00075.wav,classical,1,30.013333333333332,30.0,0.013333333333333334,22050,24000,1
176,/home/dt2119/dt2119/music_classification/datasets/audios/western_data/genres_original/classical/classical.00076.wav,classical,1,30.013333333333332,30.0,0.013333333333333334,22050,24000,1
177,/home/dt2119/dt2119/music_classification/datasets/audios/western_data/genres_original/classical/classical.00077.wav,classical,1,30.013333333333332,30.0,0.013333333333333334,22050,24000,1
178,/home/dt2119/dt2119/music_classification/datasets/audios/western_data/genres_original/classical/classical.00078.wav,classical,1,30.013333333333332,30.0,0.013333333333333334,22050,24000,1
179,/home/dt2119/dt2119/music_classification/datasets/audios/western_data/genres_original/classical/classical.00079.wav,classical,1,30.013333333333332,30.0,0.013333333333333334,22050,24000,1
180,/home/dt2119/dt2119/music_classification/datasets/audios/western_data/genres_original/classical/classical.00080.wav,classical,1,30.013333333333332,30.0,0.013333333333333334,22050,24000,1
181,/home/dt2119/dt2119/music_classification/datasets/audios/western_data/genres_original/classical/classical.00081.wav,classical,1,30.013333333333332,30.0,0.013333333333333334,22050,24000,1
182,/home/dt2119/dt2119/music_classification/datasets/audios/western_data/genres_original/classical/classical.00082.wav,classical,1,30.013333333333332,30.0,0.013333333333333334,22050,24000,1
183,/home/dt2119/dt2119/music_classification/datasets/audios/western_data/genres_original/classical/classical.00083.wav,classical,1,30.013333333333332,30.0,0.013333333333333334,22050,24000,1
184,/home/dt2119/dt2119/music_classification/datasets/audios/western_data/genres_original/classical/classical.00084.wav,classical,1,30.013333333333332,30.0,0.013333333333333334,22050,24000,1
185,/home/dt2119/dt2119/music_classification/datasets/audios/western_data/genres_original/classical/classical.00085.wav,classical,1,30.013333333333332,30.0,0.013333333333333334,22050,24000,1
186,/home/dt2119/dt2119/music_classification/datasets/audios/western_data/genres_original/classical/classical.00086.wav,classical,1,30.013333333333332,30.0,0.013333333333333334,22050,24000,1
187,/home/dt2119/dt2119/music_classification/datasets/audios/western_data/genres_original/classical/classical.00087.wav,classical,1,30.013333333333332,30.0,0.013333333333333334,22050,24000,1
188,/home/dt2119/dt2119/music_classification/datasets/audios/western_data/genres_original/classical/classical.00088.wav,classical,1,30.013333333333332,30.0,0.013333333333333334,22050,24000,1
189,/home/dt2119/dt2119/music_classification/datasets/audios/western_data/genres_original/classical/classical.00089.wav,classical,1,30.013333333333332,30.0,0.013333333333333334,22050,24000,1
190,/home/dt2119/dt2119/music_classification/datasets/audios/western_data/genres_original/classical/classical.00090.wav,classical,1,30.013333333333332,30.0,0.013333333333333334,22050,24000,1
191,/home/dt2119/dt2119/music_classification/datasets/audios/western_data/genres_original/classical/classical.00091.wav,classical,1,30.013333333333332,30.0,0.013333333333333334,22050,24000,1
192,/home/dt2119/dt2119/music_classification/datasets/audios/western_data/genres_original/classical/classical.00092.wav,classical,1,30.013333333333332,30.0,0.013333333333333334,22050,24000,1
193,/home/dt2119/dt2119/music_classification/datasets/audios/western_data/genres_original/classical/classical.00093.wav,classical,1,30.013333333333332,30.0,0.013333333333333334,22050,24000,1
194,/home/dt2119/dt2119/music_classification/datasets/audios/western_data/genres_original/classical/classical.00094.wav,classical,1,30.013333333333332,30.0,0.013333333333333334,22050,24000,1
195,/home/dt2119/dt2119/music_classification/datasets/audios/western_data/genres_original/classical/classical.00095.wav,classical,1,30.013333333333332,30.0,0.013333333333333334,22050,24000,1
196,/home/dt2119/dt2119/music_classification/datasets/audios/western_data/genres_original/classical/classical.00096.wav,classical,1,30.013333333333332,30.0,0.013333333333333334,22050,24000,1
197,/home/dt2119/dt2119/music_classification/datasets/audios/western_data/genres_original/classical/classical.00097.wav,classical,1,30.013333333333332,30.0,0.013333333333333334,22050,24000,1
198,/home/dt2119/dt2119/music_classification/datasets/audios/western_data/genres_original/classical/classical.00098.wav,classical,1,30.013333333333332,30.0,0.013333333333333334,22050,24000,1
199,/home/dt2119/dt2119/music_classification/datasets/audios/western_data/genres_original/classical/classical.00099.wav,classical,1,30.013333333333332,30.0,0.013333333333333334,22050,24000,1
200,/home/dt2119/dt2119/music_classification/datasets/audios/western_data/genres_original/country/country.00000.wav,country,2,30.081666666666667,30.0,0.08166666666666667,22050,24000,1
201,/home/dt2119/dt2119/music_classification/datasets/audios/western_data/genres_original/country/country.00001.wav,country,2,30.011791666666667,30.0,0.011791666666666667,22050,24000,1
202,/home/dt2119/dt2119/music_classification/datasets/audios/western_data/genres_original/country/country.00002.wav,country,2,30.371,30.0,0.371,22050,24000,1
203,/home/dt2119/dt2119/music_classification/datasets/audios/western_data/genres_original/country/country.00003.wav,country,2,29.995833333333334,29.995833333333334,0.0,22050,24000,1
204,/home/dt2119/dt2119/music_classification/datasets/audios/western_data/genres_original/country/country.00004.wav,country,2,29.995833333333334,29.995833333333334,0.0,22050,24000,1
205,/home/dt2119/dt2119/music_classification/datasets/audios/western_data/genres_original/country/country.00005.wav,country,2,30.241291666666665,30.0,0.24129166666666665,22050,24000,1
206,/home/dt2119/dt2119/music_classification/datasets/audios/western_data/genres_original/country/country.00006.wav,country,2,30.331083333333332,30.0,0.33108333333333334,22050,24000,1
207,/home/dt2119/dt2119/music_classification/datasets/audios/western_data/genres_original/country/country.00007.wav,country,2,29.981875,29.981875,0.0,22050,24000,1
208,/home/dt2119/dt2119/music_classification/datasets/audios/western_data/genres_original/country/country.00008.wav,country,2,30.101625,30.0,0.101625,22050,24000,1
209,/home/dt2119/dt2119/music_classification/datasets/audios/western_data/genres_original/country/country.00009.wav,country,2,30.081666666666667,30.0,0.08166666666666667,22050,24000,1
210,/home/dt2119/dt2119/music_classification/datasets/audios/western_data/genres_original/country/country.00010.wav,country,2,30.013333333333332,30.0,0.013333333333333334,22050,24000,1
211,/home/dt2119/dt2119/music_classification/datasets/audios/western_data/genres_original/country/country.00011.wav,country,2,30.013333333333332,30.0,0.013333333333333334,22050,24000,1
212,/home/dt2119/dt2119/music_classification/datasets/audios/western_data/genres_original/country/country.00012.wav,country,2,30.013333333333332,30.0,0.013333333333333334,22050,24000,1
213,/home/dt2119/dt2119/music_classification/datasets/audios/western_data/genres_original/country/country.00013.wav,country,2,30.013333333333332,30.0,0.013333333333333334,22050,24000,1
214,/home/dt2119/dt2119/music_classification/datasets/audios/western_data/genres_original/country/country.00014.wav,country,2,30.013333333333332,30.0,0.013333333333333334,22050,24000,1
215,/home/dt2119/dt2119/music_classification/datasets/audios/western_data/genres_original/country/country.00015.wav,country,2,30.013333333333332,30.0,0.013333333333333334,22050,24000,1
216,/home/dt2119/dt2119/music_classification/datasets/audios/western_data/genres_original/country/country.00016.wav,country,2,30.013333333333332,30.0,0.013333333333333334,22050,24000,1
217,/home/dt2119/dt2119/music_classification/datasets/audios/western_data/genres_original/country/country.00017.wav,country,2,30.013333333333332,30.0,0.013333333333333334,22050,24000,1
218,/home/dt2119/dt2119/music_classification/datasets/audios/western_data/genres_original/country/country.00018.wav,country,2,30.013333333333332,30.0,0.013333333333333334,22050,24000,1
219,/home/dt2119/dt2119/music_classification/datasets/audios/western_data/genres_original/country/country.00019.wav,country,2,30.013333333333332,30.0,0.013333333333333334,22050,24000,1
220,/home/dt2119/dt2119/music_classification/datasets/audios/western_data/genres_original/country/country.00020.wav,country,2,30.013333333333332,30.0,0.013333333333333334,22050,24000,1
221,/home/dt2119/dt2119/music_classification/datasets/audios/western_data/genres_original/country/country.00021.wav,country,2,30.013333333333332,30.0,0.013333333333333334,22050,24000,1
222,/home/dt2119/dt2119/music_classification/datasets/audios/western_data/genres_original/country/country.00022.wav,country,2,30.013333333333332,30.0,0.013333333333333334,22050,24000,1
223,/home/dt2119/dt2119/music_classification/datasets/audios/western_data/genres_original/country/country.00023.wav,country,2,30.013333333333332,30.0,0.013333333333333334,22050,24000,1
224,/home/dt2119/dt2119/music_classification/datasets/audios/western_data/genres_original/country/country.00024.wav,country,2,30.013333333333332,30.0,0.013333333333333334,22050,24000,1
225,/home/dt2119/dt2119/music_classification/datasets/audios/western_data/genres_original/country/country.00025.wav,country,2,30.013333333333332,30.0,0.013333333333333334,22050,24000,1
226,/home/dt2119/dt2119/music_classification/datasets/audios/western_data/genres_original/country/country.00026.wav,country,2,30.013333333333332,30.0,0.013333333333333334,22050,24000,1
227,/home/dt2119/dt2119/music_classification/datasets/audios/western_data/genres_original/country/country.00027.wav,country,2,30.013333333333332,30.0,0.013333333333333334,22050,24000,1
228,/home/dt2119/dt2119/music_classification/datasets/audios/western_data/genres_original/country/country.00028.wav,country,2,30.013333333333332,30.0,0.013333333333333334,22050,24000,1
229,/home/dt2119/dt2119/music_classification/datasets/audios/western_data/genres_original/country/country.00029.wav,country,2,30.013333333333332,30.0,0.013333333333333334,22050,24000,1
230,/home/dt2119/dt2119/music_classification/datasets/audios/western_data/genres_original/country/country.00030.wav,country,2,30.013333333333332,30.0,0.013333333333333334,22050,24000,1
231,/home/dt2119/dt2119/music_classification/datasets/audios/western_data/genres_original/country/country.00031.wav,country,2,30.013333333333332,30.0,0.013333333333333334,22050,24000,1
232,/home/dt2119/dt2119/music_classification/datasets/audios/western_data/genres_original/country/country.00032.wav,country,2,30.013333333333332,30.0,0.013333333333333334,22050,24000,1
233,/home/dt2119/dt2119/music_classification/datasets/audios/western_data/genres_original/country/country.00033.wav,country,2,30.013333333333332,30.0,0.013333333333333334,22050,24000,1
234,/home/dt2119/dt2119/music_classification/datasets/audios/western_data/genres_original/country/country.00034.wav,country,2,30.013333333333332,30.0,0.013333333333333334,22050,24000,1
235,/home/dt2119/dt2119/music_classification/datasets/audios/western_data/genres_original/country/country.00035.wav,country,2,30.013333333333332,30.0,0.013333333333333334,22050,24000,1
236,/home/dt2119/dt2119/music_classification/datasets/audios/western_data/genres_original/country/country.00036.wav,country,2,30.013333333333332,30.0,0.013333333333333334,22050,24000,1
237,/home/dt2119/dt2119/music_classification/datasets/audios/western_data/genres_original/country/country.00037.wav,country,2,30.013333333333332,30.0,0.013333333333333334,22050,24000,1
238,/home/dt2119/dt2119/music_classification/datasets/audios/western_data/genres_original/country/country.00038.wav,country,2,30.013333333333332,30.0,0.013333333333333334,22050,24000,1
239,/home/dt2119/dt2119/music_classification/datasets/audios/western_data/genres_original/country/country.00039.wav,country,2,30.013333333333332,30.0,0.013333333333333334,22050,24000,1
240,/home/dt2119/dt2119/music_classification/datasets/audios/western_data/genres_original/country/country.00040.wav,country,2,30.013333333333332,30.0,0.013333333333333334,22050,24000,1
241,/home/dt2119/dt2119/music_classification/datasets/audios/western_data/genres_original/country/country.00041.wav,country,2,30.013333333333332,30.0,0.013333333333333334,22050,24000,1
242,/home/dt2119/dt2119/music_classification/datasets/audios/western_data/genres_original/country/country.00042.wav,country,2,30.013333333333332,30.0,0.013333333333333334,22050,24000,1
243,/home/dt2119/dt2119/music_classification/datasets/audios/western_data/genres_original/country/country.00043.wav,country,2,30.013333333333332,30.0,0.013333333333333334,22050,24000,1
244,/home/dt2119/dt2119/music_classification/datasets/audios/western_data/genres_original/country/country.00044.wav,country,2,30.013333333333332,30.0,0.013333333333333334,22050,24000,1
245,/home/dt2119/dt2119/music_classification/datasets/audios/western_data/genres_original/country/country.00045.wav,country,2,30.013333333333332,30.0,0.013333333333333334,22050,24000,1
246,/home/dt2119/dt2119/music_classification/datasets/audios/western_data/genres_original/country/country.00046.wav,country,2,30.013333333333332,30.0,0.013333333333333334,22050,24000,1
247,/home/dt2119/dt2119/music_classification/datasets/audios/western_data/genres_original/country/country.00047.wav,country,2,30.013333333333332,30.0,0.013333333333333334,22050,24000,1
248,/home/dt2119/dt2119/music_classification/datasets/audios/western_data/genres_original/country/country.00048.wav,country,2,30.013333333333332,30.0,0.013333333333333334,22050,24000,1
249,/home/dt2119/dt2119/music_classification/datasets/audios/western_data/genres_original/country/country.00049.wav,country,2,30.013333333333332,30.0,0.013333333333333334,22050,24000,1
250,/home/dt2119/dt2119/music_classification/datasets/audios/western_data/genres_original/country/country.00050.wav,country,2,30.013333333333332,30.0,0.013333333333333334,22050,24000,1
251,/home/dt2119/dt2119/music_classification/datasets/audios/western_data/genres_original/country/country.00051.wav,country,2,30.013333333333332,30.0,0.013333333333333334,22050,24000,1
252,/home/dt2119/dt2119/music_classification/datasets/audios/western_data/genres_original/country/country.00052.wav,country,2,30.013333333333332,30.0,0.013333333333333334,22050,24000,1
253,/home/dt2119/dt2119/music_classification/datasets/audios/western_data/genres_original/country/country.00053.wav,country,2,30.013333333333332,30.0,0.013333333333333334,22050,24000,1
254,/home/dt2119/dt2119/music_classification/datasets/audios/western_data/genres_original/country/country.00054.wav,country,2,30.013333333333332,30.0,0.013333333333333334,22050,24000,1
255,/home/dt2119/dt2119/music_classification/datasets/audios/western_data/genres_original/country/country.00055.wav,country,2,30.013333333333332,30.0,0.013333333333333334,22050,24000,1
256,/home/dt2119/dt2119/music_classification/datasets/audios/western_data/genres_original/country/country.00056.wav,country,2,30.013333333333332,30.0,0.013333333333333334,22050,24000,1
257,/home/dt2119/dt2119/music_classification/datasets/audios/western_data/genres_original/country/country.00057.wav,country,2,30.013333333333332,30.0,0.013333333333333334,22050,24000,1
258,/home/dt2119/dt2119/music_classification/datasets/audios/western_data/genres_original/country/country.00058.wav,country,2,30.013333333333332,30.0,0.013333333333333334,22050,24000,1
259,/home/dt2119/dt2119/music_classification/datasets/audios/western_data/genres_original/country/country.00059.wav,country,2,30.013333333333332,30.0,0.013333333333333334,22050,24000,1
260,/home/dt2119/dt2119/music_classification/datasets/audios/western_data/genres_original/country/country.00060.wav,country,2,30.013333333333332,30.0,0.013333333333333334,22050,24000,1
261,/home/dt2119/dt2119/music_classification/datasets/audios/western_data/genres_original/country/country.00061.wav,country,2,30.013333333333332,30.0,0.013333333333333334,22050,24000,1
262,/home/dt2119/dt2119/music_classification/datasets/audios/western_data/genres_original/country/country.00062.wav,country,2,30.013333333333332,30.0,0.013333333333333334,22050,24000,1
263,/home/dt2119/dt2119/music_classification/datasets/audios/western_data/genres_original/country/country.00063.wav,country,2,30.013333333333332,30.0,0.013333333333333334,22050,24000,1
264,/home/dt2119/dt2119/music_classification/datasets/audios/western_data/genres_original/country/country.00064.wav,country,2,30.013333333333332,30.0,0.013333333333333334,22050,24000,1
265,/home/dt2119/dt2119/music_classification/datasets/audios/western_data/genres_original/country/country.00065.wav,country,2,30.013333333333332,30.0,0.013333333333333334,22050,24000,1
266,/home/dt2119/dt2119/music_classification/datasets/audios/western_data/genres_original/country/country.00066.wav,country,2,30.013333333333332,30.0,0.013333333333333334,22050,24000,1
267,/home/dt2119/dt2119/music_classification/datasets/audios/western_data/genres_original/country/country.00067.wav,country,2,30.013333333333332,30.0,0.013333333333333334,22050,24000,1
268,/home/dt2119/dt2119/music_classification/datasets/audios/western_data/genres_original/country/country.00068.wav,country,2,30.013333333333332,30.0,0.013333333333333334,22050,24000,1
269,/home/dt2119/dt2119/music_classification/datasets/audios/western_data/genres_original/country/country.00069.wav,country,2,30.013333333333332,30.0,0.013333333333333334,22050,24000,1
270,/home/dt2119/dt2119/music_classification/datasets/audios/western_data/genres_original/country/country.00070.wav,country,2,30.013333333333332,30.0,0.013333333333333334,22050,24000,1
271,/home/dt2119/dt2119/music_classification/datasets/audios/western_data/genres_original/country/country.00071.wav,country,2,30.013333333333332,30.0,0.013333333333333334,22050,24000,1
272,/home/dt2119/dt2119/music_classification/datasets/audios/western_data/genres_original/country/country.00072.wav,country,2,30.013333333333332,30.0,0.013333333333333334,22050,24000,1
273,/home/dt2119/dt2119/music_classification/datasets/audios/western_data/genres_original/country/country.00073.wav,country,2,30.013333333333332,30.0,0.013333333333333334,22050,24000,1
274,/home/dt2119/dt2119/music_classification/datasets/audios/western_data/genres_original/country/country.00074.wav,country,2,30.013333333333332,30.0,0.013333333333333334,22050,24000,1
275,/home/dt2119/dt2119/music_classification/datasets/audios/western_data/genres_original/country/country.00075.wav,country,2,30.013333333333332,30.0,0.013333333333333334,22050,24000,1
276,/home/dt2119/dt2119/music_classification/datasets/audios/western_data/genres_original/country/country.00076.wav,country,2,30.013333333333332,30.0,0.013333333333333334,22050,24000,1
277,/home/dt2119/dt2119/music_classification/datasets/audios/western_data/genres_original/country/country.00077.wav,country,2,30.013333333333332,30.0,0.013333333333333334,22050,24000,1
278,/home/dt2119/dt2119/music_classification/datasets/audios/western_data/genres_original/country/country.00078.wav,country,2,30.013333333333332,30.0,0.013333333333333334,22050,24000,1
279,/home/dt2119/dt2119/music_classification/datasets/audios/western_data/genres_original/country/country.00079.wav,country,2,30.013333333333332,30.0,0.013333333333333334,22050,24000,1
280,/home/dt2119/dt2119/music_classification/datasets/audios/western_data/genres_original/country/country.00080.wav,country,2,30.013333333333332,30.0,0.013333333333333334,22050,24000,1
281,/home/dt2119/dt2119/music_classification/datasets/audios/western_data/genres_original/country/country.00081.wav,country,2,30.013333333333332,30.0,0.013333333333333334,22050,24000,1
282,/home/dt2119/dt2119/music_classification/datasets/audios/western_data/genres_original/country/country.00082.wav,country,2,30.013333333333332,30.0,0.013333333333333334,22050,24000,1
283,/home/dt2119/dt2119/music_classification/datasets/audios/western_data/genres_original/country/country.00083.wav,country,2,30.013333333333332,30.0,0.013333333333333334,22050,24000,1
284,/home/dt2119/dt2119/music_classification/datasets/audios/western_data/genres_original/country/country.00084.wav,country,2,30.013333333333332,30.0,0.013333333333333334,22050,24000,1
285,/home/dt2119/dt2119/music_classification/datasets/audios/western_data/genres_original/country/country.00085.wav,country,2,30.013333333333332,30.0,0.013333333333333334,22050,24000,1
286,/home/dt2119/dt2119/music_classification/datasets/audios/western_data/genres_original/country/country.00086.wav,country,2,30.013333333333332,30.0,0.013333333333333334,22050,24000,1
287,/home/dt2119/dt2119/music_classification/datasets/audios/western_data/genres_original/country/country.00087.wav,country,2,30.013333333333332,30.0,0.013333333333333334,22050,24000,1
288,/home/dt2119/dt2119/music_classification/datasets/audios/western_data/genres_original/country/country.00088.wav,country,2,30.013333333333332,30.0,0.013333333333333334,22050,24000,1
289,/home/dt2119/dt2119/music_classification/datasets/audios/western_data/genres_original/country/country.00089.wav,country,2,30.013333333333332,30.0,0.013333333333333334,22050,24000,1
290,/home/dt2119/dt2119/music_classification/datasets/audios/western_data/genres_original/country/country.00090.wav,country,2,30.013333333333332,30.0,0.013333333333333334,22050,24000,1
291,/home/dt2119/dt2119/music_classification/datasets/audios/western_data/genres_original/country/country.00091.wav,country,2,30.013333333333332,30.0,0.013333333333333334,22050,24000,1
292,/home/dt2119/dt2119/music_classification/datasets/audios/western_data/genres_original/country/country.00092.wav,country,2,30.013333333333332,30.0,0.013333333333333334,22050,24000,1
293,/home/dt2119/dt2119/music_classification/datasets/audios/western_data/genres_original/country/country.00093.wav,country,2,30.013333333333332,30.0,0.013333333333333334,22050,24000,1
294,/home/dt2119/dt2119/music_classification/datasets/audios/western_data/genres_original/country/country.00094.wav,country,2,30.013333333333332,30.0,0.013333333333333334,22050,24000,1
295,/home/dt2119/dt2119/music_classification/datasets/audios/western_data/genres_original/country/country.00095.wav,country,2,30.013333333333332,30.0,0.013333333333333334,22050,24000,1
296,/home/dt2119/dt2119/music_classification/datasets/audios/western_data/genres_original/country/country.00096.wav,country,2,30.013333333333332,30.0,0.013333333333333334,22050,24000,1
297,/home/dt2119/dt2119/music_classification/datasets/audios/western_data/genres_original/country/country.00097.wav,country,2,30.013333333333332,30.0,0.013333333333333334,22050,24000,1
298,/home/dt2119/dt2119/music_classification/datasets/audios/western_data/genres_original/country/country.00098.wav,country,2,30.013333333333332,30.0,0.013333333333333334,22050,24000,1
299,/home/dt2119/dt2119/music_classification/datasets/audios/western_data/genres_original/country/country.00099.wav,country,2,30.013333333333332,30.0,0.013333333333333334,22050,24000,1
300,/home/dt2119/dt2119/music_classification/datasets/audios/western_data/genres_original/disco/disco.00000.wav,disco,3,30.121541666666666,30.0,0.12154166666666667,22050,24000,1
301,/home/dt2119/dt2119/music_classification/datasets/audios/western_data/genres_original/disco/disco.00001.wav,disco,3,30.211375,30.0,0.211375,22050,24000,1
302,/home/dt2119/dt2119/music_classification/datasets/audios/western_data/genres_original/disco/disco.00002.wav,disco,3,30.013333333333332,30.0,0.013333333333333334,22050,24000,1
303,/home/dt2119/dt2119/music_classification/datasets/audios/western_data/genres_original/disco/disco.00003.wav,disco,3,30.301166666666667,30.0,0.3011666666666667,22050,24000,1
304,/home/dt2119/dt2119/music_classification/datasets/audios/western_data/genres_original/disco/disco.00004.wav,disco,3,30.013333333333332,30.0,0.013333333333333334,22050,24000,1
305,/home/dt2119/dt2119/music_classification/datasets/audios/western_data/genres_original/disco/disco.00005.wav,disco,3,30.291166666666665,30.0,0.2911666666666667,22050,24000,1
306,/home/dt2119/dt2119/music_classification/datasets/audios/western_data/genres_original/disco/disco.00006.wav,disco,3,30.008,30.0,0.008,22050,24000,1
307,/home/dt2119/dt2119/music_classification/datasets/audios/western_data/genres_original/disco/disco.00007.wav,disco,3,30.013333333333332,30.0,0.013333333333333334,22050,24000,1
308,/home/dt2119/dt2119/music_classification/datasets/audios/western_data/genres_original/disco/disco.00008.wav,disco,3,30.161458333333332,30.0,0.16145833333333334,22050,24000,1
309,/home/dt2119/dt2119/music_classification/datasets/audios/western_data/genres_original/disco/disco.00009.wav,disco,3,30.013333333333332,30.0,0.013333333333333334,22050,24000,1
310,/home/dt2119/dt2119/music_classification/datasets/audios/western_data/genres_original/disco/disco.00010.wav,disco,3,30.011791666666667,30.0,0.011791666666666667,22050,24000,1
311,/home/dt2119/dt2119/music_classification/datasets/audios/western_data/genres_original/disco/disco.00011.wav,disco,3,30.013333333333332,30.0,0.013333333333333334,22050,24000,1
312,/home/dt2119/dt2119/music_classification/datasets/audios/western_data/genres_original/disco/disco.00012.wav,disco,3,30.091625,30.0,0.091625,22050,24000,1
313,/home/dt2119/dt2119/music_classification/datasets/audios/western_data/genres_original/disco/disco.00013.wav,disco,3,30.013333333333332,30.0,0.013333333333333334,22050,24000,1
314,/home/dt2119/dt2119/music_classification/datasets/audios/western_data/genres_original/disco/disco.00014.wav,disco,3,29.992958333333334,29.992958333333334,0.0,22050,24000,1
315,/home/dt2119/dt2119/music_classification/datasets/audios/western_data/genres_original/disco/disco.00015.wav,disco,3,30.013333333333332,30.0,0.013333333333333334,22050,24000,1
316,/home/dt2119/dt2119/music_classification/datasets/audios/western_data/genres_original/disco/disco.00016.wav,disco,3,30.291166666666665,30.0,0.2911666666666667,22050,24000,1
317,/home/dt2119/dt2119/music_classification/datasets/audios/western_data/genres_original/disco/disco.00017.wav,disco,3,30.013333333333332,30.0,0.013333333333333334,22050,24000,1
318,/home/dt2119/dt2119/music_classification/datasets/audios/western_data/genres_original/disco/disco.00018.wav,disco,3,30.013333333333332,30.0,0.013333333333333334,22050,24000,1
319,/home/dt2119/dt2119/music_classification/datasets/audios/western_data/genres_original/disco/disco.00019.wav,disco,3,30.013333333333332,30.0,0.013333333333333334,22050,24000,1
320,/home/dt2119/dt2119/music_classification/datasets/audios/western_data/genres_original/disco/disco.00020.wav,disco,3,30.013333333333332,30.0,0.013333333333333334,22050,24000,1
321,/home/dt2119/dt2119/music_classification/datasets/audios/western_data/genres_original/disco/disco.00021.wav,disco,3,30.013333333333332,30.0,0.013333333333333334,22050,24000,1
322,/home/dt2119/dt2119/music_classification/datasets/audios/western_data/genres_original/disco/disco.00022.wav,disco,3,30.013333333333332,30.0,0.013333333333333334,22050,24000,1
323,/home/dt2119/dt2119/music_classification/datasets/audios/western_data/genres_original/disco/disco.00023.wav,disco,3,30.013333333333332,30.0,0.013333333333333334,22050,24000,1
324,/home/dt2119/dt2119/music_classification/datasets/audios/western_data/genres_original/disco/disco.00024.wav,disco,3,30.013333333333332,30.0,0.013333333333333334,22050,24000,1
325,/home/dt2119/dt2119/music_classification/datasets/audios/western_data/genres_original/disco/disco.00025.wav,disco,3,30.013333333333332,30.0,0.013333333333333334,22050,24000,1
326,/home/dt2119/dt2119/music_classification/datasets/audios/western_data/genres_original/disco/disco.00026.wav,disco,3,30.013333333333332,30.0,0.013333333333333334,22050,24000,1
327,/home/dt2119/dt2119/music_classification/datasets/audios/western_data/genres_original/disco/disco.00027.wav,disco,3,30.013333333333332,30.0,0.013333333333333334,22050,24000,1
328,/home/dt2119/dt2119/music_classification/datasets/audios/western_data/genres_original/disco/disco.00028.wav,disco,3,30.013333333333332,30.0,0.013333333333333334,22050,24000,1
329,/home/dt2119/dt2119/music_classification/datasets/audios/western_data/genres_original/disco/disco.00029.wav,disco,3,30.013333333333332,30.0,0.013333333333333334,22050,24000,1
330,/home/dt2119/dt2119/music_classification/datasets/audios/western_data/genres_original/disco/disco.00030.wav,disco,3,30.013333333333332,30.0,0.013333333333333334,22050,24000,1
331,/home/dt2119/dt2119/music_classification/datasets/audios/western_data/genres_original/disco/disco.00031.wav,disco,3,30.013333333333332,30.0,0.013333333333333334,22050,24000,1
332,/home/dt2119/dt2119/music_classification/datasets/audios/western_data/genres_original/disco/disco.00032.wav,disco,3,30.013333333333332,30.0,0.013333333333333334,22050,24000,1
333,/home/dt2119/dt2119/music_classification/datasets/audios/western_data/genres_original/disco/disco.00033.wav,disco,3,30.013333333333332,30.0,0.013333333333333334,22050,24000,1
334,/home/dt2119/dt2119/music_classification/datasets/audios/western_data/genres_original/disco/disco.00034.wav,disco,3,30.013333333333332,30.0,0.013333333333333334,22050,24000,1
335,/home/dt2119/dt2119/music_classification/datasets/audios/western_data/genres_original/disco/disco.00035.wav,disco,3,30.013333333333332,30.0,0.013333333333333334,22050,24000,1
336,/home/dt2119/dt2119/music_classification/datasets/audios/western_data/genres_original/disco/disco.00036.wav,disco,3,30.013333333333332,30.0,0.013333333333333334,22050,24000,1
337,/home/dt2119/dt2119/music_classification/datasets/audios/western_data/genres_original/disco/disco.00037.wav,disco,3,30.013333333333332,30.0,0.013333333333333334,22050,24000,1
338,/home/dt2119/dt2119/music_classification/datasets/audios/western_data/genres_original/disco/disco.00038.wav,disco,3,30.013333333333332,30.0,0.013333333333333334,22050,24000,1
339,/home/dt2119/dt2119/music_classification/datasets/audios/western_data/genres_original/disco/disco.00039.wav,disco,3,30.013333333333332,30.0,0.013333333333333334,22050,24000,1
340,/home/dt2119/dt2119/music_classification/datasets/audios/western_data/genres_original/disco/disco.00040.wav,disco,3,30.013333333333332,30.0,0.013333333333333334,22050,24000,1
341,/home/dt2119/dt2119/music_classification/datasets/audios/western_data/genres_original/disco/disco.00041.wav,disco,3,30.013333333333332,30.0,0.013333333333333334,22050,24000,1
342,/home/dt2119/dt2119/music_classification/datasets/audios/western_data/genres_original/disco/disco.00042.wav,disco,3,30.013333333333332,30.0,0.013333333333333334,22050,24000,1
343,/home/dt2119/dt2119/music_classification/datasets/audios/western_data/genres_original/disco/disco.00043.wav,disco,3,30.013333333333332,30.0,0.013333333333333334,22050,24000,1
344,/home/dt2119/dt2119/music_classification/datasets/audios/western_data/genres_original/disco/disco.00044.wav,disco,3,30.013333333333332,30.0,0.013333333333333334,22050,24000,1
345,/home/dt2119/dt2119/music_classification/datasets/audios/western_data/genres_original/disco/disco.00045.wav,disco,3,30.013333333333332,30.0,0.013333333333333334,22050,24000,1
346,/home/dt2119/dt2119/music_classification/datasets/audios/western_data/genres_original/disco/disco.00046.wav,disco,3,30.000208333333333,30.0,0.00020833333333333335,22050,24000,1
347,/home/dt2119/dt2119/music_classification/datasets/audios/western_data/genres_original/disco/disco.00047.wav,disco,3,30.000208333333333,30.0,0.00020833333333333335,22050,24000,1
348,/home/dt2119/dt2119/music_classification/datasets/audios/western_data/genres_original/disco/disco.00048.wav,disco,3,30.000208333333333,30.0,0.00020833333333333335,22050,24000,1
349,/home/dt2119/dt2119/music_classification/datasets/audios/western_data/genres_original/disco/disco.00049.wav,disco,3,30.000208333333333,30.0,0.00020833333333333335,22050,24000,1
350,/home/dt2119/dt2119/music_classification/datasets/audios/western_data/genres_original/disco/disco.00050.wav,disco,3,30.000208333333333,30.0,0.00020833333333333335,22050,24000,1
351,/home/dt2119/dt2119/music_classification/datasets/audios/western_data/genres_original/disco/disco.00051.wav,disco,3,30.000208333333333,30.0,0.00020833333333333335,22050,24000,1
352,/home/dt2119/dt2119/music_classification/datasets/audios/western_data/genres_original/disco/disco.00052.wav,disco,3,30.000208333333333,30.0,0.00020833333333333335,22050,24000,1
353,/home/dt2119/dt2119/music_classification/datasets/audios/western_data/genres_original/disco/disco.00053.wav,disco,3,30.000208333333333,30.0,0.00020833333333333335,22050,24000,1
354,/home/dt2119/dt2119/music_classification/datasets/audios/western_data/genres_original/disco/disco.00054.wav,disco,3,30.000208333333333,30.0,0.00020833333333333335,22050,24000,1
355,/home/dt2119/dt2119/music_classification/datasets/audios/western_data/genres_original/disco/disco.00055.wav,disco,3,30.000208333333333,30.0,0.00020833333333333335,22050,24000,1
356,/home/dt2119/dt2119/music_classification/datasets/audios/western_data/genres_original/disco/disco.00056.wav,disco,3,30.000208333333333,30.0,0.00020833333333333335,22050,24000,1
357,/home/dt2119/dt2119/music_classification/datasets/audios/western_data/genres_original/disco/disco.00057.wav,disco,3,30.000208333333333,30.0,0.00020833333333333335,22050,24000,1
358,/home/dt2119/dt2119/music_classification/datasets/audios/western_data/genres_original/disco/disco.00058.wav,disco,3,30.000208333333333,30.0,0.00020833333333333335,22050,24000,1
359,/home/dt2119/dt2119/music_classification/datasets/audios/western_data/genres_original/disco/disco.00059.wav,disco,3,30.000208333333333,30.0,0.00020833333333333335,22050,24000,1
360,/home/dt2119/dt2119/music_classification/datasets/audios/western_data/genres_original/disco/disco.00060.wav,disco,3,30.000208333333333,30.0,0.00020833333333333335,22050,24000,1
361,/home/dt2119/dt2119/music_classification/datasets/audios/western_data/genres_original/disco/disco.00061.wav,disco,3,30.000208333333333,30.0,0.00020833333333333335,22050,24000,1
362,/home/dt2119/dt2119/music_classification/datasets/audios/western_data/genres_original/disco/disco.00062.wav,disco,3,30.000208333333333,30.0,0.00020833333333333335,22050,24000,1
363,/home/dt2119/dt2119/music_classification/datasets/audios/western_data/genres_original/disco/disco.00063.wav,disco,3,30.000208333333333,30.0,0.00020833333333333335,22050,24000,1
364,/home/dt2119/dt2119/music_classification/datasets/audios/western_data/genres_original/disco/disco.00064.wav,disco,3,30.000208333333333,30.0,0.00020833333333333335,22050,24000,1
365,/home/dt2119/dt2119/music_classification/datasets/audios/western_data/genres_original/disco/disco.00065.wav,disco,3,30.000208333333333,30.0,0.00020833333333333335,22050,24000,1
366,/home/dt2119/dt2119/music_classification/datasets/audios/western_data/genres_original/disco/disco.00066.wav,disco,3,30.000208333333333,30.0,0.00020833333333333335,22050,24000,1
367,/home/dt2119/dt2119/music_classification/datasets/audios/western_data/genres_original/disco/disco.00067.wav,disco,3,30.000208333333333,30.0,0.00020833333333333335,22050,24000,1
368,/home/dt2119/dt2119/music_classification/datasets/audios/western_data/genres_original/disco/disco.00068.wav,disco,3,30.000208333333333,30.0,0.00020833333333333335,22050,24000,1
369,/home/dt2119/dt2119/music_classification/datasets/audios/western_data/genres_original/disco/disco.00069.wav,disco,3,30.000208333333333,30.0,0.00020833333333333335,22050,24000,1
370,/home/dt2119/dt2119/music_classification/datasets/audios/western_data/genres_original/disco/disco.00070.wav,disco,3,30.000208333333333,30.0,0.00020833333333333335,22050,24000,1
371,/home/dt2119/dt2119/music_classification/datasets/audios/western_data/genres_original/disco/disco.00071.wav,disco,3,30.000208333333333,30.0,0.00020833333333333335,22050,24000,1
372,/home/dt2119/dt2119/music_classification/datasets/audios/western_data/genres_original/disco/disco.00072.wav,disco,3,30.000208333333333,30.0,0.00020833333333333335,22050,24000,1
373,/home/dt2119/dt2119/music_classification/datasets/audios/western_data/genres_original/disco/disco.00073.wav,disco,3,30.000208333333333,30.0,0.00020833333333333335,22050,24000,1
374,/home/dt2119/dt2119/music_classification/datasets/audios/western_data/genres_original/disco/disco.00074.wav,disco,3,30.000208333333333,30.0,0.00020833333333333335,22050,24000,1
375,/home/dt2119/dt2119/music_classification/datasets/audios/western_data/genres_original/disco/disco.00075.wav,disco,3,30.000208333333333,30.0,0.00020833333333333335,22050,24000,1
376,/home/dt2119/dt2119/music_classification/datasets/audios/western_data/genres_original/disco/disco.00076.wav,disco,3,30.000208333333333,30.0,0.00020833333333333335,22050,24000,1
377,/home/dt2119/dt2119/music_classification/datasets/audios/western_data/genres_original/disco/disco.00077.wav,disco,3,30.000208333333333,30.0,0.00020833333333333335,22050,24000,1
378,/home/dt2119/dt2119/music_classification/datasets/audios/western_data/genres_original/disco/disco.00078.wav,disco,3,30.000208333333333,30.0,0.00020833333333333335,22050,24000,1
379,/home/dt2119/dt2119/music_classification/datasets/audios/western_data/genres_original/disco/disco.00079.wav,disco,3,30.000208333333333,30.0,0.00020833333333333335,22050,24000,1
380,/home/dt2119/dt2119/music_classification/datasets/audios/western_data/genres_original/disco/disco.00080.wav,disco,3,30.000208333333333,30.0,0.00020833333333333335,22050,24000,1
381,/home/dt2119/dt2119/music_classification/datasets/audios/western_data/genres_original/disco/disco.00081.wav,disco,3,30.000208333333333,30.0,0.00020833333333333335,22050,24000,1
382,/home/dt2119/dt2119/music_classification/datasets/audios/western_data/genres_original/disco/disco.00082.wav,disco,3,30.000208333333333,30.0,0.00020833333333333335,22050,24000,1
383,/home/dt2119/dt2119/music_classification/datasets/audios/western_data/genres_original/disco/disco.00083.wav,disco,3,30.000208333333333,30.0,0.00020833333333333335,22050,24000,1
384,/home/dt2119/dt2119/music_classification/datasets/audios/western_data/genres_original/disco/disco.00084.wav,disco,3,30.000208333333333,30.0,0.00020833333333333335,22050,24000,1
385,/home/dt2119/dt2119/music_classification/datasets/audios/western_data/genres_original/disco/disco.00085.wav,disco,3,30.000208333333333,30.0,0.00020833333333333335,22050,24000,1
386,/home/dt2119/dt2119/music_classification/datasets/audios/western_data/genres_original/disco/disco.00086.wav,disco,3,30.000208333333333,30.0,0.00020833333333333335,22050,24000,1
387,/home/dt2119/dt2119/music_classification/datasets/audios/western_data/genres_original/disco/disco.00087.wav,disco,3,30.000208333333333,30.0,0.00020833333333333335,22050,24000,1
388,/home/dt2119/dt2119/music_classification/datasets/audios/western_data/genres_original/disco/disco.00088.wav,disco,3,30.000208333333333,30.0,0.00020833333333333335,22050,24000,1
389,/home/dt2119/dt2119/music_classification/datasets/audios/western_data/genres_original/disco/disco.00089.wav,disco,3,30.000208333333333,30.0,0.00020833333333333335,22050,24000,1
390,/home/dt2119/dt2119/music_classification/datasets/audios/western_data/genres_original/disco/disco.00090.wav,disco,3,30.000208333333333,30.0,0.00020833333333333335,22050,24000,1
391,/home/dt2119/dt2119/music_classification/datasets/audios/western_data/genres_original/disco/disco.00091.wav,disco,3,30.000208333333333,30.0,0.00020833333333333335,22050,24000,1
392,/home/dt2119/dt2119/music_classification/datasets/audios/western_data/genres_original/disco/disco.00092.wav,disco,3,30.000208333333333,30.0,0.00020833333333333335,22050,24000,1
393,/home/dt2119/dt2119/music_classification/datasets/audios/western_data/genres_original/disco/disco.00093.wav,disco,3,30.000208333333333,30.0,0.00020833333333333335,22050,24000,1
394,/home/dt2119/dt2119/music_classification/datasets/audios/western_data/genres_original/disco/disco.00094.wav,disco,3,30.000208333333333,30.0,0.00020833333333333335,22050,24000,1
395,/home/dt2119/dt2119/music_classification/datasets/audios/western_data/genres_original/disco/disco.00095.wav,disco,3,30.000208333333333,30.0,0.00020833333333333335,22050,24000,1
396,/home/dt2119/dt2119/music_classification/datasets/audios/western_data/genres_original/disco/disco.00096.wav,disco,3,30.000208333333333,30.0,0.00020833333333333335,22050,24000,1
397,/home/dt2119/dt2119/music_classification/datasets/audios/western_data/genres_original/disco/disco.00097.wav,disco,3,30.000208333333333,30.0,0.00020833333333333335,22050,24000,1
398,/home/dt2119/dt2119/music_classification/datasets/audios/western_data/genres_original/disco/disco.00098.wav,disco,3,30.000208333333333,30.0,0.00020833333333333335,22050,24000,1
399,/home/dt2119/dt2119/music_classification/datasets/audios/western_data/genres_original/disco/disco.00099.wav,disco,3,30.000208333333333,30.0,0.00020833333333333335,22050,24000,1
400,/home/dt2119/dt2119/music_classification/datasets/audios/western_data/genres_original/hiphop/hiphop.00000.wav,hiphop,4,30.000208333333333,30.0,0.00020833333333333335,22050,24000,1
401,/home/dt2119/dt2119/music_classification/datasets/audios/western_data/genres_original/hiphop/hiphop.00001.wav,hiphop,4,30.000208333333333,30.0,0.00020833333333333335,22050,24000,1
402,/home/dt2119/dt2119/music_classification/datasets/audios/western_data/genres_original/hiphop/hiphop.00002.wav,hiphop,4,30.000208333333333,30.0,0.00020833333333333335,22050,24000,1
403,/home/dt2119/dt2119/music_classification/datasets/audios/western_data/genres_original/hiphop/hiphop.00003.wav,hiphop,4,30.000208333333333,30.0,0.00020833333333333335,22050,24000,1
404,/home/dt2119/dt2119/music_classification/datasets/audios/western_data/genres_original/hiphop/hiphop.00004.wav,hiphop,4,30.000208333333333,30.0,0.00020833333333333335,22050,24000,1
405,/home/dt2119/dt2119/music_classification/datasets/audios/western_data/genres_original/hiphop/hiphop.00005.wav,hiphop,4,30.000208333333333,30.0,0.00020833333333333335,22050,24000,1
406,/home/dt2119/dt2119/music_classification/datasets/audios/western_data/genres_original/hiphop/hiphop.00006.wav,hiphop,4,30.000208333333333,30.0,0.00020833333333333335,22050,24000,1
407,/home/dt2119/dt2119/music_classification/datasets/audios/western_data/genres_original/hiphop/hiphop.00007.wav,hiphop,4,30.000208333333333,30.0,0.00020833333333333335,22050,24000,1
408,/home/dt2119/dt2119/music_classification/datasets/audios/western_data/genres_original/hiphop/hiphop.00008.wav,hiphop,4,30.013333333333332,30.0,0.013333333333333334,22050,24000,1
409,/home/dt2119/dt2119/music_classification/datasets/audios/western_data/genres_original/hiphop/hiphop.00009.wav,hiphop,4,30.013333333333332,30.0,0.013333333333333334,22050,24000,1
410,/home/dt2119/dt2119/music_classification/datasets/audios/western_data/genres_original/hiphop/hiphop.00010.wav,hiphop,4,30.013333333333332,30.0,0.013333333333333334,22050,24000,1
411,/home/dt2119/dt2119/music_classification/datasets/audios/western_data/genres_original/hiphop/hiphop.00011.wav,hiphop,4,30.013333333333332,30.0,0.013333333333333334,22050,24000,1
412,/home/dt2119/dt2119/music_classification/datasets/audios/western_data/genres_original/hiphop/hiphop.00012.wav,hiphop,4,30.013333333333332,30.0,0.013333333333333334,22050,24000,1
413,/home/dt2119/dt2119/music_classification/datasets/audios/western_data/genres_original/hiphop/hiphop.00013.wav,hiphop,4,30.013333333333332,30.0,0.013333333333333334,22050,24000,1
414,/home/dt2119/dt2119/music_classification/datasets/audios/western_data/genres_original/hiphop/hiphop.00014.wav,hiphop,4,30.013333333333332,30.0,0.013333333333333334,22050,24000,1
415,/home/dt2119/dt2119/music_classification/datasets/audios/western_data/genres_original/hiphop/hiphop.00015.wav,hiphop,4,30.013333333333332,30.0,0.013333333333333334,22050,24000,1
416,/home/dt2119/dt2119/music_classification/datasets/audios/western_data/genres_original/hiphop/hiphop.00016.wav,hiphop,4,30.013333333333332,30.0,0.013333333333333334,22050,24000,1
417,/home/dt2119/dt2119/music_classification/datasets/audios/western_data/genres_original/hiphop/hiphop.00017.wav,hiphop,4,30.013333333333332,30.0,0.013333333333333334,22050,24000,1
418,/home/dt2119/dt2119/music_classification/datasets/audios/western_data/genres_original/hiphop/hiphop.00018.wav,hiphop,4,30.013333333333332,30.0,0.013333333333333334,22050,24000,1
419,/home/dt2119/dt2119/music_classification/datasets/audios/western_data/genres_original/hiphop/hiphop.00019.wav,hiphop,4,30.013333333333332,30.0,0.013333333333333334,22050,24000,1
420,/home/dt2119/dt2119/music_classification/datasets/audios/western_data/genres_original/hiphop/hiphop.00020.wav,hiphop,4,30.013333333333332,30.0,0.013333333333333334,22050,24000,1
421,/home/dt2119/dt2119/music_classification/datasets/audios/western_data/genres_original/hiphop/hiphop.00021.wav,hiphop,4,30.013333333333332,30.0,0.013333333333333334,22050,24000,1
422,/home/dt2119/dt2119/music_classification/datasets/audios/western_data/genres_original/hiphop/hiphop.00022.wav,hiphop,4,30.013333333333332,30.0,0.013333333333333334,22050,24000,1
423,/home/dt2119/dt2119/music_classification/datasets/audios/western_data/genres_original/hiphop/hiphop.00023.wav,hiphop,4,30.013333333333332,30.0,0.013333333333333334,22050,24000,1
424,/home/dt2119/dt2119/music_classification/datasets/audios/western_data/genres_original/hiphop/hiphop.00024.wav,hiphop,4,30.013333333333332,30.0,0.013333333333333334,22050,24000,1
425,/home/dt2119/dt2119/music_classification/datasets/audios/western_data/genres_original/hiphop/hiphop.00025.wav,hiphop,4,30.013333333333332,30.0,0.013333333333333334,22050,24000,1
426,/home/dt2119/dt2119/music_classification/datasets/audios/western_data/genres_original/hiphop/hiphop.00026.wav,hiphop,4,30.371,30.0,0.371,22050,24000,1
427,/home/dt2119/dt2119/music_classification/datasets/audios/western_data/genres_original/hiphop/hiphop.00027.wav,hiphop,4,30.131541666666667,30.0,0.13154166666666667,22050,24000,1
428,/home/dt2119/dt2119/music_classification/datasets/audios/western_data/genres_original/hiphop/hiphop.00028.wav,hiphop,4,30.008,30.0,0.008,22050,24000,1
429,/home/dt2119/dt2119/music_classification/datasets/audios/western_data/genres_original/hiphop/hiphop.00029.wav,hiphop,4,30.351041666666667,30.0,0.35104166666666664,22050,24000,1
430,/home/dt2119/dt2119/music_classification/datasets/audios/western_data/genres_original/hiphop/hiphop.00030.wav,hiphop,4,30.011791666666667,30.0,0.011791666666666667,22050,24000,1
431,/home/dt2119/dt2119/music_classification/datasets/audios/western_data/genres_original/hiphop/hiphop.00031.wav,hiphop,4,29.995833333333334,29.995833333333334,0.0,22050,24000,1
432,/home/dt2119/dt2119/music_classification/datasets/audios/western_data/genres_original/hiphop/hiphop.00032.wav,hiphop,4,29.932,29.932,0.0,22050,24000,1
433,/home/dt2119/dt2119/music_classification/datasets/audios/western_data/genres_original/hiphop/hiphop.00033.wav,hiphop,4,30.171458333333334,30.0,0.17145833333333332,22050,24000,1
434,/home/dt2119/dt2119/music_classification/datasets/audios/western_data/genres_original/hiphop/hiphop.00034.wav,hiphop,4,30.281208333333332,30.0,0.28120833333333334,22050,24000,1
435,/home/dt2119/dt2119/music_classification/datasets/audios/western_data/genres_original/hiphop/hiphop.00035.wav,hiphop,4,30.301166666666667,30.0,0.3011666666666667,22050,24000,1
436,/home/dt2119/dt2119/music_classification/datasets/audios/western_data/genres_original/hiphop/hiphop.00036.wav,hiphop,4,30.64891666666667,30.0,0.6489166666666667,22050,24000,1
437,/home/dt2119/dt2119/music_classification/datasets/audios/western_data/genres_original/hiphop/hiphop.00037.wav,hiphop,4,30.64891666666667,30.0,0.6489166666666667,22050,24000,1
438,/home/dt2119/dt2119/music_classification/datasets/audios/western_data/genres_original/hiphop/hiphop.00038.wav,hiphop,4,30.64891666666667,30.0,0.6489166666666667,22050,24000,1
439,/home/dt2119/dt2119/music_classification/datasets/audios/western_data/genres_original/hiphop/hiphop.00039.wav,hiphop,4,30.64891666666667,30.0,0.6489166666666667,22050,24000,1
440,/home/dt2119/dt2119/music_classification/datasets/audios/western_data/genres_original/hiphop/hiphop.00040.wav,hiphop,4,30.64891666666667,30.0,0.6489166666666667,22050,24000,1
441,/home/dt2119/dt2119/music_classification/datasets/audios/western_data/genres_original/hiphop/hiphop.00041.wav,hiphop,4,30.64891666666667,30.0,0.6489166666666667,22050,24000,1
442,/home/dt2119/dt2119/music_classification/datasets/audios/western_data/genres_original/hiphop/hiphop.00042.wav,hiphop,4,30.64891666666667,30.0,0.6489166666666667,22050,24000,1
443,/home/dt2119/dt2119/music_classification/datasets/audios/western_data/genres_original/hiphop/hiphop.00043.wav,hiphop,4,30.64891666666667,30.0,0.6489166666666667,22050,24000,1
444,/home/dt2119/dt2119/music_classification/datasets/audios/western_data/genres_original/hiphop/hiphop.00044.wav,hiphop,4,30.64891666666667,30.0,0.6489166666666667,22050,24000,1
445,/home/dt2119/dt2119/music_classification/datasets/audios/western_data/genres_original/hiphop/hiphop.00045.wav,hiphop,4,30.64891666666667,30.0,0.6489166666666667,22050,24000,1
446,/home/dt2119/dt2119/music_classification/datasets/audios/western_data/genres_original/hiphop/hiphop.00046.wav,hiphop,4,30.013333333333332,30.0,0.013333333333333334,22050,24000,1
447,/home/dt2119/dt2119/music_classification/datasets/audios/western_data/genres_original/hiphop/hiphop.00047.wav,hiphop,4,30.013333333333332,30.0,0.013333333333333334,22050,24000,1
448,/home/dt2119/dt2119/music_classification/datasets/audios/western_data/genres_original/hiphop/hiphop.00048.wav,hiphop,4,30.013333333333332,30.0,0.013333333333333334,22050,24000,1
449,/home/dt2119/dt2119/music_classification/datasets/audios/western_data/genres_original/hiphop/hiphop.00049.wav,hiphop,4,30.013333333333332,30.0,0.013333333333333334,22050,24000,1
450,/home/dt2119/dt2119/music_classification/datasets/audios/western_data/genres_original/hiphop/hiphop.00050.wav,hiphop,4,30.013333333333332,30.0,0.013333333333333334,22050,24000,1
451,/home/dt2119/dt2119/music_classification/datasets/audios/western_data/genres_original/hiphop/hiphop.00051.wav,hiphop,4,30.013333333333332,30.0,0.013333333333333334,22050,24000,1
452,/home/dt2119/dt2119/music_classification/datasets/audios/western_data/genres_original/hiphop/hiphop.00052.wav,hiphop,4,30.013333333333332,30.0,0.013333333333333334,22050,24000,1
453,/home/dt2119/dt2119/music_classification/datasets/audios/western_data/genres_original/hiphop/hiphop.00053.wav,hiphop,4,30.013333333333332,30.0,0.013333333333333334,22050,24000,1
454,/home/dt2119/dt2119/music_classification/datasets/audios/western_data/genres_original/hiphop/hiphop.00054.wav,hiphop,4,30.013333333333332,30.0,0.013333333333333334,22050,24000,1
455,/home/dt2119/dt2119/music_classification/datasets/audios/western_data/genres_original/hiphop/hiphop.00055.wav,hiphop,4,30.013333333333332,30.0,0.013333333333333334,22050,24000,1
456,/home/dt2119/dt2119/music_classification/datasets/audios/western_data/genres_original/hiphop/hiphop.00056.wav,hiphop,4,30.013333333333332,30.0,0.013333333333333334,22050,24000,1
457,/home/dt2119/dt2119/music_classification/datasets/audios/western_data/genres_original/hiphop/hiphop.00057.wav,hiphop,4,30.013333333333332,30.0,0.013333333333333334,22050,24000,1
458,/home/dt2119/dt2119/music_classification/datasets/audios/western_data/genres_original/hiphop/hiphop.00058.wav,hiphop,4,30.013333333333332,30.0,0.013333333333333334,22050,24000,1
459,/home/dt2119/dt2119/music_classification/datasets/audios/western_data/genres_original/hiphop/hiphop.00059.wav,hiphop,4,30.013333333333332,30.0,0.013333333333333334,22050,24000,1
460,/home/dt2119/dt2119/music_classification/datasets/audios/western_data/genres_original/hiphop/hiphop.00060.wav,hiphop,4,30.013333333333332,30.0,0.013333333333333334,22050,24000,1
461,/home/dt2119/dt2119/music_classification/datasets/audios/western_data/genres_original/hiphop/hiphop.00061.wav,hiphop,4,30.013333333333332,30.0,0.013333333333333334,22050,24000,1
462,/home/dt2119/dt2119/music_classification/datasets/audios/western_data/genres_original/hiphop/hiphop.00062.wav,hiphop,4,30.013333333333332,30.0,0.013333333333333334,22050,24000,1
463,/home/dt2119/dt2119/music_classification/datasets/audios/western_data/genres_original/hiphop/hiphop.00063.wav,hiphop,4,30.013333333333332,30.0,0.013333333333333334,22050,24000,1
464,/home/dt2119/dt2119/music_classification/datasets/audios/western_data/genres_original/hiphop/hiphop.00064.wav,hiphop,4,30.013333333333332,30.0,0.013333333333333334,22050,24000,1
465,/home/dt2119/dt2119/music_classification/datasets/audios/western_data/genres_original/hiphop/hiphop.00065.wav,hiphop,4,30.013333333333332,30.0,0.013333333333333334,22050,24000,1
466,/home/dt2119/dt2119/music_classification/datasets/audios/western_data/genres_original/hiphop/hiphop.00066.wav,hiphop,4,30.013333333333332,30.0,0.013333333333333334,22050,24000,1
467,/home/dt2119/dt2119/music_classification/datasets/audios/western_data/genres_original/hiphop/hiphop.00067.wav,hiphop,4,30.013333333333332,30.0,0.013333333333333334,22050,24000,1
468,/home/dt2119/dt2119/music_classification/datasets/audios/western_data/genres_original/hiphop/hiphop.00068.wav,hiphop,4,30.013333333333332,30.0,0.013333333333333334,22050,24000,1
469,/home/dt2119/dt2119/music_classification/datasets/audios/western_data/genres_original/hiphop/hiphop.00069.wav,hiphop,4,30.013333333333332,30.0,0.013333333333333334,22050,24000,1
470,/home/dt2119/dt2119/music_classification/datasets/audios/western_data/genres_original/hiphop/hiphop.00070.wav,hiphop,4,30.013333333333332,30.0,0.013333333333333334,22050,24000,1
471,/home/dt2119/dt2119/music_classification/datasets/audios/western_data/genres_original/hiphop/hiphop.00071.wav,hiphop,4,30.013333333333332,30.0,0.013333333333333334,22050,24000,1
472,/home/dt2119/dt2119/music_classification/datasets/audios/western_data/genres_original/hiphop/hiphop.00072.wav,hiphop,4,30.013333333333332,30.0,0.013333333333333334,22050,24000,1
473,/home/dt2119/dt2119/music_classification/datasets/audios/western_data/genres_original/hiphop/hiphop.00073.wav,hiphop,4,30.013333333333332,30.0,0.013333333333333334,22050,24000,1
474,/home/dt2119/dt2119/music_classification/datasets/audios/western_data/genres_original/hiphop/hiphop.00074.wav,hiphop,4,30.013333333333332,30.0,0.013333333333333334,22050,24000,1
475,/home/dt2119/dt2119/music_classification/datasets/audios/western_data/genres_original/hiphop/hiphop.00075.wav,hiphop,4,30.013333333333332,30.0,0.013333333333333334,22050,24000,1
476,/home/dt2119/dt2119/music_classification/datasets/audios/western_data/genres_original/hiphop/hiphop.00076.wav,hiphop,4,30.000208333333333,30.0,0.00020833333333333335,22050,24000,1
477,/home/dt2119/dt2119/music_classification/datasets/audios/western_data/genres_original/hiphop/hiphop.00077.wav,hiphop,4,30.000208333333333,30.0,0.00020833333333333335,22050,24000,1
478,/home/dt2119/dt2119/music_classification/datasets/audios/western_data/genres_original/hiphop/hiphop.00078.wav,hiphop,4,30.000208333333333,30.0,0.00020833333333333335,22050,24000,1
479,/home/dt2119/dt2119/music_classification/datasets/audios/western_data/genres_original/hiphop/hiphop.00079.wav,hiphop,4,30.000208333333333,30.0,0.00020833333333333335,22050,24000,1
480,/home/dt2119/dt2119/music_classification/datasets/audios/western_data/genres_original/hiphop/hiphop.00080.wav,hiphop,4,30.000208333333333,30.0,0.00020833333333333335,22050,24000,1
481,/home/dt2119/dt2119/music_classification/datasets/audios/western_data/genres_original/hiphop/hiphop.00081.wav,hiphop,4,30.013333333333332,30.0,0.013333333333333334,22050,24000,1
482,/home/dt2119/dt2119/music_classification/datasets/audios/western_data/genres_original/hiphop/hiphop.00082.wav,hiphop,4,30.013333333333332,30.0,0.013333333333333334,22050,24000,1
483,/home/dt2119/dt2119/music_classification/datasets/audios/western_data/genres_original/hiphop/hiphop.00083.wav,hiphop,4,30.013333333333332,30.0,0.013333333333333334,22050,24000,1
484,/home/dt2119/dt2119/music_classification/datasets/audios/western_data/genres_original/hiphop/hiphop.00084.wav,hiphop,4,30.013333333333332,30.0,0.013333333333333334,22050,24000,1
485,/home/dt2119/dt2119/music_classification/datasets/audios/western_data/genres_original/hiphop/hiphop.00085.wav,hiphop,4,30.013333333333332,30.0,0.013333333333333334,22050,24000,1
486,/home/dt2119/dt2119/music_classification/datasets/audios/western_data/genres_original/hiphop/hiphop.00086.wav,hiphop,4,30.013333333333332,30.0,0.013333333333333334,22050,24000,1
487,/home/dt2119/dt2119/music_classification/datasets/audios/western_data/genres_original/hiphop/hiphop.00087.wav,hiphop,4,30.013333333333332,30.0,0.013333333333333334,22050,24000,1
488,/home/dt2119/dt2119/music_classification/datasets/audios/western_data/genres_original/hiphop/hiphop.00088.wav,hiphop,4,30.013333333333332,30.0,0.013333333333333334,22050,24000,1
489,/home/dt2119/dt2119/music_classification/datasets/audios/western_data/genres_original/hiphop/hiphop.00089.wav,hiphop,4,30.013333333333332,30.0,0.013333333333333334,22050,24000,1
490,/home/dt2119/dt2119/music_classification/datasets/audios/western_data/genres_original/hiphop/hiphop.00090.wav,hiphop,4,30.013333333333332,30.0,0.013333333333333334,22050,24000,1
491,/home/dt2119/dt2119/music_classification/datasets/audios/western_data/genres_original/hiphop/hiphop.00091.wav,hiphop,4,30.013333333333332,30.0,0.013333333333333334,22050,24000,1
492,/home/dt2119/dt2119/music_classification/datasets/audios/western_data/genres_original/hiphop/hiphop.00092.wav,hiphop,4,30.013333333333332,30.0,0.013333333333333334,22050,24000,1
493,/home/dt2119/dt2119/music_classification/datasets/audios/western_data/genres_original/hiphop/hiphop.00093.wav,hiphop,4,30.013333333333332,30.0,0.013333333333333334,22050,24000,1
494,/home/dt2119/dt2119/music_classification/datasets/audios/western_data/genres_original/hiphop/hiphop.00094.wav,hiphop,4,30.013333333333332,30.0,0.013333333333333334,22050,24000,1
495,/home/dt2119/dt2119/music_classification/datasets/audios/western_data/genres_original/hiphop/hiphop.00095.wav,hiphop,4,30.013333333333332,30.0,0.013333333333333334,22050,24000,1
496,/home/dt2119/dt2119/music_classification/datasets/audios/western_data/genres_original/hiphop/hiphop.00096.wav,hiphop,4,30.013333333333332,30.0,0.013333333333333334,22050,24000,1
497,/home/dt2119/dt2119/music_classification/datasets/audios/western_data/genres_original/hiphop/hiphop.00097.wav,hiphop,4,30.013333333333332,30.0,0.013333333333333334,22050,24000,1
498,/home/dt2119/dt2119/music_classification/datasets/audios/western_data/genres_original/hiphop/hiphop.00098.wav,hiphop,4,30.013333333333332,30.0,0.013333333333333334,22050,24000,1
499,/home/dt2119/dt2119/music_classification/datasets/audios/western_data/genres_original/hiphop/hiphop.00099.wav,hiphop,4,30.000208333333333,30.0,0.00020833333333333335,22050,24000,1
500,/home/dt2119/dt2119/music_classification/datasets/audios/western_data/genres_original/jazz/jazz.00000.wav,jazz,5,30.013333333333332,30.0,0.013333333333333334,22050,24000,1
501,/home/dt2119/dt2119/music_classification/datasets/audios/western_data/genres_original/jazz/jazz.00001.wav,jazz,5,30.013333333333332,30.0,0.013333333333333334,22050,24000,1
502,/home/dt2119/dt2119/music_classification/datasets/audios/western_data/genres_original/jazz/jazz.00002.wav,jazz,5,30.013333333333332,30.0,0.013333333333333334,22050,24000,1
503,/home/dt2119/dt2119/music_classification/datasets/audios/western_data/genres_original/jazz/jazz.00003.wav,jazz,5,30.013333333333332,30.0,0.013333333333333334,22050,24000,1
504,/home/dt2119/dt2119/music_classification/datasets/audios/western_data/genres_original/jazz/jazz.00004.wav,jazz,5,30.013333333333332,30.0,0.013333333333333334,22050,24000,1
505,/home/dt2119/dt2119/music_classification/datasets/audios/western_data/genres_original/jazz/jazz.00005.wav,jazz,5,30.013333333333332,30.0,0.013333333333333334,22050,24000,1
506,/home/dt2119/dt2119/music_classification/datasets/audios/western_data/genres_original/jazz/jazz.00006.wav,jazz,5,30.013333333333332,30.0,0.013333333333333334,22050,24000,1
507,/home/dt2119/dt2119/music_classification/datasets/audios/western_data/genres_original/jazz/jazz.00007.wav,jazz,5,30.013333333333332,30.0,0.013333333333333334,22050,24000,1
508,/home/dt2119/dt2119/music_classification/datasets/audios/western_data/genres_original/jazz/jazz.00008.wav,jazz,5,30.013333333333332,30.0,0.013333333333333334,22050,24000,1
509,/home/dt2119/dt2119/music_classification/datasets/audios/western_data/genres_original/jazz/jazz.00009.wav,jazz,5,30.013333333333332,30.0,0.013333333333333334,22050,24000,1
510,/home/dt2119/dt2119/music_classification/datasets/audios/western_data/genres_original/jazz/jazz.00010.wav,jazz,5,30.013333333333332,30.0,0.013333333333333334,22050,24000,1
511,/home/dt2119/dt2119/music_classification/datasets/audios/western_data/genres_original/jazz/jazz.00011.wav,jazz,5,30.013333333333332,30.0,0.013333333333333334,22050,24000,1
512,/home/dt2119/dt2119/music_classification/datasets/audios/western_data/genres_original/jazz/jazz.00012.wav,jazz,5,30.013333333333332,30.0,0.013333333333333334,22050,24000,1
513,/home/dt2119/dt2119/music_classification/datasets/audios/western_data/genres_original/jazz/jazz.00013.wav,jazz,5,30.013333333333332,30.0,0.013333333333333334,22050,24000,1
514,/home/dt2119/dt2119/music_classification/datasets/audios/western_data/genres_original/jazz/jazz.00014.wav,jazz,5,30.013333333333332,30.0,0.013333333333333334,22050,24000,1
515,/home/dt2119/dt2119/music_classification/datasets/audios/western_data/genres_original/jazz/jazz.00015.wav,jazz,5,30.013333333333332,30.0,0.013333333333333334,22050,24000,1
516,/home/dt2119/dt2119/music_classification/datasets/audios/western_data/genres_original/jazz/jazz.00016.wav,jazz,5,30.013333333333332,30.0,0.013333333333333334,22050,24000,1
517,/home/dt2119/dt2119/music_classification/datasets/audios/western_data/genres_original/jazz/jazz.00017.wav,jazz,5,30.013333333333332,30.0,0.013333333333333334,22050,24000,1
518,/home/dt2119/dt2119/music_classification/datasets/audios/western_data/genres_original/jazz/jazz.00018.wav,jazz,5,30.013333333333332,30.0,0.013333333333333334,22050,24000,1
519,/home/dt2119/dt2119/music_classification/datasets/audios/western_data/genres_original/jazz/jazz.00019.wav,jazz,5,30.013333333333332,30.0,0.013333333333333334,22050,24000,1
520,/home/dt2119/dt2119/music_classification/datasets/audios/western_data/genres_original/jazz/jazz.00020.wav,jazz,5,30.013333333333332,30.0,0.013333333333333334,22050,24000,1
521,/home/dt2119/dt2119/music_classification/datasets/audios/western_data/genres_original/jazz/jazz.00021.wav,jazz,5,30.013333333333332,30.0,0.013333333333333334,22050,24000,1
522,/home/dt2119/dt2119/music_classification/datasets/audios/western_data/genres_original/jazz/jazz.00022.wav,jazz,5,30.013333333333332,30.0,0.013333333333333334,22050,24000,1
523,/home/dt2119/dt2119/music_classification/datasets/audios/western_data/genres_original/jazz/jazz.00023.wav,jazz,5,30.013333333333332,30.0,0.013333333333333334,22050,24000,1
524,/home/dt2119/dt2119/music_classification/datasets/audios/western_data/genres_original/jazz/jazz.00024.wav,jazz,5,30.013333333333332,30.0,0.013333333333333334,22050,24000,1
525,/home/dt2119/dt2119/music_classification/datasets/audios/western_data/genres_original/jazz/jazz.00025.wav,jazz,5,30.013333333333332,30.0,0.013333333333333334,22050,24000,1
526,/home/dt2119/dt2119/music_classification/datasets/audios/western_data/genres_original/jazz/jazz.00026.wav,jazz,5,30.013333333333332,30.0,0.013333333333333334,22050,24000,1
527,/home/dt2119/dt2119/music_classification/datasets/audios/western_data/genres_original/jazz/jazz.00027.wav,jazz,5,30.013333333333332,30.0,0.013333333333333334,22050,24000,1
528,/home/dt2119/dt2119/music_classification/datasets/audios/western_data/genres_original/jazz/jazz.00028.wav,jazz,5,30.013333333333332,30.0,0.013333333333333334,22050,24000,1
529,/home/dt2119/dt2119/music_classification/datasets/audios/western_data/genres_original/jazz/jazz.00029.wav,jazz,5,30.013333333333332,30.0,0.013333333333333334,22050,24000,1
530,/home/dt2119/dt2119/music_classification/datasets/audios/western_data/genres_original/jazz/jazz.00030.wav,jazz,5,30.013333333333332,30.0,0.013333333333333334,22050,24000,1
531,/home/dt2119/dt2119/music_classification/datasets/audios/western_data/genres_original/jazz/jazz.00031.wav,jazz,5,30.013333333333332,30.0,0.013333333333333334,22050,24000,1
532,/home/dt2119/dt2119/music_classification/datasets/audios/western_data/genres_original/jazz/jazz.00032.wav,jazz,5,30.013333333333332,30.0,0.013333333333333334,22050,24000,1
533,/home/dt2119/dt2119/music_classification/datasets/audios/western_data/genres_original/jazz/jazz.00033.wav,jazz,5,30.013333333333332,30.0,0.013333333333333334,22050,24000,1
534,/home/dt2119/dt2119/music_classification/datasets/audios/western_data/genres_original/jazz/jazz.00034.wav,jazz,5,30.013333333333332,30.0,0.013333333333333334,22050,24000,1
535,/home/dt2119/dt2119/music_classification/datasets/audios/western_data/genres_original/jazz/jazz.00035.wav,jazz,5,30.013333333333332,30.0,0.013333333333333334,22050,24000,1
536,/home/dt2119/dt2119/music_classification/datasets/audios/western_data/genres_original/jazz/jazz.00036.wav,jazz,5,30.013333333333332,30.0,0.013333333333333334,22050,24000,1
537,/home/dt2119/dt2119/music_classification/datasets/audios/western_data/genres_original/jazz/jazz.00037.wav,jazz,5,30.013333333333332,30.0,0.013333333333333334,22050,24000,1
538,/home/dt2119/dt2119/music_classification/datasets/audios/western_data/genres_original/jazz/jazz.00038.wav,jazz,5,30.013333333333332,30.0,0.013333333333333334,22050,24000,1
539,/home/dt2119/dt2119/music_classification/datasets/audios/western_data/genres_original/jazz/jazz.00039.wav,jazz,5,30.013333333333332,30.0,0.013333333333333334,22050,24000,1
540,/home/dt2119/dt2119/music_classification/datasets/audios/western_data/genres_original/jazz/jazz.00040.wav,jazz,5,30.013333333333332,30.0,0.013333333333333334,22050,24000,1
541,/home/dt2119/dt2119/music_classification/datasets/audios/western_data/genres_original/jazz/jazz.00041.wav,jazz,5,30.013333333333332,30.0,0.013333333333333334,22050,24000,1
542,/home/dt2119/dt2119/music_classification/datasets/audios/western_data/genres_original/jazz/jazz.00042.wav,jazz,5,30.013333333333332,30.0,0.013333333333333334,22050,24000,1
543,/home/dt2119/dt2119/music_classification/datasets/audios/western_data/genres_original/jazz/jazz.00043.wav,jazz,5,30.013333333333332,30.0,0.013333333333333334,22050,24000,1
544,/home/dt2119/dt2119/music_classification/datasets/audios/western_data/genres_original/jazz/jazz.00044.wav,jazz,5,30.013333333333332,30.0,0.013333333333333334,22050,24000,1
545,/home/dt2119/dt2119/music_classification/datasets/audios/western_data/genres_original/jazz/jazz.00045.wav,jazz,5,30.013333333333332,30.0,0.013333333333333334,22050,24000,1
546,/home/dt2119/dt2119/music_classification/datasets/audios/western_data/genres_original/jazz/jazz.00046.wav,jazz,5,30.013333333333332,30.0,0.013333333333333334,22050,24000,1
547,/home/dt2119/dt2119/music_classification/datasets/audios/western_data/genres_original/jazz/jazz.00047.wav,jazz,5,30.013333333333332,30.0,0.013333333333333334,22050,24000,1
548,/home/dt2119/dt2119/music_classification/datasets/audios/western_data/genres_original/jazz/jazz.00048.wav,jazz,5,30.013333333333332,30.0,0.013333333333333334,22050,24000,1
549,/home/dt2119/dt2119/music_classification/datasets/audios/western_data/genres_original/jazz/jazz.00049.wav,jazz,5,30.008,30.0,0.008,22050,24000,1
550,/home/dt2119/dt2119/music_classification/datasets/audios/western_data/genres_original/jazz/jazz.00050.wav,jazz,5,30.351041666666667,30.0,0.35104166666666664,22050,24000,1
551,/home/dt2119/dt2119/music_classification/datasets/audios/western_data/genres_original/jazz/jazz.00051.wav,jazz,5,30.013333333333332,30.0,0.013333333333333334,22050,24000,1
552,/home/dt2119/dt2119/music_classification/datasets/audios/western_data/genres_original/jazz/jazz.00052.wav,jazz,5,30.201375,30.0,0.201375,22050,24000,1
553,/home/dt2119/dt2119/music_classification/datasets/audios/western_data/genres_original/jazz/jazz.00053.wav,jazz,5,30.013333333333332,30.0,0.013333333333333334,22050,24000,1
554,/home/dt2119/dt2119/music_classification/datasets/audios/western_data/genres_original/jazz/jazz.00055.wav,jazz,5,30.013333333333332,30.0,0.013333333333333334,22050,24000,1
555,/home/dt2119/dt2119/music_classification/datasets/audios/western_data/genres_original/jazz/jazz.00056.wav,jazz,5,30.171458333333334,30.0,0.17145833333333332,22050,24000,1
556,/home/dt2119/dt2119/music_classification/datasets/audios/western_data/genres_original/jazz/jazz.00057.wav,jazz,5,30.013333333333332,30.0,0.013333333333333334,22050,24000,1
557,/home/dt2119/dt2119/music_classification/datasets/audios/western_data/genres_original/jazz/jazz.00058.wav,jazz,5,30.013333333333332,30.0,0.013333333333333334,22050,24000,1
558,/home/dt2119/dt2119/music_classification/datasets/audios/western_data/genres_original/jazz/jazz.00059.wav,jazz,5,30.48075,30.0,0.48075,22050,24000,1
559,/home/dt2119/dt2119/music_classification/datasets/audios/western_data/genres_original/jazz/jazz.00060.wav,jazz,5,30.013333333333332,30.0,0.013333333333333334,22050,24000,1
560,/home/dt2119/dt2119/music_classification/datasets/audios/western_data/genres_original/jazz/jazz.00061.wav,jazz,5,30.241291666666665,30.0,0.24129166666666665,22050,24000,1
561,/home/dt2119/dt2119/music_classification/datasets/audios/western_data/genres_original/jazz/jazz.00062.wav,jazz,5,30.013333333333332,30.0,0.013333333333333334,22050,24000,1
562,/home/dt2119/dt2119/music_classification/datasets/audios/western_data/genres_original/jazz/jazz.00063.wav,jazz,5,30.351041666666667,30.0,0.35104166666666664,22050,24000,1
563,/home/dt2119/dt2119/music_classification/datasets/audios/western_data/genres_original/jazz/jazz.00064.wav,jazz,5,30.021791666666665,30.0,0.021791666666666668,22050,24000,1
564,/home/dt2119/dt2119/music_classification/datasets/audios/western_data/genres_original/jazz/jazz.00065.wav,jazz,5,30.013333333333332,30.0,0.013333333333333334,22050,24000,1
565,/home/dt2119/dt2119/music_classification/datasets/audios/western_data/genres_original/jazz/jazz.00066.wav,jazz,5,30.271208333333334,30.0,0.27120833333333333,22050,24000,1
566,/home/dt2119/dt2119/music_classification/datasets/audios/western_data/genres_original/jazz/jazz.00067.wav,jazz,5,30.013333333333332,30.0,0.013333333333333334,22050,24000,1
567,/home/dt2119/dt2119/music_classification/datasets/audios/western_data/genres_original/jazz/jazz.00068.wav,jazz,5,30.013333333333332,30.0,0.013333333333333334,22050,24000,1
568,/home/dt2119/dt2119/music_classification/datasets/audios/western_data/genres_original/jazz/jazz.00069.wav,jazz,5,30.013333333333332,30.0,0.013333333333333334,22050,24000,1
569,/home/dt2119/dt2119/music_classification/datasets/audios/western_data/genres_original/jazz/jazz.00070.wav,jazz,5,30.013333333333332,30.0,0.013333333333333334,22050,24000,1
570,/home/dt2119/dt2119/music_classification/datasets/audios/western_data/genres_original/jazz/jazz.00071.wav,jazz,5,30.013333333333332,30.0,0.013333333333333334,22050,24000,1
571,/home/dt2119/dt2119/music_classification/datasets/audios/western_data/genres_original/jazz/jazz.00072.wav,jazz,5,30.013333333333332,30.0,0.013333333333333334,22050,24000,1
572,/home/dt2119/dt2119/music_classification/datasets/audios/western_data/genres_original/jazz/jazz.00073.wav,jazz,5,30.013333333333332,30.0,0.013333333333333334,22050,24000,1
573,/home/dt2119/dt2119/music_classification/datasets/audios/western_data/genres_original/jazz/jazz.00074.wav,jazz,5,30.013333333333332,30.0,0.013333333333333334,22050,24000,1
574,/home/dt2119/dt2119/music_classification/datasets/audios/western_data/genres_original/jazz/jazz.00075.wav,jazz,5,30.013333333333332,30.0,0.013333333333333334,22050,24000,1
575,/home/dt2119/dt2119/music_classification/datasets/audios/western_data/genres_original/jazz/jazz.00076.wav,jazz,5,30.013333333333332,30.0,0.013333333333333334,22050,24000,1
576,/home/dt2119/dt2119/music_classification/datasets/audios/western_data/genres_original/jazz/jazz.00077.wav,jazz,5,30.013333333333332,30.0,0.013333333333333334,22050,24000,1
577,/home/dt2119/dt2119/music_classification/datasets/audios/western_data/genres_original/jazz/jazz.00078.wav,jazz,5,30.013333333333332,30.0,0.013333333333333334,22050,24000,1
578,/home/dt2119/dt2119/music_classification/datasets/audios/western_data/genres_original/jazz/jazz.00079.wav,jazz,5,30.013333333333332,30.0,0.013333333333333334,22050,24000,1
579,/home/dt2119/dt2119/music_classification/datasets/audios/western_data/genres_original/jazz/jazz.00080.wav,jazz,5,30.013333333333332,30.0,0.013333333333333334,22050,24000,1
580,/home/dt2119/dt2119/music_classification/datasets/audios/western_data/genres_original/jazz/jazz.00081.wav,jazz,5,30.013333333333332,30.0,0.013333333333333334,22050,24000,1
581,/home/dt2119/dt2119/music_classification/datasets/audios/western_data/genres_original/jazz/jazz.00082.wav,jazz,5,30.013333333333332,30.0,0.013333333333333334,22050,24000,1
582,/home/dt2119/dt2119/music_classification/datasets/audios/western_data/genres_original/jazz/jazz.00083.wav,jazz,5,30.013333333333332,30.0,0.013333333333333334,22050,24000,1
583,/home/dt2119/dt2119/music_classification/datasets/audios/western_data/genres_original/jazz/jazz.00084.wav,jazz,5,30.013333333333332,30.0,0.013333333333333334,22050,24000,1
584,/home/dt2119/dt2119/music_classification/datasets/audios/western_data/genres_original/jazz/jazz.00085.wav,jazz,5,30.013333333333332,30.0,0.013333333333333334,22050,24000,1
585,/home/dt2119/dt2119/music_classification/datasets/audios/western_data/genres_original/jazz/jazz.00086.wav,jazz,5,30.013333333333332,30.0,0.013333333333333334,22050,24000,1
586,/home/dt2119/dt2119/music_classification/datasets/audios/western_data/genres_original/jazz/jazz.00087.wav,jazz,5,30.013333333333332,30.0,0.013333333333333334,22050,24000,1
587,/home/dt2119/dt2119/music_classification/datasets/audios/western_data/genres_original/jazz/jazz.00088.wav,jazz,5,30.013333333333332,30.0,0.013333333333333334,22050,24000,1
588,/home/dt2119/dt2119/music_classification/datasets/audios/western_data/genres_original/jazz/jazz.00089.wav,jazz,5,30.013333333333332,30.0,0.013333333333333334,22050,24000,1
589,/home/dt2119/dt2119/music_classification/datasets/audios/western_data/genres_original/jazz/jazz.00090.wav,jazz,5,30.013333333333332,30.0,0.013333333333333334,22050,24000,1
590,/home/dt2119/dt2119/music_classification/datasets/audios/western_data/genres_original/jazz/jazz.00091.wav,jazz,5,30.013333333333332,30.0,0.013333333333333334,22050,24000,1
591,/home/dt2119/dt2119/music_classification/datasets/audios/western_data/genres_original/jazz/jazz.00092.wav,jazz,5,30.013333333333332,30.0,0.013333333333333334,22050,24000,1
592,/home/dt2119/dt2119/music_classification/datasets/audios/western_data/genres_original/jazz/jazz.00093.wav,jazz,5,30.013333333333332,30.0,0.013333333333333334,22050,24000,1
593,/home/dt2119/dt2119/music_classification/datasets/audios/western_data/genres_original/jazz/jazz.00094.wav,jazz,5,30.013333333333332,30.0,0.013333333333333334,22050,24000,1
594,/home/dt2119/dt2119/music_classification/datasets/audios/western_data/genres_original/jazz/jazz.00095.wav,jazz,5,30.013333333333332,30.0,0.013333333333333334,22050,24000,1
595,/home/dt2119/dt2119/music_classification/datasets/audios/western_data/genres_original/jazz/jazz.00096.wav,jazz,5,30.013333333333332,30.0,0.013333333333333334,22050,24000,1
596,/home/dt2119/dt2119/music_classification/datasets/audios/western_data/genres_original/jazz/jazz.00097.wav,jazz,5,30.013333333333332,30.0,0.013333333333333334,22050,24000,1
597,/home/dt2119/dt2119/music_classification/datasets/audios/western_data/genres_original/jazz/jazz.00098.wav,jazz,5,30.013333333333332,30.0,0.013333333333333334,22050,24000,1
598,/home/dt2119/dt2119/music_classification/datasets/audios/western_data/genres_original/jazz/jazz.00099.wav,jazz,5,30.013333333333332,30.0,0.013333333333333334,22050,24000,1
599,/home/dt2119/dt2119/music_classification/datasets/audios/western_data/genres_original/metal/metal.00000.wav,metal,6,30.000208333333333,30.0,0.00020833333333333335,22050,24000,1
600,/home/dt2119/dt2119/music_classification/datasets/audios/western_data/genres_original/metal/metal.00001.wav,metal,6,30.000208333333333,30.0,0.00020833333333333335,22050,24000,1
601,/home/dt2119/dt2119/music_classification/datasets/audios/western_data/genres_original/metal/metal.00002.wav,metal,6,30.000208333333333,30.0,0.00020833333333333335,22050,24000,1
602,/home/dt2119/dt2119/music_classification/datasets/audios/western_data/genres_original/metal/metal.00003.wav,metal,6,30.000208333333333,30.0,0.00020833333333333335,22050,24000,1
603,/home/dt2119/dt2119/music_classification/datasets/audios/western_data/genres_original/metal/metal.00004.wav,metal,6,30.000208333333333,30.0,0.00020833333333333335,22050,24000,1
604,/home/dt2119/dt2119/music_classification/datasets/audios/western_data/genres_original/metal/metal.00005.wav,metal,6,30.000208333333333,30.0,0.00020833333333333335,22050,24000,1
605,/home/dt2119/dt2119/music_classification/datasets/audios/western_data/genres_original/metal/metal.00006.wav,metal,6,30.000208333333333,30.0,0.00020833333333333335,22050,24000,1
606,/home/dt2119/dt2119/music_classification/datasets/audios/western_data/genres_original/metal/metal.00007.wav,metal,6,30.000208333333333,30.0,0.00020833333333333335,22050,24000,1
607,/home/dt2119/dt2119/music_classification/datasets/audios/western_data/genres_original/metal/metal.00008.wav,metal,6,30.000208333333333,30.0,0.00020833333333333335,22050,24000,1
608,/home/dt2119/dt2119/music_classification/datasets/audios/western_data/genres_original/metal/metal.00009.wav,metal,6,30.000208333333333,30.0,0.00020833333333333335,22050,24000,1
609,/home/dt2119/dt2119/music_classification/datasets/audios/western_data/genres_original/metal/metal.00010.wav,metal,6,30.000208333333333,30.0,0.00020833333333333335,22050,24000,1
610,/home/dt2119/dt2119/music_classification/datasets/audios/western_data/genres_original/metal/metal.00011.wav,metal,6,30.000208333333333,30.0,0.00020833333333333335,22050,24000,1
611,/home/dt2119/dt2119/music_classification/datasets/audios/western_data/genres_original/metal/metal.00012.wav,metal,6,30.000208333333333,30.0,0.00020833333333333335,22050,24000,1
612,/home/dt2119/dt2119/music_classification/datasets/audios/western_data/genres_original/metal/metal.00013.wav,metal,6,30.000208333333333,30.0,0.00020833333333333335,22050,24000,1
613,/home/dt2119/dt2119/music_classification/datasets/audios/western_data/genres_original/metal/metal.00014.wav,metal,6,30.000208333333333,30.0,0.00020833333333333335,22050,24000,1
614,/home/dt2119/dt2119/music_classification/datasets/audios/western_data/genres_original/metal/metal.00015.wav,metal,6,30.000208333333333,30.0,0.00020833333333333335,22050,24000,1
615,/home/dt2119/dt2119/music_classification/datasets/audios/western_data/genres_original/metal/metal.00016.wav,metal,6,30.000208333333333,30.0,0.00020833333333333335,22050,24000,1
616,/home/dt2119/dt2119/music_classification/datasets/audios/western_data/genres_original/metal/metal.00017.wav,metal,6,30.000208333333333,30.0,0.00020833333333333335,22050,24000,1
617,/home/dt2119/dt2119/music_classification/datasets/audios/western_data/genres_original/metal/metal.00018.wav,metal,6,30.000208333333333,30.0,0.00020833333333333335,22050,24000,1
618,/home/dt2119/dt2119/music_classification/datasets/audios/western_data/genres_original/metal/metal.00019.wav,metal,6,30.000208333333333,30.0,0.00020833333333333335,22050,24000,1
619,/home/dt2119/dt2119/music_classification/datasets/audios/western_data/genres_original/metal/metal.00020.wav,metal,6,30.000208333333333,30.0,0.00020833333333333335,22050,24000,1
620,/home/dt2119/dt2119/music_classification/datasets/audios/western_data/genres_original/metal/metal.00021.wav,metal,6,30.000208333333333,30.0,0.00020833333333333335,22050,24000,1
621,/home/dt2119/dt2119/music_classification/datasets/audios/western_data/genres_original/metal/metal.00022.wav,metal,6,30.000208333333333,30.0,0.00020833333333333335,22050,24000,1
622,/home/dt2119/dt2119/music_classification/datasets/audios/western_data/genres_original/metal/metal.00023.wav,metal,6,30.000208333333333,30.0,0.00020833333333333335,22050,24000,1
623,/home/dt2119/dt2119/music_classification/datasets/audios/western_data/genres_original/metal/metal.00024.wav,metal,6,30.000208333333333,30.0,0.00020833333333333335,22050,24000,1
624,/home/dt2119/dt2119/music_classification/datasets/audios/western_data/genres_original/metal/metal.00025.wav,metal,6,30.000208333333333,30.0,0.00020833333333333335,22050,24000,1
625,/home/dt2119/dt2119/music_classification/datasets/audios/western_data/genres_original/metal/metal.00026.wav,metal,6,30.000208333333333,30.0,0.00020833333333333335,22050,24000,1
626,/home/dt2119/dt2119/music_classification/datasets/audios/western_data/genres_original/metal/metal.00027.wav,metal,6,30.000208333333333,30.0,0.00020833333333333335,22050,24000,1
627,/home/dt2119/dt2119/music_classification/datasets/audios/western_data/genres_original/metal/metal.00028.wav,metal,6,30.000208333333333,30.0,0.00020833333333333335,22050,24000,1
628,/home/dt2119/dt2119/music_classification/datasets/audios/western_data/genres_original/metal/metal.00029.wav,metal,6,30.000208333333333,30.0,0.00020833333333333335,22050,24000,1
629,/home/dt2119/dt2119/music_classification/datasets/audios/western_data/genres_original/metal/metal.00030.wav,metal,6,30.000208333333333,30.0,0.00020833333333333335,22050,24000,1
630,/home/dt2119/dt2119/music_classification/datasets/audios/western_data/genres_original/metal/metal.00031.wav,metal,6,30.000208333333333,30.0,0.00020833333333333335,22050,24000,1
631,/home/dt2119/dt2119/music_classification/datasets/audios/western_data/genres_original/metal/metal.00032.wav,metal,6,30.000208333333333,30.0,0.00020833333333333335,22050,24000,1
632,/home/dt2119/dt2119/music_classification/datasets/audios/western_data/genres_original/metal/metal.00033.wav,metal,6,30.000208333333333,30.0,0.00020833333333333335,22050,24000,1
633,/home/dt2119/dt2119/music_classification/datasets/audios/western_data/genres_original/metal/metal.00034.wav,metal,6,30.000208333333333,30.0,0.00020833333333333335,22050,24000,1
634,/home/dt2119/dt2119/music_classification/datasets/audios/western_data/genres_original/metal/metal.00035.wav,metal,6,30.000208333333333,30.0,0.00020833333333333335,22050,24000,1
635,/home/dt2119/dt2119/music_classification/datasets/audios/western_data/genres_original/metal/metal.00036.wav,metal,6,30.000208333333333,30.0,0.00020833333333333335,22050,24000,1
636,/home/dt2119/dt2119/music_classification/datasets/audios/western_data/genres_original/metal/metal.00037.wav,metal,6,30.000208333333333,30.0,0.00020833333333333335,22050,24000,1
637,/home/dt2119/dt2119/music_classification/datasets/audios/western_data/genres_original/metal/metal.00038.wav,metal,6,30.000208333333333,30.0,0.00020833333333333335,22050,24000,1
638,/home/dt2119/dt2119/music_classification/datasets/audios/western_data/genres_original/metal/metal.00039.wav,metal,6,30.000208333333333,30.0,0.00020833333333333335,22050,24000,1
639,/home/dt2119/dt2119/music_classification/datasets/audios/western_data/genres_original/metal/metal.00040.wav,metal,6,30.013333333333332,30.0,0.013333333333333334,22050,24000,1
640,/home/dt2119/dt2119/music_classification/datasets/audios/western_data/genres_original/metal/metal.00041.wav,metal,6,30.013333333333332,30.0,0.013333333333333334,22050,24000,1
641,/home/dt2119/dt2119/music_classification/datasets/audios/western_data/genres_original/metal/metal.00042.wav,metal,6,30.013333333333332,30.0,0.013333333333333334,22050,24000,1
642,/home/dt2119/dt2119/music_classification/datasets/audios/western_data/genres_original/metal/metal.00043.wav,metal,6,30.013333333333332,30.0,0.013333333333333334,22050,24000,1
643,/home/dt2119/dt2119/music_classification/datasets/audios/western_data/genres_original/metal/metal.00044.wav,metal,6,30.013333333333332,30.0,0.013333333333333334,22050,24000,1
644,/home/dt2119/dt2119/music_classification/datasets/audios/western_data/genres_original/metal/metal.00045.wav,metal,6,30.013333333333332,30.0,0.013333333333333334,22050,24000,1
645,/home/dt2119/dt2119/music_classification/datasets/audios/western_data/genres_original/metal/metal.00046.wav,metal,6,30.013333333333332,30.0,0.013333333333333334,22050,24000,1
646,/home/dt2119/dt2119/music_classification/datasets/audios/western_data/genres_original/metal/metal.00047.wav,metal,6,30.013333333333332,30.0,0.013333333333333334,22050,24000,1
647,/home/dt2119/dt2119/music_classification/datasets/audios/western_data/genres_original/metal/metal.00048.wav,metal,6,30.013333333333332,30.0,0.013333333333333334,22050,24000,1
648,/home/dt2119/dt2119/music_classification/datasets/audios/western_data/genres_original/metal/metal.00049.wav,metal,6,30.013333333333332,30.0,0.013333333333333334,22050,24000,1
649,/home/dt2119/dt2119/music_classification/datasets/audios/western_data/genres_original/metal/metal.00050.wav,metal,6,30.013333333333332,30.0,0.013333333333333334,22050,24000,1
650,/home/dt2119/dt2119/music_classification/datasets/audios/western_data/genres_original/metal/metal.00051.wav,metal,6,30.013333333333332,30.0,0.013333333333333334,22050,24000,1
651,/home/dt2119/dt2119/music_classification/datasets/audios/western_data/genres_original/metal/metal.00052.wav,metal,6,30.013333333333332,30.0,0.013333333333333334,22050,24000,1
652,/home/dt2119/dt2119/music_classification/datasets/audios/western_data/genres_original/metal/metal.00053.wav,metal,6,30.013333333333332,30.0,0.013333333333333334,22050,24000,1
653,/home/dt2119/dt2119/music_classification/datasets/audios/western_data/genres_original/metal/metal.00054.wav,metal,6,30.013333333333332,30.0,0.013333333333333334,22050,24000,1
654,/home/dt2119/dt2119/music_classification/datasets/audios/western_data/genres_original/metal/metal.00055.wav,metal,6,30.013333333333332,30.0,0.013333333333333334,22050,24000,1
655,/home/dt2119/dt2119/music_classification/datasets/audios/western_data/genres_original/metal/metal.00056.wav,metal,6,30.013333333333332,30.0,0.013333333333333334,22050,24000,1
656,/home/dt2119/dt2119/music_classification/datasets/audios/western_data/genres_original/metal/metal.00057.wav,metal,6,30.013333333333332,30.0,0.013333333333333334,22050,24000,1
657,/home/dt2119/dt2119/music_classification/datasets/audios/western_data/genres_original/metal/metal.00058.wav,metal,6,30.013333333333332,30.0,0.013333333333333334,22050,24000,1
658,/home/dt2119/dt2119/music_classification/datasets/audios/western_data/genres_original/metal/metal.00059.wav,metal,6,30.013333333333332,30.0,0.013333333333333334,22050,24000,1
659,/home/dt2119/dt2119/music_classification/datasets/audios/western_data/genres_original/metal/metal.00060.wav,metal,6,30.013333333333332,30.0,0.013333333333333334,22050,24000,1
660,/home/dt2119/dt2119/music_classification/datasets/audios/western_data/genres_original/metal/metal.00061.wav,metal,6,30.013333333333332,30.0,0.013333333333333334,22050,24000,1
661,/home/dt2119/dt2119/music_classification/datasets/audios/western_data/genres_original/metal/metal.00062.wav,metal,6,30.013333333333332,30.0,0.013333333333333334,22050,24000,1
662,/home/dt2119/dt2119/music_classification/datasets/audios/western_data/genres_original/metal/metal.00063.wav,metal,6,30.013333333333332,30.0,0.013333333333333334,22050,24000,1
663,/home/dt2119/dt2119/music_classification/datasets/audios/western_data/genres_original/metal/metal.00064.wav,metal,6,30.013333333333332,30.0,0.013333333333333334,22050,24000,1
664,/home/dt2119/dt2119/music_classification/datasets/audios/western_data/genres_original/metal/metal.00065.wav,metal,6,30.013333333333332,30.0,0.013333333333333334,22050,24000,1
665,/home/dt2119/dt2119/music_classification/datasets/audios/western_data/genres_original/metal/metal.00066.wav,metal,6,30.013333333333332,30.0,0.013333333333333334,22050,24000,1
666,/home/dt2119/dt2119/music_classification/datasets/audios/western_data/genres_original/metal/metal.00067.wav,metal,6,30.000208333333333,30.0,0.00020833333333333335,22050,24000,1
667,/home/dt2119/dt2119/music_classification/datasets/audios/western_data/genres_original/metal/metal.00068.wav,metal,6,30.000208333333333,30.0,0.00020833333333333335,22050,24000,1
668,/home/dt2119/dt2119/music_classification/datasets/audios/western_data/genres_original/metal/metal.00069.wav,metal,6,30.000208333333333,30.0,0.00020833333333333335,22050,24000,1
669,/home/dt2119/dt2119/music_classification/datasets/audios/western_data/genres_original/metal/metal.00070.wav,metal,6,30.000208333333333,30.0,0.00020833333333333335,22050,24000,1
670,/home/dt2119/dt2119/music_classification/datasets/audios/western_data/genres_original/metal/metal.00071.wav,metal,6,30.000208333333333,30.0,0.00020833333333333335,22050,24000,1
671,/home/dt2119/dt2119/music_classification/datasets/audios/western_data/genres_original/metal/metal.00072.wav,metal,6,30.000208333333333,30.0,0.00020833333333333335,22050,24000,1
672,/home/dt2119/dt2119/music_classification/datasets/audios/western_data/genres_original/metal/metal.00073.wav,metal,6,30.000208333333333,30.0,0.00020833333333333335,22050,24000,1
673,/home/dt2119/dt2119/music_classification/datasets/audios/western_data/genres_original/metal/metal.00074.wav,metal,6,30.000208333333333,30.0,0.00020833333333333335,22050,24000,1
674,/home/dt2119/dt2119/music_classification/datasets/audios/western_data/genres_original/metal/metal.00075.wav,metal,6,30.000208333333333,30.0,0.00020833333333333335,22050,24000,1
675,/home/dt2119/dt2119/music_classification/datasets/audios/western_data/genres_original/metal/metal.00076.wav,metal,6,30.000208333333333,30.0,0.00020833333333333335,22050,24000,1
676,/home/dt2119/dt2119/music_classification/datasets/audios/western_data/genres_original/metal/metal.00077.wav,metal,6,30.000208333333333,30.0,0.00020833333333333335,22050,24000,1
677,/home/dt2119/dt2119/music_classification/datasets/audios/western_data/genres_original/metal/metal.00078.wav,metal,6,30.000208333333333,30.0,0.00020833333333333335,22050,24000,1
678,/home/dt2119/dt2119/music_classification/datasets/audios/western_data/genres_original/metal/metal.00079.wav,metal,6,30.000208333333333,30.0,0.00020833333333333335,22050,24000,1
679,/home/dt2119/dt2119/music_classification/datasets/audios/western_data/genres_original/metal/metal.00080.wav,metal,6,30.000208333333333,30.0,0.00020833333333333335,22050,24000,1
680,/home/dt2119/dt2119/music_classification/datasets/audios/western_data/genres_original/metal/metal.00081.wav,metal,6,30.000208333333333,30.0,0.00020833333333333335,22050,24000,1
681,/home/dt2119/dt2119/music_classification/datasets/audios/western_data/genres_original/metal/metal.00082.wav,metal,6,30.000208333333333,30.0,0.00020833333333333335,22050,24000,1
682,/home/dt2119/dt2119/music_classification/datasets/audios/western_data/genres_original/metal/metal.00083.wav,metal,6,30.000208333333333,30.0,0.00020833333333333335,22050,24000,1
683,/home/dt2119/dt2119/music_classification/datasets/audios/western_data/genres_original/metal/metal.00084.wav,metal,6,30.000208333333333,30.0,0.00020833333333333335,22050,24000,1
684,/home/dt2119/dt2119/music_classification/datasets/audios/western_data/genres_original/metal/metal.00085.wav,metal,6,30.000208333333333,30.0,0.00020833333333333335,22050,24000,1
685,/home/dt2119/dt2119/music_classification/datasets/audios/western_data/genres_original/metal/metal.00086.wav,metal,6,30.000208333333333,30.0,0.00020833333333333335,22050,24000,1
686,/home/dt2119/dt2119/music_classification/datasets/audios/western_data/genres_original/metal/metal.00087.wav,metal,6,30.000208333333333,30.0,0.00020833333333333335,22050,24000,1
687,/home/dt2119/dt2119/music_classification/datasets/audios/western_data/genres_original/metal/metal.00088.wav,metal,6,30.000208333333333,30.0,0.00020833333333333335,22050,24000,1
688,/home/dt2119/dt2119/music_classification/datasets/audios/western_data/genres_original/metal/metal.00089.wav,metal,6,30.000208333333333,30.0,0.00020833333333333335,22050,24000,1
689,/home/dt2119/dt2119/music_classification/datasets/audios/western_data/genres_original/metal/metal.00090.wav,metal,6,30.000208333333333,30.0,0.00020833333333333335,22050,24000,1
690,/home/dt2119/dt2119/music_classification/datasets/audios/western_data/genres_original/metal/metal.00091.wav,metal,6,30.000208333333333,30.0,0.00020833333333333335,22050,24000,1
691,/home/dt2119/dt2119/music_classification/datasets/audios/western_data/genres_original/metal/metal.00092.wav,metal,6,30.000208333333333,30.0,0.00020833333333333335,22050,24000,1
692,/home/dt2119/dt2119/music_classification/datasets/audios/western_data/genres_original/metal/metal.00093.wav,metal,6,30.000208333333333,30.0,0.00020833333333333335,22050,24000,1
693,/home/dt2119/dt2119/music_classification/datasets/audios/western_data/genres_original/metal/metal.00094.wav,metal,6,30.000208333333333,30.0,0.00020833333333333335,22050,24000,1
694,/home/dt2119/dt2119/music_classification/datasets/audios/western_data/genres_original/metal/metal.00095.wav,metal,6,30.013333333333332,30.0,0.013333333333333334,22050,24000,1
695,/home/dt2119/dt2119/music_classification/datasets/audios/western_data/genres_original/metal/metal.00096.wav,metal,6,30.013333333333332,30.0,0.013333333333333334,22050,24000,1
696,/home/dt2119/dt2119/music_classification/datasets/audios/western_data/genres_original/metal/metal.00097.wav,metal,6,30.013333333333332,30.0,0.013333333333333334,22050,24000,1
697,/home/dt2119/dt2119/music_classification/datasets/audios/western_data/genres_original/metal/metal.00098.wav,metal,6,30.013333333333332,30.0,0.013333333333333334,22050,24000,1
698,/home/dt2119/dt2119/music_classification/datasets/audios/western_data/genres_original/metal/metal.00099.wav,metal,6,30.013333333333332,30.0,0.013333333333333334,22050,24000,1
699,/home/dt2119/dt2119/music_classification/datasets/audios/western_data/genres_original/pop/pop.00000.wav,pop,7,30.000208333333333,30.0,0.00020833333333333335,22050,24000,1
700,/home/dt2119/dt2119/music_classification/datasets/audios/western_data/genres_original/pop/pop.00001.wav,pop,7,30.000208333333333,30.0,0.00020833333333333335,22050,24000,1
701,/home/dt2119/dt2119/music_classification/datasets/audios/western_data/genres_original/pop/pop.00002.wav,pop,7,30.000208333333333,30.0,0.00020833333333333335,22050,24000,1
702,/home/dt2119/dt2119/music_classification/datasets/audios/western_data/genres_original/pop/pop.00003.wav,pop,7,30.000208333333333,30.0,0.00020833333333333335,22050,24000,1
703,/home/dt2119/dt2119/music_classification/datasets/audios/western_data/genres_original/pop/pop.00004.wav,pop,7,30.000208333333333,30.0,0.00020833333333333335,22050,24000,1
704,/home/dt2119/dt2119/music_classification/datasets/audios/western_data/genres_original/pop/pop.00005.wav,pop,7,30.000208333333333,30.0,0.00020833333333333335,22050,24000,1
705,/home/dt2119/dt2119/music_classification/datasets/audios/western_data/genres_original/pop/pop.00006.wav,pop,7,30.000208333333333,30.0,0.00020833333333333335,22050,24000,1
706,/home/dt2119/dt2119/music_classification/datasets/audios/western_data/genres_original/pop/pop.00007.wav,pop,7,30.000208333333333,30.0,0.00020833333333333335,22050,24000,1
707,/home/dt2119/dt2119/music_classification/datasets/audios/western_data/genres_original/pop/pop.00008.wav,pop,7,30.000208333333333,30.0,0.00020833333333333335,22050,24000,1
708,/home/dt2119/dt2119/music_classification/datasets/audios/western_data/genres_original/pop/pop.00009.wav,pop,7,30.000208333333333,30.0,0.00020833333333333335,22050,24000,1
709,/home/dt2119/dt2119/music_classification/datasets/audios/western_data/genres_original/pop/pop.00010.wav,pop,7,30.000208333333333,30.0,0.00020833333333333335,22050,24000,1
710,/home/dt2119/dt2119/music_classification/datasets/audios/western_data/genres_original/pop/pop.00011.wav,pop,7,30.000208333333333,30.0,0.00020833333333333335,22050,24000,1
711,/home/dt2119/dt2119/music_classification/datasets/audios/western_data/genres_original/pop/pop.00012.wav,pop,7,30.000208333333333,30.0,0.00020833333333333335,22050,24000,1
712,/home/dt2119/dt2119/music_classification/datasets/audios/western_data/genres_original/pop/pop.00013.wav,pop,7,30.000208333333333,30.0,0.00020833333333333335,22050,24000,1
713,/home/dt2119/dt2119/music_classification/datasets/audios/western_data/genres_original/pop/pop.00014.wav,pop,7,30.000208333333333,30.0,0.00020833333333333335,22050,24000,1
714,/home/dt2119/dt2119/music_classification/datasets/audios/western_data/genres_original/pop/pop.00015.wav,pop,7,30.000208333333333,30.0,0.00020833333333333335,22050,24000,1
715,/home/dt2119/dt2119/music_classification/datasets/audios/western_data/genres_original/pop/pop.00016.wav,pop,7,30.000208333333333,30.0,0.00020833333333333335,22050,24000,1
716,/home/dt2119/dt2119/music_classification/datasets/audios/western_data/genres_original/pop/pop.00017.wav,pop,7,30.000208333333333,30.0,0.00020833333333333335,22050,24000,1
717,/home/dt2119/dt2119/music_classification/datasets/audios/western_data/genres_original/pop/pop.00018.wav,pop,7,30.000208333333333,30.0,0.00020833333333333335,22050,24000,1
718,/home/dt2119/dt2119/music_classification/datasets/audios/western_data/genres_original/pop/pop.00019.wav,pop,7,30.000208333333333,30.0,0.00020833333333333335,22050,24000,1
719,/home/dt2119/dt2119/music_classification/datasets/audios/western_data/genres_original/pop/pop.00020.wav,pop,7,30.000208333333333,30.0,0.00020833333333333335,22050,24000,1
720,/home/dt2119/dt2119/music_classification/datasets/audios/western_data/genres_original/pop/pop.00021.wav,pop,7,30.000208333333333,30.0,0.00020833333333333335,22050,24000,1
721,/home/dt2119/dt2119/music_classification/datasets/audios/western_data/genres_original/pop/pop.00022.wav,pop,7,30.000208333333333,30.0,0.00020833333333333335,22050,24000,1
722,/home/dt2119/dt2119/music_classification/datasets/audios/western_data/genres_original/pop/pop.00023.wav,pop,7,30.000208333333333,30.0,0.00020833333333333335,22050,24000,1
723,/home/dt2119/dt2119/music_classification/datasets/audios/western_data/genres_original/pop/pop.00024.wav,pop,7,30.000208333333333,30.0,0.00020833333333333335,22050,24000,1
724,/home/dt2119/dt2119/music_classification/datasets/audios/western_data/genres_original/pop/pop.00025.wav,pop,7,30.000208333333333,30.0,0.00020833333333333335,22050,24000,1
725,/home/dt2119/dt2119/music_classification/datasets/audios/western_data/genres_original/pop/pop.00026.wav,pop,7,30.000208333333333,30.0,0.00020833333333333335,22050,24000,1
726,/home/dt2119/dt2119/music_classification/datasets/audios/western_data/genres_original/pop/pop.00027.wav,pop,7,30.000208333333333,30.0,0.00020833333333333335,22050,24000,1
727,/home/dt2119/dt2119/music_classification/datasets/audios/western_data/genres_original/pop/pop.00028.wav,pop,7,30.000208333333333,30.0,0.00020833333333333335,22050,24000,1
728,/home/dt2119/dt2119/music_classification/datasets/audios/western_data/genres_original/pop/pop.00029.wav,pop,7,30.000208333333333,30.0,0.00020833333333333335,22050,24000,1
729,/home/dt2119/dt2119/music_classification/datasets/audios/western_data/genres_original/pop/pop.00030.wav,pop,7,30.000208333333333,30.0,0.00020833333333333335,22050,24000,1
730,/home/dt2119/dt2119/music_classification/datasets/audios/western_data/genres_original/pop/pop.00031.wav,pop,7,30.000208333333333,30.0,0.00020833333333333335,22050,24000,1
731,/home/dt2119/dt2119/music_classification/datasets/audios/western_data/genres_original/pop/pop.00032.wav,pop,7,30.000208333333333,30.0,0.00020833333333333335,22050,24000,1
732,/home/dt2119/dt2119/music_classification/datasets/audios/western_data/genres_original/pop/pop.00033.wav,pop,7,30.000208333333333,30.0,0.00020833333333333335,22050,24000,1
733,/home/dt2119/dt2119/music_classification/datasets/audios/western_data/genres_original/pop/pop.00034.wav,pop,7,30.000208333333333,30.0,0.00020833333333333335,22050,24000,1
734,/home/dt2119/dt2119/music_classification/datasets/audios/western_data/genres_original/pop/pop.00035.wav,pop,7,30.000208333333333,30.0,0.00020833333333333335,22050,24000,1
735,/home/dt2119/dt2119/music_classification/datasets/audios/western_data/genres_original/pop/pop.00036.wav,pop,7,30.000208333333333,30.0,0.00020833333333333335,22050,24000,1
736,/home/dt2119/dt2119/music_classification/datasets/audios/western_data/genres_original/pop/pop.00037.wav,pop,7,30.000208333333333,30.0,0.00020833333333333335,22050,24000,1
737,/home/dt2119/dt2119/music_classification/datasets/audios/western_data/genres_original/pop/pop.00038.wav,pop,7,30.000208333333333,30.0,0.00020833333333333335,22050,24000,1
738,/home/dt2119/dt2119/music_classification/datasets/audios/western_data/genres_original/pop/pop.00039.wav,pop,7,30.000208333333333,30.0,0.00020833333333333335,22050,24000,1
739,/home/dt2119/dt2119/music_classification/datasets/audios/western_data/genres_original/pop/pop.00040.wav,pop,7,30.000208333333333,30.0,0.00020833333333333335,22050,24000,1
740,/home/dt2119/dt2119/music_classification/datasets/audios/western_data/genres_original/pop/pop.00041.wav,pop,7,30.000208333333333,30.0,0.00020833333333333335,22050,24000,1
741,/home/dt2119/dt2119/music_classification/datasets/audios/western_data/genres_original/pop/pop.00042.wav,pop,7,30.000208333333333,30.0,0.00020833333333333335,22050,24000,1
742,/home/dt2119/dt2119/music_classification/datasets/audios/western_data/genres_original/pop/pop.00043.wav,pop,7,30.000208333333333,30.0,0.00020833333333333335,22050,24000,1
743,/home/dt2119/dt2119/music_classification/datasets/audios/western_data/genres_original/pop/pop.00044.wav,pop,7,30.000208333333333,30.0,0.00020833333333333335,22050,24000,1
744,/home/dt2119/dt2119/music_classification/datasets/audios/western_data/genres_original/pop/pop.00045.wav,pop,7,30.000208333333333,30.0,0.00020833333333333335,22050,24000,1
745,/home/dt2119/dt2119/music_classification/datasets/audios/western_data/genres_original/pop/pop.00046.wav,pop,7,30.000208333333333,30.0,0.00020833333333333335,22050,24000,1
746,/home/dt2119/dt2119/music_classification/datasets/audios/western_data/genres_original/pop/pop.00047.wav,pop,7,30.000208333333333,30.0,0.00020833333333333335,22050,24000,1
747,/home/dt2119/dt2119/music_classification/datasets/audios/western_data/genres_original/pop/pop.00048.wav,pop,7,30.000208333333333,30.0,0.00020833333333333335,22050,24000,1
748,/home/dt2119/dt2119/music_classification/datasets/audios/western_data/genres_original/pop/pop.00049.wav,pop,7,30.000208333333333,30.0,0.00020833333333333335,22050,24000,1
749,/home/dt2119/dt2119/music_classification/datasets/audios/western_data/genres_original/pop/pop.00050.wav,pop,7,30.000208333333333,30.0,0.00020833333333333335,22050,24000,1
750,/home/dt2119/dt2119/music_classification/datasets/audios/western_data/genres_original/pop/pop.00051.wav,pop,7,30.000208333333333,30.0,0.00020833333333333335,22050,24000,1
751,/home/dt2119/dt2119/music_classification/datasets/audios/western_data/genres_original/pop/pop.00052.wav,pop,7,30.000208333333333,30.0,0.00020833333333333335,22050,24000,1
752,/home/dt2119/dt2119/music_classification/datasets/audios/western_data/genres_original/pop/pop.00053.wav,pop,7,30.000208333333333,30.0,0.00020833333333333335,22050,24000,1
753,/home/dt2119/dt2119/music_classification/datasets/audios/western_data/genres_original/pop/pop.00054.wav,pop,7,30.000208333333333,30.0,0.00020833333333333335,22050,24000,1
754,/home/dt2119/dt2119/music_classification/datasets/audios/western_data/genres_original/pop/pop.00055.wav,pop,7,30.000208333333333,30.0,0.00020833333333333335,22050,24000,1
755,/home/dt2119/dt2119/music_classification/datasets/audios/western_data/genres_original/pop/pop.00056.wav,pop,7,30.000208333333333,30.0,0.00020833333333333335,22050,24000,1
756,/home/dt2119/dt2119/music_classification/datasets/audios/western_data/genres_original/pop/pop.00057.wav,pop,7,30.000208333333333,30.0,0.00020833333333333335,22050,24000,1
757,/home/dt2119/dt2119/music_classification/datasets/audios/western_data/genres_original/pop/pop.00058.wav,pop,7,30.000208333333333,30.0,0.00020833333333333335,22050,24000,1
758,/home/dt2119/dt2119/music_classification/datasets/audios/western_data/genres_original/pop/pop.00059.wav,pop,7,30.000208333333333,30.0,0.00020833333333333335,22050,24000,1
759,/home/dt2119/dt2119/music_classification/datasets/audios/western_data/genres_original/pop/pop.00060.wav,pop,7,30.000208333333333,30.0,0.00020833333333333335,22050,24000,1
760,/home/dt2119/dt2119/music_classification/datasets/audios/western_data/genres_original/pop/pop.00061.wav,pop,7,30.000208333333333,30.0,0.00020833333333333335,22050,24000,1
761,/home/dt2119/dt2119/music_classification/datasets/audios/western_data/genres_original/pop/pop.00062.wav,pop,7,30.000208333333333,30.0,0.00020833333333333335,22050,24000,1
762,/home/dt2119/dt2119/music_classification/datasets/audios/western_data/genres_original/pop/pop.00063.wav,pop,7,30.000208333333333,30.0,0.00020833333333333335,22050,24000,1
763,/home/dt2119/dt2119/music_classification/datasets/audios/western_data/genres_original/pop/pop.00064.wav,pop,7,30.000208333333333,30.0,0.00020833333333333335,22050,24000,1
764,/home/dt2119/dt2119/music_classification/datasets/audios/western_data/genres_original/pop/pop.00065.wav,pop,7,30.000208333333333,30.0,0.00020833333333333335,22050,24000,1
765,/home/dt2119/dt2119/music_classification/datasets/audios/western_data/genres_original/pop/pop.00066.wav,pop,7,30.000208333333333,30.0,0.00020833333333333335,22050,24000,1
766,/home/dt2119/dt2119/music_classification/datasets/audios/western_data/genres_original/pop/pop.00067.wav,pop,7,30.000208333333333,30.0,0.00020833333333333335,22050,24000,1
767,/home/dt2119/dt2119/music_classification/datasets/audios/western_data/genres_original/pop/pop.00068.wav,pop,7,30.000208333333333,30.0,0.00020833333333333335,22050,24000,1
768,/home/dt2119/dt2119/music_classification/datasets/audios/western_data/genres_original/pop/pop.00069.wav,pop,7,30.000208333333333,30.0,0.00020833333333333335,22050,24000,1
769,/home/dt2119/dt2119/music_classification/datasets/audios/western_data/genres_original/pop/pop.00070.wav,pop,7,30.000208333333333,30.0,0.00020833333333333335,22050,24000,1
770,/home/dt2119/dt2119/music_classification/datasets/audios/western_data/genres_original/pop/pop.00071.wav,pop,7,30.000208333333333,30.0,0.00020833333333333335,22050,24000,1
771,/home/dt2119/dt2119/music_classification/datasets/audios/western_data/genres_original/pop/pop.00072.wav,pop,7,30.000208333333333,30.0,0.00020833333333333335,22050,24000,1
772,/home/dt2119/dt2119/music_classification/datasets/audios/western_data/genres_original/pop/pop.00073.wav,pop,7,30.000208333333333,30.0,0.00020833333333333335,22050,24000,1
773,/home/dt2119/dt2119/music_classification/datasets/audios/western_data/genres_original/pop/pop.00074.wav,pop,7,30.000208333333333,30.0,0.00020833333333333335,22050,24000,1
774,/home/dt2119/dt2119/music_classification/datasets/audios/western_data/genres_original/pop/pop.00075.wav,pop,7,30.000208333333333,30.0,0.00020833333333333335,22050,24000,1
775,/home/dt2119/dt2119/music_classification/datasets/audios/western_data/genres_original/pop/pop.00076.wav,pop,7,30.000208333333333,30.0,0.00020833333333333335,22050,24000,1
776,/home/dt2119/dt2119/music_classification/datasets/audios/western_data/genres_original/pop/pop.00077.wav,pop,7,30.000208333333333,30.0,0.00020833333333333335,22050,24000,1
777,/home/dt2119/dt2119/music_classification/datasets/audios/western_data/genres_original/pop/pop.00078.wav,pop,7,30.000208333333333,30.0,0.00020833333333333335,22050,24000,1
778,/home/dt2119/dt2119/music_classification/datasets/audios/western_data/genres_original/pop/pop.00079.wav,pop,7,30.000208333333333,30.0,0.00020833333333333335,22050,24000,1
779,/home/dt2119/dt2119/music_classification/datasets/audios/western_data/genres_original/pop/pop.00080.wav,pop,7,30.000208333333333,30.0,0.00020833333333333335,22050,24000,1
780,/home/dt2119/dt2119/music_classification/datasets/audios/western_data/genres_original/pop/pop.00081.wav,pop,7,30.000208333333333,30.0,0.00020833333333333335,22050,24000,1
781,/home/dt2119/dt2119/music_classification/datasets/audios/western_data/genres_original/pop/pop.00082.wav,pop,7,30.000208333333333,30.0,0.00020833333333333335,22050,24000,1
782,/home/dt2119/dt2119/music_classification/datasets/audios/western_data/genres_original/pop/pop.00083.wav,pop,7,30.000208333333333,30.0,0.00020833333333333335,22050,24000,1
783,/home/dt2119/dt2119/music_classification/datasets/audios/western_data/genres_original/pop/pop.00084.wav,pop,7,30.000208333333333,30.0,0.00020833333333333335,22050,24000,1
784,/home/dt2119/dt2119/music_classification/datasets/audios/western_data/genres_original/pop/pop.00085.wav,pop,7,30.000208333333333,30.0,0.00020833333333333335,22050,24000,1
785,/home/dt2119/dt2119/music_classification/datasets/audios/western_data/genres_original/pop/pop.00086.wav,pop,7,30.000208333333333,30.0,0.00020833333333333335,22050,24000,1
786,/home/dt2119/dt2119/music_classification/datasets/audios/western_data/genres_original/pop/pop.00087.wav,pop,7,30.000208333333333,30.0,0.00020833333333333335,22050,24000,1
787,/home/dt2119/dt2119/music_classification/datasets/audios/western_data/genres_original/pop/pop.00088.wav,pop,7,30.000208333333333,30.0,0.00020833333333333335,22050,24000,1
788,/home/dt2119/dt2119/music_classification/datasets/audios/western_data/genres_original/pop/pop.00089.wav,pop,7,30.000208333333333,30.0,0.00020833333333333335,22050,24000,1
789,/home/dt2119/dt2119/music_classification/datasets/audios/western_data/genres_original/pop/pop.00090.wav,pop,7,30.000208333333333,30.0,0.00020833333333333335,22050,24000,1
790,/home/dt2119/dt2119/music_classification/datasets/audios/western_data/genres_original/pop/pop.00091.wav,pop,7,30.000208333333333,30.0,0.00020833333333333335,22050,24000,1
791,/home/dt2119/dt2119/music_classification/datasets/audios/western_data/genres_original/pop/pop.00092.wav,pop,7,30.000208333333333,30.0,0.00020833333333333335,22050,24000,1
792,/home/dt2119/dt2119/music_classification/datasets/audios/western_data/genres_original/pop/pop.00093.wav,pop,7,30.000208333333333,30.0,0.00020833333333333335,22050,24000,1
793,/home/dt2119/dt2119/music_classification/datasets/audios/western_data/genres_original/pop/pop.00094.wav,pop,7,30.000208333333333,30.0,0.00020833333333333335,22050,24000,1
794,/home/dt2119/dt2119/music_classification/datasets/audios/western_data/genres_original/pop/pop.00095.wav,pop,7,30.000208333333333,30.0,0.00020833333333333335,22050,24000,1
795,/home/dt2119/dt2119/music_classification/datasets/audios/western_data/genres_original/pop/pop.00096.wav,pop,7,30.000208333333333,30.0,0.00020833333333333335,22050,24000,1
796,/home/dt2119/dt2119/music_classification/datasets/audios/western_data/genres_original/pop/pop.00097.wav,pop,7,30.000208333333333,30.0,0.00020833333333333335,22050,24000,1
797,/home/dt2119/dt2119/music_classification/datasets/audios/western_data/genres_original/pop/pop.00098.wav,pop,7,30.000208333333333,30.0,0.00020833333333333335,22050,24000,1
798,/home/dt2119/dt2119/music_classification/datasets/audios/western_data/genres_original/pop/pop.00099.wav,pop,7,30.000208333333333,30.0,0.00020833333333333335,22050,24000,1
799,/home/dt2119/dt2119/music_classification/datasets/audios/western_data/genres_original/reggae/reggae.00000.wav,reggae,8,30.013333333333332,30.0,0.013333333333333334,22050,24000,1
800,/home/dt2119/dt2119/music_classification/datasets/audios/western_data/genres_original/reggae/reggae.00001.wav,reggae,8,30.013333333333332,30.0,0.013333333333333334,22050,24000,1
801,/home/dt2119/dt2119/music_classification/datasets/audios/western_data/genres_original/reggae/reggae.00002.wav,reggae,8,30.013333333333332,30.0,0.013333333333333334,22050,24000,1
802,/home/dt2119/dt2119/music_classification/datasets/audios/western_data/genres_original/reggae/reggae.00003.wav,reggae,8,30.013333333333332,30.0,0.013333333333333334,22050,24000,1
803,/home/dt2119/dt2119/music_classification/datasets/audios/western_data/genres_original/reggae/reggae.00004.wav,reggae,8,30.013333333333332,30.0,0.013333333333333334,22050,24000,1
804,/home/dt2119/dt2119/music_classification/datasets/audios/western_data/genres_original/reggae/reggae.00005.wav,reggae,8,30.013333333333332,30.0,0.013333333333333334,22050,24000,1
805,/home/dt2119/dt2119/music_classification/datasets/audios/western_data/genres_original/reggae/reggae.00006.wav,reggae,8,30.013333333333332,30.0,0.013333333333333334,22050,24000,1
806,/home/dt2119/dt2119/music_classification/datasets/audios/western_data/genres_original/reggae/reggae.00007.wav,reggae,8,30.013333333333332,30.0,0.013333333333333334,22050,24000,1
807,/home/dt2119/dt2119/music_classification/datasets/audios/western_data/genres_original/reggae/reggae.00008.wav,reggae,8,30.013333333333332,30.0,0.013333333333333334,22050,24000,1
808,/home/dt2119/dt2119/music_classification/datasets/audios/western_data/genres_original/reggae/reggae.00009.wav,reggae,8,30.013333333333332,30.0,0.013333333333333334,22050,24000,1
809,/home/dt2119/dt2119/music_classification/datasets/audios/western_data/genres_original/reggae/reggae.00010.wav,reggae,8,30.013333333333332,30.0,0.013333333333333334,22050,24000,1
810,/home/dt2119/dt2119/music_classification/datasets/audios/western_data/genres_original/reggae/reggae.00011.wav,reggae,8,30.013333333333332,30.0,0.013333333333333334,22050,24000,1
811,/home/dt2119/dt2119/music_classification/datasets/audios/western_data/genres_original/reggae/reggae.00012.wav,reggae,8,30.013333333333332,30.0,0.013333333333333334,22050,24000,1
812,/home/dt2119/dt2119/music_classification/datasets/audios/western_data/genres_original/reggae/reggae.00013.wav,reggae,8,30.013333333333332,30.0,0.013333333333333334,22050,24000,1
813,/home/dt2119/dt2119/music_classification/datasets/audios/western_data/genres_original/reggae/reggae.00014.wav,reggae,8,30.013333333333332,30.0,0.013333333333333334,22050,24000,1
814,/home/dt2119/dt2119/music_classification/datasets/audios/western_data/genres_original/reggae/reggae.00015.wav,reggae,8,30.013333333333332,30.0,0.013333333333333334,22050,24000,1
815,/home/dt2119/dt2119/music_classification/datasets/audios/western_data/genres_original/reggae/reggae.00016.wav,reggae,8,30.013333333333332,30.0,0.013333333333333334,22050,24000,1
816,/home/dt2119/dt2119/music_classification/datasets/audios/western_data/genres_original/reggae/reggae.00017.wav,reggae,8,30.013333333333332,30.0,0.013333333333333334,22050,24000,1
817,/home/dt2119/dt2119/music_classification/datasets/audios/western_data/genres_original/reggae/reggae.00018.wav,reggae,8,30.013333333333332,30.0,0.013333333333333334,22050,24000,1
818,/home/dt2119/dt2119/music_classification/datasets/audios/western_data/genres_original/reggae/reggae.00019.wav,reggae,8,30.013333333333332,30.0,0.013333333333333334,22050,24000,1
819,/home/dt2119/dt2119/music_classification/datasets/audios/western_data/genres_original/reggae/reggae.00020.wav,reggae,8,30.013333333333332,30.0,0.013333333333333334,22050,24000,1
820,/home/dt2119/dt2119/music_classification/datasets/audios/western_data/genres_original/reggae/reggae.00021.wav,reggae,8,30.013333333333332,30.0,0.013333333333333334,22050,24000,1
821,/home/dt2119/dt2119/music_classification/datasets/audios/western_data/genres_original/reggae/reggae.00022.wav,reggae,8,30.013333333333332,30.0,0.013333333333333334,22050,24000,1
822,/home/dt2119/dt2119/music_classification/datasets/audios/western_data/genres_original/reggae/reggae.00023.wav,reggae,8,30.013333333333332,30.0,0.013333333333333334,22050,24000,1
823,/home/dt2119/dt2119/music_classification/datasets/audios/western_data/genres_original/reggae/reggae.00024.wav,reggae,8,30.013333333333332,30.0,0.013333333333333334,22050,24000,1
824,/home/dt2119/dt2119/music_classification/datasets/audios/western_data/genres_original/reggae/reggae.00025.wav,reggae,8,30.013333333333332,30.0,0.013333333333333334,22050,24000,1
825,/home/dt2119/dt2119/music_classification/datasets/audios/western_data/genres_original/reggae/reggae.00026.wav,reggae,8,30.013333333333332,30.0,0.013333333333333334,22050,24000,1
826,/home/dt2119/dt2119/music_classification/datasets/audios/western_data/genres_original/reggae/reggae.00027.wav,reggae,8,30.013333333333332,30.0,0.013333333333333334,22050,24000,1
827,/home/dt2119/dt2119/music_classification/datasets/audios/western_data/genres_original/reggae/reggae.00028.wav,reggae,8,30.013333333333332,30.0,0.013333333333333334,22050,24000,1
828,/home/dt2119/dt2119/music_classification/datasets/audios/western_data/genres_original/reggae/reggae.00029.wav,reggae,8,30.013333333333332,30.0,0.013333333333333334,22050,24000,1
829,/home/dt2119/dt2119/music_classification/datasets/audios/western_data/genres_original/reggae/reggae.00030.wav,reggae,8,30.013333333333332,30.0,0.013333333333333334,22050,24000,1
830,/home/dt2119/dt2119/music_classification/datasets/audios/western_data/genres_original/reggae/reggae.00031.wav,reggae,8,30.013333333333332,30.0,0.013333333333333334,22050,24000,1
831,/home/dt2119/dt2119/music_classification/datasets/audios/western_data/genres_original/reggae/reggae.00032.wav,reggae,8,30.013333333333332,30.0,0.013333333333333334,22050,24000,1
832,/home/dt2119/dt2119/music_classification/datasets/audios/western_data/genres_original/reggae/reggae.00033.wav,reggae,8,30.013333333333332,30.0,0.013333333333333334,22050,24000,1
833,/home/dt2119/dt2119/music_classification/datasets/audios/western_data/genres_original/reggae/reggae.00034.wav,reggae,8,30.013333333333332,30.0,0.013333333333333334,22050,24000,1
834,/home/dt2119/dt2119/music_classification/datasets/audios/western_data/genres_original/reggae/reggae.00035.wav,reggae,8,30.013333333333332,30.0,0.013333333333333334,22050,24000,1
835,/home/dt2119/dt2119/music_classification/datasets/audios/western_data/genres_original/reggae/reggae.00036.wav,reggae,8,30.013333333333332,30.0,0.013333333333333334,22050,24000,1
836,/home/dt2119/dt2119/music_classification/datasets/audios/western_data/genres_original/reggae/reggae.00037.wav,reggae,8,30.013333333333332,30.0,0.013333333333333334,22050,24000,1
837,/home/dt2119/dt2119/music_classification/datasets/audios/western_data/genres_original/reggae/reggae.00038.wav,reggae,8,30.013333333333332,30.0,0.013333333333333334,22050,24000,1
838,/home/dt2119/dt2119/music_classification/datasets/audios/western_data/genres_original/reggae/reggae.00039.wav,reggae,8,30.013333333333332,30.0,0.013333333333333334,22050,24000,1
839,/home/dt2119/dt2119/music_classification/datasets/audios/western_data/genres_original/reggae/reggae.00040.wav,reggae,8,30.013333333333332,30.0,0.013333333333333334,22050,24000,1
840,/home/dt2119/dt2119/music_classification/datasets/audios/western_data/genres_original/reggae/reggae.00041.wav,reggae,8,30.000208333333333,30.0,0.00020833333333333335,22050,24000,1
841,/home/dt2119/dt2119/music_classification/datasets/audios/western_data/genres_original/reggae/reggae.00042.wav,reggae,8,30.000208333333333,30.0,0.00020833333333333335,22050,24000,1
842,/home/dt2119/dt2119/music_classification/datasets/audios/western_data/genres_original/reggae/reggae.00043.wav,reggae,8,30.000208333333333,30.0,0.00020833333333333335,22050,24000,1
843,/home/dt2119/dt2119/music_classification/datasets/audios/western_data/genres_original/reggae/reggae.00044.wav,reggae,8,30.000208333333333,30.0,0.00020833333333333335,22050,24000,1
844,/home/dt2119/dt2119/music_classification/datasets/audios/western_data/genres_original/reggae/reggae.00045.wav,reggae,8,30.000208333333333,30.0,0.00020833333333333335,22050,24000,1
845,/home/dt2119/dt2119/music_classification/datasets/audios/western_data/genres_original/reggae/reggae.00046.wav,reggae,8,30.000208333333333,30.0,0.00020833333333333335,22050,24000,1
846,/home/dt2119/dt2119/music_classification/datasets/audios/western_data/genres_original/reggae/reggae.00047.wav,reggae,8,30.000208333333333,30.0,0.00020833333333333335,22050,24000,1
847,/home/dt2119/dt2119/music_classification/datasets/audios/western_data/genres_original/reggae/reggae.00048.wav,reggae,8,30.000208333333333,30.0,0.00020833333333333335,22050,24000,1
848,/home/dt2119/dt2119/music_classification/datasets/audios/western_data/genres_original/reggae/reggae.00049.wav,reggae,8,30.000208333333333,30.0,0.00020833333333333335,22050,24000,1
849,/home/dt2119/dt2119/music_classification/datasets/audios/western_data/genres_original/reggae/reggae.00050.wav,reggae,8,30.000208333333333,30.0,0.00020833333333333335,22050,24000,1
850,/home/dt2119/dt2119/music_classification/datasets/audios/western_data/genres_original/reggae/reggae.00051.wav,reggae,8,30.000208333333333,30.0,0.00020833333333333335,22050,24000,1
851,/home/dt2119/dt2119/music_classification/datasets/audios/western_data/genres_original/reggae/reggae.00052.wav,reggae,8,30.000208333333333,30.0,0.00020833333333333335,22050,24000,1
852,/home/dt2119/dt2119/music_classification/datasets/audios/western_data/genres_original/reggae/reggae.00053.wav,reggae,8,30.000208333333333,30.0,0.00020833333333333335,22050,24000,1
853,/home/dt2119/dt2119/music_classification/datasets/audios/western_data/genres_original/reggae/reggae.00054.wav,reggae,8,30.000208333333333,30.0,0.00020833333333333335,22050,24000,1
854,/home/dt2119/dt2119/music_classification/datasets/audios/western_data/genres_original/reggae/reggae.00055.wav,reggae,8,30.000208333333333,30.0,0.00020833333333333335,22050,24000,1
855,/home/dt2119/dt2119/music_classification/datasets/audios/western_data/genres_original/reggae/reggae.00056.wav,reggae,8,30.000208333333333,30.0,0.00020833333333333335,22050,24000,1
856,/home/dt2119/dt2119/music_classification/datasets/audios/western_data/genres_original/reggae/reggae.00057.wav,reggae,8,30.000208333333333,30.0,0.00020833333333333335,22050,24000,1
857,/home/dt2119/dt2119/music_classification/datasets/audios/western_data/genres_original/reggae/reggae.00058.wav,reggae,8,30.000208333333333,30.0,0.00020833333333333335,22050,24000,1
858,/home/dt2119/dt2119/music_classification/datasets/audios/western_data/genres_original/reggae/reggae.00059.wav,reggae,8,30.000208333333333,30.0,0.00020833333333333335,22050,24000,1
859,/home/dt2119/dt2119/music_classification/datasets/audios/western_data/genres_original/reggae/reggae.00060.wav,reggae,8,30.000208333333333,30.0,0.00020833333333333335,22050,24000,1
860,/home/dt2119/dt2119/music_classification/datasets/audios/western_data/genres_original/reggae/reggae.00061.wav,reggae,8,30.000208333333333,30.0,0.00020833333333333335,22050,24000,1
861,/home/dt2119/dt2119/music_classification/datasets/audios/western_data/genres_original/reggae/reggae.00062.wav,reggae,8,30.000208333333333,30.0,0.00020833333333333335,22050,24000,1
862,/home/dt2119/dt2119/music_classification/datasets/audios/western_data/genres_original/reggae/reggae.00063.wav,reggae,8,30.000208333333333,30.0,0.00020833333333333335,22050,24000,1
863,/home/dt2119/dt2119/music_classification/datasets/audios/western_data/genres_original/reggae/reggae.00064.wav,reggae,8,30.000208333333333,30.0,0.00020833333333333335,22050,24000,1
864,/home/dt2119/dt2119/music_classification/datasets/audios/western_data/genres_original/reggae/reggae.00065.wav,reggae,8,30.000208333333333,30.0,0.00020833333333333335,22050,24000,1
865,/home/dt2119/dt2119/music_classification/datasets/audios/western_data/genres_original/reggae/reggae.00066.wav,reggae,8,30.000208333333333,30.0,0.00020833333333333335,22050,24000,1
866,/home/dt2119/dt2119/music_classification/datasets/audios/western_data/genres_original/reggae/reggae.00067.wav,reggae,8,30.000208333333333,30.0,0.00020833333333333335,22050,24000,1
867,/home/dt2119/dt2119/music_classification/datasets/audios/western_data/genres_original/reggae/reggae.00068.wav,reggae,8,30.000208333333333,30.0,0.00020833333333333335,22050,24000,1
868,/home/dt2119/dt2119/music_classification/datasets/audios/western_data/genres_original/reggae/reggae.00069.wav,reggae,8,30.000208333333333,30.0,0.00020833333333333335,22050,24000,1
869,/home/dt2119/dt2119/music_classification/datasets/audios/western_data/genres_original/reggae/reggae.00070.wav,reggae,8,30.000208333333333,30.0,0.00020833333333333335,22050,24000,1
870,/home/dt2119/dt2119/music_classification/datasets/audios/western_data/genres_original/reggae/reggae.00071.wav,reggae,8,30.000208333333333,30.0,0.00020833333333333335,22050,24000,1
871,/home/dt2119/dt2119/music_classification/datasets/audios/western_data/genres_original/reggae/reggae.00072.wav,reggae,8,30.000208333333333,30.0,0.00020833333333333335,22050,24000,1
872,/home/dt2119/dt2119/music_classification/datasets/audios/western_data/genres_original/reggae/reggae.00073.wav,reggae,8,30.000208333333333,30.0,0.00020833333333333335,22050,24000,1
873,/home/dt2119/dt2119/music_classification/datasets/audios/western_data/genres_original/reggae/reggae.00074.wav,reggae,8,30.000208333333333,30.0,0.00020833333333333335,22050,24000,1
874,/home/dt2119/dt2119/music_classification/datasets/audios/western_data/genres_original/reggae/reggae.00075.wav,reggae,8,30.000208333333333,30.0,0.00020833333333333335,22050,24000,1
875,/home/dt2119/dt2119/music_classification/datasets/audios/western_data/genres_original/reggae/reggae.00076.wav,reggae,8,30.000208333333333,30.0,0.00020833333333333335,22050,24000,1
876,/home/dt2119/dt2119/music_classification/datasets/audios/western_data/genres_original/reggae/reggae.00077.wav,reggae,8,30.000208333333333,30.0,0.00020833333333333335,22050,24000,1
877,/home/dt2119/dt2119/music_classification/datasets/audios/western_data/genres_original/reggae/reggae.00078.wav,reggae,8,30.000208333333333,30.0,0.00020833333333333335,22050,24000,1
878,/home/dt2119/dt2119/music_classification/datasets/audios/western_data/genres_original/reggae/reggae.00079.wav,reggae,8,30.000208333333333,30.0,0.00020833333333333335,22050,24000,1
879,/home/dt2119/dt2119/music_classification/datasets/audios/western_data/genres_original/reggae/reggae.00080.wav,reggae,8,30.000208333333333,30.0,0.00020833333333333335,22050,24000,1
880,/home/dt2119/dt2119/music_classification/datasets/audios/western_data/genres_original/reggae/reggae.00081.wav,reggae,8,30.000208333333333,30.0,0.00020833333333333335,22050,24000,1
881,/home/dt2119/dt2119/music_classification/datasets/audios/western_data/genres_original/reggae/reggae.00082.wav,reggae,8,30.000208333333333,30.0,0.00020833333333333335,22050,24000,1
882,/home/dt2119/dt2119/music_classification/datasets/audios/western_data/genres_original/reggae/reggae.00083.wav,reggae,8,30.000208333333333,30.0,0.00020833333333333335,22050,24000,1
883,/home/dt2119/dt2119/music_classification/datasets/audios/western_data/genres_original/reggae/reggae.00084.wav,reggae,8,30.000208333333333,30.0,0.00020833333333333335,22050,24000,1
884,/home/dt2119/dt2119/music_classification/datasets/audios/western_data/genres_original/reggae/reggae.00085.wav,reggae,8,30.000208333333333,30.0,0.00020833333333333335,22050,24000,1
885,/home/dt2119/dt2119/music_classification/datasets/audios/western_data/genres_original/reggae/reggae.00086.wav,reggae,8,30.000208333333333,30.0,0.00020833333333333335,22050,24000,1
886,/home/dt2119/dt2119/music_classification/datasets/audios/western_data/genres_original/reggae/reggae.00087.wav,reggae,8,30.000208333333333,30.0,0.00020833333333333335,22050,24000,1
887,/home/dt2119/dt2119/music_classification/datasets/audios/western_data/genres_original/reggae/reggae.00088.wav,reggae,8,30.000208333333333,30.0,0.00020833333333333335,22050,24000,1
888,/home/dt2119/dt2119/music_classification/datasets/audios/western_data/genres_original/reggae/reggae.00089.wav,reggae,8,30.000208333333333,30.0,0.00020833333333333335,22050,24000,1
889,/home/dt2119/dt2119/music_classification/datasets/audios/western_data/genres_original/reggae/reggae.00090.wav,reggae,8,30.000208333333333,30.0,0.00020833333333333335,22050,24000,1
890,/home/dt2119/dt2119/music_classification/datasets/audios/western_data/genres_original/reggae/reggae.00091.wav,reggae,8,30.000208333333333,30.0,0.00020833333333333335,22050,24000,1
891,/home/dt2119/dt2119/music_classification/datasets/audios/western_data/genres_original/reggae/reggae.00092.wav,reggae,8,30.000208333333333,30.0,0.00020833333333333335,22050,24000,1
892,/home/dt2119/dt2119/music_classification/datasets/audios/western_data/genres_original/reggae/reggae.00093.wav,reggae,8,30.000208333333333,30.0,0.00020833333333333335,22050,24000,1
893,/home/dt2119/dt2119/music_classification/datasets/audios/western_data/genres_original/reggae/reggae.00094.wav,reggae,8,30.000208333333333,30.0,0.00020833333333333335,22050,24000,1
894,/home/dt2119/dt2119/music_classification/datasets/audios/western_data/genres_original/reggae/reggae.00095.wav,reggae,8,30.000208333333333,30.0,0.00020833333333333335,22050,24000,1
895,/home/dt2119/dt2119/music_classification/datasets/audios/western_data/genres_original/reggae/reggae.00096.wav,reggae,8,30.000208333333333,30.0,0.00020833333333333335,22050,24000,1
896,/home/dt2119/dt2119/music_classification/datasets/audios/western_data/genres_original/reggae/reggae.00097.wav,reggae,8,30.000208333333333,30.0,0.00020833333333333335,22050,24000,1
897,/home/dt2119/dt2119/music_classification/datasets/audios/western_data/genres_original/reggae/reggae.00098.wav,reggae,8,30.000208333333333,30.0,0.00020833333333333335,22050,24000,1
898,/home/dt2119/dt2119/music_classification/datasets/audios/western_data/genres_original/reggae/reggae.00099.wav,reggae,8,30.000208333333333,30.0,0.00020833333333333335,22050,24000,1
899,/home/dt2119/dt2119/music_classification/datasets/audios/western_data/genres_original/rock/rock.00000.wav,rock,9,30.013333333333332,30.0,0.013333333333333334,22050,24000,1
900,/home/dt2119/dt2119/music_classification/datasets/audios/western_data/genres_original/rock/rock.00001.wav,rock,9,30.013333333333332,30.0,0.013333333333333334,22050,24000,1
901,/home/dt2119/dt2119/music_classification/datasets/audios/western_data/genres_original/rock/rock.00002.wav,rock,9,30.013333333333332,30.0,0.013333333333333334,22050,24000,1
902,/home/dt2119/dt2119/music_classification/datasets/audios/western_data/genres_original/rock/rock.00003.wav,rock,9,30.013333333333332,30.0,0.013333333333333334,22050,24000,1
903,/home/dt2119/dt2119/music_classification/datasets/audios/western_data/genres_original/rock/rock.00004.wav,rock,9,30.013333333333332,30.0,0.013333333333333334,22050,24000,1
904,/home/dt2119/dt2119/music_classification/datasets/audios/western_data/genres_original/rock/rock.00005.wav,rock,9,30.013333333333332,30.0,0.013333333333333334,22050,24000,1
905,/home/dt2119/dt2119/music_classification/datasets/audios/western_data/genres_original/rock/rock.00006.wav,rock,9,30.013333333333332,30.0,0.013333333333333334,22050,24000,1
906,/home/dt2119/dt2119/music_classification/datasets/audios/western_data/genres_original/rock/rock.00007.wav,rock,9,30.013333333333332,30.0,0.013333333333333334,22050,24000,1
907,/home/dt2119/dt2119/music_classification/datasets/audios/western_data/genres_original/rock/rock.00008.wav,rock,9,30.013333333333332,30.0,0.013333333333333334,22050,24000,1
908,/home/dt2119/dt2119/music_classification/datasets/audios/western_data/genres_original/rock/rock.00009.wav,rock,9,30.013333333333332,30.0,0.013333333333333334,22050,24000,1
909,/home/dt2119/dt2119/music_classification/datasets/audios/western_data/genres_original/rock/rock.00010.wav,rock,9,30.013333333333332,30.0,0.013333333333333334,22050,24000,1
910,/home/dt2119/dt2119/music_classification/datasets/audios/western_data/genres_original/rock/rock.00011.wav,rock,9,30.013333333333332,30.0,0.013333333333333334,22050,24000,1
911,/home/dt2119/dt2119/music_classification/datasets/audios/western_data/genres_original/rock/rock.00012.wav,rock,9,30.013333333333332,30.0,0.013333333333333334,22050,24000,1
912,/home/dt2119/dt2119/music_classification/datasets/audios/western_data/genres_original/rock/rock.00013.wav,rock,9,30.013333333333332,30.0,0.013333333333333334,22050,24000,1
913,/home/dt2119/dt2119/music_classification/datasets/audios/western_data/genres_original/rock/rock.00014.wav,rock,9,30.013333333333332,30.0,0.013333333333333334,22050,24000,1
914,/home/dt2119/dt2119/music_classification/datasets/audios/western_data/genres_original/rock/rock.00015.wav,rock,9,30.013333333333332,30.0,0.013333333333333334,22050,24000,1
915,/home/dt2119/dt2119/music_classification/datasets/audios/western_data/genres_original/rock/rock.00016.wav,rock,9,30.013333333333332,30.0,0.013333333333333334,22050,24000,1
916,/home/dt2119/dt2119/music_classification/datasets/audios/western_data/genres_original/rock/rock.00017.wav,rock,9,30.013333333333332,30.0,0.013333333333333334,22050,24000,1
917,/home/dt2119/dt2119/music_classification/datasets/audios/western_data/genres_original/rock/rock.00018.wav,rock,9,30.013333333333332,30.0,0.013333333333333334,22050,24000,1
918,/home/dt2119/dt2119/music_classification/datasets/audios/western_data/genres_original/rock/rock.00019.wav,rock,9,30.013333333333332,30.0,0.013333333333333334,22050,24000,1
919,/home/dt2119/dt2119/music_classification/datasets/audios/western_data/genres_original/rock/rock.00020.wav,rock,9,30.013333333333332,30.0,0.013333333333333334,22050,24000,1
920,/home/dt2119/dt2119/music_classification/datasets/audios/western_data/genres_original/rock/rock.00021.wav,rock,9,30.013333333333332,30.0,0.013333333333333334,22050,24000,1
921,/home/dt2119/dt2119/music_classification/datasets/audios/western_data/genres_original/rock/rock.00022.wav,rock,9,30.013333333333332,30.0,0.013333333333333334,22050,24000,1
922,/home/dt2119/dt2119/music_classification/datasets/audios/western_data/genres_original/rock/rock.00023.wav,rock,9,30.013333333333332,30.0,0.013333333333333334,22050,24000,1
923,/home/dt2119/dt2119/music_classification/datasets/audios/western_data/genres_original/rock/rock.00024.wav,rock,9,30.013333333333332,30.0,0.013333333333333334,22050,24000,1
924,/home/dt2119/dt2119/music_classification/datasets/audios/western_data/genres_original/rock/rock.00025.wav,rock,9,30.013333333333332,30.0,0.013333333333333334,22050,24000,1
925,/home/dt2119/dt2119/music_classification/datasets/audios/western_data/genres_original/rock/rock.00026.wav,rock,9,30.013333333333332,30.0,0.013333333333333334,22050,24000,1
926,/home/dt2119/dt2119/music_classification/datasets/audios/western_data/genres_original/rock/rock.00027.wav,rock,9,30.0,30.0,0.0,22050,24000,1
927,/home/dt2119/dt2119/music_classification/datasets/audios/western_data/genres_original/rock/rock.00028.wav,rock,9,30.013333333333332,30.0,0.013333333333333334,22050,24000,1
928,/home/dt2119/dt2119/music_classification/datasets/audios/western_data/genres_original/rock/rock.00029.wav,rock,9,30.013333333333332,30.0,0.013333333333333334,22050,24000,1
929,/home/dt2119/dt2119/music_classification/datasets/audios/western_data/genres_original/rock/rock.00030.wav,rock,9,30.013333333333332,30.0,0.013333333333333334,22050,24000,1
930,/home/dt2119/dt2119/music_classification/datasets/audios/western_data/genres_original/rock/rock.00031.wav,rock,9,30.013333333333332,30.0,0.013333333333333334,22050,24000,1
931,/home/dt2119/dt2119/music_classification/datasets/audios/western_data/genres_original/rock/rock.00032.wav,rock,9,30.400916666666667,30.0,0.40091666666666664,22050,24000,1
932,/home/dt2119/dt2119/music_classification/datasets/audios/western_data/genres_original/rock/rock.00033.wav,rock,9,30.013333333333332,30.0,0.013333333333333334,22050,24000,1
933,/home/dt2119/dt2119/music_classification/datasets/audios/western_data/genres_original/rock/rock.00034.wav,rock,9,30.361,30.0,0.361,22050,24000,1
934,/home/dt2119/dt2119/music_classification/datasets/audios/western_data/genres_original/rock/rock.00035.wav,rock,9,30.013333333333332,30.0,0.013333333333333334,22050,24000,1
935,/home/dt2119/dt2119/music_classification/datasets/audios/western_data/genres_original/rock/rock.00036.wav,rock,9,30.291166666666665,30.0,0.2911666666666667,22050,24000,1
936,/home/dt2119/dt2119/music_classification/datasets/audios/western_data/genres_original/rock/rock.00037.wav,rock,9,30.013333333333332,30.0,0.013333333333333334,22050,24000,1
937,/home/dt2119/dt2119/music_classification/datasets/audios/western_data/genres_original/rock/rock.00038.wav,rock,9,29.995833333333334,29.995833333333334,0.0,22050,24000,1
938,/home/dt2119/dt2119/music_classification/datasets/audios/western_data/genres_original/rock/rock.00039.wav,rock,9,30.013333333333332,30.0,0.013333333333333334,22050,24000,1
939,/home/dt2119/dt2119/music_classification/datasets/audios/western_data/genres_original/rock/rock.00040.wav,rock,9,30.013333333333332,30.0,0.013333333333333334,22050,24000,1
940,/home/dt2119/dt2119/music_classification/datasets/audios/western_data/genres_original/rock/rock.00041.wav,rock,9,30.013333333333332,30.0,0.013333333333333334,22050,24000,1
941,/home/dt2119/dt2119/music_classification/datasets/audios/western_data/genres_original/rock/rock.00042.wav,rock,9,30.013333333333332,30.0,0.013333333333333334,22050,24000,1
942,/home/dt2119/dt2119/music_classification/datasets/audios/western_data/genres_original/rock/rock.00043.wav,rock,9,30.013333333333332,30.0,0.013333333333333334,22050,24000,1
943,/home/dt2119/dt2119/music_classification/datasets/audios/western_data/genres_original/rock/rock.00044.wav,rock,9,30.013333333333332,30.0,0.013333333333333334,22050,24000,1
944,/home/dt2119/dt2119/music_classification/datasets/audios/western_data/genres_original/rock/rock.00045.wav,rock,9,30.013333333333332,30.0,0.013333333333333334,22050,24000,1
945,/home/dt2119/dt2119/music_classification/datasets/audios/western_data/genres_original/rock/rock.00046.wav,rock,9,30.013333333333332,30.0,0.013333333333333334,22050,24000,1
946,/home/dt2119/dt2119/music_classification/datasets/audios/western_data/genres_original/rock/rock.00047.wav,rock,9,30.013333333333332,30.0,0.013333333333333334,22050,24000,1
947,/home/dt2119/dt2119/music_classification/datasets/audios/western_data/genres_original/rock/rock.00048.wav,rock,9,30.013333333333332,30.0,0.013333333333333334,22050,24000,1
948,/home/dt2119/dt2119/music_classification/datasets/audios/western_data/genres_original/rock/rock.00049.wav,rock,9,30.013333333333332,30.0,0.013333333333333334,22050,24000,1
949,/home/dt2119/dt2119/music_classification/datasets/audios/western_data/genres_original/rock/rock.00050.wav,rock,9,30.013333333333332,30.0,0.013333333333333334,22050,24000,1
950,/home/dt2119/dt2119/music_classification/datasets/audios/western_data/genres_original/rock/rock.00051.wav,rock,9,30.013333333333332,30.0,0.013333333333333334,22050,24000,1
951,/home/dt2119/dt2119/music_classification/datasets/audios/western_data/genres_original/rock/rock.00052.wav,rock,9,30.013333333333332,30.0,0.013333333333333334,22050,24000,1
952,/home/dt2119/dt2119/music_classification/datasets/audios/western_data/genres_original/rock/rock.00053.wav,rock,9,30.013333333333332,30.0,0.013333333333333334,22050,24000,1
953,/home/dt2119/dt2119/music_classification/datasets/audios/western_data/genres_original/rock/rock.00054.wav,rock,9,30.013333333333332,30.0,0.013333333333333334,22050,24000,1
954,/home/dt2119/dt2119/music_classification/datasets/audios/western_data/genres_original/rock/rock.00055.wav,rock,9,30.013333333333332,30.0,0.013333333333333334,22050,24000,1
955,/home/dt2119/dt2119/music_classification/datasets/audios/western_data/genres_original/rock/rock.00056.wav,rock,9,30.013333333333332,30.0,0.013333333333333334,22050,24000,1
956,/home/dt2119/dt2119/music_classification/datasets/audios/western_data/genres_original/rock/rock.00057.wav,rock,9,30.013333333333332,30.0,0.013333333333333334,22050,24000,1
957,/home/dt2119/dt2119/music_classification/datasets/audios/western_data/genres_original/rock/rock.00058.wav,rock,9,30.013333333333332,30.0,0.013333333333333334,22050,24000,1
958,/home/dt2119/dt2119/music_classification/datasets/audios/western_data/genres_original/rock/rock.00059.wav,rock,9,30.013333333333332,30.0,0.013333333333333334,22050,24000,1
959,/home/dt2119/dt2119/music_classification/datasets/audios/western_data/genres_original/rock/rock.00060.wav,rock,9,30.013333333333332,30.0,0.013333333333333334,22050,24000,1
960,/home/dt2119/dt2119/music_classification/datasets/audios/western_data/genres_original/rock/rock.00061.wav,rock,9,30.013333333333332,30.0,0.013333333333333334,22050,24000,1
961,/home/dt2119/dt2119/music_classification/datasets/audios/western_data/genres_original/rock/rock.00062.wav,rock,9,30.013333333333332,30.0,0.013333333333333334,22050,24000,1
962,/home/dt2119/dt2119/music_classification/datasets/audios/western_data/genres_original/rock/rock.00063.wav,rock,9,30.013333333333332,30.0,0.013333333333333334,22050,24000,1
963,/home/dt2119/dt2119/music_classification/datasets/audios/western_data/genres_original/rock/rock.00064.wav,rock,9,30.013333333333332,30.0,0.013333333333333334,22050,24000,1
964,/home/dt2119/dt2119/music_classification/datasets/audios/western_data/genres_original/rock/rock.00065.wav,rock,9,30.013333333333332,30.0,0.013333333333333334,22050,24000,1
965,/home/dt2119/dt2119/music_classification/datasets/audios/western_data/genres_original/rock/rock.00066.wav,rock,9,30.013333333333332,30.0,0.013333333333333334,22050,24000,1
966,/home/dt2119/dt2119/music_classification/datasets/audios/western_data/genres_original/rock/rock.00067.wav,rock,9,30.013333333333332,30.0,0.013333333333333334,22050,24000,1
967,/home/dt2119/dt2119/music_classification/datasets/audios/western_data/genres_original/rock/rock.00068.wav,rock,9,30.013333333333332,30.0,0.013333333333333334,22050,24000,1
968,/home/dt2119/dt2119/music_classification/datasets/audios/western_data/genres_original/rock/rock.00069.wav,rock,9,30.013333333333332,30.0,0.013333333333333334,22050,24000,1
969,/home/dt2119/dt2119/music_classification/datasets/audios/western_data/genres_original/rock/rock.00070.wav,rock,9,30.013333333333332,30.0,0.013333333333333334,22050,24000,1
970,/home/dt2119/dt2119/music_classification/datasets/audios/western_data/genres_original/rock/rock.00071.wav,rock,9,30.013333333333332,30.0,0.013333333333333334,22050,24000,1
971,/home/dt2119/dt2119/music_classification/datasets/audios/western_data/genres_original/rock/rock.00072.wav,rock,9,30.013333333333332,30.0,0.013333333333333334,22050,24000,1
972,/home/dt2119/dt2119/music_classification/datasets/audios/western_data/genres_original/rock/rock.00073.wav,rock,9,30.013333333333332,30.0,0.013333333333333334,22050,24000,1
973,/home/dt2119/dt2119/music_classification/datasets/audios/western_data/genres_original/rock/rock.00074.wav,rock,9,30.013333333333332,30.0,0.013333333333333334,22050,24000,1
974,/home/dt2119/dt2119/music_classification/datasets/audios/western_data/genres_original/rock/rock.00075.wav,rock,9,30.013333333333332,30.0,0.013333333333333334,22050,24000,1
975,/home/dt2119/dt2119/music_classification/datasets/audios/western_data/genres_original/rock/rock.00076.wav,rock,9,30.013333333333332,30.0,0.013333333333333334,22050,24000,1
976,/home/dt2119/dt2119/music_classification/datasets/audios/western_data/genres_original/rock/rock.00077.wav,rock,9,30.013333333333332,30.0,0.013333333333333334,22050,24000,1
977,/home/dt2119/dt2119/music_classification/datasets/audios/western_data/genres_original/rock/rock.00078.wav,rock,9,30.013333333333332,30.0,0.013333333333333334,22050,24000,1
978,/home/dt2119/dt2119/music_classification/datasets/audios/western_data/genres_original/rock/rock.00079.wav,rock,9,30.013333333333332,30.0,0.013333333333333334,22050,24000,1
979,/home/dt2119/dt2119/music_classification/datasets/audios/western_data/genres_original/rock/rock.00080.wav,rock,9,30.013333333333332,30.0,0.013333333333333334,22050,24000,1
980,/home/dt2119/dt2119/music_classification/datasets/audios/western_data/genres_original/rock/rock.00081.wav,rock,9,30.013333333333332,30.0,0.013333333333333334,22050,24000,1
981,/home/dt2119/dt2119/music_classification/datasets/audios/western_data/genres_original/rock/rock.00082.wav,rock,9,30.013333333333332,30.0,0.013333333333333334,22050,24000,1
982,/home/dt2119/dt2119/music_classification/datasets/audios/western_data/genres_original/rock/rock.00083.wav,rock,9,30.013333333333332,30.0,0.013333333333333334,22050,24000,1
983,/home/dt2119/dt2119/music_classification/datasets/audios/western_data/genres_original/rock/rock.00084.wav,rock,9,30.013333333333332,30.0,0.013333333333333334,22050,24000,1
984,/home/dt2119/dt2119/music_classification/datasets/audios/western_data/genres_original/rock/rock.00085.wav,rock,9,30.013333333333332,30.0,0.013333333333333334,22050,24000,1
985,/home/dt2119/dt2119/music_classification/datasets/audios/western_data/genres_original/rock/rock.00086.wav,rock,9,30.013333333333332,30.0,0.013333333333333334,22050,24000,1
986,/home/dt2119/dt2119/music_classification/datasets/audios/western_data/genres_original/rock/rock.00087.wav,rock,9,30.013333333333332,30.0,0.013333333333333334,22050,24000,1
987,/home/dt2119/dt2119/music_classification/datasets/audios/western_data/genres_original/rock/rock.00088.wav,rock,9,30.013333333333332,30.0,0.013333333333333334,22050,24000,1
988,/home/dt2119/dt2119/music_classification/datasets/audios/western_data/genres_original/rock/rock.00089.wav,rock,9,30.013333333333332,30.0,0.013333333333333334,22050,24000,1
989,/home/dt2119/dt2119/music_classification/datasets/audios/western_data/genres_original/rock/rock.00090.wav,rock,9,30.013333333333332,30.0,0.013333333333333334,22050,24000,1
990,/home/dt2119/dt2119/music_classification/datasets/audios/western_data/genres_original/rock/rock.00091.wav,rock,9,30.013333333333332,30.0,0.013333333333333334,22050,24000,1
991,/home/dt2119/dt2119/music_classification/datasets/audios/western_data/genres_original/rock/rock.00092.wav,rock,9,30.013333333333332,30.0,0.013333333333333334,22050,24000,1
992,/home/dt2119/dt2119/music_classification/datasets/audios/western_data/genres_original/rock/rock.00093.wav,rock,9,30.013333333333332,30.0,0.013333333333333334,22050,24000,1
993,/home/dt2119/dt2119/music_classification/datasets/audios/western_data/genres_original/rock/rock.00094.wav,rock,9,30.013333333333332,30.0,0.013333333333333334,22050,24000,1
994,/home/dt2119/dt2119/music_classification/datasets/audios/western_data/genres_original/rock/rock.00095.wav,rock,9,30.013333333333332,30.0,0.013333333333333334,22050,24000,1
995,/home/dt2119/dt2119/music_classification/datasets/audios/western_data/genres_original/rock/rock.00096.wav,rock,9,30.013333333333332,30.0,0.013333333333333334,22050,24000,1
996,/home/dt2119/dt2119/music_classification/datasets/audios/western_data/genres_original/rock/rock.00097.wav,rock,9,30.013333333333332,30.0,0.013333333333333334,22050,24000,1
997,/home/dt2119/dt2119/music_classification/datasets/audios/western_data/genres_original/rock/rock.00098.wav,rock,9,30.013333333333332,30.0,0.013333333333333334,22050,24000,1
998,/home/dt2119/dt2119/music_classification/datasets/audios/western_data/genres_original/rock/rock.00099.wav,rock,9,30.013333333333332,30.0,0.013333333333333334,22050,24000,1
